dimension,category_code,financial_year,measure,unit,value,is_not_published,is_preliminary,source_sheet
industry,01,2014-15,claim_count,claims,2605.0,False,False,Table 1.1
industry,01,2014-15,frequency_rate,claims per million hours worked,8.934846784789963,False,False,Table 1.2
industry,01,2014-15,incidence_rate,"claims per 1,000 employees",17.26885141954084,False,False,Table 1.3
industry,01,2014-15,median_compensation,AUD,9311.5,False,False,Table 1.4
industry,01,2014-15,median_time_lost,weeks,5.478947368421053,False,False,Table 1.5
industry,01,2015-16,claim_count,claims,2779.0,False,False,Table 1.1
industry,01,2015-16,frequency_rate,claims per million hours worked,8.424342469745108,False,False,Table 1.2
industry,01,2015-16,incidence_rate,"claims per 1,000 employees",16.79617139477791,False,False,Table 1.3
industry,01,2015-16,median_compensation,AUD,11372.0,False,False,Table 1.4
industry,01,2015-16,median_time_lost,weeks,6.0,False,False,Table 1.5
industry,01,2016-17,claim_count,claims,2800.0,False,False,Table 1.1
industry,01,2016-17,frequency_rate,claims per million hours worked,9.351754626113348,False,False,Table 1.2
industry,01,2016-17,incidence_rate,"claims per 1,000 employees",18.482590754679425,False,False,Table 1.3
industry,01,2016-17,median_compensation,AUD,12322.0,False,False,Table 1.4
industry,01,2016-17,median_time_lost,weeks,6.6,False,False,Table 1.5
industry,01,2017-18,claim_count,claims,2759.0,False,False,Table 1.1
industry,01,2017-18,frequency_rate,claims per million hours worked,8.358721838716534,False,False,Table 1.2
industry,01,2017-18,incidence_rate,"claims per 1,000 employees",16.164664093426026,False,False,Table 1.3
industry,01,2017-18,median_compensation,AUD,13078.0,False,False,Table 1.4
industry,01,2017-18,median_time_lost,weeks,6.8,False,False,Table 1.5
industry,01,2018-19,claim_count,claims,2741.0,False,False,Table 1.1
industry,01,2018-19,frequency_rate,claims per million hours worked,8.607052752897673,False,False,Table 1.2
industry,01,2018-19,incidence_rate,"claims per 1,000 employees",16.189412592549843,False,False,Table 1.3
industry,01,2018-19,median_compensation,AUD,12957.0,False,False,Table 1.4
industry,01,2018-19,median_time_lost,weeks,6.4,False,False,Table 1.5
industry,01,2019-20,claim_count,claims,2944.0,False,False,Table 1.1
industry,01,2019-20,frequency_rate,claims per million hours worked,8.356843482190431,False,False,Table 1.2
industry,01,2019-20,incidence_rate,"claims per 1,000 employees",16.70890886356983,False,False,Table 1.3
industry,01,2019-20,median_compensation,AUD,12321.5,False,False,Table 1.4
industry,01,2019-20,median_time_lost,weeks,6.2105263157894735,False,False,Table 1.5
industry,01,2020-21,claim_count,claims,3119.0,False,False,Table 1.1
industry,01,2020-21,frequency_rate,claims per million hours worked,9.827956955134903,False,False,Table 1.2
industry,01,2020-21,incidence_rate,"claims per 1,000 employees",18.21874810562635,False,False,Table 1.3
industry,01,2020-21,median_compensation,AUD,12626.0,False,False,Table 1.4
industry,01,2020-21,median_time_lost,weeks,6.6775,False,False,Table 1.5
industry,01,2021-22,claim_count,claims,2960.0,False,False,Table 1.1
industry,01,2021-22,frequency_rate,claims per million hours worked,9.9217178528999,False,False,Table 1.2
industry,01,2021-22,incidence_rate,"claims per 1,000 employees",19.19178421780543,False,False,Table 1.3
industry,01,2021-22,median_compensation,AUD,13462.5,False,False,Table 1.4
industry,01,2021-22,median_time_lost,weeks,6.890664386269034,False,False,Table 1.5
industry,01,2022-23,claim_count,claims,2848.0,False,False,Table 1.1
industry,01,2022-23,frequency_rate,claims per million hours worked,10.312906094711863,False,False,Table 1.2
industry,01,2022-23,incidence_rate,"claims per 1,000 employees",19.08749209321758,False,False,Table 1.3
industry,01,2022-23,median_compensation,AUD,14293.0,False,False,Table 1.4
industry,01,2022-23,median_time_lost,weeks,6.574957767407428,False,False,Table 1.5
industry,01,2023-24,claim_count,claims,2843.0,False,True,Table 1.1
industry,01,2023-24,frequency_rate,claims per million hours worked,9.007440750203456,False,True,Table 1.2
industry,01,2023-24,incidence_rate,"claims per 1,000 employees",17.07886238201204,False,True,Table 1.3
industry,01,2023-24,median_compensation,AUD,,True,True,Table 1.4
industry,01,2023-24,median_time_lost,weeks,,True,True,Table 1.5
industry,02,2014-15,claim_count,claims,77.0,False,False,Table 1.1
industry,02,2014-15,frequency_rate,claims per million hours worked,6.822283798995077,False,False,Table 1.2
industry,02,2014-15,incidence_rate,"claims per 1,000 employees",13.008019882762296,False,False,Table 1.3
industry,02,2014-15,median_compensation,AUD,8378.0,False,False,Table 1.4
industry,02,2014-15,median_time_lost,weeks,3.8000000000000003,False,False,Table 1.5
industry,02,2015-16,claim_count,claims,60.0,False,False,Table 1.1
industry,02,2015-16,frequency_rate,claims per million hours worked,6.321845624122971,False,False,Table 1.2
industry,02,2015-16,incidence_rate,"claims per 1,000 employees",11.492999962327282,False,False,Table 1.3
industry,02,2015-16,median_compensation,AUD,8923.0,False,False,Table 1.4
industry,02,2015-16,median_time_lost,weeks,4.442032025374738,False,False,Table 1.5
industry,02,2016-17,claim_count,claims,78.0,False,False,Table 1.1
industry,02,2016-17,frequency_rate,claims per million hours worked,6.099743925504027,False,False,Table 1.2
industry,02,2016-17,incidence_rate,"claims per 1,000 employees",10.715199846655281,False,False,Table 1.3
industry,02,2016-17,median_compensation,AUD,6587.0,False,False,Table 1.4
industry,02,2016-17,median_time_lost,weeks,4.141671875,False,False,Table 1.5
industry,02,2017-18,claim_count,claims,69.0,False,False,Table 1.1
industry,02,2017-18,frequency_rate,claims per million hours worked,4.025484647628044,False,False,Table 1.2
industry,02,2017-18,incidence_rate,"claims per 1,000 employees",7.898033010459562,False,False,Table 1.3
industry,02,2017-18,median_compensation,AUD,10843.0,False,False,Table 1.4
industry,02,2017-18,median_time_lost,weeks,5.400306268054154,False,False,Table 1.5
industry,02,2018-19,claim_count,claims,98.0,False,False,Table 1.1
industry,02,2018-19,frequency_rate,claims per million hours worked,8.85258263328519,False,False,Table 1.2
industry,02,2018-19,incidence_rate,"claims per 1,000 employees",17.599082242134028,False,False,Table 1.3
industry,02,2018-19,median_compensation,AUD,8594.0,False,False,Table 1.4
industry,02,2018-19,median_time_lost,weeks,4.05,False,False,Table 1.5
industry,02,2019-20,claim_count,claims,82.0,False,False,Table 1.1
industry,02,2019-20,frequency_rate,claims per million hours worked,7.3904678305551155,False,False,Table 1.2
industry,02,2019-20,incidence_rate,"claims per 1,000 employees",13.031873156710075,False,False,Table 1.3
industry,02,2019-20,median_compensation,AUD,13243.0,False,False,Table 1.4
industry,02,2019-20,median_time_lost,weeks,3.94978947368421,False,False,Table 1.5
industry,02,2020-21,claim_count,claims,103.0,False,False,Table 1.1
industry,02,2020-21,frequency_rate,claims per million hours worked,11.383419227018578,False,False,Table 1.2
industry,02,2020-21,incidence_rate,"claims per 1,000 employees",19.451780087187004,False,False,Table 1.3
industry,02,2020-21,median_compensation,AUD,10571.5,False,False,Table 1.4
industry,02,2020-21,median_time_lost,weeks,6.308158156811024,False,False,Table 1.5
industry,02,2021-22,claim_count,claims,95.0,False,False,Table 1.1
industry,02,2021-22,frequency_rate,claims per million hours worked,7.3698309723420845,False,False,Table 1.2
industry,02,2021-22,incidence_rate,"claims per 1,000 employees",13.174144435967841,False,False,Table 1.3
industry,02,2021-22,median_compensation,AUD,19490.0,False,False,Table 1.4
industry,02,2021-22,median_time_lost,weeks,8.711394736842106,False,False,Table 1.5
industry,02,2022-23,claim_count,claims,123.0,False,False,Table 1.1
industry,02,2022-23,frequency_rate,claims per million hours worked,18.160217970531452,False,False,Table 1.2
industry,02,2022-23,incidence_rate,"claims per 1,000 employees",30.44351064069053,False,False,Table 1.3
industry,02,2022-23,median_compensation,AUD,13162.0,False,False,Table 1.4
industry,02,2022-23,median_time_lost,weeks,5.0,False,False,Table 1.5
industry,02,2023-24,claim_count,claims,132.0,False,True,Table 1.1
industry,02,2023-24,frequency_rate,claims per million hours worked,13.691664092446203,False,True,Table 1.2
industry,02,2023-24,incidence_rate,"claims per 1,000 employees",21.613588158520574,False,True,Table 1.3
industry,02,2023-24,median_compensation,AUD,,True,True,Table 1.4
industry,02,2023-24,median_time_lost,weeks,,True,True,Table 1.5
industry,03,2014-15,claim_count,claims,138.0,False,False,Table 1.1
industry,03,2014-15,frequency_rate,claims per million hours worked,15.197065103639902,False,False,Table 1.2
industry,03,2014-15,incidence_rate,"claims per 1,000 employees",29.36757726277775,False,False,Table 1.3
industry,03,2014-15,median_compensation,AUD,12023.5,False,False,Table 1.4
industry,03,2014-15,median_time_lost,weeks,5.0,False,False,Table 1.5
industry,03,2015-16,claim_count,claims,126.0,False,False,Table 1.1
industry,03,2015-16,frequency_rate,claims per million hours worked,11.387465271517463,False,False,Table 1.2
industry,03,2015-16,incidence_rate,"claims per 1,000 employees",21.673044384913947,False,False,Table 1.3
industry,03,2015-16,median_compensation,AUD,16386.0,False,False,Table 1.4
industry,03,2015-16,median_time_lost,weeks,6.608710296148535,False,False,Table 1.5
industry,03,2016-17,claim_count,claims,144.0,False,False,Table 1.1
industry,03,2016-17,frequency_rate,claims per million hours worked,8.232163051892666,False,False,Table 1.2
industry,03,2016-17,incidence_rate,"claims per 1,000 employees",17.851700262970137,False,False,Table 1.3
industry,03,2016-17,median_compensation,AUD,19096.5,False,False,Table 1.4
industry,03,2016-17,median_time_lost,weeks,7.606254502418442,False,False,Table 1.5
industry,03,2017-18,claim_count,claims,147.0,False,False,Table 1.1
industry,03,2017-18,frequency_rate,claims per million hours worked,8.630798002278874,False,False,Table 1.2
industry,03,2017-18,incidence_rate,"claims per 1,000 employees",19.28755254422681,False,False,Table 1.3
industry,03,2017-18,median_compensation,AUD,15211.0,False,False,Table 1.4
industry,03,2017-18,median_time_lost,weeks,6.8,False,False,Table 1.5
industry,03,2018-19,claim_count,claims,143.0,False,False,Table 1.1
industry,03,2018-19,frequency_rate,claims per million hours worked,11.650692666564028,False,False,Table 1.2
industry,03,2018-19,incidence_rate,"claims per 1,000 employees",22.007810562589952,False,False,Table 1.3
industry,03,2018-19,median_compensation,AUD,18248.0,False,False,Table 1.4
industry,03,2018-19,median_time_lost,weeks,8.200000000000001,False,False,Table 1.5
industry,03,2019-20,claim_count,claims,149.0,False,False,Table 1.1
industry,03,2019-20,frequency_rate,claims per million hours worked,10.583082551043631,False,False,Table 1.2
industry,03,2019-20,incidence_rate,"claims per 1,000 employees",22.357666979775317,False,False,Table 1.3
industry,03,2019-20,median_compensation,AUD,17121.5,False,False,Table 1.4
industry,03,2019-20,median_time_lost,weeks,7.8,False,False,Table 1.5
industry,03,2020-21,claim_count,claims,161.0,False,False,Table 1.1
industry,03,2020-21,frequency_rate,claims per million hours worked,14.766216641912434,False,False,Table 1.2
industry,03,2020-21,incidence_rate,"claims per 1,000 employees",26.187730070255697,False,False,Table 1.3
industry,03,2020-21,median_compensation,AUD,13600.0,False,False,Table 1.4
industry,03,2020-21,median_time_lost,weeks,6.2105263157894735,False,False,Table 1.5
industry,03,2021-22,claim_count,claims,156.0,False,False,Table 1.1
industry,03,2021-22,frequency_rate,claims per million hours worked,12.919488708654622,False,False,Table 1.2
industry,03,2021-22,incidence_rate,"claims per 1,000 employees",25.60792086127155,False,False,Table 1.3
industry,03,2021-22,median_compensation,AUD,14110.5,False,False,Table 1.4
industry,03,2021-22,median_time_lost,weeks,6.226666666666667,False,False,Table 1.5
industry,03,2022-23,claim_count,claims,134.0,False,False,Table 1.1
industry,03,2022-23,frequency_rate,claims per million hours worked,14.522213587468833,False,False,Table 1.2
industry,03,2022-23,incidence_rate,"claims per 1,000 employees",31.125330310464843,False,False,Table 1.3
industry,03,2022-23,median_compensation,AUD,11598.0,False,False,Table 1.4
industry,03,2022-23,median_time_lost,weeks,5.229042857142857,False,False,Table 1.5
industry,03,2023-24,claim_count,claims,143.0,False,True,Table 1.1
industry,03,2023-24,frequency_rate,claims per million hours worked,13.55333164607428,False,True,Table 1.2
industry,03,2023-24,incidence_rate,"claims per 1,000 employees",26.946700764398486,False,True,Table 1.3
industry,03,2023-24,median_compensation,AUD,,True,True,Table 1.4
industry,03,2023-24,median_time_lost,weeks,,True,True,Table 1.5
industry,04,2014-15,claim_count,claims,45.0,False,False,Table 1.1
industry,04,2014-15,frequency_rate,claims per million hours worked,12.988424519704996,False,False,Table 1.2
industry,04,2014-15,incidence_rate,"claims per 1,000 employees",19.667278121000393,False,False,Table 1.3
industry,04,2014-15,median_compensation,AUD,13599.0,False,False,Table 1.4
industry,04,2014-15,median_time_lost,weeks,7.5091190476190475,False,False,Table 1.5
industry,04,2015-16,claim_count,claims,36.0,False,False,Table 1.1
industry,04,2015-16,frequency_rate,claims per million hours worked,6.555987124641379,False,False,Table 1.2
industry,04,2015-16,incidence_rate,"claims per 1,000 employees",13.026902552781896,False,False,Table 1.3
industry,04,2015-16,median_compensation,AUD,21668.0,False,False,Table 1.4
industry,04,2015-16,median_time_lost,weeks,8.600000000000001,False,False,Table 1.5
industry,04,2016-17,claim_count,claims,52.0,False,False,Table 1.1
industry,04,2016-17,frequency_rate,claims per million hours worked,5.5441263549176485,False,False,Table 1.2
industry,04,2016-17,incidence_rate,"claims per 1,000 employees",11.195889973206503,False,False,Table 1.3
industry,04,2016-17,median_compensation,AUD,17121.5,False,False,Table 1.4
industry,04,2016-17,median_time_lost,weeks,9.3,False,False,Table 1.5
industry,04,2017-18,claim_count,claims,49.0,False,False,Table 1.1
industry,04,2017-18,frequency_rate,claims per million hours worked,7.085035983712585,False,False,Table 1.2
industry,04,2017-18,incidence_rate,"claims per 1,000 employees",13.631872948930223,False,False,Table 1.3
industry,04,2017-18,median_compensation,AUD,17010.0,False,False,Table 1.4
industry,04,2017-18,median_time_lost,weeks,9.0,False,False,Table 1.5
industry,04,2018-19,claim_count,claims,44.0,False,False,Table 1.1
industry,04,2018-19,frequency_rate,claims per million hours worked,5.707203786556686,False,False,Table 1.2
industry,04,2018-19,incidence_rate,"claims per 1,000 employees",9.275739166991666,False,False,Table 1.3
industry,04,2018-19,median_compensation,AUD,20322.5,False,False,Table 1.4
industry,04,2018-19,median_time_lost,weeks,7.813486842105263,False,False,Table 1.5
industry,04,2019-20,claim_count,claims,58.0,False,False,Table 1.1
industry,04,2019-20,frequency_rate,claims per million hours worked,9.82727766967287,False,False,Table 1.2
industry,04,2019-20,incidence_rate,"claims per 1,000 employees",13.161746930340264,False,False,Table 1.3
industry,04,2019-20,median_compensation,AUD,17864.5,False,False,Table 1.4
industry,04,2019-20,median_time_lost,weeks,10.0,False,False,Table 1.5
industry,04,2020-21,claim_count,claims,53.0,False,False,Table 1.1
industry,04,2020-21,frequency_rate,claims per million hours worked,6.411854931779793,False,False,Table 1.2
industry,04,2020-21,incidence_rate,"claims per 1,000 employees",14.216679785251982,False,False,Table 1.3
industry,04,2020-21,median_compensation,AUD,13539.0,False,False,Table 1.4
industry,04,2020-21,median_time_lost,weeks,7.368421052631579,False,False,Table 1.5
industry,04,2021-22,claim_count,claims,50.0,False,False,Table 1.1
industry,04,2021-22,frequency_rate,claims per million hours worked,16.164026255993132,False,False,Table 1.2
industry,04,2021-22,incidence_rate,"claims per 1,000 employees",24.645549155887206,False,False,Table 1.3
industry,04,2021-22,median_compensation,AUD,27503.0,False,False,Table 1.4
industry,04,2021-22,median_time_lost,weeks,11.25,False,False,Table 1.5
industry,04,2022-23,claim_count,claims,63.0,False,False,Table 1.1
industry,04,2022-23,frequency_rate,claims per million hours worked,15.520357381289145,False,False,Table 1.2
industry,04,2022-23,incidence_rate,"claims per 1,000 employees",23.575285819806354,False,False,Table 1.3
industry,04,2022-23,median_compensation,AUD,16764.0,False,False,Table 1.4
industry,04,2022-23,median_time_lost,weeks,8.6,False,False,Table 1.5
industry,04,2023-24,claim_count,claims,30.0,False,True,Table 1.1
industry,04,2023-24,frequency_rate,claims per million hours worked,5.348456930352543,False,True,Table 1.2
industry,04,2023-24,incidence_rate,"claims per 1,000 employees",9.373052749082232,False,True,Table 1.3
industry,04,2023-24,median_compensation,AUD,,True,True,Table 1.4
industry,04,2023-24,median_time_lost,weeks,,True,True,Table 1.5
industry,05,2014-15,claim_count,claims,528.0,False,False,Table 1.1
industry,05,2014-15,frequency_rate,claims per million hours worked,17.289462830508977,False,False,Table 1.2
industry,05,2014-15,incidence_rate,"claims per 1,000 employees",32.047142607543314,False,False,Table 1.3
industry,05,2014-15,median_compensation,AUD,11209.0,False,False,Table 1.4
industry,05,2014-15,median_time_lost,weeks,5.794736842105263,False,False,Table 1.5
industry,05,2015-16,claim_count,claims,545.0,False,False,Table 1.1
industry,05,2015-16,frequency_rate,claims per million hours worked,17.68608371594503,False,False,Table 1.2
industry,05,2015-16,incidence_rate,"claims per 1,000 employees",31.556266525372433,False,False,Table 1.3
industry,05,2015-16,median_compensation,AUD,10747.0,False,False,Table 1.4
industry,05,2015-16,median_time_lost,weeks,6.0,False,False,Table 1.5
industry,05,2016-17,claim_count,claims,560.0,False,False,Table 1.1
industry,05,2016-17,frequency_rate,claims per million hours worked,12.371889761414993,False,False,Table 1.2
industry,05,2016-17,incidence_rate,"claims per 1,000 employees",23.145182113063633,False,False,Table 1.3
industry,05,2016-17,median_compensation,AUD,14717.5,False,False,Table 1.4
industry,05,2016-17,median_time_lost,weeks,7.61875,False,False,Table 1.5
industry,05,2017-18,claim_count,claims,544.0,False,False,Table 1.1
industry,05,2017-18,frequency_rate,claims per million hours worked,13.403486186858473,False,False,Table 1.2
industry,05,2017-18,incidence_rate,"claims per 1,000 employees",24.31691557334059,False,False,Table 1.3
industry,05,2017-18,median_compensation,AUD,17308.5,False,False,Table 1.4
industry,05,2017-18,median_time_lost,weeks,8.489473684210527,False,False,Table 1.5
industry,05,2018-19,claim_count,claims,614.0,False,False,Table 1.1
industry,05,2018-19,frequency_rate,claims per million hours worked,16.626063755624052,False,False,Table 1.2
industry,05,2018-19,incidence_rate,"claims per 1,000 employees",29.257456489314666,False,False,Table 1.3
industry,05,2018-19,median_compensation,AUD,12546.0,False,False,Table 1.4
industry,05,2018-19,median_time_lost,weeks,6.3999999999999995,False,False,Table 1.5
industry,05,2019-20,claim_count,claims,642.0,False,False,Table 1.1
industry,05,2019-20,frequency_rate,claims per million hours worked,20.821032310536975,False,False,Table 1.2
industry,05,2019-20,incidence_rate,"claims per 1,000 employees",34.02076960430778,False,False,Table 1.3
industry,05,2019-20,median_compensation,AUD,12996.0,False,False,Table 1.4
industry,05,2019-20,median_time_lost,weeks,6.2,False,False,Table 1.5
industry,05,2020-21,claim_count,claims,784.0,False,False,Table 1.1
industry,05,2020-21,frequency_rate,claims per million hours worked,24.876301487367982,False,False,Table 1.2
industry,05,2020-21,incidence_rate,"claims per 1,000 employees",40.54342550136,False,False,Table 1.3
industry,05,2020-21,median_compensation,AUD,12657.5,False,False,Table 1.4
industry,05,2020-21,median_time_lost,weeks,6.716480041910584,False,False,Table 1.5
industry,05,2021-22,claim_count,claims,776.0,False,False,Table 1.1
industry,05,2021-22,frequency_rate,claims per million hours worked,18.423808058065426,False,False,Table 1.2
industry,05,2021-22,incidence_rate,"claims per 1,000 employees",32.753643092217075,False,False,Table 1.3
industry,05,2021-22,median_compensation,AUD,13263.0,False,False,Table 1.4
industry,05,2021-22,median_time_lost,weeks,6.155215131578947,False,False,Table 1.5
industry,05,2022-23,claim_count,claims,727.0,False,False,Table 1.1
industry,05,2022-23,frequency_rate,claims per million hours worked,14.44874174375618,False,False,Table 1.2
industry,05,2022-23,incidence_rate,"claims per 1,000 employees",27.67817336389704,False,False,Table 1.3
industry,05,2022-23,median_compensation,AUD,14065.0,False,False,Table 1.4
industry,05,2022-23,median_time_lost,weeks,6.538605263157895,False,False,Table 1.5
industry,05,2023-24,claim_count,claims,670.0,False,True,Table 1.1
industry,05,2023-24,frequency_rate,claims per million hours worked,16.51035443877261,False,True,Table 1.2
industry,05,2023-24,incidence_rate,"claims per 1,000 employees",31.266307662980463,False,True,Table 1.3
industry,05,2023-24,median_compensation,AUD,,True,True,Table 1.4
industry,05,2023-24,median_time_lost,weeks,,True,True,Table 1.5
industry,06,2014-15,claim_count,claims,583.0,False,False,Table 1.1
industry,06,2014-15,frequency_rate,claims per million hours worked,7.039179406794871,False,False,Table 1.2
industry,06,2014-15,incidence_rate,"claims per 1,000 employees",14.896332580927872,False,False,Table 1.3
industry,06,2014-15,median_compensation,AUD,30608.0,False,False,Table 1.4
industry,06,2014-15,median_time_lost,weeks,8.806818181818182,False,False,Table 1.5
industry,06,2015-16,claim_count,claims,602.0,False,False,Table 1.1
industry,06,2015-16,frequency_rate,claims per million hours worked,6.875640733370484,False,False,Table 1.2
industry,06,2015-16,incidence_rate,"claims per 1,000 employees",14.359909283657455,False,False,Table 1.3
industry,06,2015-16,median_compensation,AUD,33608.5,False,False,Table 1.4
industry,06,2015-16,median_time_lost,weeks,9.942857142857143,False,False,Table 1.5
industry,06,2016-17,claim_count,claims,590.0,False,False,Table 1.1
industry,06,2016-17,frequency_rate,claims per million hours worked,6.4313893588728055,False,False,Table 1.2
industry,06,2016-17,incidence_rate,"claims per 1,000 employees",13.06584820425966,False,False,Table 1.3
industry,06,2016-17,median_compensation,AUD,32123.5,False,False,Table 1.4
industry,06,2016-17,median_time_lost,weeks,10.248814285714285,False,False,Table 1.5
industry,06,2017-18,claim_count,claims,569.0,False,False,Table 1.1
industry,06,2017-18,frequency_rate,claims per million hours worked,5.3919508160515655,False,False,Table 1.2
industry,06,2017-18,incidence_rate,"claims per 1,000 employees",11.13876897836942,False,False,Table 1.3
industry,06,2017-18,median_compensation,AUD,34809.0,False,False,Table 1.4
industry,06,2017-18,median_time_lost,weeks,11.571428571428571,False,False,Table 1.5
industry,06,2018-19,claim_count,claims,694.0,False,False,Table 1.1
industry,06,2018-19,frequency_rate,claims per million hours worked,6.501508059732709,False,False,Table 1.2
industry,06,2018-19,incidence_rate,"claims per 1,000 employees",13.365937784436415,False,False,Table 1.3
industry,06,2018-19,median_compensation,AUD,34103.5,False,False,Table 1.4
industry,06,2018-19,median_time_lost,weeks,11.398603644691132,False,False,Table 1.5
industry,06,2019-20,claim_count,claims,705.0,False,False,Table 1.1
industry,06,2019-20,frequency_rate,claims per million hours worked,7.24133823472584,False,False,Table 1.2
industry,06,2019-20,incidence_rate,"claims per 1,000 employees",14.709547104860777,False,False,Table 1.3
industry,06,2019-20,median_compensation,AUD,37410.0,False,False,Table 1.4
industry,06,2019-20,median_time_lost,weeks,11.785714285714286,False,False,Table 1.5
industry,06,2020-21,claim_count,claims,716.0,False,False,Table 1.1
industry,06,2020-21,frequency_rate,claims per million hours worked,6.700052896006856,False,False,Table 1.2
industry,06,2020-21,incidence_rate,"claims per 1,000 employees",14.2120555613945,False,False,Table 1.3
industry,06,2020-21,median_compensation,AUD,37691.0,False,False,Table 1.4
industry,06,2020-21,median_time_lost,weeks,11.576185714285714,False,False,Table 1.5
industry,06,2021-22,claim_count,claims,616.0,False,False,Table 1.1
industry,06,2021-22,frequency_rate,claims per million hours worked,10.420119127236577,False,False,Table 1.2
industry,06,2021-22,incidence_rate,"claims per 1,000 employees",20.903698433855034,False,False,Table 1.3
industry,06,2021-22,median_compensation,AUD,27258.5,False,False,Table 1.4
industry,06,2021-22,median_time_lost,weeks,9.071428571428571,False,False,Table 1.5
industry,06,2022-23,claim_count,claims,723.0,False,False,Table 1.1
industry,06,2022-23,frequency_rate,claims per million hours worked,11.413753957228911,False,False,Table 1.2
industry,06,2022-23,incidence_rate,"claims per 1,000 employees",23.71454529182268,False,False,Table 1.3
industry,06,2022-23,median_compensation,AUD,32398.0,False,False,Table 1.4
industry,06,2022-23,median_time_lost,weeks,10.9375,False,False,Table 1.5
industry,06,2023-24,claim_count,claims,741.0,False,True,Table 1.1
industry,06,2023-24,frequency_rate,claims per million hours worked,9.532787109439612,False,True,Table 1.2
industry,06,2023-24,incidence_rate,"claims per 1,000 employees",20.108982976779362,False,True,Table 1.3
industry,06,2023-24,median_compensation,AUD,,True,True,Table 1.4
industry,06,2023-24,median_time_lost,weeks,,True,True,Table 1.5
industry,07,2014-15,claim_count,claims,45.0,False,False,Table 1.1
industry,07,2014-15,frequency_rate,claims per million hours worked,0.7942341099811115,False,False,Table 1.2
industry,07,2014-15,incidence_rate,"claims per 1,000 employees",1.885855129186035,False,False,Table 1.3
industry,07,2014-15,median_compensation,AUD,36972.0,False,False,Table 1.4
industry,07,2014-15,median_time_lost,weeks,8.725216216216216,False,False,Table 1.5
industry,07,2015-16,claim_count,claims,53.0,False,False,Table 1.1
industry,07,2015-16,frequency_rate,claims per million hours worked,0.9156243057840493,False,False,Table 1.2
industry,07,2015-16,incidence_rate,"claims per 1,000 employees",2.0897875883180275,False,False,Table 1.3
industry,07,2015-16,median_compensation,AUD,55751.0,False,False,Table 1.4
industry,07,2015-16,median_time_lost,weeks,11.200000000000001,False,False,Table 1.5
industry,07,2016-17,claim_count,claims,42.0,False,False,Table 1.1
industry,07,2016-17,frequency_rate,claims per million hours worked,1.0167117830030676,False,False,Table 1.2
industry,07,2016-17,incidence_rate,"claims per 1,000 employees",2.109661214888416,False,False,Table 1.3
industry,07,2016-17,median_compensation,AUD,44226.0,False,False,Table 1.4
industry,07,2016-17,median_time_lost,weeks,10.580039473684211,False,False,Table 1.5
industry,07,2017-18,claim_count,claims,57.0,False,False,Table 1.1
industry,07,2017-18,frequency_rate,claims per million hours worked,0.9052880424851071,False,False,Table 1.2
industry,07,2017-18,incidence_rate,"claims per 1,000 employees",2.047683590300424,False,False,Table 1.3
industry,07,2017-18,median_compensation,AUD,37549.0,False,False,Table 1.4
industry,07,2017-18,median_time_lost,weeks,12.600000000000001,False,False,Table 1.5
industry,07,2018-19,claim_count,claims,46.0,False,False,Table 1.1
industry,07,2018-19,frequency_rate,claims per million hours worked,0.8361942857344612,False,False,Table 1.2
industry,07,2018-19,incidence_rate,"claims per 1,000 employees",1.8313900983066207,False,False,Table 1.3
industry,07,2018-19,median_compensation,AUD,45009.0,False,False,Table 1.4
industry,07,2018-19,median_time_lost,weeks,11.1,False,False,Table 1.5
industry,07,2019-20,claim_count,claims,57.0,False,False,Table 1.1
industry,07,2019-20,frequency_rate,claims per million hours worked,0.9905281501365771,False,False,Table 1.2
industry,07,2019-20,incidence_rate,"claims per 1,000 employees",1.9861687345124222,False,False,Table 1.3
industry,07,2019-20,median_compensation,AUD,58969.0,False,False,Table 1.4
industry,07,2019-20,median_time_lost,weeks,17.789473684210527,False,False,Table 1.5
industry,07,2020-21,claim_count,claims,41.0,False,False,Table 1.1
industry,07,2020-21,frequency_rate,claims per million hours worked,0.8308857428381705,False,False,Table 1.2
industry,07,2020-21,incidence_rate,"claims per 1,000 employees",1.7615537032201862,False,False,Table 1.3
industry,07,2020-21,median_compensation,AUD,49443.0,False,False,Table 1.4
industry,07,2020-21,median_time_lost,weeks,10.95,False,False,Table 1.5
industry,07,2021-22,claim_count,claims,47.0,False,False,Table 1.1
industry,07,2021-22,frequency_rate,claims per million hours worked,1.5109829058069428,False,False,Table 1.2
industry,07,2021-22,incidence_rate,"claims per 1,000 employees",3.1109160275818657,False,False,Table 1.3
industry,07,2021-22,median_compensation,AUD,65481.0,False,False,Table 1.4
industry,07,2021-22,median_time_lost,weeks,26.371794871794872,False,False,Table 1.5
industry,07,2022-23,claim_count,claims,43.0,False,False,Table 1.1
industry,07,2022-23,frequency_rate,claims per million hours worked,1.330290927000457,False,False,Table 1.2
industry,07,2022-23,incidence_rate,"claims per 1,000 employees",2.803381712904415,False,False,Table 1.3
industry,07,2022-23,median_compensation,AUD,62949.0,False,False,Table 1.4
industry,07,2022-23,median_time_lost,weeks,14.789473684210526,False,False,Table 1.5
industry,07,2023-24,claim_count,claims,58.0,False,True,Table 1.1
industry,07,2023-24,frequency_rate,claims per million hours worked,2.110011926500102,False,True,Table 1.2
industry,07,2023-24,incidence_rate,"claims per 1,000 employees",4.236494013775243,False,True,Table 1.3
industry,07,2023-24,median_compensation,AUD,,True,True,Table 1.4
industry,07,2023-24,median_time_lost,weeks,,True,True,Table 1.5
industry,08,2014-15,claim_count,claims,812.0,False,False,Table 1.1
industry,08,2014-15,frequency_rate,claims per million hours worked,5.510978547653398,False,False,Table 1.2
industry,08,2014-15,incidence_rate,"claims per 1,000 employees",12.56196516648469,False,False,Table 1.3
industry,08,2014-15,median_compensation,AUD,29306.0,False,False,Table 1.4
industry,08,2014-15,median_time_lost,weeks,7.76,False,False,Table 1.5
industry,08,2015-16,claim_count,claims,724.0,False,False,Table 1.1
industry,08,2015-16,frequency_rate,claims per million hours worked,4.80849629797532,False,False,Table 1.2
industry,08,2015-16,incidence_rate,"claims per 1,000 employees",11.093734085229057,False,False,Table 1.3
industry,08,2015-16,median_compensation,AUD,35154.0,False,False,Table 1.4
industry,08,2015-16,median_time_lost,weeks,8.75,False,False,Table 1.5
industry,08,2016-17,claim_count,claims,630.0,False,False,Table 1.1
industry,08,2016-17,frequency_rate,claims per million hours worked,3.8048032686536795,False,False,Table 1.2
industry,08,2016-17,incidence_rate,"claims per 1,000 employees",8.732658547866532,False,False,Table 1.3
industry,08,2016-17,median_compensation,AUD,39149.0,False,False,Table 1.4
industry,08,2016-17,median_time_lost,weeks,9.027976190476192,False,False,Table 1.5
industry,08,2017-18,claim_count,claims,708.0,False,False,Table 1.1
industry,08,2017-18,frequency_rate,claims per million hours worked,4.174431525386489,False,False,Table 1.2
industry,08,2017-18,incidence_rate,"claims per 1,000 employees",10.037769017446724,False,False,Table 1.3
industry,08,2017-18,median_compensation,AUD,36599.5,False,False,Table 1.4
industry,08,2017-18,median_time_lost,weeks,9.0,False,False,Table 1.5
industry,08,2018-19,claim_count,claims,794.0,False,False,Table 1.1
industry,08,2018-19,frequency_rate,claims per million hours worked,3.583757026930123,False,False,Table 1.2
industry,08,2018-19,incidence_rate,"claims per 1,000 employees",7.972229485701328,False,False,Table 1.3
industry,08,2018-19,median_compensation,AUD,36043.5,False,False,Table 1.4
industry,08,2018-19,median_time_lost,weeks,9.15588719263687,False,False,Table 1.5
industry,08,2019-20,claim_count,claims,796.0,False,False,Table 1.1
industry,08,2019-20,frequency_rate,claims per million hours worked,3.3101299217829356,False,False,Table 1.2
industry,08,2019-20,incidence_rate,"claims per 1,000 employees",7.386470964393284,False,False,Table 1.3
industry,08,2019-20,median_compensation,AUD,43696.0,False,False,Table 1.4
industry,08,2019-20,median_time_lost,weeks,10.620926785714286,False,False,Table 1.5
industry,08,2020-21,claim_count,claims,881.0,False,False,Table 1.1
industry,08,2020-21,frequency_rate,claims per million hours worked,3.4320377188083304,False,False,Table 1.2
industry,08,2020-21,incidence_rate,"claims per 1,000 employees",7.687151474727994,False,False,Table 1.3
industry,08,2020-21,median_compensation,AUD,49516.0,False,False,Table 1.4
industry,08,2020-21,median_time_lost,weeks,12.55,False,False,Table 1.5
industry,08,2021-22,claim_count,claims,927.0,False,False,Table 1.1
industry,08,2021-22,frequency_rate,claims per million hours worked,4.45222158803294,False,False,Table 1.2
industry,08,2021-22,incidence_rate,"claims per 1,000 employees",10.01269216279614,False,False,Table 1.3
industry,08,2021-22,median_compensation,AUD,47399.0,False,False,Table 1.4
industry,08,2021-22,median_time_lost,weeks,13.007499999999999,False,False,Table 1.5
industry,08,2022-23,claim_count,claims,1095.0,False,False,Table 1.1
industry,08,2022-23,frequency_rate,claims per million hours worked,5.12402487541847,False,False,Table 1.2
industry,08,2022-23,incidence_rate,"claims per 1,000 employees",11.717664949072542,False,False,Table 1.3
industry,08,2022-23,median_compensation,AUD,42261.0,False,False,Table 1.4
industry,08,2022-23,median_time_lost,weeks,11.5,False,False,Table 1.5
industry,08,2023-24,claim_count,claims,1132.0,False,True,Table 1.1
industry,08,2023-24,frequency_rate,claims per million hours worked,4.854944322016219,False,True,Table 1.2
industry,08,2023-24,incidence_rate,"claims per 1,000 employees",11.173347894915354,False,True,Table 1.3
industry,08,2023-24,median_compensation,AUD,,True,True,Table 1.4
industry,08,2023-24,median_time_lost,weeks,,True,True,Table 1.5
industry,09,2014-15,claim_count,claims,248.0,False,False,Table 1.1
industry,09,2014-15,frequency_rate,claims per million hours worked,12.436192701032338,False,False,Table 1.2
industry,09,2014-15,incidence_rate,"claims per 1,000 employees",25.902977175411195,False,False,Table 1.3
industry,09,2014-15,median_compensation,AUD,15010.0,False,False,Table 1.4
industry,09,2014-15,median_time_lost,weeks,5.6,False,False,Table 1.5
industry,09,2015-16,claim_count,claims,242.0,False,False,Table 1.1
industry,09,2015-16,frequency_rate,claims per million hours worked,9.314312454101547,False,False,Table 1.2
industry,09,2015-16,incidence_rate,"claims per 1,000 employees",21.481044091384085,False,False,Table 1.3
industry,09,2015-16,median_compensation,AUD,14453.0,False,False,Table 1.4
industry,09,2015-16,median_time_lost,weeks,5.83421052631579,False,False,Table 1.5
industry,09,2016-17,claim_count,claims,243.0,False,False,Table 1.1
industry,09,2016-17,frequency_rate,claims per million hours worked,13.581506512022061,False,False,Table 1.2
industry,09,2016-17,incidence_rate,"claims per 1,000 employees",29.00046015027817,False,False,Table 1.3
industry,09,2016-17,median_compensation,AUD,19041.0,False,False,Table 1.4
industry,09,2016-17,median_time_lost,weeks,6.6,False,False,Table 1.5
industry,09,2017-18,claim_count,claims,266.0,False,False,Table 1.1
industry,09,2017-18,frequency_rate,claims per million hours worked,9.517816878454902,False,False,Table 1.2
industry,09,2017-18,incidence_rate,"claims per 1,000 employees",20.46456752942228,False,False,Table 1.3
industry,09,2017-18,median_compensation,AUD,16260.5,False,False,Table 1.4
industry,09,2017-18,median_time_lost,weeks,6.605263157894737,False,False,Table 1.5
industry,09,2018-19,claim_count,claims,264.0,False,False,Table 1.1
industry,09,2018-19,frequency_rate,claims per million hours worked,7.29560054983316,False,False,Table 1.2
industry,09,2018-19,incidence_rate,"claims per 1,000 employees",17.065112089260307,False,False,Table 1.3
industry,09,2018-19,median_compensation,AUD,21718.0,False,False,Table 1.4
industry,09,2018-19,median_time_lost,weeks,6.7026315789473685,False,False,Table 1.5
industry,09,2019-20,claim_count,claims,256.0,False,False,Table 1.1
industry,09,2019-20,frequency_rate,claims per million hours worked,10.27352810090022,False,False,Table 1.2
industry,09,2019-20,incidence_rate,"claims per 1,000 employees",20.943158964738036,False,False,Table 1.3
industry,09,2019-20,median_compensation,AUD,20950.0,False,False,Table 1.4
industry,09,2019-20,median_time_lost,weeks,8.0,False,False,Table 1.5
industry,09,2020-21,claim_count,claims,278.0,False,False,Table 1.1
industry,09,2020-21,frequency_rate,claims per million hours worked,10.227317244560634,False,False,Table 1.2
industry,09,2020-21,incidence_rate,"claims per 1,000 employees",22.639328986673068,False,False,Table 1.3
industry,09,2020-21,median_compensation,AUD,16787.5,False,False,Table 1.4
industry,09,2020-21,median_time_lost,weeks,7.044983262372902,False,False,Table 1.5
industry,09,2021-22,claim_count,claims,273.0,False,False,Table 1.1
industry,09,2021-22,frequency_rate,claims per million hours worked,14.115338595232522,False,False,Table 1.2
industry,09,2021-22,incidence_rate,"claims per 1,000 employees",29.04875501177972,False,False,Table 1.3
industry,09,2021-22,median_compensation,AUD,23524.0,False,False,Table 1.4
industry,09,2021-22,median_time_lost,weeks,8.578947368421053,False,False,Table 1.5
industry,09,2022-23,claim_count,claims,289.0,False,False,Table 1.1
industry,09,2022-23,frequency_rate,claims per million hours worked,13.080312749901537,False,False,Table 1.2
industry,09,2022-23,incidence_rate,"claims per 1,000 employees",29.630679648443433,False,False,Table 1.3
industry,09,2022-23,median_compensation,AUD,25871.0,False,False,Table 1.4
industry,09,2022-23,median_time_lost,weeks,9.0,False,False,Table 1.5
industry,09,2023-24,claim_count,claims,359.0,False,True,Table 1.1
industry,09,2023-24,frequency_rate,claims per million hours worked,11.32738265492128,False,True,Table 1.2
industry,09,2023-24,incidence_rate,"claims per 1,000 employees",24.097198613642554,False,True,Table 1.3
industry,09,2023-24,median_compensation,AUD,,True,True,Table 1.4
industry,09,2023-24,median_time_lost,weeks,,True,True,Table 1.5
industry,10,2014-15,claim_count,claims,544.0,False,False,Table 1.1
industry,10,2014-15,frequency_rate,claims per million hours worked,5.088316380337086,False,False,Table 1.2
industry,10,2014-15,incidence_rate,"claims per 1,000 employees",10.826609904069082,False,False,Table 1.3
industry,10,2014-15,median_compensation,AUD,26750.0,False,False,Table 1.4
industry,10,2014-15,median_time_lost,weeks,8.17142857142857,False,False,Table 1.5
industry,10,2015-16,claim_count,claims,552.0,False,False,Table 1.1
industry,10,2015-16,frequency_rate,claims per million hours worked,4.246644130466921,False,False,Table 1.2
industry,10,2015-16,incidence_rate,"claims per 1,000 employees",9.851428300808987,False,False,Table 1.3
industry,10,2015-16,median_compensation,AUD,26788.0,False,False,Table 1.4
industry,10,2015-16,median_time_lost,weeks,7.6875,False,False,Table 1.5
industry,10,2016-17,claim_count,claims,656.0,False,False,Table 1.1
industry,10,2016-17,frequency_rate,claims per million hours worked,5.044494924444496,False,False,Table 1.2
industry,10,2016-17,incidence_rate,"claims per 1,000 employees",11.275655045169618,False,False,Table 1.3
industry,10,2016-17,median_compensation,AUD,31659.0,False,False,Table 1.4
industry,10,2016-17,median_time_lost,weeks,9.485714285714286,False,False,Table 1.5
industry,10,2017-18,claim_count,claims,743.0,False,False,Table 1.1
industry,10,2017-18,frequency_rate,claims per million hours worked,6.230122947025347,False,False,Table 1.2
industry,10,2017-18,incidence_rate,"claims per 1,000 employees",13.85138308529607,False,False,Table 1.3
industry,10,2017-18,median_compensation,AUD,30465.0,False,False,Table 1.4
industry,10,2017-18,median_time_lost,weeks,10.2,False,False,Table 1.5
industry,10,2018-19,claim_count,claims,849.0,False,False,Table 1.1
industry,10,2018-19,frequency_rate,claims per million hours worked,7.980956164322195,False,False,Table 1.2
industry,10,2018-19,incidence_rate,"claims per 1,000 employees",17.845733319162417,False,False,Table 1.3
industry,10,2018-19,median_compensation,AUD,29183.5,False,False,Table 1.4
industry,10,2018-19,median_time_lost,weeks,9.200000000000001,False,False,Table 1.5
industry,10,2019-20,claim_count,claims,853.0,False,False,Table 1.1
industry,10,2019-20,frequency_rate,claims per million hours worked,9.357542035214983,False,False,Table 1.2
industry,10,2019-20,incidence_rate,"claims per 1,000 employees",20.78342679512755,False,False,Table 1.3
industry,10,2019-20,median_compensation,AUD,35546.0,False,False,Table 1.4
industry,10,2019-20,median_time_lost,weeks,10.7929203539823,False,False,Table 1.5
industry,10,2020-21,claim_count,claims,1037.0,False,False,Table 1.1
industry,10,2020-21,frequency_rate,claims per million hours worked,8.273379345797997,False,False,Table 1.2
industry,10,2020-21,incidence_rate,"claims per 1,000 employees",17.6364506088938,False,False,Table 1.3
industry,10,2020-21,median_compensation,AUD,31331.0,False,False,Table 1.4
industry,10,2020-21,median_time_lost,weeks,10.0,False,False,Table 1.5
industry,10,2021-22,claim_count,claims,1043.0,False,False,Table 1.1
industry,10,2021-22,frequency_rate,claims per million hours worked,9.490610931181244,False,False,Table 1.2
industry,10,2021-22,incidence_rate,"claims per 1,000 employees",20.743964336922936,False,False,Table 1.3
industry,10,2021-22,median_compensation,AUD,32181.0,False,False,Table 1.4
industry,10,2021-22,median_time_lost,weeks,10.200000000000001,False,False,Table 1.5
industry,10,2022-23,claim_count,claims,1088.0,False,False,Table 1.1
industry,10,2022-23,frequency_rate,claims per million hours worked,8.776590746899663,False,False,Table 1.2
industry,10,2022-23,incidence_rate,"claims per 1,000 employees",19.62956562891801,False,False,Table 1.3
industry,10,2022-23,median_compensation,AUD,35330.0,False,False,Table 1.4
industry,10,2022-23,median_time_lost,weeks,11.200000000000001,False,False,Table 1.5
industry,10,2023-24,claim_count,claims,1050.0,False,True,Table 1.1
industry,10,2023-24,frequency_rate,claims per million hours worked,8.21941547237824,False,True,Table 1.2
industry,10,2023-24,incidence_rate,"claims per 1,000 employees",18.36079265050529,False,True,Table 1.3
industry,10,2023-24,median_compensation,AUD,,True,True,Table 1.4
industry,10,2023-24,median_time_lost,weeks,,True,True,Table 1.5
industry,11,2014-15,claim_count,claims,3542.0,False,False,Table 1.1
industry,11,2014-15,frequency_rate,claims per million hours worked,10.720813363141552,False,False,Table 1.2
industry,11,2014-15,incidence_rate,"claims per 1,000 employees",18.837989891114937,False,False,Table 1.3
industry,11,2014-15,median_compensation,AUD,10967.0,False,False,Table 1.4
industry,11,2014-15,median_time_lost,weeks,5.1640263157894735,False,False,Table 1.5
industry,11,2015-16,claim_count,claims,3123.0,False,False,Table 1.1
industry,11,2015-16,frequency_rate,claims per million hours worked,9.903991584576822,False,False,Table 1.2
industry,11,2015-16,incidence_rate,"claims per 1,000 employees",16.870025141261788,False,False,Table 1.3
industry,11,2015-16,median_compensation,AUD,12594.0,False,False,Table 1.4
industry,11,2015-16,median_time_lost,weeks,5.636842105263158,False,False,Table 1.5
industry,11,2016-17,claim_count,claims,3059.0,False,False,Table 1.1
industry,11,2016-17,frequency_rate,claims per million hours worked,9.273744261519997,False,False,Table 1.2
industry,11,2016-17,incidence_rate,"claims per 1,000 employees",15.995337546313054,False,False,Table 1.3
industry,11,2016-17,median_compensation,AUD,14030.5,False,False,Table 1.4
industry,11,2016-17,median_time_lost,weeks,6.5576923076923075,False,False,Table 1.5
industry,11,2017-18,claim_count,claims,3009.0,False,False,Table 1.1
industry,11,2017-18,frequency_rate,claims per million hours worked,9.015031883213688,False,False,Table 1.2
industry,11,2017-18,incidence_rate,"claims per 1,000 employees",15.357790387539357,False,False,Table 1.3
industry,11,2017-18,median_compensation,AUD,13789.0,False,False,Table 1.4
industry,11,2017-18,median_time_lost,weeks,6.75,False,False,Table 1.5
industry,11,2018-19,claim_count,claims,3306.0,False,False,Table 1.1
industry,11,2018-19,frequency_rate,claims per million hours worked,9.408390802844867,False,False,Table 1.2
industry,11,2018-19,incidence_rate,"claims per 1,000 employees",16.475415485309767,False,False,Table 1.3
industry,11,2018-19,median_compensation,AUD,14729.5,False,False,Table 1.4
industry,11,2018-19,median_time_lost,weeks,7.0,False,False,Table 1.5
industry,11,2019-20,claim_count,claims,3303.0,False,False,Table 1.1
industry,11,2019-20,frequency_rate,claims per million hours worked,9.75589141610308,False,False,Table 1.2
industry,11,2019-20,incidence_rate,"claims per 1,000 employees",16.472767626935013,False,False,Table 1.3
industry,11,2019-20,median_compensation,AUD,14633.0,False,False,Table 1.4
industry,11,2019-20,median_time_lost,weeks,6.8,False,False,Table 1.5
industry,11,2020-21,claim_count,claims,3704.0,False,False,Table 1.1
industry,11,2020-21,frequency_rate,claims per million hours worked,11.527459293567544,False,False,Table 1.2
industry,11,2020-21,incidence_rate,"claims per 1,000 employees",19.551984999690905,False,False,Table 1.3
industry,11,2020-21,median_compensation,AUD,16077.0,False,False,Table 1.4
industry,11,2020-21,median_time_lost,weeks,7.3999999999999995,False,False,Table 1.5
industry,11,2021-22,claim_count,claims,3663.0,False,False,Table 1.1
industry,11,2021-22,frequency_rate,claims per million hours worked,11.209099270931826,False,False,Table 1.2
industry,11,2021-22,incidence_rate,"claims per 1,000 employees",19.32059819694682,False,False,Table 1.3
industry,11,2021-22,median_compensation,AUD,15069.0,False,False,Table 1.4
industry,11,2021-22,median_time_lost,weeks,7.0,False,False,Table 1.5
industry,11,2022-23,claim_count,claims,3783.0,False,False,Table 1.1
industry,11,2022-23,frequency_rate,claims per million hours worked,12.168751274092317,False,False,Table 1.2
industry,11,2022-23,incidence_rate,"claims per 1,000 employees",20.74204357410357,False,False,Table 1.3
industry,11,2022-23,median_compensation,AUD,15286.0,False,False,Table 1.4
industry,11,2022-23,median_time_lost,weeks,7.394736842105263,False,False,Table 1.5
industry,11,2023-24,claim_count,claims,3800.0,False,True,Table 1.1
industry,11,2023-24,frequency_rate,claims per million hours worked,11.873862464839886,False,True,Table 1.2
industry,11,2023-24,incidence_rate,"claims per 1,000 employees",19.906768435465334,False,True,Table 1.3
industry,11,2023-24,median_compensation,AUD,,True,True,Table 1.4
industry,11,2023-24,median_time_lost,weeks,,True,True,Table 1.5
industry,12,2014-15,claim_count,claims,313.0,False,False,Table 1.1
industry,12,2014-15,frequency_rate,claims per million hours worked,5.712750076679844,False,False,Table 1.2
industry,12,2014-15,incidence_rate,"claims per 1,000 employees",10.136668734234973,False,False,Table 1.3
industry,12,2014-15,median_compensation,AUD,11358.0,False,False,Table 1.4
industry,12,2014-15,median_time_lost,weeks,3.8,False,False,Table 1.5
industry,12,2015-16,claim_count,claims,293.0,False,False,Table 1.1
industry,12,2015-16,frequency_rate,claims per million hours worked,5.012770666715214,False,False,Table 1.2
industry,12,2015-16,incidence_rate,"claims per 1,000 employees",8.664421414200152,False,False,Table 1.3
industry,12,2015-16,median_compensation,AUD,12633.0,False,False,Table 1.4
industry,12,2015-16,median_time_lost,weeks,5.052631578947368,False,False,Table 1.5
industry,12,2016-17,claim_count,claims,267.0,False,False,Table 1.1
industry,12,2016-17,frequency_rate,claims per million hours worked,4.423171414037883,False,False,Table 1.2
industry,12,2016-17,incidence_rate,"claims per 1,000 employees",8.37008190480997,False,False,Table 1.3
industry,12,2016-17,median_compensation,AUD,12281.0,False,False,Table 1.4
industry,12,2016-17,median_time_lost,weeks,4.6,False,False,Table 1.5
industry,12,2017-18,claim_count,claims,295.0,False,False,Table 1.1
industry,12,2017-18,frequency_rate,claims per million hours worked,5.403495972675386,False,False,Table 1.2
industry,12,2017-18,incidence_rate,"claims per 1,000 employees",9.89533390585251,False,False,Table 1.3
industry,12,2017-18,median_compensation,AUD,12609.0,False,False,Table 1.4
industry,12,2017-18,median_time_lost,weeks,5.6,False,False,Table 1.5
industry,12,2018-19,claim_count,claims,281.0,False,False,Table 1.1
industry,12,2018-19,frequency_rate,claims per million hours worked,4.695948516230859,False,False,Table 1.2
industry,12,2018-19,incidence_rate,"claims per 1,000 employees",8.261026895790655,False,False,Table 1.3
industry,12,2018-19,median_compensation,AUD,11033.0,False,False,Table 1.4
industry,12,2018-19,median_time_lost,weeks,4.768130824326753,False,False,Table 1.5
industry,12,2019-20,claim_count,claims,271.0,False,False,Table 1.1
industry,12,2019-20,frequency_rate,claims per million hours worked,4.634883219937759,False,False,Table 1.2
industry,12,2019-20,incidence_rate,"claims per 1,000 employees",8.191328184081405,False,False,Table 1.3
industry,12,2019-20,median_compensation,AUD,11923.0,False,False,Table 1.4
industry,12,2019-20,median_time_lost,weeks,4.9399999999999995,False,False,Table 1.5
industry,12,2020-21,claim_count,claims,305.0,False,False,Table 1.1
industry,12,2020-21,frequency_rate,claims per million hours worked,4.893858500423208,False,False,Table 1.2
industry,12,2020-21,incidence_rate,"claims per 1,000 employees",8.779909212754283,False,False,Table 1.3
industry,12,2020-21,median_compensation,AUD,15050.0,False,False,Table 1.4
industry,12,2020-21,median_time_lost,weeks,5.89,False,False,Table 1.5
industry,12,2021-22,claim_count,claims,293.0,False,False,Table 1.1
industry,12,2021-22,frequency_rate,claims per million hours worked,5.078230692470771,False,False,Table 1.2
industry,12,2021-22,incidence_rate,"claims per 1,000 employees",8.590347817898978,False,False,Table 1.3
industry,12,2021-22,median_compensation,AUD,12845.0,False,False,Table 1.4
industry,12,2021-22,median_time_lost,weeks,5.0,False,False,Table 1.5
industry,12,2022-23,claim_count,claims,333.0,False,False,Table 1.1
industry,12,2022-23,frequency_rate,claims per million hours worked,4.561611247478806,False,False,Table 1.2
industry,12,2022-23,incidence_rate,"claims per 1,000 employees",8.040330173312407,False,False,Table 1.3
industry,12,2022-23,median_compensation,AUD,15656.0,False,False,Table 1.4
industry,12,2022-23,median_time_lost,weeks,6.0000548952872395,False,False,Table 1.5
industry,12,2023-24,claim_count,claims,327.0,False,True,Table 1.1
industry,12,2023-24,frequency_rate,claims per million hours worked,5.230283626575875,False,True,Table 1.2
industry,12,2023-24,incidence_rate,"claims per 1,000 employees",8.926772678285337,False,True,Table 1.3
industry,12,2023-24,median_compensation,AUD,,True,True,Table 1.4
industry,12,2023-24,median_time_lost,weeks,,True,True,Table 1.5
industry,13,2014-15,claim_count,claims,197.0,False,False,Table 1.1
industry,13,2014-15,frequency_rate,claims per million hours worked,3.838884797785043,False,False,Table 1.2
industry,13,2014-15,incidence_rate,"claims per 1,000 employees",6.737854690054412,False,False,Table 1.3
industry,13,2014-15,median_compensation,AUD,11960.0,False,False,Table 1.4
industry,13,2014-15,median_time_lost,weeks,6.2,False,False,Table 1.5
industry,13,2015-16,claim_count,claims,187.0,False,False,Table 1.1
industry,13,2015-16,frequency_rate,claims per million hours worked,3.531190164319118,False,False,Table 1.2
industry,13,2015-16,incidence_rate,"claims per 1,000 employees",6.131090949248993,False,False,Table 1.3
industry,13,2015-16,median_compensation,AUD,13478.0,False,False,Table 1.4
industry,13,2015-16,median_time_lost,weeks,8.56875,False,False,Table 1.5
industry,13,2016-17,claim_count,claims,176.0,False,False,Table 1.1
industry,13,2016-17,frequency_rate,claims per million hours worked,3.994724833224348,False,False,Table 1.2
industry,13,2016-17,incidence_rate,"claims per 1,000 employees",7.087379046405448,False,False,Table 1.3
industry,13,2016-17,median_compensation,AUD,12616.0,False,False,Table 1.4
industry,13,2016-17,median_time_lost,weeks,6.48125,False,False,Table 1.5
industry,13,2017-18,claim_count,claims,196.0,False,False,Table 1.1
industry,13,2017-18,frequency_rate,claims per million hours worked,3.742233624049215,False,False,Table 1.2
industry,13,2017-18,incidence_rate,"claims per 1,000 employees",6.481363218464703,False,False,Table 1.3
industry,13,2017-18,median_compensation,AUD,17371.5,False,False,Table 1.4
industry,13,2017-18,median_time_lost,weeks,10.0,False,False,Table 1.5
industry,13,2018-19,claim_count,claims,237.0,False,False,Table 1.1
industry,13,2018-19,frequency_rate,claims per million hours worked,4.813591406247543,False,False,Table 1.2
industry,13,2018-19,incidence_rate,"claims per 1,000 employees",8.178246413230813,False,False,Table 1.3
industry,13,2018-19,median_compensation,AUD,24782.0,False,False,Table 1.4
industry,13,2018-19,median_time_lost,weeks,13.0,False,False,Table 1.5
industry,13,2019-20,claim_count,claims,219.0,False,False,Table 1.1
industry,13,2019-20,frequency_rate,claims per million hours worked,5.352931807700669,False,False,Table 1.2
industry,13,2019-20,incidence_rate,"claims per 1,000 employees",8.369321367516802,False,False,Table 1.3
industry,13,2019-20,median_compensation,AUD,17684.5,False,False,Table 1.4
industry,13,2019-20,median_time_lost,weeks,8.0,False,False,Table 1.5
industry,13,2020-21,claim_count,claims,262.0,False,False,Table 1.1
industry,13,2020-21,frequency_rate,claims per million hours worked,5.578181121035485,False,False,Table 1.2
industry,13,2020-21,incidence_rate,"claims per 1,000 employees",9.148444668347503,False,False,Table 1.3
industry,13,2020-21,median_compensation,AUD,20546.0,False,False,Table 1.4
industry,13,2020-21,median_time_lost,weeks,11.634011918359054,False,False,Table 1.5
industry,13,2021-22,claim_count,claims,227.0,False,False,Table 1.1
industry,13,2021-22,frequency_rate,claims per million hours worked,5.345074661894586,False,False,Table 1.2
industry,13,2021-22,incidence_rate,"claims per 1,000 employees",8.331619665118374,False,False,Table 1.3
industry,13,2021-22,median_compensation,AUD,21569.0,False,False,Table 1.4
industry,13,2021-22,median_time_lost,weeks,10.35190635451505,False,False,Table 1.5
industry,13,2022-23,claim_count,claims,245.0,False,False,Table 1.1
industry,13,2022-23,frequency_rate,claims per million hours worked,6.3100279425844,False,False,Table 1.2
industry,13,2022-23,incidence_rate,"claims per 1,000 employees",10.560808170239696,False,False,Table 1.3
industry,13,2022-23,median_compensation,AUD,22433.5,False,False,Table 1.4
industry,13,2022-23,median_time_lost,weeks,9.426272228823983,False,False,Table 1.5
industry,13,2023-24,claim_count,claims,268.0,False,True,Table 1.1
industry,13,2023-24,frequency_rate,claims per million hours worked,5.737234703130469,False,True,Table 1.2
industry,13,2023-24,incidence_rate,"claims per 1,000 employees",9.594470595312778,False,True,Table 1.3
industry,13,2023-24,median_compensation,AUD,,True,True,Table 1.4
industry,13,2023-24,median_time_lost,weeks,,True,True,Table 1.5
industry,14,2014-15,claim_count,claims,1108.0,False,False,Table 1.1
industry,14,2014-15,frequency_rate,claims per million hours worked,15.374452962506268,False,False,Table 1.2
industry,14,2014-15,incidence_rate,"claims per 1,000 employees",29.121198851810696,False,False,Table 1.3
industry,14,2014-15,median_compensation,AUD,11597.0,False,False,Table 1.4
industry,14,2014-15,median_time_lost,weeks,5.201315789473684,False,False,Table 1.5
industry,14,2015-16,claim_count,claims,1193.0,False,False,Table 1.1
industry,14,2015-16,frequency_rate,claims per million hours worked,17.38776799788484,False,False,Table 1.2
industry,14,2015-16,incidence_rate,"claims per 1,000 employees",33.899036850438144,False,False,Table 1.3
industry,14,2015-16,median_compensation,AUD,11081.5,False,False,Table 1.4
industry,14,2015-16,median_time_lost,weeks,4.8,False,False,Table 1.5
industry,14,2016-17,claim_count,claims,1160.0,False,False,Table 1.1
industry,14,2016-17,frequency_rate,claims per million hours worked,16.888502418230306,False,False,Table 1.2
industry,14,2016-17,incidence_rate,"claims per 1,000 employees",32.70541608731198,False,False,Table 1.3
industry,14,2016-17,median_compensation,AUD,12440.0,False,False,Table 1.4
industry,14,2016-17,median_time_lost,weeks,5.0,False,False,Table 1.5
industry,14,2017-18,claim_count,claims,1175.0,False,False,Table 1.1
industry,14,2017-18,frequency_rate,claims per million hours worked,13.571081549737167,False,False,Table 1.2
industry,14,2017-18,incidence_rate,"claims per 1,000 employees",27.057400978725767,False,False,Table 1.3
industry,14,2017-18,median_compensation,AUD,11937.0,False,False,Table 1.4
industry,14,2017-18,median_time_lost,weeks,5.6,False,False,Table 1.5
industry,14,2018-19,claim_count,claims,1277.0,False,False,Table 1.1
industry,14,2018-19,frequency_rate,claims per million hours worked,17.040145953413937,False,False,Table 1.2
industry,14,2018-19,incidence_rate,"claims per 1,000 employees",31.34531040520337,False,False,Table 1.3
industry,14,2018-19,median_compensation,AUD,11882.0,False,False,Table 1.4
industry,14,2018-19,median_time_lost,weeks,5.2105263157894735,False,False,Table 1.5
industry,14,2019-20,claim_count,claims,1315.0,False,False,Table 1.1
industry,14,2019-20,frequency_rate,claims per million hours worked,18.275514557987492,False,False,Table 1.2
industry,14,2019-20,incidence_rate,"claims per 1,000 employees",32.71092128018874,False,False,Table 1.3
industry,14,2019-20,median_compensation,AUD,12293.0,False,False,Table 1.4
industry,14,2019-20,median_time_lost,weeks,5.6,False,False,Table 1.5
industry,14,2020-21,claim_count,claims,1374.0,False,False,Table 1.1
industry,14,2020-21,frequency_rate,claims per million hours worked,19.339144237210775,False,False,Table 1.2
industry,14,2020-21,incidence_rate,"claims per 1,000 employees",37.844215331938244,False,False,Table 1.3
industry,14,2020-21,median_compensation,AUD,13619.5,False,False,Table 1.4
industry,14,2020-21,median_time_lost,weeks,6.0,False,False,Table 1.5
industry,14,2021-22,claim_count,claims,1355.0,False,False,Table 1.1
industry,14,2021-22,frequency_rate,claims per million hours worked,21.720194338182925,False,False,Table 1.2
industry,14,2021-22,incidence_rate,"claims per 1,000 employees",38.99536288657136,False,False,Table 1.3
industry,14,2021-22,median_compensation,AUD,14108.5,False,False,Table 1.4
industry,14,2021-22,median_time_lost,weeks,6.34506251045825,False,False,Table 1.5
industry,14,2022-23,claim_count,claims,1284.0,False,False,Table 1.1
industry,14,2022-23,frequency_rate,claims per million hours worked,20.872754302131053,False,False,Table 1.2
industry,14,2022-23,incidence_rate,"claims per 1,000 employees",39.220846267677864,False,False,Table 1.3
industry,14,2022-23,median_compensation,AUD,15214.0,False,False,Table 1.4
industry,14,2022-23,median_time_lost,weeks,6.7425,False,False,Table 1.5
industry,14,2023-24,claim_count,claims,1361.0,False,True,Table 1.1
industry,14,2023-24,frequency_rate,claims per million hours worked,20.45056591226149,False,True,Table 1.2
industry,14,2023-24,incidence_rate,"claims per 1,000 employees",38.0592166522508,False,True,Table 1.3
industry,14,2023-24,median_compensation,AUD,,True,True,Table 1.4
industry,14,2023-24,median_time_lost,weeks,,True,True,Table 1.5
industry,15,2014-15,claim_count,claims,213.0,False,False,Table 1.1
industry,15,2014-15,frequency_rate,claims per million hours worked,9.480710799271778,False,False,Table 1.2
industry,15,2014-15,incidence_rate,"claims per 1,000 employees",17.142222501640056,False,False,Table 1.3
industry,15,2014-15,median_compensation,AUD,17143.0,False,False,Table 1.4
industry,15,2014-15,median_time_lost,weeks,6.74375,False,False,Table 1.5
industry,15,2015-16,claim_count,claims,191.0,False,False,Table 1.1
industry,15,2015-16,frequency_rate,claims per million hours worked,8.211177003940135,False,False,Table 1.2
industry,15,2015-16,incidence_rate,"claims per 1,000 employees",15.743143516334634,False,False,Table 1.3
industry,15,2015-16,median_compensation,AUD,24198.0,False,False,Table 1.4
industry,15,2015-16,median_time_lost,weeks,7.0,False,False,Table 1.5
industry,15,2016-17,claim_count,claims,188.0,False,False,Table 1.1
industry,15,2016-17,frequency_rate,claims per million hours worked,6.113633072747369,False,False,Table 1.2
industry,15,2016-17,incidence_rate,"claims per 1,000 employees",11.378427250776335,False,False,Table 1.3
industry,15,2016-17,median_compensation,AUD,19336.0,False,False,Table 1.4
industry,15,2016-17,median_time_lost,weeks,8.4,False,False,Table 1.5
industry,15,2017-18,claim_count,claims,190.0,False,False,Table 1.1
industry,15,2017-18,frequency_rate,claims per million hours worked,6.387731246705227,False,False,Table 1.2
industry,15,2017-18,incidence_rate,"claims per 1,000 employees",13.143794407718003,False,False,Table 1.3
industry,15,2017-18,median_compensation,AUD,25465.0,False,False,Table 1.4
industry,15,2017-18,median_time_lost,weeks,13.510526315789473,False,False,Table 1.5
industry,15,2018-19,claim_count,claims,207.0,False,False,Table 1.1
industry,15,2018-19,frequency_rate,claims per million hours worked,7.097387031573689,False,False,Table 1.2
industry,15,2018-19,incidence_rate,"claims per 1,000 employees",13.11520553225627,False,False,Table 1.3
industry,15,2018-19,median_compensation,AUD,17823.0,False,False,Table 1.4
industry,15,2018-19,median_time_lost,weeks,8.605263157894736,False,False,Table 1.5
industry,15,2019-20,claim_count,claims,225.0,False,False,Table 1.1
industry,15,2019-20,frequency_rate,claims per million hours worked,6.6296845197489604,False,False,Table 1.2
industry,15,2019-20,incidence_rate,"claims per 1,000 employees",12.463966282068453,False,False,Table 1.3
industry,15,2019-20,median_compensation,AUD,19250.0,False,False,Table 1.4
industry,15,2019-20,median_time_lost,weeks,6.8,False,False,Table 1.5
industry,15,2020-21,claim_count,claims,168.0,False,False,Table 1.1
industry,15,2020-21,frequency_rate,claims per million hours worked,4.630709773656544,False,False,Table 1.2
industry,15,2020-21,incidence_rate,"claims per 1,000 employees",9.21035475138081,False,False,Table 1.3
industry,15,2020-21,median_compensation,AUD,20364.5,False,False,Table 1.4
industry,15,2020-21,median_time_lost,weeks,12.433588721804512,False,False,Table 1.5
industry,15,2021-22,claim_count,claims,175.0,False,False,Table 1.1
industry,15,2021-22,frequency_rate,claims per million hours worked,5.072282860679019,False,False,Table 1.2
industry,15,2021-22,incidence_rate,"claims per 1,000 employees",9.977793496464592,False,False,Table 1.3
industry,15,2021-22,median_compensation,AUD,27342.0,False,False,Table 1.4
industry,15,2021-22,median_time_lost,weeks,12.807132646703074,False,False,Table 1.5
industry,15,2022-23,claim_count,claims,164.0,False,False,Table 1.1
industry,15,2022-23,frequency_rate,claims per million hours worked,6.0224319936034805,False,False,Table 1.2
industry,15,2022-23,incidence_rate,"claims per 1,000 employees",11.37271123751235,False,False,Table 1.3
industry,15,2022-23,median_compensation,AUD,30970.0,False,False,Table 1.4
industry,15,2022-23,median_time_lost,weeks,9.299453036066302,False,False,Table 1.5
industry,15,2023-24,claim_count,claims,166.0,False,True,Table 1.1
industry,15,2023-24,frequency_rate,claims per million hours worked,5.046704111295753,False,True,Table 1.2
industry,15,2023-24,incidence_rate,"claims per 1,000 employees",9.28987741945608,False,True,Table 1.3
industry,15,2023-24,median_compensation,AUD,,True,True,Table 1.4
industry,15,2023-24,median_time_lost,weeks,,True,True,Table 1.5
industry,16,2014-15,claim_count,claims,278.0,False,False,Table 1.1
industry,16,2014-15,frequency_rate,claims per million hours worked,3.818027688298605,False,False,Table 1.2
industry,16,2014-15,incidence_rate,"claims per 1,000 employees",6.908379905236215,False,False,Table 1.3
industry,16,2014-15,median_compensation,AUD,14331.0,False,False,Table 1.4
industry,16,2014-15,median_time_lost,weeks,5.595964912280702,False,False,Table 1.5
industry,16,2015-16,claim_count,claims,257.0,False,False,Table 1.1
industry,16,2015-16,frequency_rate,claims per million hours worked,4.390586864034318,False,False,Table 1.2
industry,16,2015-16,incidence_rate,"claims per 1,000 employees",7.792686805457411,False,False,Table 1.3
industry,16,2015-16,median_compensation,AUD,17351.0,False,False,Table 1.4
industry,16,2015-16,median_time_lost,weeks,7.0,False,False,Table 1.5
industry,16,2016-17,claim_count,claims,246.0,False,False,Table 1.1
industry,16,2016-17,frequency_rate,claims per million hours worked,3.5683720465907944,False,False,Table 1.2
industry,16,2016-17,incidence_rate,"claims per 1,000 employees",6.508495414306434,False,False,Table 1.3
industry,16,2016-17,median_compensation,AUD,14075.5,False,False,Table 1.4
industry,16,2016-17,median_time_lost,weeks,6.002770379894082,False,False,Table 1.5
industry,16,2017-18,claim_count,claims,246.0,False,False,Table 1.1
industry,16,2017-18,frequency_rate,claims per million hours worked,3.9920151429232074,False,False,Table 1.2
industry,16,2017-18,incidence_rate,"claims per 1,000 employees",7.321534943852574,False,False,Table 1.3
industry,16,2017-18,median_compensation,AUD,20854.5,False,False,Table 1.4
industry,16,2017-18,median_time_lost,weeks,7.882315789473684,False,False,Table 1.5
industry,16,2018-19,claim_count,claims,223.0,False,False,Table 1.1
industry,16,2018-19,frequency_rate,claims per million hours worked,3.9245623937995657,False,False,Table 1.2
industry,16,2018-19,incidence_rate,"claims per 1,000 employees",6.969170477230301,False,False,Table 1.3
industry,16,2018-19,median_compensation,AUD,16669.0,False,False,Table 1.4
industry,16,2018-19,median_time_lost,weeks,7.0,False,False,Table 1.5
industry,16,2019-20,claim_count,claims,225.0,False,False,Table 1.1
industry,16,2019-20,frequency_rate,claims per million hours worked,3.97096375255633,False,False,Table 1.2
industry,16,2019-20,incidence_rate,"claims per 1,000 employees",7.041504263924908,False,False,Table 1.3
industry,16,2019-20,median_compensation,AUD,26157.5,False,False,Table 1.4
industry,16,2019-20,median_time_lost,weeks,13.002666666666668,False,False,Table 1.5
industry,16,2020-21,claim_count,claims,188.0,False,False,Table 1.1
industry,16,2020-21,frequency_rate,claims per million hours worked,3.8071745309644087,False,False,Table 1.2
industry,16,2020-21,incidence_rate,"claims per 1,000 employees",6.640611318995203,False,False,Table 1.3
industry,16,2020-21,median_compensation,AUD,21587.0,False,False,Table 1.4
industry,16,2020-21,median_time_lost,weeks,10.297368421052632,False,False,Table 1.5
industry,16,2021-22,claim_count,claims,181.0,False,False,Table 1.1
industry,16,2021-22,frequency_rate,claims per million hours worked,4.248420811497863,False,False,Table 1.2
industry,16,2021-22,incidence_rate,"claims per 1,000 employees",7.167407931924854,False,False,Table 1.3
industry,16,2021-22,median_compensation,AUD,18832.0,False,False,Table 1.4
industry,16,2021-22,median_time_lost,weeks,7.498194070080862,False,False,Table 1.5
industry,16,2022-23,claim_count,claims,182.0,False,False,Table 1.1
industry,16,2022-23,frequency_rate,claims per million hours worked,3.6099555305806255,False,False,Table 1.2
industry,16,2022-23,incidence_rate,"claims per 1,000 employees",6.463184064562481,False,False,Table 1.3
industry,16,2022-23,median_compensation,AUD,25460.0,False,False,Table 1.4
industry,16,2022-23,median_time_lost,weeks,11.390350877192983,False,False,Table 1.5
industry,16,2023-24,claim_count,claims,173.0,False,True,Table 1.1
industry,16,2023-24,frequency_rate,claims per million hours worked,3.7493632610702825,False,True,Table 1.2
industry,16,2023-24,incidence_rate,"claims per 1,000 employees",6.542764262982321,False,True,Table 1.3
industry,16,2023-24,median_compensation,AUD,,True,True,Table 1.4
industry,16,2023-24,median_time_lost,weeks,,True,True,Table 1.5
industry,17,2014-15,claim_count,claims,36.0,False,False,Table 1.1
industry,17,2014-15,frequency_rate,claims per million hours worked,1.8341123423147865,False,False,Table 1.2
industry,17,2014-15,incidence_rate,"claims per 1,000 employees",3.698166022159635,False,False,Table 1.3
industry,17,2014-15,median_compensation,AUD,21301.5,False,False,Table 1.4
industry,17,2014-15,median_time_lost,weeks,5.2,False,False,Table 1.5
industry,17,2015-16,claim_count,claims,41.0,False,False,Table 1.1
industry,17,2015-16,frequency_rate,claims per million hours worked,2.9646056098682556,False,False,Table 1.2
industry,17,2015-16,incidence_rate,"claims per 1,000 employees",5.2598426292878715,False,False,Table 1.3
industry,17,2015-16,median_compensation,AUD,27812.0,False,False,Table 1.4
industry,17,2015-16,median_time_lost,weeks,13.0,False,False,Table 1.5
industry,17,2016-17,claim_count,claims,38.0,False,False,Table 1.1
industry,17,2016-17,frequency_rate,claims per million hours worked,3.0061346593949945,False,False,Table 1.2
industry,17,2016-17,incidence_rate,"claims per 1,000 employees",6.014383245172257,False,False,Table 1.3
industry,17,2016-17,median_compensation,AUD,16394.0,False,False,Table 1.4
industry,17,2016-17,median_time_lost,weeks,9.3,False,False,Table 1.5
industry,17,2017-18,claim_count,claims,40.0,False,False,Table 1.1
industry,17,2017-18,frequency_rate,claims per million hours worked,2.034187550521205,False,False,Table 1.2
industry,17,2017-18,incidence_rate,"claims per 1,000 employees",4.226413892861761,False,False,Table 1.3
industry,17,2017-18,median_compensation,AUD,28815.0,False,False,Table 1.4
industry,17,2017-18,median_time_lost,weeks,10.661904761904761,False,False,Table 1.5
industry,17,2018-19,claim_count,claims,44.0,False,False,Table 1.1
industry,17,2018-19,frequency_rate,claims per million hours worked,3.3355289174395826,False,False,Table 1.2
industry,17,2018-19,incidence_rate,"claims per 1,000 employees",6.26240332535754,False,False,Table 1.3
industry,17,2018-19,median_compensation,AUD,29198.0,False,False,Table 1.4
industry,17,2018-19,median_time_lost,weeks,10.0,False,False,Table 1.5
industry,17,2019-20,claim_count,claims,41.0,False,False,Table 1.1
industry,17,2019-20,frequency_rate,claims per million hours worked,2.8594476254195462,False,False,Table 1.2
industry,17,2019-20,incidence_rate,"claims per 1,000 employees",5.196712959918839,False,False,Table 1.3
industry,17,2019-20,median_compensation,AUD,33753.5,False,False,Table 1.4
industry,17,2019-20,median_time_lost,weeks,9.0,False,False,Table 1.5
industry,17,2020-21,claim_count,claims,40.0,False,False,Table 1.1
industry,17,2020-21,frequency_rate,claims per million hours worked,3.0406112055871413,False,False,Table 1.2
industry,17,2020-21,incidence_rate,"claims per 1,000 employees",5.765907185720427,False,False,Table 1.3
industry,17,2020-21,median_compensation,AUD,14433.0,False,False,Table 1.4
industry,17,2020-21,median_time_lost,weeks,9.881446899328209,False,False,Table 1.5
industry,17,2021-22,claim_count,claims,31.0,False,False,Table 1.1
industry,17,2021-22,frequency_rate,claims per million hours worked,3.80349492171249,False,False,Table 1.2
industry,17,2021-22,incidence_rate,"claims per 1,000 employees",6.563968348674131,False,False,Table 1.3
industry,17,2021-22,median_compensation,AUD,29223.0,False,False,Table 1.4
industry,17,2021-22,median_time_lost,weeks,8.38888888888889,False,False,Table 1.5
industry,17,2022-23,claim_count,claims,33.0,False,False,Table 1.1
industry,17,2022-23,frequency_rate,claims per million hours worked,2.6481617099197816,False,False,Table 1.2
industry,17,2022-23,incidence_rate,"claims per 1,000 employees",5.380223693476603,False,False,Table 1.3
industry,17,2022-23,median_compensation,AUD,23213.0,False,False,Table 1.4
industry,17,2022-23,median_time_lost,weeks,11.594313860602814,False,False,Table 1.5
industry,17,2023-24,claim_count,claims,46.0,False,True,Table 1.1
industry,17,2023-24,frequency_rate,claims per million hours worked,3.303956427191448,False,True,Table 1.2
industry,17,2023-24,incidence_rate,"claims per 1,000 employees",5.9814587386223295,False,True,Table 1.3
industry,17,2023-24,median_compensation,AUD,,True,True,Table 1.4
industry,17,2023-24,median_time_lost,weeks,,True,True,Table 1.5
industry,18,2014-15,claim_count,claims,435.0,False,False,Table 1.1
industry,18,2014-15,frequency_rate,claims per million hours worked,4.370473837871235,False,False,Table 1.2
industry,18,2014-15,incidence_rate,"claims per 1,000 employees",8.294408027717406,False,False,Table 1.3
industry,18,2014-15,median_compensation,AUD,14228.5,False,False,Table 1.4
industry,18,2014-15,median_time_lost,weeks,5.8,False,False,Table 1.5
industry,18,2015-16,claim_count,claims,405.0,False,False,Table 1.1
industry,18,2015-16,frequency_rate,claims per million hours worked,4.384051933476162,False,False,Table 1.2
industry,18,2015-16,incidence_rate,"claims per 1,000 employees",8.198525281072799,False,False,Table 1.3
industry,18,2015-16,median_compensation,AUD,14339.0,False,False,Table 1.4
industry,18,2015-16,median_time_lost,weeks,6.128947368421053,False,False,Table 1.5
industry,18,2016-17,claim_count,claims,443.0,False,False,Table 1.1
industry,18,2016-17,frequency_rate,claims per million hours worked,4.443553598394744,False,False,Table 1.2
industry,18,2016-17,incidence_rate,"claims per 1,000 employees",8.715050813555628,False,False,Table 1.3
industry,18,2016-17,median_compensation,AUD,19713.0,False,False,Table 1.4
industry,18,2016-17,median_time_lost,weeks,7.779411764705882,False,False,Table 1.5
industry,18,2017-18,claim_count,claims,416.0,False,False,Table 1.1
industry,18,2017-18,frequency_rate,claims per million hours worked,4.10037716727379,False,False,Table 1.2
industry,18,2017-18,incidence_rate,"claims per 1,000 employees",7.970492989063631,False,False,Table 1.3
industry,18,2017-18,median_compensation,AUD,20508.5,False,False,Table 1.4
industry,18,2017-18,median_time_lost,weeks,8.60533851674641,False,False,Table 1.5
industry,18,2018-19,claim_count,claims,482.0,False,False,Table 1.1
industry,18,2018-19,frequency_rate,claims per million hours worked,5.126455052911143,False,False,Table 1.2
industry,18,2018-19,incidence_rate,"claims per 1,000 employees",9.808164697893943,False,False,Table 1.3
industry,18,2018-19,median_compensation,AUD,16768.0,False,False,Table 1.4
industry,18,2018-19,median_time_lost,weeks,6.799965237543453,False,False,Table 1.5
industry,18,2019-20,claim_count,claims,543.0,False,False,Table 1.1
industry,18,2019-20,frequency_rate,claims per million hours worked,5.4492554995059885,False,False,Table 1.2
industry,18,2019-20,incidence_rate,"claims per 1,000 employees",10.232171816012588,False,False,Table 1.3
industry,18,2019-20,median_compensation,AUD,18139.5,False,False,Table 1.4
industry,18,2019-20,median_time_lost,weeks,6.8,False,False,Table 1.5
industry,18,2020-21,claim_count,claims,579.0,False,False,Table 1.1
industry,18,2020-21,frequency_rate,claims per million hours worked,5.236053227126738,False,False,Table 1.2
industry,18,2020-21,incidence_rate,"claims per 1,000 employees",9.615889803762393,False,False,Table 1.3
industry,18,2020-21,median_compensation,AUD,20762.0,False,False,Table 1.4
industry,18,2020-21,median_time_lost,weeks,8.805555555555555,False,False,Table 1.5
industry,18,2021-22,claim_count,claims,503.0,False,False,Table 1.1
industry,18,2021-22,frequency_rate,claims per million hours worked,5.612998986059763,False,False,Table 1.2
industry,18,2021-22,incidence_rate,"claims per 1,000 employees",10.615604692210281,False,False,Table 1.3
industry,18,2021-22,median_compensation,AUD,20505.0,False,False,Table 1.4
industry,18,2021-22,median_time_lost,weeks,7.599925843529848,False,False,Table 1.5
industry,18,2022-23,claim_count,claims,525.0,False,False,Table 1.1
industry,18,2022-23,frequency_rate,claims per million hours worked,5.4606712747063275,False,False,Table 1.2
industry,18,2022-23,incidence_rate,"claims per 1,000 employees",9.89218299868381,False,False,Table 1.3
industry,18,2022-23,median_compensation,AUD,21335.5,False,False,Table 1.4
industry,18,2022-23,median_time_lost,weeks,7.25,False,False,Table 1.5
industry,18,2023-24,claim_count,claims,511.0,False,True,Table 1.1
industry,18,2023-24,frequency_rate,claims per million hours worked,4.8321732675744045,False,True,Table 1.2
industry,18,2023-24,incidence_rate,"claims per 1,000 employees",9.20271584623327,False,True,Table 1.3
industry,18,2023-24,median_compensation,AUD,,True,True,Table 1.4
industry,18,2023-24,median_time_lost,weeks,,True,True,Table 1.5
industry,19,2014-15,claim_count,claims,481.0,False,False,Table 1.1
industry,19,2014-15,frequency_rate,claims per million hours worked,8.591643562997364,False,False,Table 1.2
industry,19,2014-15,incidence_rate,"claims per 1,000 employees",16.807564187936325,False,False,Table 1.3
industry,19,2014-15,median_compensation,AUD,15089.5,False,False,Table 1.4
industry,19,2014-15,median_time_lost,weeks,6.2,False,False,Table 1.5
industry,19,2015-16,claim_count,claims,481.0,False,False,Table 1.1
industry,19,2015-16,frequency_rate,claims per million hours worked,8.090333511294553,False,False,Table 1.2
industry,19,2015-16,incidence_rate,"claims per 1,000 employees",15.424253581934801,False,False,Table 1.3
industry,19,2015-16,median_compensation,AUD,16984.0,False,False,Table 1.4
industry,19,2015-16,median_time_lost,weeks,7.717964629227428,False,False,Table 1.5
industry,19,2016-17,claim_count,claims,448.0,False,False,Table 1.1
industry,19,2016-17,frequency_rate,claims per million hours worked,7.168673713766484,False,False,Table 1.2
industry,19,2016-17,incidence_rate,"claims per 1,000 employees",14.226797741255318,False,False,Table 1.3
industry,19,2016-17,median_compensation,AUD,16387.0,False,False,Table 1.4
industry,19,2016-17,median_time_lost,weeks,8.469417746877525,False,False,Table 1.5
industry,19,2017-18,claim_count,claims,510.0,False,False,Table 1.1
industry,19,2017-18,frequency_rate,claims per million hours worked,8.705656312385726,False,False,Table 1.2
industry,19,2017-18,incidence_rate,"claims per 1,000 employees",16.82556025329781,False,False,Table 1.3
industry,19,2017-18,median_compensation,AUD,17329.5,False,False,Table 1.4
industry,19,2017-18,median_time_lost,weeks,8.232038611224908,False,False,Table 1.5
industry,19,2018-19,claim_count,claims,517.0,False,False,Table 1.1
industry,19,2018-19,frequency_rate,claims per million hours worked,7.477440577892408,False,False,Table 1.2
industry,19,2018-19,incidence_rate,"claims per 1,000 employees",14.894438473653464,False,False,Table 1.3
industry,19,2018-19,median_compensation,AUD,17755.0,False,False,Table 1.4
industry,19,2018-19,median_time_lost,weeks,7.7875,False,False,Table 1.5
industry,19,2019-20,claim_count,claims,613.0,False,False,Table 1.1
industry,19,2019-20,frequency_rate,claims per million hours worked,9.729320990657607,False,False,Table 1.2
industry,19,2019-20,incidence_rate,"claims per 1,000 employees",18.4664708109719,False,False,Table 1.3
industry,19,2019-20,median_compensation,AUD,19213.0,False,False,Table 1.4
industry,19,2019-20,median_time_lost,weeks,8.0,False,False,Table 1.5
industry,19,2020-21,claim_count,claims,609.0,False,False,Table 1.1
industry,19,2020-21,frequency_rate,claims per million hours worked,10.583517350704845,False,False,Table 1.2
industry,19,2020-21,incidence_rate,"claims per 1,000 employees",20.581345560610973,False,False,Table 1.3
industry,19,2020-21,median_compensation,AUD,16860.0,False,False,Table 1.4
industry,19,2020-21,median_time_lost,weeks,8.210526315789474,False,False,Table 1.5
industry,19,2021-22,claim_count,claims,545.0,False,False,Table 1.1
industry,19,2021-22,frequency_rate,claims per million hours worked,10.17615789202221,False,False,Table 1.2
industry,19,2021-22,incidence_rate,"claims per 1,000 employees",19.330763183636808,False,False,Table 1.3
industry,19,2021-22,median_compensation,AUD,18768.0,False,False,Table 1.4
industry,19,2021-22,median_time_lost,weeks,9.559903412888342,False,False,Table 1.5
industry,19,2022-23,claim_count,claims,517.0,False,False,Table 1.1
industry,19,2022-23,frequency_rate,claims per million hours worked,9.951808166332258,False,False,Table 1.2
industry,19,2022-23,incidence_rate,"claims per 1,000 employees",17.661779758146498,False,False,Table 1.3
industry,19,2022-23,median_compensation,AUD,20095.0,False,False,Table 1.4
industry,19,2022-23,median_time_lost,weeks,8.863680438947094,False,False,Table 1.5
industry,19,2023-24,claim_count,claims,552.0,False,True,Table 1.1
industry,19,2023-24,frequency_rate,claims per million hours worked,11.89756294829293,False,True,Table 1.2
industry,19,2023-24,incidence_rate,"claims per 1,000 employees",22.8870130870209,False,True,Table 1.3
industry,19,2023-24,median_compensation,AUD,,True,True,Table 1.4
industry,19,2023-24,median_time_lost,weeks,,True,True,Table 1.5
industry,20,2014-15,claim_count,claims,851.0,False,False,Table 1.1
industry,20,2014-15,frequency_rate,claims per million hours worked,14.791945459758308,False,False,Table 1.2
industry,20,2014-15,incidence_rate,"claims per 1,000 employees",30.3952380733157,False,False,Table 1.3
industry,20,2014-15,median_compensation,AUD,15152.0,False,False,Table 1.4
industry,20,2014-15,median_time_lost,weeks,6.467499999999999,False,False,Table 1.5
industry,20,2015-16,claim_count,claims,841.0,False,False,Table 1.1
industry,20,2015-16,frequency_rate,claims per million hours worked,13.237974723880708,False,False,Table 1.2
industry,20,2015-16,incidence_rate,"claims per 1,000 employees",26.286086328511793,False,False,Table 1.3
industry,20,2015-16,median_compensation,AUD,17361.0,False,False,Table 1.4
industry,20,2015-16,median_time_lost,weeks,6.7631578947368425,False,False,Table 1.5
industry,20,2016-17,claim_count,claims,936.0,False,False,Table 1.1
industry,20,2016-17,frequency_rate,claims per million hours worked,14.95789215760428,False,False,Table 1.2
industry,20,2016-17,incidence_rate,"claims per 1,000 employees",30.76186579855889,False,False,Table 1.3
industry,20,2016-17,median_compensation,AUD,18982.0,False,False,Table 1.4
industry,20,2016-17,median_time_lost,weeks,8.0,False,False,Table 1.5
industry,20,2017-18,claim_count,claims,851.0,False,False,Table 1.1
industry,20,2017-18,frequency_rate,claims per million hours worked,12.540162091826966,False,False,Table 1.2
industry,20,2017-18,incidence_rate,"claims per 1,000 employees",26.25555183070838,False,False,Table 1.3
industry,20,2017-18,median_compensation,AUD,18086.0,False,False,Table 1.4
industry,20,2017-18,median_time_lost,weeks,7.8,False,False,Table 1.5
industry,20,2018-19,claim_count,claims,994.0,False,False,Table 1.1
industry,20,2018-19,frequency_rate,claims per million hours worked,13.699652623594565,False,False,Table 1.2
industry,20,2018-19,incidence_rate,"claims per 1,000 employees",26.629315895625897,False,False,Table 1.3
industry,20,2018-19,median_compensation,AUD,24826.0,False,False,Table 1.4
industry,20,2018-19,median_time_lost,weeks,10.602631578947367,False,False,Table 1.5
industry,20,2019-20,claim_count,claims,999.0,False,False,Table 1.1
industry,20,2019-20,frequency_rate,claims per million hours worked,15.913051475742133,False,False,Table 1.2
industry,20,2019-20,incidence_rate,"claims per 1,000 employees",30.631918646683392,False,False,Table 1.3
industry,20,2019-20,median_compensation,AUD,24609.5,False,False,Table 1.4
industry,20,2019-20,median_time_lost,weeks,10.0,False,False,Table 1.5
industry,20,2020-21,claim_count,claims,942.0,False,False,Table 1.1
industry,20,2020-21,frequency_rate,claims per million hours worked,16.886668464021458,False,False,Table 1.2
industry,20,2020-21,incidence_rate,"claims per 1,000 employees",32.01142235425234,False,False,Table 1.3
industry,20,2020-21,median_compensation,AUD,23347.5,False,False,Table 1.4
industry,20,2020-21,median_time_lost,weeks,9.875,False,False,Table 1.5
industry,20,2021-22,claim_count,claims,1044.0,False,False,Table 1.1
industry,20,2021-22,frequency_rate,claims per million hours worked,17.825318708132894,False,False,Table 1.2
industry,20,2021-22,incidence_rate,"claims per 1,000 employees",35.12025449701367,False,False,Table 1.3
industry,20,2021-22,median_compensation,AUD,20143.0,False,False,Table 1.4
industry,20,2021-22,median_time_lost,weeks,8.602631578947367,False,False,Table 1.5
industry,20,2022-23,claim_count,claims,949.0,False,False,Table 1.1
industry,20,2022-23,frequency_rate,claims per million hours worked,18.071703439309207,False,False,Table 1.2
industry,20,2022-23,incidence_rate,"claims per 1,000 employees",35.03082041472931,False,False,Table 1.3
industry,20,2022-23,median_compensation,AUD,23925.0,False,False,Table 1.4
industry,20,2022-23,median_time_lost,weeks,9.0,False,False,Table 1.5
industry,20,2023-24,claim_count,claims,970.0,False,True,Table 1.1
industry,20,2023-24,frequency_rate,claims per million hours worked,17.031687910408067,False,True,Table 1.2
industry,20,2023-24,incidence_rate,"claims per 1,000 employees",33.20510090018146,False,True,Table 1.3
industry,20,2023-24,median_compensation,AUD,,True,True,Table 1.4
industry,20,2023-24,median_time_lost,weeks,,True,True,Table 1.5
industry,21,2014-15,claim_count,claims,472.0,False,False,Table 1.1
industry,21,2014-15,frequency_rate,claims per million hours worked,3.5609749125373082,False,False,Table 1.2
industry,21,2014-15,incidence_rate,"claims per 1,000 employees",7.10095782112425,False,False,Table 1.3
industry,21,2014-15,median_compensation,AUD,17434.0,False,False,Table 1.4
industry,21,2014-15,median_time_lost,weeks,6.0,False,False,Table 1.5
industry,21,2015-16,claim_count,claims,371.0,False,False,Table 1.1
industry,21,2015-16,frequency_rate,claims per million hours worked,3.1376386159488874,False,False,Table 1.2
industry,21,2015-16,incidence_rate,"claims per 1,000 employees",6.087829603102789,False,False,Table 1.3
industry,21,2015-16,median_compensation,AUD,16547.5,False,False,Table 1.4
industry,21,2015-16,median_time_lost,weeks,5.2,False,False,Table 1.5
industry,21,2016-17,claim_count,claims,432.0,False,False,Table 1.1
industry,21,2016-17,frequency_rate,claims per million hours worked,3.4227749461040213,False,False,Table 1.2
industry,21,2016-17,incidence_rate,"claims per 1,000 employees",6.868545159915943,False,False,Table 1.3
industry,21,2016-17,median_compensation,AUD,17915.5,False,False,Table 1.4
industry,21,2016-17,median_time_lost,weeks,5.157894736842105,False,False,Table 1.5
industry,21,2017-18,claim_count,claims,466.0,False,False,Table 1.1
industry,21,2017-18,frequency_rate,claims per million hours worked,4.50633273341078,False,False,Table 1.2
industry,21,2017-18,incidence_rate,"claims per 1,000 employees",8.95657853355406,False,False,Table 1.3
industry,21,2017-18,median_compensation,AUD,20472.0,False,False,Table 1.4
industry,21,2017-18,median_time_lost,weeks,6.425,False,False,Table 1.5
industry,21,2018-19,claim_count,claims,443.0,False,False,Table 1.1
industry,21,2018-19,frequency_rate,claims per million hours worked,3.4921104750244036,False,False,Table 1.2
industry,21,2018-19,incidence_rate,"claims per 1,000 employees",6.858097957329502,False,False,Table 1.3
industry,21,2018-19,median_compensation,AUD,20998.0,False,False,Table 1.4
industry,21,2018-19,median_time_lost,weeks,6.2,False,False,Table 1.5
industry,21,2019-20,claim_count,claims,518.0,False,False,Table 1.1
industry,21,2019-20,frequency_rate,claims per million hours worked,3.749866060530193,False,False,Table 1.2
industry,21,2019-20,incidence_rate,"claims per 1,000 employees",7.339798042224065,False,False,Table 1.3
industry,21,2019-20,median_compensation,AUD,23170.0,False,False,Table 1.4
industry,21,2019-20,median_time_lost,weeks,6.799916765755054,False,False,Table 1.5
industry,21,2020-21,claim_count,claims,521.0,False,False,Table 1.1
industry,21,2020-21,frequency_rate,claims per million hours worked,4.022275741005677,False,False,Table 1.2
industry,21,2020-21,incidence_rate,"claims per 1,000 employees",7.81092749311171,False,False,Table 1.3
industry,21,2020-21,median_compensation,AUD,20607.5,False,False,Table 1.4
industry,21,2020-21,median_time_lost,weeks,6.808090909090909,False,False,Table 1.5
industry,21,2021-22,claim_count,claims,537.0,False,False,Table 1.1
industry,21,2021-22,frequency_rate,claims per million hours worked,4.580499391174912,False,False,Table 1.2
industry,21,2021-22,incidence_rate,"claims per 1,000 employees",8.982090960647616,False,False,Table 1.3
industry,21,2021-22,median_compensation,AUD,23318.0,False,False,Table 1.4
industry,21,2021-22,median_time_lost,weeks,7.75,False,False,Table 1.5
industry,21,2022-23,claim_count,claims,498.0,False,False,Table 1.1
industry,21,2022-23,frequency_rate,claims per million hours worked,4.204033256055874,False,False,Table 1.2
industry,21,2022-23,incidence_rate,"claims per 1,000 employees",8.46265913053315,False,False,Table 1.3
industry,21,2022-23,median_compensation,AUD,22673.0,False,False,Table 1.4
industry,21,2022-23,median_time_lost,weeks,7.078947368421053,False,False,Table 1.5
industry,21,2023-24,claim_count,claims,506.0,False,True,Table 1.1
industry,21,2023-24,frequency_rate,claims per million hours worked,3.7521073518961185,False,True,Table 1.2
industry,21,2023-24,incidence_rate,"claims per 1,000 employees",7.22014595220279,False,True,Table 1.3
industry,21,2023-24,median_compensation,AUD,,True,True,Table 1.4
industry,21,2023-24,median_time_lost,weeks,,True,True,Table 1.5
industry,22,2014-15,claim_count,claims,2204.0,False,False,Table 1.1
industry,22,2014-15,frequency_rate,claims per million hours worked,22.428310467538143,False,False,Table 1.2
industry,22,2014-15,incidence_rate,"claims per 1,000 employees",43.541485964919694,False,False,Table 1.3
industry,22,2014-15,median_compensation,AUD,11332.0,False,False,Table 1.4
industry,22,2014-15,median_time_lost,weeks,5.0,False,False,Table 1.5
industry,22,2015-16,claim_count,claims,2090.0,False,False,Table 1.1
industry,22,2015-16,frequency_rate,claims per million hours worked,20.72142528560746,False,False,Table 1.2
industry,22,2015-16,incidence_rate,"claims per 1,000 employees",40.46918878168208,False,False,Table 1.3
industry,22,2015-16,median_compensation,AUD,12905.0,False,False,Table 1.4
industry,22,2015-16,median_time_lost,weeks,5.3999999999999995,False,False,Table 1.5
industry,22,2016-17,claim_count,claims,2216.0,False,False,Table 1.1
industry,22,2016-17,frequency_rate,claims per million hours worked,18.887353893914476,False,False,Table 1.2
industry,22,2016-17,incidence_rate,"claims per 1,000 employees",36.649259977025416,False,False,Table 1.3
industry,22,2016-17,median_compensation,AUD,13668.0,False,False,Table 1.4
industry,22,2016-17,median_time_lost,weeks,5.972452483601907,False,False,Table 1.5
industry,22,2017-18,claim_count,claims,2433.0,False,False,Table 1.1
industry,22,2017-18,frequency_rate,claims per million hours worked,18.151468265800187,False,False,Table 1.2
industry,22,2017-18,incidence_rate,"claims per 1,000 employees",35.992463618062914,False,False,Table 1.3
industry,22,2017-18,median_compensation,AUD,14289.0,False,False,Table 1.4
industry,22,2017-18,median_time_lost,weeks,6.074654304212293,False,False,Table 1.5
industry,22,2018-19,claim_count,claims,2380.0,False,False,Table 1.1
industry,22,2018-19,frequency_rate,claims per million hours worked,17.922996060435093,False,False,Table 1.2
industry,22,2018-19,incidence_rate,"claims per 1,000 employees",35.43418059807574,False,False,Table 1.3
industry,22,2018-19,median_compensation,AUD,14266.0,False,False,Table 1.4
industry,22,2018-19,median_time_lost,weeks,6.0,False,False,Table 1.5
industry,22,2019-20,claim_count,claims,2567.0,False,False,Table 1.1
industry,22,2019-20,frequency_rate,claims per million hours worked,20.619858490276574,False,False,Table 1.2
industry,22,2019-20,incidence_rate,"claims per 1,000 employees",40.24365458415259,False,False,Table 1.3
industry,22,2019-20,median_compensation,AUD,15140.0,False,False,Table 1.4
industry,22,2019-20,median_time_lost,weeks,6.0,False,False,Table 1.5
industry,22,2020-21,claim_count,claims,2579.0,False,False,Table 1.1
industry,22,2020-21,frequency_rate,claims per million hours worked,21.109196034460524,False,False,Table 1.2
industry,22,2020-21,incidence_rate,"claims per 1,000 employees",40.15245902223944,False,False,Table 1.3
industry,22,2020-21,median_compensation,AUD,14537.0,False,False,Table 1.4
industry,22,2020-21,median_time_lost,weeks,6.084210526315789,False,False,Table 1.5
industry,22,2021-22,claim_count,claims,2602.0,False,False,Table 1.1
industry,22,2021-22,frequency_rate,claims per million hours worked,19.692325019491374,False,False,Table 1.2
industry,22,2021-22,incidence_rate,"claims per 1,000 employees",37.44639177070549,False,False,Table 1.3
industry,22,2021-22,median_compensation,AUD,15462.0,False,False,Table 1.4
industry,22,2021-22,median_time_lost,weeks,6.6,False,False,Table 1.5
industry,22,2022-23,claim_count,claims,2552.0,False,False,Table 1.1
industry,22,2022-23,frequency_rate,claims per million hours worked,19.28817050323383,False,False,Table 1.2
industry,22,2022-23,incidence_rate,"claims per 1,000 employees",37.1023777179912,False,False,Table 1.3
industry,22,2022-23,median_compensation,AUD,16459.0,False,False,Table 1.4
industry,22,2022-23,median_time_lost,weeks,6.509481214059587,False,False,Table 1.5
industry,22,2023-24,claim_count,claims,2553.0,False,True,Table 1.1
industry,22,2023-24,frequency_rate,claims per million hours worked,20.41750570284381,False,True,Table 1.2
industry,22,2023-24,incidence_rate,"claims per 1,000 employees",38.24143631105917,False,True,Table 1.3
industry,22,2023-24,median_compensation,AUD,,True,True,Table 1.4
industry,22,2023-24,median_time_lost,weeks,,True,True,Table 1.5
industry,23,2014-15,claim_count,claims,1121.0,False,False,Table 1.1
industry,23,2014-15,frequency_rate,claims per million hours worked,7.850176884439637,False,False,Table 1.2
industry,23,2014-15,incidence_rate,"claims per 1,000 employees",15.377492749946152,False,False,Table 1.3
industry,23,2014-15,median_compensation,AUD,13387.0,False,False,Table 1.4
industry,23,2014-15,median_time_lost,weeks,6.642075,False,False,Table 1.5
industry,23,2015-16,claim_count,claims,1097.0,False,False,Table 1.1
industry,23,2015-16,frequency_rate,claims per million hours worked,8.112446970618276,False,False,Table 1.2
industry,23,2015-16,incidence_rate,"claims per 1,000 employees",15.689451356682074,False,False,Table 1.3
industry,23,2015-16,median_compensation,AUD,14675.0,False,False,Table 1.4
industry,23,2015-16,median_time_lost,weeks,6.6000000000000005,False,False,Table 1.5
industry,23,2016-17,claim_count,claims,1037.0,False,False,Table 1.1
industry,23,2016-17,frequency_rate,claims per million hours worked,7.822903319287102,False,False,Table 1.2
industry,23,2016-17,incidence_rate,"claims per 1,000 employees",15.17217039564632,False,False,Table 1.3
industry,23,2016-17,median_compensation,AUD,17679.0,False,False,Table 1.4
industry,23,2016-17,median_time_lost,weeks,7.6,False,False,Table 1.5
industry,23,2017-18,claim_count,claims,962.0,False,False,Table 1.1
industry,23,2017-18,frequency_rate,claims per million hours worked,7.268342363157924,False,False,Table 1.2
industry,23,2017-18,incidence_rate,"claims per 1,000 employees",14.445559359847957,False,False,Table 1.3
industry,23,2017-18,median_compensation,AUD,13407.0,False,False,Table 1.4
industry,23,2017-18,median_time_lost,weeks,6.2179868421052635,False,False,Table 1.5
industry,23,2018-19,claim_count,claims,994.0,False,False,Table 1.1
industry,23,2018-19,frequency_rate,claims per million hours worked,8.522048384880407,False,False,Table 1.2
industry,23,2018-19,incidence_rate,"claims per 1,000 employees",16.605396154333146,False,False,Table 1.3
industry,23,2018-19,median_compensation,AUD,14943.0,False,False,Table 1.4
industry,23,2018-19,median_time_lost,weeks,6.0,False,False,Table 1.5
industry,23,2019-20,claim_count,claims,993.0,False,False,Table 1.1
industry,23,2019-20,frequency_rate,claims per million hours worked,8.105358511573593,False,False,Table 1.2
industry,23,2019-20,incidence_rate,"claims per 1,000 employees",15.253745398582376,False,False,Table 1.3
industry,23,2019-20,median_compensation,AUD,17200.0,False,False,Table 1.4
industry,23,2019-20,median_time_lost,weeks,6.995446899831797,False,False,Table 1.5
industry,23,2020-21,claim_count,claims,1049.0,False,False,Table 1.1
industry,23,2020-21,frequency_rate,claims per million hours worked,9.614948903734875,False,False,Table 1.2
industry,23,2020-21,incidence_rate,"claims per 1,000 employees",18.113726820400718,False,False,Table 1.3
industry,23,2020-21,median_compensation,AUD,14134.0,False,False,Table 1.4
industry,23,2020-21,median_time_lost,weeks,6.0,False,False,Table 1.5
industry,23,2021-22,claim_count,claims,1085.0,False,False,Table 1.1
industry,23,2021-22,frequency_rate,claims per million hours worked,8.28190736019179,False,False,Table 1.2
industry,23,2021-22,incidence_rate,"claims per 1,000 employees",15.356418136765425,False,False,Table 1.3
industry,23,2021-22,median_compensation,AUD,16254.0,False,False,Table 1.4
industry,23,2021-22,median_time_lost,weeks,7.157894736842105,False,False,Table 1.5
industry,23,2022-23,claim_count,claims,1205.0,False,False,Table 1.1
industry,23,2022-23,frequency_rate,claims per million hours worked,8.687442679446143,False,False,Table 1.2
industry,23,2022-23,incidence_rate,"claims per 1,000 employees",16.483698701861396,False,False,Table 1.3
industry,23,2022-23,median_compensation,AUD,18475.5,False,False,Table 1.4
industry,23,2022-23,median_time_lost,weeks,6.95,False,False,Table 1.5
industry,23,2023-24,claim_count,claims,1166.0,False,True,Table 1.1
industry,23,2023-24,frequency_rate,claims per million hours worked,8.825230056069527,False,True,Table 1.2
industry,23,2023-24,incidence_rate,"claims per 1,000 employees",16.883748190570426,False,True,Table 1.3
industry,23,2023-24,median_compensation,AUD,,True,True,Table 1.4
industry,23,2023-24,median_time_lost,weeks,,True,True,Table 1.5
industry,24,2014-15,claim_count,claims,1528.0,False,False,Table 1.1
industry,24,2014-15,frequency_rate,claims per million hours worked,7.063771166645307,False,False,Table 1.2
industry,24,2014-15,incidence_rate,"claims per 1,000 employees",13.790551134363517,False,False,Table 1.3
industry,24,2014-15,median_compensation,AUD,14570.0,False,False,Table 1.4
industry,24,2014-15,median_time_lost,weeks,5.000530386944757,False,False,Table 1.5
industry,24,2015-16,claim_count,claims,1310.0,False,False,Table 1.1
industry,24,2015-16,frequency_rate,claims per million hours worked,6.092827484198609,False,False,Table 1.2
industry,24,2015-16,incidence_rate,"claims per 1,000 employees",12.04808333829762,False,False,Table 1.3
industry,24,2015-16,median_compensation,AUD,14899.5,False,False,Table 1.4
industry,24,2015-16,median_time_lost,weeks,5.455494731079787,False,False,Table 1.5
industry,24,2016-17,claim_count,claims,1340.0,False,False,Table 1.1
industry,24,2016-17,frequency_rate,claims per million hours worked,6.3731574256404,False,False,Table 1.2
industry,24,2016-17,incidence_rate,"claims per 1,000 employees",12.467453551180332,False,False,Table 1.3
industry,24,2016-17,median_compensation,AUD,14380.0,False,False,Table 1.4
industry,24,2016-17,median_time_lost,weeks,5.0,False,False,Table 1.5
industry,24,2017-18,claim_count,claims,1459.0,False,False,Table 1.1
industry,24,2017-18,frequency_rate,claims per million hours worked,6.539133848893992,False,False,Table 1.2
industry,24,2017-18,incidence_rate,"claims per 1,000 employees",12.650993427775612,False,False,Table 1.3
industry,24,2017-18,median_compensation,AUD,16595.0,False,False,Table 1.4
industry,24,2017-18,median_time_lost,weeks,6.2,False,False,Table 1.5
industry,24,2018-19,claim_count,claims,1579.0,False,False,Table 1.1
industry,24,2018-19,frequency_rate,claims per million hours worked,6.995150476879116,False,False,Table 1.2
industry,24,2018-19,incidence_rate,"claims per 1,000 employees",13.729524189169481,False,False,Table 1.3
industry,24,2018-19,median_compensation,AUD,15676.0,False,False,Table 1.4
industry,24,2018-19,median_time_lost,weeks,5.9999427213105365,False,False,Table 1.5
industry,24,2019-20,claim_count,claims,1661.0,False,False,Table 1.1
industry,24,2019-20,frequency_rate,claims per million hours worked,8.170150268826218,False,False,Table 1.2
industry,24,2019-20,incidence_rate,"claims per 1,000 employees",15.509688914846649,False,False,Table 1.3
industry,24,2019-20,median_compensation,AUD,15353.5,False,False,Table 1.4
industry,24,2019-20,median_time_lost,weeks,6.0,False,False,Table 1.5
industry,24,2020-21,claim_count,claims,1722.0,False,False,Table 1.1
industry,24,2020-21,frequency_rate,claims per million hours worked,8.005603721197273,False,False,Table 1.2
industry,24,2020-21,incidence_rate,"claims per 1,000 employees",15.350142042271472,False,False,Table 1.3
industry,24,2020-21,median_compensation,AUD,16951.0,False,False,Table 1.4
industry,24,2020-21,median_time_lost,weeks,6.213815789473684,False,False,Table 1.5
industry,24,2021-22,claim_count,claims,1689.0,False,False,Table 1.1
industry,24,2021-22,frequency_rate,claims per million hours worked,8.247984534052366,False,False,Table 1.2
industry,24,2021-22,incidence_rate,"claims per 1,000 employees",15.5224636239264,False,False,Table 1.3
industry,24,2021-22,median_compensation,AUD,17355.5,False,False,Table 1.4
industry,24,2021-22,median_time_lost,weeks,6.2105263157894735,False,False,Table 1.5
industry,24,2022-23,claim_count,claims,1700.0,False,False,Table 1.1
industry,24,2022-23,frequency_rate,claims per million hours worked,7.703822318526328,False,False,Table 1.2
industry,24,2022-23,incidence_rate,"claims per 1,000 employees",15.081340581788814,False,False,Table 1.3
industry,24,2022-23,median_compensation,AUD,17672.0,False,False,Table 1.4
industry,24,2022-23,median_time_lost,weeks,6.404475866362294,False,False,Table 1.5
industry,24,2023-24,claim_count,claims,1837.0,False,True,Table 1.1
industry,24,2023-24,frequency_rate,claims per million hours worked,7.930998959214146,False,True,Table 1.2
industry,24,2023-24,incidence_rate,"claims per 1,000 employees",15.179469305695983,False,True,Table 1.3
industry,24,2023-24,median_compensation,AUD,,True,True,Table 1.4
industry,24,2023-24,median_time_lost,weeks,,True,True,Table 1.5
industry,25,2014-15,claim_count,claims,622.0,False,False,Table 1.1
industry,25,2014-15,frequency_rate,claims per million hours worked,6.700236608525771,False,False,Table 1.2
industry,25,2014-15,incidence_rate,"claims per 1,000 employees",12.778573992137654,False,False,Table 1.3
industry,25,2014-15,median_compensation,AUD,11032.5,False,False,Table 1.4
industry,25,2014-15,median_time_lost,weeks,5.6000000000000005,False,False,Table 1.5
industry,25,2015-16,claim_count,claims,616.0,False,False,Table 1.1
industry,25,2015-16,frequency_rate,claims per million hours worked,6.885176030138057,False,False,Table 1.2
industry,25,2015-16,incidence_rate,"claims per 1,000 employees",13.26373952759049,False,False,Table 1.3
industry,25,2015-16,median_compensation,AUD,13770.0,False,False,Table 1.4
industry,25,2015-16,median_time_lost,weeks,6.403590662780127,False,False,Table 1.5
industry,25,2016-17,claim_count,claims,574.0,False,False,Table 1.1
industry,25,2016-17,frequency_rate,claims per million hours worked,5.204200191308534,False,False,Table 1.2
industry,25,2016-17,incidence_rate,"claims per 1,000 employees",10.062517770034875,False,False,Table 1.3
industry,25,2016-17,median_compensation,AUD,14691.5,False,False,Table 1.4
industry,25,2016-17,median_time_lost,weeks,6.0,False,False,Table 1.5
industry,25,2017-18,claim_count,claims,549.0,False,False,Table 1.1
industry,25,2017-18,frequency_rate,claims per million hours worked,4.60628827376154,False,False,Table 1.2
industry,25,2017-18,incidence_rate,"claims per 1,000 employees",8.80102819302553,False,False,Table 1.3
industry,25,2017-18,median_compensation,AUD,15909.0,False,False,Table 1.4
industry,25,2017-18,median_time_lost,weeks,7.4,False,False,Table 1.5
industry,25,2018-19,claim_count,claims,576.0,False,False,Table 1.1
industry,25,2018-19,frequency_rate,claims per million hours worked,4.708954612856963,False,False,Table 1.2
industry,25,2018-19,incidence_rate,"claims per 1,000 employees",8.70381193834074,False,False,Table 1.3
industry,25,2018-19,median_compensation,AUD,13712.0,False,False,Table 1.4
industry,25,2018-19,median_time_lost,weeks,6.5988764933934645,False,False,Table 1.5
industry,25,2019-20,claim_count,claims,546.0,False,False,Table 1.1
industry,25,2019-20,frequency_rate,claims per million hours worked,4.905072648722353,False,False,Table 1.2
industry,25,2019-20,incidence_rate,"claims per 1,000 employees",9.270536360878774,False,False,Table 1.3
industry,25,2019-20,median_compensation,AUD,15745.0,False,False,Table 1.4
industry,25,2019-20,median_time_lost,weeks,6.940322580645161,False,False,Table 1.5
industry,25,2020-21,claim_count,claims,630.0,False,False,Table 1.1
industry,25,2020-21,frequency_rate,claims per million hours worked,5.352213309262799,False,False,Table 1.2
industry,25,2020-21,incidence_rate,"claims per 1,000 employees",10.009309788682824,False,False,Table 1.3
industry,25,2020-21,median_compensation,AUD,16858.0,False,False,Table 1.4
industry,25,2020-21,median_time_lost,weeks,8.000036645249555,False,False,Table 1.5
industry,25,2021-22,claim_count,claims,642.0,False,False,Table 1.1
industry,25,2021-22,frequency_rate,claims per million hours worked,6.199938527585145,False,False,Table 1.2
industry,25,2021-22,incidence_rate,"claims per 1,000 employees",11.280609760292942,False,False,Table 1.3
industry,25,2021-22,median_compensation,AUD,13338.0,False,False,Table 1.4
industry,25,2021-22,median_time_lost,weeks,6.0,False,False,Table 1.5
industry,25,2022-23,claim_count,claims,603.0,False,False,Table 1.1
industry,25,2022-23,frequency_rate,claims per million hours worked,4.330055837600347,False,False,Table 1.2
industry,25,2022-23,incidence_rate,"claims per 1,000 employees",7.919411080108532,False,False,Table 1.3
industry,25,2022-23,median_compensation,AUD,16924.0,False,False,Table 1.4
industry,25,2022-23,median_time_lost,weeks,7.020605263157895,False,False,Table 1.5
industry,25,2023-24,claim_count,claims,541.0,False,True,Table 1.1
industry,25,2023-24,frequency_rate,claims per million hours worked,3.6316144705448066,False,True,Table 1.2
industry,25,2023-24,incidence_rate,"claims per 1,000 employees",6.347608090440334,False,True,Table 1.3
industry,25,2023-24,median_compensation,AUD,,True,True,Table 1.4
industry,25,2023-24,median_time_lost,weeks,,True,True,Table 1.5
industry,26,2014-15,claim_count,claims,269.0,False,False,Table 1.1
industry,26,2014-15,frequency_rate,claims per million hours worked,2.213245321129149,False,False,Table 1.2
industry,26,2014-15,incidence_rate,"claims per 1,000 employees",4.261964036707409,False,False,Table 1.3
industry,26,2014-15,median_compensation,AUD,12779.0,False,False,Table 1.4
industry,26,2014-15,median_time_lost,weeks,5.2105263157894735,False,False,Table 1.5
industry,26,2015-16,claim_count,claims,250.0,False,False,Table 1.1
industry,26,2015-16,frequency_rate,claims per million hours worked,2.2247195354805234,False,False,Table 1.2
industry,26,2015-16,incidence_rate,"claims per 1,000 employees",4.226772891917861,False,False,Table 1.3
industry,26,2015-16,median_compensation,AUD,15644.0,False,False,Table 1.4
industry,26,2015-16,median_time_lost,weeks,5.922741525004473,False,False,Table 1.5
industry,26,2016-17,claim_count,claims,267.0,False,False,Table 1.1
industry,26,2016-17,frequency_rate,claims per million hours worked,2.419096474283396,False,False,Table 1.2
industry,26,2016-17,incidence_rate,"claims per 1,000 employees",4.6924544327726005,False,False,Table 1.3
industry,26,2016-17,median_compensation,AUD,23298.0,False,False,Table 1.4
industry,26,2016-17,median_time_lost,weeks,9.4,False,False,Table 1.5
industry,26,2017-18,claim_count,claims,289.0,False,False,Table 1.1
industry,26,2017-18,frequency_rate,claims per million hours worked,2.44019402218387,False,False,Table 1.2
industry,26,2017-18,incidence_rate,"claims per 1,000 employees",4.538143620660925,False,False,Table 1.3
industry,26,2017-18,median_compensation,AUD,21112.0,False,False,Table 1.4
industry,26,2017-18,median_time_lost,weeks,8.399999999999999,False,False,Table 1.5
industry,26,2018-19,claim_count,claims,300.0,False,False,Table 1.1
industry,26,2018-19,frequency_rate,claims per million hours worked,2.305254168634171,False,False,Table 1.2
industry,26,2018-19,incidence_rate,"claims per 1,000 employees",4.461285111834808,False,False,Table 1.3
industry,26,2018-19,median_compensation,AUD,20258.0,False,False,Table 1.4
industry,26,2018-19,median_time_lost,weeks,6.563157894736841,False,False,Table 1.5
industry,26,2019-20,claim_count,claims,269.0,False,False,Table 1.1
industry,26,2019-20,frequency_rate,claims per million hours worked,2.0828283273672548,False,False,Table 1.2
industry,26,2019-20,incidence_rate,"claims per 1,000 employees",3.9679331589339237,False,False,Table 1.3
industry,26,2019-20,median_compensation,AUD,26825.0,False,False,Table 1.4
industry,26,2019-20,median_time_lost,weeks,7.2,False,False,Table 1.5
industry,26,2020-21,claim_count,claims,285.0,False,False,Table 1.1
industry,26,2020-21,frequency_rate,claims per million hours worked,2.2517937229385563,False,False,Table 1.2
industry,26,2020-21,incidence_rate,"claims per 1,000 employees",4.406573637409621,False,False,Table 1.3
industry,26,2020-21,median_compensation,AUD,25691.0,False,False,Table 1.4
industry,26,2020-21,median_time_lost,weeks,8.0,False,False,Table 1.5
industry,26,2021-22,claim_count,claims,298.0,False,False,Table 1.1
industry,26,2021-22,frequency_rate,claims per million hours worked,2.8399860681197926,False,False,Table 1.2
industry,26,2021-22,incidence_rate,"claims per 1,000 employees",5.519988081997364,False,False,Table 1.3
industry,26,2021-22,median_compensation,AUD,20728.0,False,False,Table 1.4
industry,26,2021-22,median_time_lost,weeks,7.0,False,False,Table 1.5
industry,26,2022-23,claim_count,claims,351.0,False,False,Table 1.1
industry,26,2022-23,frequency_rate,claims per million hours worked,3.2081647879360324,False,False,Table 1.2
industry,26,2022-23,incidence_rate,"claims per 1,000 employees",6.109439994581397,False,False,Table 1.3
industry,26,2022-23,median_compensation,AUD,20286.5,False,False,Table 1.4
industry,26,2022-23,median_time_lost,weeks,7.0,False,False,Table 1.5
industry,26,2023-24,claim_count,claims,385.0,False,True,Table 1.1
industry,26,2023-24,frequency_rate,claims per million hours worked,3.3498733476289506,False,True,Table 1.2
industry,26,2023-24,incidence_rate,"claims per 1,000 employees",6.260010699527754,False,True,Table 1.3
industry,26,2023-24,median_compensation,AUD,,True,True,Table 1.4
industry,26,2023-24,median_time_lost,weeks,,True,True,Table 1.5
industry,27,2014-15,claim_count,claims,21.0,False,False,Table 1.1
industry,27,2014-15,frequency_rate,claims per million hours worked,0.7335508151644411,False,False,Table 1.2
industry,27,2014-15,incidence_rate,"claims per 1,000 employees",1.5018018229505687,False,False,Table 1.3
industry,27,2014-15,median_compensation,AUD,18488.0,False,False,Table 1.4
industry,27,2014-15,median_time_lost,weeks,8.040000000000001,False,False,Table 1.5
industry,27,2015-16,claim_count,claims,14.0,False,False,Table 1.1
industry,27,2015-16,frequency_rate,claims per million hours worked,0.3855668708449364,False,False,Table 1.2
industry,27,2015-16,incidence_rate,"claims per 1,000 employees",0.8618077014143718,False,False,Table 1.3
industry,27,2015-16,median_compensation,AUD,13197.5,False,False,Table 1.4
industry,27,2015-16,median_time_lost,weeks,10.3,False,False,Table 1.5
industry,27,2016-17,claim_count,claims,23.0,False,False,Table 1.1
industry,27,2016-17,frequency_rate,claims per million hours worked,0.9269310239508111,False,False,Table 1.2
industry,27,2016-17,incidence_rate,"claims per 1,000 employees",1.8350610938710752,False,False,Table 1.3
industry,27,2016-17,median_compensation,AUD,21614.0,False,False,Table 1.4
industry,27,2016-17,median_time_lost,weeks,9.200000000000001,False,False,Table 1.5
industry,27,2017-18,claim_count,claims,11.0,False,False,Table 1.1
industry,27,2017-18,frequency_rate,claims per million hours worked,0.4319424868649389,False,False,Table 1.2
industry,27,2017-18,incidence_rate,"claims per 1,000 employees",0.9205969189929686,False,False,Table 1.3
industry,27,2017-18,median_compensation,AUD,15067.0,False,False,Table 1.4
industry,27,2017-18,median_time_lost,weeks,3.0,False,False,Table 1.5
industry,27,2018-19,claim_count,claims,9.0,False,False,Table 1.1
industry,27,2018-19,frequency_rate,claims per million hours worked,0.4506439090644256,False,False,Table 1.2
industry,27,2018-19,incidence_rate,"claims per 1,000 employees",0.8673634615003184,False,False,Table 1.3
industry,27,2018-19,median_compensation,AUD,37511.0,False,False,Table 1.4
industry,27,2018-19,median_time_lost,weeks,18.0,False,False,Table 1.5
industry,27,2019-20,claim_count,claims,15.0,False,False,Table 1.1
industry,27,2019-20,frequency_rate,claims per million hours worked,0.5692476477035702,False,False,Table 1.2
industry,27,2019-20,incidence_rate,"claims per 1,000 employees",1.1316243982053584,False,False,Table 1.3
industry,27,2019-20,median_compensation,AUD,14495.0,False,False,Table 1.4
industry,27,2019-20,median_time_lost,weeks,6.471555687718736,False,False,Table 1.5
industry,27,2020-21,claim_count,claims,31.0,False,False,Table 1.1
industry,27,2020-21,frequency_rate,claims per million hours worked,1.155238036874823,False,False,Table 1.2
industry,27,2020-21,incidence_rate,"claims per 1,000 employees",2.3653701053145144,False,False,Table 1.3
industry,27,2020-21,median_compensation,AUD,17899.5,False,False,Table 1.4
industry,27,2020-21,median_time_lost,weeks,6.1891089882083445,False,False,Table 1.5
industry,27,2021-22,claim_count,claims,16.0,False,False,Table 1.1
industry,27,2021-22,frequency_rate,claims per million hours worked,0.9523021253593347,False,False,Table 1.2
industry,27,2021-22,incidence_rate,"claims per 1,000 employees",1.7810557245436824,False,False,Table 1.3
industry,27,2021-22,median_compensation,AUD,27004.0,False,False,Table 1.4
industry,27,2021-22,median_time_lost,weeks,10.64291096809374,False,False,Table 1.5
industry,27,2022-23,claim_count,claims,26.0,False,False,Table 1.1
industry,27,2022-23,frequency_rate,claims per million hours worked,1.4365080212273649,False,False,Table 1.2
industry,27,2022-23,incidence_rate,"claims per 1,000 employees",3.2267886223104334,False,False,Table 1.3
industry,27,2022-23,median_compensation,AUD,9619.0,False,False,Table 1.4
industry,27,2022-23,median_time_lost,weeks,5.594736842105263,False,False,Table 1.5
industry,27,2023-24,claim_count,claims,11.0,False,True,Table 1.1
industry,27,2023-24,frequency_rate,claims per million hours worked,0.5995481382734396,False,True,Table 1.2
industry,27,2023-24,incidence_rate,"claims per 1,000 employees",1.171456254644688,False,True,Table 1.3
industry,27,2023-24,median_compensation,AUD,,True,True,Table 1.4
industry,27,2023-24,median_time_lost,weeks,,True,True,Table 1.5
industry,28,2014-15,claim_count,claims,150.0,False,False,Table 1.1
industry,28,2014-15,frequency_rate,claims per million hours worked,3.14966897158954,False,False,Table 1.2
industry,28,2014-15,incidence_rate,"claims per 1,000 employees",5.60703539661079,False,False,Table 1.3
industry,28,2014-15,median_compensation,AUD,17662.0,False,False,Table 1.4
industry,28,2014-15,median_time_lost,weeks,8.041176470588235,False,False,Table 1.5
industry,28,2015-16,claim_count,claims,163.0,False,False,Table 1.1
industry,28,2015-16,frequency_rate,claims per million hours worked,3.02318080120093,False,False,Table 1.2
industry,28,2015-16,incidence_rate,"claims per 1,000 employees",5.737988078061966,False,False,Table 1.3
industry,28,2015-16,median_compensation,AUD,16898.5,False,False,Table 1.4
industry,28,2015-16,median_time_lost,weeks,10.210526315789474,False,False,Table 1.5
industry,28,2016-17,claim_count,claims,164.0,False,False,Table 1.1
industry,28,2016-17,frequency_rate,claims per million hours worked,3.130806364143347,False,False,Table 1.2
industry,28,2016-17,incidence_rate,"claims per 1,000 employees",5.79362121672332,False,False,Table 1.3
industry,28,2016-17,median_compensation,AUD,15904.0,False,False,Table 1.4
industry,28,2016-17,median_time_lost,weeks,7.703947368421053,False,False,Table 1.5
industry,28,2017-18,claim_count,claims,134.0,False,False,Table 1.1
industry,28,2017-18,frequency_rate,claims per million hours worked,2.0365755190286516,False,False,Table 1.2
industry,28,2017-18,incidence_rate,"claims per 1,000 employees",4.006399175794364,False,False,Table 1.3
industry,28,2017-18,median_compensation,AUD,17765.0,False,False,Table 1.4
industry,28,2017-18,median_time_lost,weeks,7.3052631578947365,False,False,Table 1.5
industry,28,2018-19,claim_count,claims,173.0,False,False,Table 1.1
industry,28,2018-19,frequency_rate,claims per million hours worked,2.9008687074836517,False,False,Table 1.2
industry,28,2018-19,incidence_rate,"claims per 1,000 employees",5.296656736221732,False,False,Table 1.3
industry,28,2018-19,median_compensation,AUD,22612.0,False,False,Table 1.4
industry,28,2018-19,median_time_lost,weeks,9.444444444444445,False,False,Table 1.5
industry,28,2019-20,claim_count,claims,115.0,False,False,Table 1.1
industry,28,2019-20,frequency_rate,claims per million hours worked,2.3150688910307196,False,False,Table 1.2
industry,28,2019-20,incidence_rate,"claims per 1,000 employees",3.9389736669634683,False,False,Table 1.3
industry,28,2019-20,median_compensation,AUD,21158.0,False,False,Table 1.4
industry,28,2019-20,median_time_lost,weeks,7.346666666666668,False,False,Table 1.5
industry,28,2020-21,claim_count,claims,138.0,False,False,Table 1.1
industry,28,2020-21,frequency_rate,claims per million hours worked,2.460297487328242,False,False,Table 1.2
industry,28,2020-21,incidence_rate,"claims per 1,000 employees",4.5293890716610505,False,False,Table 1.3
industry,28,2020-21,median_compensation,AUD,27200.0,False,False,Table 1.4
industry,28,2020-21,median_time_lost,weeks,8.127850367197063,False,False,Table 1.5
industry,28,2021-22,claim_count,claims,132.0,False,False,Table 1.1
industry,28,2021-22,frequency_rate,claims per million hours worked,2.94915114850372,False,False,Table 1.2
industry,28,2021-22,incidence_rate,"claims per 1,000 employees",5.395475864351315,False,False,Table 1.3
industry,28,2021-22,median_compensation,AUD,27573.0,False,False,Table 1.4
industry,28,2021-22,median_time_lost,weeks,7.694736842105263,False,False,Table 1.5
industry,28,2022-23,claim_count,claims,168.0,False,False,Table 1.1
industry,28,2022-23,frequency_rate,claims per million hours worked,3.5895575494241476,False,False,Table 1.2
industry,28,2022-23,incidence_rate,"claims per 1,000 employees",6.567450543716005,False,False,Table 1.3
industry,28,2022-23,median_compensation,AUD,23734.0,False,False,Table 1.4
industry,28,2022-23,median_time_lost,weeks,8.819513157894736,False,False,Table 1.5
industry,28,2023-24,claim_count,claims,180.0,False,True,Table 1.1
industry,28,2023-24,frequency_rate,claims per million hours worked,3.966072997820735,False,True,Table 1.2
industry,28,2023-24,incidence_rate,"claims per 1,000 employees",6.968847032634426,False,True,Table 1.3
industry,28,2023-24,median_compensation,AUD,,True,True,Table 1.4
industry,28,2023-24,median_time_lost,weeks,,True,True,Table 1.5
industry,29,2014-15,claim_count,claims,709.0,False,False,Table 1.1
industry,29,2014-15,frequency_rate,claims per million hours worked,10.814742082108081,False,False,Table 1.2
industry,29,2014-15,incidence_rate,"claims per 1,000 employees",21.041251699751513,False,False,Table 1.3
industry,29,2014-15,median_compensation,AUD,14515.0,False,False,Table 1.4
industry,29,2014-15,median_time_lost,weeks,6.04166078237537,False,False,Table 1.5
industry,29,2015-16,claim_count,claims,679.0,False,False,Table 1.1
industry,29,2015-16,frequency_rate,claims per million hours worked,10.094094705544073,False,False,Table 1.2
industry,29,2015-16,incidence_rate,"claims per 1,000 employees",19.751346243264635,False,False,Table 1.3
industry,29,2015-16,median_compensation,AUD,19783.5,False,False,Table 1.4
industry,29,2015-16,median_time_lost,weeks,8.2,False,False,Table 1.5
industry,29,2016-17,claim_count,claims,716.0,False,False,Table 1.1
industry,29,2016-17,frequency_rate,claims per million hours worked,9.644711292151122,False,False,Table 1.2
industry,29,2016-17,incidence_rate,"claims per 1,000 employees",19.546143382157,False,False,Table 1.3
industry,29,2016-17,median_compensation,AUD,19628.0,False,False,Table 1.4
industry,29,2016-17,median_time_lost,weeks,8.18421052631579,False,False,Table 1.5
industry,29,2017-18,claim_count,claims,689.0,False,False,Table 1.1
industry,29,2017-18,frequency_rate,claims per million hours worked,9.136497578826345,False,False,Table 1.2
industry,29,2017-18,incidence_rate,"claims per 1,000 employees",18.474071808371544,False,False,Table 1.3
industry,29,2017-18,median_compensation,AUD,18366.5,False,False,Table 1.4
industry,29,2017-18,median_time_lost,weeks,8.729166666666666,False,False,Table 1.5
industry,29,2018-19,claim_count,claims,776.0,False,False,Table 1.1
industry,29,2018-19,frequency_rate,claims per million hours worked,9.095296209240713,False,False,Table 1.2
industry,29,2018-19,incidence_rate,"claims per 1,000 employees",17.823446438364492,False,False,Table 1.3
industry,29,2018-19,median_compensation,AUD,19884.0,False,False,Table 1.4
industry,29,2018-19,median_time_lost,weeks,8.205263157894738,False,False,Table 1.5
industry,29,2019-20,claim_count,claims,769.0,False,False,Table 1.1
industry,29,2019-20,frequency_rate,claims per million hours worked,8.849835314112264,False,False,Table 1.2
industry,29,2019-20,incidence_rate,"claims per 1,000 employees",17.276996012479273,False,False,Table 1.3
industry,29,2019-20,median_compensation,AUD,20688.5,False,False,Table 1.4
industry,29,2019-20,median_time_lost,weeks,9.0,False,False,Table 1.5
industry,29,2020-21,claim_count,claims,902.0,False,False,Table 1.1
industry,29,2020-21,frequency_rate,claims per million hours worked,11.502696780254428,False,False,Table 1.2
industry,29,2020-21,incidence_rate,"claims per 1,000 employees",22.771441100119542,False,False,Table 1.3
industry,29,2020-21,median_compensation,AUD,22302.0,False,False,Table 1.4
industry,29,2020-21,median_time_lost,weeks,8.396492670503541,False,False,Table 1.5
industry,29,2021-22,claim_count,claims,889.0,False,False,Table 1.1
industry,29,2021-22,frequency_rate,claims per million hours worked,12.643875451443366,False,False,Table 1.2
industry,29,2021-22,incidence_rate,"claims per 1,000 employees",24.604895039401967,False,False,Table 1.3
industry,29,2021-22,median_compensation,AUD,19544.0,False,False,Table 1.4
industry,29,2021-22,median_time_lost,weeks,8.4,False,False,Table 1.5
industry,29,2022-23,claim_count,claims,982.0,False,False,Table 1.1
industry,29,2022-23,frequency_rate,claims per million hours worked,12.853334115880667,False,False,Table 1.2
industry,29,2022-23,incidence_rate,"claims per 1,000 employees",24.060995069839347,False,False,Table 1.3
industry,29,2022-23,median_compensation,AUD,19080.0,False,False,Table 1.4
industry,29,2022-23,median_time_lost,weeks,7.574565789473684,False,False,Table 1.5
industry,29,2023-24,claim_count,claims,938.0,False,True,Table 1.1
industry,29,2023-24,frequency_rate,claims per million hours worked,12.591563598348277,False,True,Table 1.2
industry,29,2023-24,incidence_rate,"claims per 1,000 employees",23.750708777676884,False,True,Table 1.3
industry,29,2023-24,median_compensation,AUD,,True,True,Table 1.4
industry,29,2023-24,median_time_lost,weeks,,True,True,Table 1.5
industry,30,2014-15,claim_count,claims,2385.0,False,False,Table 1.1
industry,30,2014-15,frequency_rate,claims per million hours worked,5.300602938529822,False,False,Table 1.2
industry,30,2014-15,incidence_rate,"claims per 1,000 employees",10.567667866079674,False,False,Table 1.3
industry,30,2014-15,median_compensation,AUD,15127.0,False,False,Table 1.4
industry,30,2014-15,median_time_lost,weeks,6.3999999999999995,False,False,Table 1.5
industry,30,2015-16,claim_count,claims,2430.0,False,False,Table 1.1
industry,30,2015-16,frequency_rate,claims per million hours worked,5.4639760512821836,False,False,Table 1.2
industry,30,2015-16,incidence_rate,"claims per 1,000 employees",10.819201782365445,False,False,Table 1.3
industry,30,2015-16,median_compensation,AUD,15796.5,False,False,Table 1.4
industry,30,2015-16,median_time_lost,weeks,6.4,False,False,Table 1.5
industry,30,2016-17,claim_count,claims,2592.0,False,False,Table 1.1
industry,30,2016-17,frequency_rate,claims per million hours worked,5.501692284893615,False,False,Table 1.2
industry,30,2016-17,incidence_rate,"claims per 1,000 employees",11.106488922599349,False,False,Table 1.3
industry,30,2016-17,median_compensation,AUD,16077.0,False,False,Table 1.4
industry,30,2016-17,median_time_lost,weeks,6.7125,False,False,Table 1.5
industry,30,2017-18,claim_count,claims,2788.0,False,False,Table 1.1
industry,30,2017-18,frequency_rate,claims per million hours worked,5.072939342250612,False,False,Table 1.2
industry,30,2017-18,incidence_rate,"claims per 1,000 employees",10.278719963665912,False,False,Table 1.3
industry,30,2017-18,median_compensation,AUD,16627.5,False,False,Table 1.4
industry,30,2017-18,median_time_lost,weeks,7.2,False,False,Table 1.5
industry,30,2018-19,claim_count,claims,2938.0,False,False,Table 1.1
industry,30,2018-19,frequency_rate,claims per million hours worked,5.077393796188606,False,False,Table 1.2
industry,30,2018-19,incidence_rate,"claims per 1,000 employees",10.124922878559941,False,False,Table 1.3
industry,30,2018-19,median_compensation,AUD,17419.0,False,False,Table 1.4
industry,30,2018-19,median_time_lost,weeks,7.836504816454049,False,False,Table 1.5
industry,30,2019-20,claim_count,claims,3124.0,False,False,Table 1.1
industry,30,2019-20,frequency_rate,claims per million hours worked,5.810652082120865,False,False,Table 1.2
industry,30,2019-20,incidence_rate,"claims per 1,000 employees",11.281982030826201,False,False,Table 1.3
industry,30,2019-20,median_compensation,AUD,16978.0,False,False,Table 1.4
industry,30,2019-20,median_time_lost,weeks,7.000019847964591,False,False,Table 1.5
industry,30,2020-21,claim_count,claims,3358.0,False,False,Table 1.1
industry,30,2020-21,frequency_rate,claims per million hours worked,5.843262492712542,False,False,Table 1.2
industry,30,2020-21,incidence_rate,"claims per 1,000 employees",11.260409576513027,False,False,Table 1.3
industry,30,2020-21,median_compensation,AUD,16553.0,False,False,Table 1.4
industry,30,2020-21,median_time_lost,weeks,7.0,False,False,Table 1.5
industry,30,2021-22,claim_count,claims,3467.0,False,False,Table 1.1
industry,30,2021-22,frequency_rate,claims per million hours worked,7.927810065959985,False,False,Table 1.2
industry,30,2021-22,incidence_rate,"claims per 1,000 employees",14.835711206001974,False,False,Table 1.3
industry,30,2021-22,median_compensation,AUD,16859.0,False,False,Table 1.4
industry,30,2021-22,median_time_lost,weeks,7.19,False,False,Table 1.5
industry,30,2022-23,claim_count,claims,3598.0,False,False,Table 1.1
industry,30,2022-23,frequency_rate,claims per million hours worked,6.6469541516492505,False,False,Table 1.2
industry,30,2022-23,incidence_rate,"claims per 1,000 employees",12.98050560174463,False,False,Table 1.3
industry,30,2022-23,median_compensation,AUD,18581.0,False,False,Table 1.4
industry,30,2022-23,median_time_lost,weeks,7.602778800147221,False,False,Table 1.5
industry,30,2023-24,claim_count,claims,3694.0,False,True,Table 1.1
industry,30,2023-24,frequency_rate,claims per million hours worked,6.462611878706518,False,True,Table 1.2
industry,30,2023-24,incidence_rate,"claims per 1,000 employees",12.150254742912031,False,True,Table 1.3
industry,30,2023-24,median_compensation,AUD,,True,True,Table 1.4
industry,30,2023-24,median_time_lost,weeks,,True,True,Table 1.5
industry,31,2014-15,claim_count,claims,2027.0,False,False,Table 1.1
industry,31,2014-15,frequency_rate,claims per million hours worked,12.753561520924961,False,False,Table 1.2
industry,31,2014-15,incidence_rate,"claims per 1,000 employees",27.552729480270017,False,False,Table 1.3
industry,31,2014-15,median_compensation,AUD,19346.5,False,False,Table 1.4
industry,31,2014-15,median_time_lost,weeks,7.0,False,False,Table 1.5
industry,31,2015-16,claim_count,claims,1854.0,False,False,Table 1.1
industry,31,2015-16,frequency_rate,claims per million hours worked,11.724732310948157,False,False,Table 1.2
industry,31,2015-16,incidence_rate,"claims per 1,000 employees",25.731922079291014,False,False,Table 1.3
industry,31,2015-16,median_compensation,AUD,22794.5,False,False,Table 1.4
industry,31,2015-16,median_time_lost,weeks,8.6,False,False,Table 1.5
industry,31,2016-17,claim_count,claims,1621.0,False,False,Table 1.1
industry,31,2016-17,frequency_rate,claims per million hours worked,10.778826134819626,False,False,Table 1.2
industry,31,2016-17,incidence_rate,"claims per 1,000 employees",23.17876672250815,False,False,Table 1.3
industry,31,2016-17,median_compensation,AUD,22353.0,False,False,Table 1.4
industry,31,2016-17,median_time_lost,weeks,8.8,False,False,Table 1.5
industry,31,2017-18,claim_count,claims,1756.0,False,False,Table 1.1
industry,31,2017-18,frequency_rate,claims per million hours worked,8.671790160118524,False,False,Table 1.2
industry,31,2017-18,incidence_rate,"claims per 1,000 employees",18.486071117403093,False,False,Table 1.3
industry,31,2017-18,median_compensation,AUD,22553.5,False,False,Table 1.4
industry,31,2017-18,median_time_lost,weeks,8.694444444444445,False,False,Table 1.5
industry,31,2018-19,claim_count,claims,1869.0,False,False,Table 1.1
industry,31,2018-19,frequency_rate,claims per million hours worked,8.1940826647622,False,False,Table 1.2
industry,31,2018-19,incidence_rate,"claims per 1,000 employees",17.675343981954676,False,False,Table 1.3
industry,31,2018-19,median_compensation,AUD,26053.0,False,False,Table 1.4
industry,31,2018-19,median_time_lost,weeks,9.346546597093642,False,False,Table 1.5
industry,31,2019-20,claim_count,claims,1837.0,False,False,Table 1.1
industry,31,2019-20,frequency_rate,claims per million hours worked,8.347118923208049,False,False,Table 1.2
industry,31,2019-20,incidence_rate,"claims per 1,000 employees",17.28527810884274,False,False,Table 1.3
industry,31,2019-20,median_compensation,AUD,25286.5,False,False,Table 1.4
industry,31,2019-20,median_time_lost,weeks,9.8,False,False,Table 1.5
industry,31,2020-21,claim_count,claims,1868.0,False,False,Table 1.1
industry,31,2020-21,frequency_rate,claims per million hours worked,7.6787479854413405,False,False,Table 1.2
industry,31,2020-21,incidence_rate,"claims per 1,000 employees",16.063308517720827,False,False,Table 1.3
industry,31,2020-21,median_compensation,AUD,24920.0,False,False,Table 1.4
industry,31,2020-21,median_time_lost,weeks,9.818738544607916,False,False,Table 1.5
industry,31,2021-22,claim_count,claims,1871.0,False,False,Table 1.1
industry,31,2021-22,frequency_rate,claims per million hours worked,9.535217608816899,False,False,Table 1.2
industry,31,2021-22,incidence_rate,"claims per 1,000 employees",20.52023940571548,False,False,Table 1.3
industry,31,2021-22,median_compensation,AUD,26465.5,False,False,Table 1.4
industry,31,2021-22,median_time_lost,weeks,10.399999999999999,False,False,Table 1.5
industry,31,2022-23,claim_count,claims,2117.0,False,False,Table 1.1
industry,31,2022-23,frequency_rate,claims per million hours worked,8.45786060607141,False,False,Table 1.2
industry,31,2022-23,incidence_rate,"claims per 1,000 employees",18.357824296895192,False,False,Table 1.3
industry,31,2022-23,median_compensation,AUD,25776.0,False,False,Table 1.4
industry,31,2022-23,median_time_lost,weeks,9.8,False,False,Table 1.5
industry,31,2023-24,claim_count,claims,2240.0,False,True,Table 1.1
industry,31,2023-24,frequency_rate,claims per million hours worked,9.399162141844375,False,True,Table 1.2
industry,31,2023-24,incidence_rate,"claims per 1,000 employees",19.667540012972758,False,True,Table 1.3
industry,31,2023-24,median_compensation,AUD,,True,True,Table 1.4
industry,31,2023-24,median_time_lost,weeks,,True,True,Table 1.5
industry,32,2014-15,claim_count,claims,7985.0,False,False,Table 1.1
industry,32,2014-15,frequency_rate,claims per million hours worked,8.778062654345423,False,False,Table 1.2
industry,32,2014-15,incidence_rate,"claims per 1,000 employees",17.09625344691868,False,False,Table 1.3
industry,32,2014-15,median_compensation,AUD,14366.5,False,False,Table 1.4
industry,32,2014-15,median_time_lost,weeks,6.6000000000000005,False,False,Table 1.5
industry,32,2015-16,claim_count,claims,8469.0,False,False,Table 1.1
industry,32,2015-16,frequency_rate,claims per million hours worked,8.914614018617817,False,False,Table 1.2
industry,32,2015-16,incidence_rate,"claims per 1,000 employees",17.536011181786673,False,False,Table 1.3
industry,32,2015-16,median_compensation,AUD,15969.0,False,False,Table 1.4
industry,32,2015-16,median_time_lost,weeks,7.2,False,False,Table 1.5
industry,32,2016-17,claim_count,claims,8745.0,False,False,Table 1.1
industry,32,2016-17,frequency_rate,claims per million hours worked,8.801067154489424,False,False,Table 1.2
industry,32,2016-17,incidence_rate,"claims per 1,000 employees",17.164228902467396,False,False,Table 1.3
industry,32,2016-17,median_compensation,AUD,16162.0,False,False,Table 1.4
industry,32,2016-17,median_time_lost,weeks,7.403306381006334,False,False,Table 1.5
industry,32,2017-18,claim_count,claims,9290.0,False,False,Table 1.1
industry,32,2017-18,frequency_rate,claims per million hours worked,8.511686603195272,False,False,Table 1.2
industry,32,2017-18,incidence_rate,"claims per 1,000 employees",16.700065702254633,False,False,Table 1.3
industry,32,2017-18,median_compensation,AUD,17299.0,False,False,Table 1.4
industry,32,2017-18,median_time_lost,weeks,8.200000000000001,False,False,Table 1.5
industry,32,2018-19,claim_count,claims,9622.0,False,False,Table 1.1
industry,32,2018-19,frequency_rate,claims per million hours worked,9.08060007267839,False,False,Table 1.2
industry,32,2018-19,incidence_rate,"claims per 1,000 employees",17.73346647427777,False,False,Table 1.3
industry,32,2018-19,median_compensation,AUD,17679.0,False,False,Table 1.4
industry,32,2018-19,median_time_lost,weeks,8.384920634920636,False,False,Table 1.5
industry,32,2019-20,claim_count,claims,10477.0,False,False,Table 1.1
industry,32,2019-20,frequency_rate,claims per million hours worked,9.703925816957527,False,False,Table 1.2
industry,32,2019-20,incidence_rate,"claims per 1,000 employees",18.322333744960343,False,False,Table 1.3
industry,32,2019-20,median_compensation,AUD,18053.0,False,False,Table 1.4
industry,32,2019-20,median_time_lost,weeks,8.394736842105264,False,False,Table 1.5
industry,32,2020-21,claim_count,claims,10851.0,False,False,Table 1.1
industry,32,2020-21,frequency_rate,claims per million hours worked,10.69514214520312,False,False,Table 1.2
industry,32,2020-21,incidence_rate,"claims per 1,000 employees",20.060714556869268,False,False,Table 1.3
industry,32,2020-21,median_compensation,AUD,17839.0,False,False,Table 1.4
industry,32,2020-21,median_time_lost,weeks,8.3,False,False,Table 1.5
industry,32,2021-22,claim_count,claims,10763.0,False,False,Table 1.1
industry,32,2021-22,frequency_rate,claims per million hours worked,11.947439534996803,False,False,Table 1.2
industry,32,2021-22,incidence_rate,"claims per 1,000 employees",22.155012300089687,False,False,Table 1.3
industry,32,2021-22,median_compensation,AUD,18637.0,False,False,Table 1.4
industry,32,2021-22,median_time_lost,weeks,8.6,False,False,Table 1.5
industry,32,2022-23,claim_count,claims,11441.0,False,False,Table 1.1
industry,32,2022-23,frequency_rate,claims per million hours worked,10.319139937962207,False,False,Table 1.2
industry,32,2022-23,incidence_rate,"claims per 1,000 employees",19.964585262720924,False,False,Table 1.3
industry,32,2022-23,median_compensation,AUD,19445.0,False,False,Table 1.4
industry,32,2022-23,median_time_lost,weeks,8.40625,False,False,Table 1.5
industry,32,2023-24,claim_count,claims,11675.0,False,True,Table 1.1
industry,32,2023-24,frequency_rate,claims per million hours worked,10.741649665262148,False,True,Table 1.2
industry,32,2023-24,incidence_rate,"claims per 1,000 employees",20.3971404291325,False,True,Table 1.3
industry,32,2023-24,median_compensation,AUD,,True,True,Table 1.4
industry,32,2023-24,median_time_lost,weeks,,True,True,Table 1.5
industry,33,2014-15,claim_count,claims,1082.0,False,False,Table 1.1
industry,33,2014-15,frequency_rate,claims per million hours worked,6.3086904806504,False,False,Table 1.2
industry,33,2014-15,incidence_rate,"claims per 1,000 employees",12.543119029969901,False,False,Table 1.3
industry,33,2014-15,median_compensation,AUD,13289.5,False,False,Table 1.4
industry,33,2014-15,median_time_lost,weeks,5.813157894736842,False,False,Table 1.5
industry,33,2015-16,claim_count,claims,1078.0,False,False,Table 1.1
industry,33,2015-16,frequency_rate,claims per million hours worked,6.651322623525532,False,False,Table 1.2
industry,33,2015-16,incidence_rate,"claims per 1,000 employees",12.405557444101225,False,False,Table 1.3
industry,33,2015-16,median_compensation,AUD,13918.0,False,False,Table 1.4
industry,33,2015-16,median_time_lost,weeks,6.805161943319838,False,False,Table 1.5
industry,33,2016-17,claim_count,claims,1176.0,False,False,Table 1.1
industry,33,2016-17,frequency_rate,claims per million hours worked,7.195017438870494,False,False,Table 1.2
industry,33,2016-17,incidence_rate,"claims per 1,000 employees",13.514761146817168,False,False,Table 1.3
industry,33,2016-17,median_compensation,AUD,13514.0,False,False,Table 1.4
industry,33,2016-17,median_time_lost,weeks,6.372368421052631,False,False,Table 1.5
industry,33,2017-18,claim_count,claims,1246.0,False,False,Table 1.1
industry,33,2017-18,frequency_rate,claims per million hours worked,6.895761364741104,False,False,Table 1.2
industry,33,2017-18,incidence_rate,"claims per 1,000 employees",13.807613708745118,False,False,Table 1.3
industry,33,2017-18,median_compensation,AUD,16645.5,False,False,Table 1.4
industry,33,2017-18,median_time_lost,weeks,8.0,False,False,Table 1.5
industry,33,2018-19,claim_count,claims,1282.0,False,False,Table 1.1
industry,33,2018-19,frequency_rate,claims per million hours worked,7.3221175606320665,False,False,Table 1.2
industry,33,2018-19,incidence_rate,"claims per 1,000 employees",13.999055047073034,False,False,Table 1.3
industry,33,2018-19,median_compensation,AUD,16617.5,False,False,Table 1.4
industry,33,2018-19,median_time_lost,weeks,7.1970875,False,False,Table 1.5
industry,33,2019-20,claim_count,claims,1507.0,False,False,Table 1.1
industry,33,2019-20,frequency_rate,claims per million hours worked,9.042030344502706,False,False,Table 1.2
industry,33,2019-20,incidence_rate,"claims per 1,000 employees",17.416489410893718,False,False,Table 1.3
industry,33,2019-20,median_compensation,AUD,15932.0,False,False,Table 1.4
industry,33,2019-20,median_time_lost,weeks,7.0,False,False,Table 1.5
industry,33,2020-21,claim_count,claims,1438.0,False,False,Table 1.1
industry,33,2020-21,frequency_rate,claims per million hours worked,8.947781064916864,False,False,Table 1.2
industry,33,2020-21,incidence_rate,"claims per 1,000 employees",16.747230708170388,False,False,Table 1.3
industry,33,2020-21,median_compensation,AUD,15772.0,False,False,Table 1.4
industry,33,2020-21,median_time_lost,weeks,7.367534946688225,False,False,Table 1.5
industry,33,2021-22,claim_count,claims,1199.0,False,False,Table 1.1
industry,33,2021-22,frequency_rate,claims per million hours worked,7.731802076055992,False,False,Table 1.2
industry,33,2021-22,incidence_rate,"claims per 1,000 employees",14.414617007755414,False,False,Table 1.3
industry,33,2021-22,median_compensation,AUD,14155.0,False,False,Table 1.4
industry,33,2021-22,median_time_lost,weeks,6.748236842105263,False,False,Table 1.5
industry,33,2022-23,claim_count,claims,1348.0,False,False,Table 1.1
industry,33,2022-23,frequency_rate,claims per million hours worked,8.631394583975002,False,False,Table 1.2
industry,33,2022-23,incidence_rate,"claims per 1,000 employees",16.13012293105674,False,False,Table 1.3
industry,33,2022-23,median_compensation,AUD,18088.0,False,False,Table 1.4
industry,33,2022-23,median_time_lost,weeks,8.2,False,False,Table 1.5
industry,33,2023-24,claim_count,claims,1347.0,False,True,Table 1.1
industry,33,2023-24,frequency_rate,claims per million hours worked,7.4307262381091554,False,True,Table 1.2
industry,33,2023-24,incidence_rate,"claims per 1,000 employees",13.721050702866327,False,True,Table 1.3
industry,33,2023-24,median_compensation,AUD,,True,True,Table 1.4
industry,33,2023-24,median_time_lost,weeks,,True,True,Table 1.5
industry,34,2014-15,claim_count,claims,1128.0,False,False,Table 1.1
industry,34,2014-15,frequency_rate,claims per million hours worked,5.591608811517188,False,False,Table 1.2
industry,34,2014-15,incidence_rate,"claims per 1,000 employees",11.027886423737078,False,False,Table 1.3
industry,34,2014-15,median_compensation,AUD,13542.0,False,False,Table 1.4
industry,34,2014-15,median_time_lost,weeks,5.2,False,False,Table 1.5
industry,34,2015-16,claim_count,claims,1028.0,False,False,Table 1.1
industry,34,2015-16,frequency_rate,claims per million hours worked,5.390909524710179,False,False,Table 1.2
industry,34,2015-16,incidence_rate,"claims per 1,000 employees",10.68880038512265,False,False,Table 1.3
industry,34,2015-16,median_compensation,AUD,14635.0,False,False,Table 1.4
industry,34,2015-16,median_time_lost,weeks,5.624675882421047,False,False,Table 1.5
industry,34,2016-17,claim_count,claims,957.0,False,False,Table 1.1
industry,34,2016-17,frequency_rate,claims per million hours worked,5.369079067419778,False,False,Table 1.2
industry,34,2016-17,incidence_rate,"claims per 1,000 employees",10.546672388266316,False,False,Table 1.3
industry,34,2016-17,median_compensation,AUD,15964.5,False,False,Table 1.4
industry,34,2016-17,median_time_lost,weeks,6.2,False,False,Table 1.5
industry,34,2017-18,claim_count,claims,1112.0,False,False,Table 1.1
industry,34,2017-18,frequency_rate,claims per million hours worked,6.787875349037614,False,False,Table 1.2
industry,34,2017-18,incidence_rate,"claims per 1,000 employees",13.34872879221037,False,False,Table 1.3
industry,34,2017-18,median_compensation,AUD,15216.0,False,False,Table 1.4
industry,34,2017-18,median_time_lost,weeks,5.965789473684211,False,False,Table 1.5
industry,34,2018-19,claim_count,claims,1197.0,False,False,Table 1.1
industry,34,2018-19,frequency_rate,claims per million hours worked,5.532694613864356,False,False,Table 1.2
industry,34,2018-19,incidence_rate,"claims per 1,000 employees",10.917817697962446,False,False,Table 1.3
industry,34,2018-19,median_compensation,AUD,15090.5,False,False,Table 1.4
industry,34,2018-19,median_time_lost,weeks,6.0,False,False,Table 1.5
industry,34,2019-20,claim_count,claims,1257.0,False,False,Table 1.1
industry,34,2019-20,frequency_rate,claims per million hours worked,5.96263635288553,False,False,Table 1.2
industry,34,2019-20,incidence_rate,"claims per 1,000 employees",11.44071427122583,False,False,Table 1.3
industry,34,2019-20,median_compensation,AUD,17740.0,False,False,Table 1.4
industry,34,2019-20,median_time_lost,weeks,6.2105263157894735,False,False,Table 1.5
industry,34,2020-21,claim_count,claims,1273.0,False,False,Table 1.1
industry,34,2020-21,frequency_rate,claims per million hours worked,7.212174523160973,False,False,Table 1.2
industry,34,2020-21,incidence_rate,"claims per 1,000 employees",13.957419946241611,False,False,Table 1.3
industry,34,2020-21,median_compensation,AUD,16766.0,False,False,Table 1.4
industry,34,2020-21,median_time_lost,weeks,6.6,False,False,Table 1.5
industry,34,2021-22,claim_count,claims,1211.0,False,False,Table 1.1
industry,34,2021-22,frequency_rate,claims per million hours worked,7.150579244167536,False,False,Table 1.2
industry,34,2021-22,incidence_rate,"claims per 1,000 employees",13.598681457727935,False,False,Table 1.3
industry,34,2021-22,median_compensation,AUD,17378.0,False,False,Table 1.4
industry,34,2021-22,median_time_lost,weeks,6.0,False,False,Table 1.5
industry,34,2022-23,claim_count,claims,1236.0,False,False,Table 1.1
industry,34,2022-23,frequency_rate,claims per million hours worked,6.468769744619217,False,False,Table 1.2
industry,34,2022-23,incidence_rate,"claims per 1,000 employees",12.328347860165081,False,False,Table 1.3
industry,34,2022-23,median_compensation,AUD,17921.0,False,False,Table 1.4
industry,34,2022-23,median_time_lost,weeks,6.36066957420223,False,False,Table 1.5
industry,34,2023-24,claim_count,claims,1382.0,False,True,Table 1.1
industry,34,2023-24,frequency_rate,claims per million hours worked,6.711847198832513,False,True,Table 1.2
industry,34,2023-24,incidence_rate,"claims per 1,000 employees",12.325546177176657,False,True,Table 1.3
industry,34,2023-24,median_compensation,AUD,,True,True,Table 1.4
industry,34,2023-24,median_time_lost,weeks,,True,True,Table 1.5
industry,35,2014-15,claim_count,claims,364.0,False,False,Table 1.1
industry,35,2014-15,frequency_rate,claims per million hours worked,6.532976421010962,False,False,Table 1.2
industry,35,2014-15,incidence_rate,"claims per 1,000 employees",13.106418986035774,False,False,Table 1.3
industry,35,2014-15,median_compensation,AUD,10065.5,False,False,Table 1.4
industry,35,2014-15,median_time_lost,weeks,4.4,False,False,Table 1.5
industry,35,2015-16,claim_count,claims,382.0,False,False,Table 1.1
industry,35,2015-16,frequency_rate,claims per million hours worked,9.125164270558617,False,False,Table 1.2
industry,35,2015-16,incidence_rate,"claims per 1,000 employees",18.206685442634654,False,False,Table 1.3
industry,35,2015-16,median_compensation,AUD,12808.5,False,False,Table 1.4
industry,35,2015-16,median_time_lost,weeks,5.458333333333334,False,False,Table 1.5
industry,35,2016-17,claim_count,claims,382.0,False,False,Table 1.1
industry,35,2016-17,frequency_rate,claims per million hours worked,9.172041940049661,False,False,Table 1.2
industry,35,2016-17,incidence_rate,"claims per 1,000 employees",18.023749988205175,False,False,Table 1.3
industry,35,2016-17,median_compensation,AUD,12518.0,False,False,Table 1.4
industry,35,2016-17,median_time_lost,weeks,6.573717948717949,False,False,Table 1.5
industry,35,2017-18,claim_count,claims,369.0,False,False,Table 1.1
industry,35,2017-18,frequency_rate,claims per million hours worked,10.038992342785193,False,False,Table 1.2
industry,35,2017-18,incidence_rate,"claims per 1,000 employees",19.22835134927969,False,False,Table 1.3
industry,35,2017-18,median_compensation,AUD,15272.0,False,False,Table 1.4
industry,35,2017-18,median_time_lost,weeks,7.4,False,False,Table 1.5
industry,35,2018-19,claim_count,claims,448.0,False,False,Table 1.1
industry,35,2018-19,frequency_rate,claims per million hours worked,12.011636059433021,False,False,Table 1.2
industry,35,2018-19,incidence_rate,"claims per 1,000 employees",22.006220211324692,False,False,Table 1.3
industry,35,2018-19,median_compensation,AUD,13854.0,False,False,Table 1.4
industry,35,2018-19,median_time_lost,weeks,6.605263157894737,False,False,Table 1.5
industry,35,2019-20,claim_count,claims,509.0,False,False,Table 1.1
industry,35,2019-20,frequency_rate,claims per million hours worked,10.932898782514984,False,False,Table 1.2
industry,35,2019-20,incidence_rate,"claims per 1,000 employees",20.38130403878443,False,False,Table 1.3
industry,35,2019-20,median_compensation,AUD,15359.0,False,False,Table 1.4
industry,35,2019-20,median_time_lost,weeks,7.400193200418601,False,False,Table 1.5
industry,35,2020-21,claim_count,claims,467.0,False,False,Table 1.1
industry,35,2020-21,frequency_rate,claims per million hours worked,8.943537302080028,False,False,Table 1.2
industry,35,2020-21,incidence_rate,"claims per 1,000 employees",17.182132976139755,False,False,Table 1.3
industry,35,2020-21,median_compensation,AUD,15185.0,False,False,Table 1.4
industry,35,2020-21,median_time_lost,weeks,7.2,False,False,Table 1.5
industry,35,2021-22,claim_count,claims,440.0,False,False,Table 1.1
industry,35,2021-22,frequency_rate,claims per million hours worked,10.057845175358942,False,False,Table 1.2
industry,35,2021-22,incidence_rate,"claims per 1,000 employees",19.170073169680812,False,False,Table 1.3
industry,35,2021-22,median_compensation,AUD,16277.5,False,False,Table 1.4
industry,35,2021-22,median_time_lost,weeks,7.0,False,False,Table 1.5
industry,35,2022-23,claim_count,claims,441.0,False,False,Table 1.1
industry,35,2022-23,frequency_rate,claims per million hours worked,9.15137056440917,False,False,Table 1.2
industry,35,2022-23,incidence_rate,"claims per 1,000 employees",16.91746484690798,False,False,Table 1.3
industry,35,2022-23,median_compensation,AUD,16477.0,False,False,Table 1.4
industry,35,2022-23,median_time_lost,weeks,6.6,False,False,Table 1.5
industry,35,2023-24,claim_count,claims,422.0,False,True,Table 1.1
industry,35,2023-24,frequency_rate,claims per million hours worked,7.858517125559752,False,True,Table 1.2
industry,35,2023-24,incidence_rate,"claims per 1,000 employees",14.966440864221456,False,True,Table 1.3
industry,35,2023-24,median_compensation,AUD,,True,True,Table 1.4
industry,35,2023-24,median_time_lost,weeks,,True,True,Table 1.5
industry,36,2014-15,claim_count,claims,1130.0,False,False,Table 1.1
industry,36,2014-15,frequency_rate,claims per million hours worked,10.743552579283962,False,False,Table 1.2
industry,36,2014-15,incidence_rate,"claims per 1,000 employees",20.2011753747568,False,False,Table 1.3
industry,36,2014-15,median_compensation,AUD,10954.0,False,False,Table 1.4
industry,36,2014-15,median_time_lost,weeks,5.8,False,False,Table 1.5
industry,36,2015-16,claim_count,claims,1063.0,False,False,Table 1.1
industry,36,2015-16,frequency_rate,claims per million hours worked,9.375183705430508,False,False,Table 1.2
industry,36,2015-16,incidence_rate,"claims per 1,000 employees",17.05998169962647,False,False,Table 1.3
industry,36,2015-16,median_compensation,AUD,13678.0,False,False,Table 1.4
industry,36,2015-16,median_time_lost,weeks,7.0,False,False,Table 1.5
industry,36,2016-17,claim_count,claims,977.0,False,False,Table 1.1
industry,36,2016-17,frequency_rate,claims per million hours worked,8.63231155554176,False,False,Table 1.2
industry,36,2016-17,incidence_rate,"claims per 1,000 employees",15.794388267849893,False,False,Table 1.3
industry,36,2016-17,median_compensation,AUD,15004.0,False,False,Table 1.4
industry,36,2016-17,median_time_lost,weeks,7.70625,False,False,Table 1.5
industry,36,2017-18,claim_count,claims,1022.0,False,False,Table 1.1
industry,36,2017-18,frequency_rate,claims per million hours worked,9.289229053905355,False,False,Table 1.2
industry,36,2017-18,incidence_rate,"claims per 1,000 employees",16.60458028821146,False,False,Table 1.3
industry,36,2017-18,median_compensation,AUD,17448.0,False,False,Table 1.4
industry,36,2017-18,median_time_lost,weeks,8.205263157894738,False,False,Table 1.5
industry,36,2018-19,claim_count,claims,1144.0,False,False,Table 1.1
industry,36,2018-19,frequency_rate,claims per million hours worked,9.242212799270526,False,False,Table 1.2
industry,36,2018-19,incidence_rate,"claims per 1,000 employees",16.801311792562455,False,False,Table 1.3
industry,36,2018-19,median_compensation,AUD,14030.0,False,False,Table 1.4
industry,36,2018-19,median_time_lost,weeks,7.602713409847771,False,False,Table 1.5
industry,36,2019-20,claim_count,claims,1030.0,False,False,Table 1.1
industry,36,2019-20,frequency_rate,claims per million hours worked,9.690514444945507,False,False,Table 1.2
industry,36,2019-20,incidence_rate,"claims per 1,000 employees",16.979561816406907,False,False,Table 1.3
industry,36,2019-20,median_compensation,AUD,14995.0,False,False,Table 1.4
industry,36,2019-20,median_time_lost,weeks,7.034283319212462,False,False,Table 1.5
industry,36,2020-21,claim_count,claims,1248.0,False,False,Table 1.1
industry,36,2020-21,frequency_rate,claims per million hours worked,11.645722526482157,False,False,Table 1.2
industry,36,2020-21,incidence_rate,"claims per 1,000 employees",20.525956302949094,False,False,Table 1.3
industry,36,2020-21,median_compensation,AUD,18073.0,False,False,Table 1.4
industry,36,2020-21,median_time_lost,weeks,8.999952482022366,False,False,Table 1.5
industry,36,2021-22,claim_count,claims,1323.0,False,False,Table 1.1
industry,36,2021-22,frequency_rate,claims per million hours worked,12.126896162059525,False,False,Table 1.2
industry,36,2021-22,incidence_rate,"claims per 1,000 employees",20.64371788109672,False,False,Table 1.3
industry,36,2021-22,median_compensation,AUD,13774.0,False,False,Table 1.4
industry,36,2021-22,median_time_lost,weeks,6.963182897862232,False,False,Table 1.5
industry,36,2022-23,claim_count,claims,1332.0,False,False,Table 1.1
industry,36,2022-23,frequency_rate,claims per million hours worked,13.810683204150875,False,False,Table 1.2
industry,36,2022-23,incidence_rate,"claims per 1,000 employees",23.439925870551196,False,False,Table 1.3
industry,36,2022-23,median_compensation,AUD,18063.0,False,False,Table 1.4
industry,36,2022-23,median_time_lost,weeks,8.833854893719288,False,False,Table 1.5
industry,36,2023-24,claim_count,claims,1208.0,False,True,Table 1.1
industry,36,2023-24,frequency_rate,claims per million hours worked,11.233949890755824,False,True,Table 1.2
industry,36,2023-24,incidence_rate,"claims per 1,000 employees",19.527852940097127,False,True,Table 1.3
industry,36,2023-24,median_compensation,AUD,,True,True,Table 1.4
industry,36,2023-24,median_time_lost,weeks,,True,True,Table 1.5
industry,37,2014-15,claim_count,claims,757.0,False,False,Table 1.1
industry,37,2014-15,frequency_rate,claims per million hours worked,5.565769619870784,False,False,Table 1.2
industry,37,2014-15,incidence_rate,"claims per 1,000 employees",10.043006441811745,False,False,Table 1.3
industry,37,2014-15,median_compensation,AUD,14546.0,False,False,Table 1.4
industry,37,2014-15,median_time_lost,weeks,6.605263157894737,False,False,Table 1.5
industry,37,2015-16,claim_count,claims,737.0,False,False,Table 1.1
industry,37,2015-16,frequency_rate,claims per million hours worked,6.048250673079864,False,False,Table 1.2
industry,37,2015-16,incidence_rate,"claims per 1,000 employees",10.503493271503437,False,False,Table 1.3
industry,37,2015-16,median_compensation,AUD,14332.0,False,False,Table 1.4
industry,37,2015-16,median_time_lost,weeks,7.0,False,False,Table 1.5
industry,37,2016-17,claim_count,claims,699.0,False,False,Table 1.1
industry,37,2016-17,frequency_rate,claims per million hours worked,5.939616104071271,False,False,Table 1.2
industry,37,2016-17,incidence_rate,"claims per 1,000 employees",10.612830050188624,False,False,Table 1.3
industry,37,2016-17,median_compensation,AUD,15436.0,False,False,Table 1.4
industry,37,2016-17,median_time_lost,weeks,7.709406040948712,False,False,Table 1.5
industry,37,2017-18,claim_count,claims,762.0,False,False,Table 1.1
industry,37,2017-18,frequency_rate,claims per million hours worked,4.804507643977613,False,False,Table 1.2
industry,37,2017-18,incidence_rate,"claims per 1,000 employees",8.808447222278893,False,False,Table 1.3
industry,37,2017-18,median_compensation,AUD,16226.0,False,False,Table 1.4
industry,37,2017-18,median_time_lost,weeks,8.589293647912886,False,False,Table 1.5
industry,37,2018-19,claim_count,claims,832.0,False,False,Table 1.1
industry,37,2018-19,frequency_rate,claims per million hours worked,6.048365542324811,False,False,Table 1.2
industry,37,2018-19,incidence_rate,"claims per 1,000 employees",10.561885508482991,False,False,Table 1.3
industry,37,2018-19,median_compensation,AUD,18245.0,False,False,Table 1.4
industry,37,2018-19,median_time_lost,weeks,9.312343211842173,False,False,Table 1.5
industry,37,2019-20,claim_count,claims,731.0,False,False,Table 1.1
industry,37,2019-20,frequency_rate,claims per million hours worked,4.8801587717776655,False,False,Table 1.2
industry,37,2019-20,incidence_rate,"claims per 1,000 employees",8.319180213785145,False,False,Table 1.3
industry,37,2019-20,median_compensation,AUD,19472.0,False,False,Table 1.4
industry,37,2019-20,median_time_lost,weeks,8.760599663673117,False,False,Table 1.5
industry,37,2020-21,claim_count,claims,824.0,False,False,Table 1.1
industry,37,2020-21,frequency_rate,claims per million hours worked,5.347890262697663,False,False,Table 1.2
industry,37,2020-21,incidence_rate,"claims per 1,000 employees",9.14274355994118,False,False,Table 1.3
industry,37,2020-21,median_compensation,AUD,19169.5,False,False,Table 1.4
industry,37,2020-21,median_time_lost,weeks,8.8002125,False,False,Table 1.5
industry,37,2021-22,claim_count,claims,680.0,False,False,Table 1.1
industry,37,2021-22,frequency_rate,claims per million hours worked,5.378989429962924,False,False,Table 1.2
industry,37,2021-22,incidence_rate,"claims per 1,000 employees",9.102300797421151,False,False,Table 1.3
industry,37,2021-22,median_compensation,AUD,18214.5,False,False,Table 1.4
industry,37,2021-22,median_time_lost,weeks,8.98943729145996,False,False,Table 1.5
industry,37,2022-23,claim_count,claims,771.0,False,False,Table 1.1
industry,37,2022-23,frequency_rate,claims per million hours worked,6.11115985157863,False,False,Table 1.2
industry,37,2022-23,incidence_rate,"claims per 1,000 employees",10.84762915494415,False,False,Table 1.3
industry,37,2022-23,median_compensation,AUD,21862.0,False,False,Table 1.4
industry,37,2022-23,median_time_lost,weeks,10.267117903930131,False,False,Table 1.5
industry,37,2023-24,claim_count,claims,803.0,False,True,Table 1.1
industry,37,2023-24,frequency_rate,claims per million hours worked,6.068862105194569,False,True,Table 1.2
industry,37,2023-24,incidence_rate,"claims per 1,000 employees",10.379452120245043,False,True,Table 1.3
industry,37,2023-24,median_compensation,AUD,,True,True,Table 1.4
industry,37,2023-24,median_time_lost,weeks,,True,True,Table 1.5
industry,38,2014-15,claim_count,claims,58.0,False,False,Table 1.1
industry,38,2014-15,frequency_rate,claims per million hours worked,5.492475347961062,False,False,Table 1.2
industry,38,2014-15,incidence_rate,"claims per 1,000 employees",12.092768142948257,False,False,Table 1.3
industry,38,2014-15,median_compensation,AUD,9793.0,False,False,Table 1.4
industry,38,2014-15,median_time_lost,weeks,5.567738791423002,False,False,Table 1.5
industry,38,2015-16,claim_count,claims,74.0,False,False,Table 1.1
industry,38,2015-16,frequency_rate,claims per million hours worked,5.256832142537326,False,False,Table 1.2
industry,38,2015-16,incidence_rate,"claims per 1,000 employees",10.363830578521608,False,False,Table 1.3
industry,38,2015-16,median_compensation,AUD,21143.0,False,False,Table 1.4
industry,38,2015-16,median_time_lost,weeks,11.296052631578947,False,False,Table 1.5
industry,38,2016-17,claim_count,claims,69.0,False,False,Table 1.1
industry,38,2016-17,frequency_rate,claims per million hours worked,4.551404243863805,False,False,Table 1.2
industry,38,2016-17,incidence_rate,"claims per 1,000 employees",8.59786674611521,False,False,Table 1.3
industry,38,2016-17,median_compensation,AUD,22923.0,False,False,Table 1.4
industry,38,2016-17,median_time_lost,weeks,10.4,False,False,Table 1.5
industry,38,2017-18,claim_count,claims,89.0,False,False,Table 1.1
industry,38,2017-18,frequency_rate,claims per million hours worked,6.208284825973649,False,False,Table 1.2
industry,38,2017-18,incidence_rate,"claims per 1,000 employees",11.290191610930659,False,False,Table 1.3
industry,38,2017-18,median_compensation,AUD,21171.0,False,False,Table 1.4
industry,38,2017-18,median_time_lost,weeks,10.210526315789474,False,False,Table 1.5
industry,38,2018-19,claim_count,claims,81.0,False,False,Table 1.1
industry,38,2018-19,frequency_rate,claims per million hours worked,6.039050028301661,False,False,Table 1.2
industry,38,2018-19,incidence_rate,"claims per 1,000 employees",11.361581889062146,False,False,Table 1.3
industry,38,2018-19,median_compensation,AUD,25959.0,False,False,Table 1.4
industry,38,2018-19,median_time_lost,weeks,11.823529411764707,False,False,Table 1.5
industry,38,2019-20,claim_count,claims,89.0,False,False,Table 1.1
industry,38,2019-20,frequency_rate,claims per million hours worked,5.3800932266424235,False,False,Table 1.2
industry,38,2019-20,incidence_rate,"claims per 1,000 employees",8.918903406228786,False,False,Table 1.3
industry,38,2019-20,median_compensation,AUD,20808.5,False,False,Table 1.4
industry,38,2019-20,median_time_lost,weeks,8.6,False,False,Table 1.5
industry,38,2020-21,claim_count,claims,85.0,False,False,Table 1.1
industry,38,2020-21,frequency_rate,claims per million hours worked,5.668536234113337,False,False,Table 1.2
industry,38,2020-21,incidence_rate,"claims per 1,000 employees",11.208672414802415,False,False,Table 1.3
industry,38,2020-21,median_compensation,AUD,19143.0,False,False,Table 1.4
industry,38,2020-21,median_time_lost,weeks,10.57391304347826,False,False,Table 1.5
industry,38,2021-22,claim_count,claims,82.0,False,False,Table 1.1
industry,38,2021-22,frequency_rate,claims per million hours worked,6.5584034828285045,False,False,Table 1.2
industry,38,2021-22,incidence_rate,"claims per 1,000 employees",11.86155713273114,False,False,Table 1.3
industry,38,2021-22,median_compensation,AUD,23387.0,False,False,Table 1.4
industry,38,2021-22,median_time_lost,weeks,10.834198794562333,False,False,Table 1.5
industry,38,2022-23,claim_count,claims,95.0,False,False,Table 1.1
industry,38,2022-23,frequency_rate,claims per million hours worked,5.146252511835348,False,False,Table 1.2
industry,38,2022-23,incidence_rate,"claims per 1,000 employees",9.349402047321501,False,False,Table 1.3
industry,38,2022-23,median_compensation,AUD,17658.5,False,False,Table 1.4
industry,38,2022-23,median_time_lost,weeks,9.870521976426872,False,False,Table 1.5
industry,38,2023-24,claim_count,claims,123.0,False,True,Table 1.1
industry,38,2023-24,frequency_rate,claims per million hours worked,8.361863605464366,False,True,Table 1.2
industry,38,2023-24,incidence_rate,"claims per 1,000 employees",14.650050873648574,False,True,Table 1.3
industry,38,2023-24,median_compensation,AUD,,True,True,Table 1.4
industry,38,2023-24,median_time_lost,weeks,,True,True,Table 1.5
industry,39,2014-15,claim_count,claims,1076.0,False,False,Table 1.1
industry,39,2014-15,frequency_rate,claims per million hours worked,5.733578499835901,False,False,Table 1.2
industry,39,2014-15,incidence_rate,"claims per 1,000 employees",10.961142956123439,False,False,Table 1.3
industry,39,2014-15,median_compensation,AUD,10222.0,False,False,Table 1.4
industry,39,2014-15,median_time_lost,weeks,4.602197368421053,False,False,Table 1.5
industry,39,2015-16,claim_count,claims,1052.0,False,False,Table 1.1
industry,39,2015-16,frequency_rate,claims per million hours worked,5.847276345078999,False,False,Table 1.2
industry,39,2015-16,incidence_rate,"claims per 1,000 employees",11.349851766125695,False,False,Table 1.3
industry,39,2015-16,median_compensation,AUD,11770.0,False,False,Table 1.4
industry,39,2015-16,median_time_lost,weeks,4.9173884339798075,False,False,Table 1.5
industry,39,2016-17,claim_count,claims,1093.0,False,False,Table 1.1
industry,39,2016-17,frequency_rate,claims per million hours worked,5.314479446895728,False,False,Table 1.2
industry,39,2016-17,incidence_rate,"claims per 1,000 employees",10.492302212738482,False,False,Table 1.3
industry,39,2016-17,median_compensation,AUD,12024.0,False,False,Table 1.4
industry,39,2016-17,median_time_lost,weeks,5.3999999999999995,False,False,Table 1.5
industry,39,2017-18,claim_count,claims,1124.0,False,False,Table 1.1
industry,39,2017-18,frequency_rate,claims per million hours worked,5.997322273220259,False,False,Table 1.2
industry,39,2017-18,incidence_rate,"claims per 1,000 employees",11.694357769428926,False,False,Table 1.3
industry,39,2017-18,median_compensation,AUD,12350.0,False,False,Table 1.4
industry,39,2017-18,median_time_lost,weeks,6.0,False,False,Table 1.5
industry,39,2018-19,claim_count,claims,1127.0,False,False,Table 1.1
industry,39,2018-19,frequency_rate,claims per million hours worked,5.692802226818842,False,False,Table 1.2
industry,39,2018-19,incidence_rate,"claims per 1,000 employees",10.613123792717312,False,False,Table 1.3
industry,39,2018-19,median_compensation,AUD,13673.5,False,False,Table 1.4
industry,39,2018-19,median_time_lost,weeks,5.8,False,False,Table 1.5
industry,39,2019-20,claim_count,claims,1062.0,False,False,Table 1.1
industry,39,2019-20,frequency_rate,claims per million hours worked,5.492504966510957,False,False,Table 1.2
industry,39,2019-20,incidence_rate,"claims per 1,000 employees",10.006809520221974,False,False,Table 1.3
industry,39,2019-20,median_compensation,AUD,14053.5,False,False,Table 1.4
industry,39,2019-20,median_time_lost,weeks,6.0,False,False,Table 1.5
industry,39,2020-21,claim_count,claims,1103.0,False,False,Table 1.1
industry,39,2020-21,frequency_rate,claims per million hours worked,5.842474352495395,False,False,Table 1.2
industry,39,2020-21,incidence_rate,"claims per 1,000 employees",10.783290913995426,False,False,Table 1.3
industry,39,2020-21,median_compensation,AUD,12825.0,False,False,Table 1.4
industry,39,2020-21,median_time_lost,weeks,5.950655457031149,False,False,Table 1.5
industry,39,2021-22,claim_count,claims,994.0,False,False,Table 1.1
industry,39,2021-22,frequency_rate,claims per million hours worked,5.448243231362707,False,False,Table 1.2
industry,39,2021-22,incidence_rate,"claims per 1,000 employees",10.080445836371105,False,False,Table 1.3
industry,39,2021-22,median_compensation,AUD,14587.0,False,False,Table 1.4
industry,39,2021-22,median_time_lost,weeks,6.224342105263158,False,False,Table 1.5
industry,39,2022-23,claim_count,claims,1085.0,False,False,Table 1.1
industry,39,2022-23,frequency_rate,claims per million hours worked,6.131252654238786,False,False,Table 1.2
industry,39,2022-23,incidence_rate,"claims per 1,000 employees",11.107387177538588,False,False,Table 1.3
industry,39,2022-23,median_compensation,AUD,16875.5,False,False,Table 1.4
industry,39,2022-23,median_time_lost,weeks,6.527031003397266,False,False,Table 1.5
industry,39,2023-24,claim_count,claims,1156.0,False,True,Table 1.1
industry,39,2023-24,frequency_rate,claims per million hours worked,6.714271054991431,False,True,Table 1.2
industry,39,2023-24,incidence_rate,"claims per 1,000 employees",12.30961505401897,False,True,Table 1.3
industry,39,2023-24,median_compensation,AUD,,True,True,Table 1.4
industry,39,2023-24,median_time_lost,weeks,,True,True,Table 1.5
industry,40,2014-15,claim_count,claims,199.0,False,False,Table 1.1
industry,40,2014-15,frequency_rate,claims per million hours worked,4.01069361745174,False,False,Table 1.2
industry,40,2014-15,incidence_rate,"claims per 1,000 employees",5.673619171851158,False,False,Table 1.3
industry,40,2014-15,median_compensation,AUD,9814.5,False,False,Table 1.4
industry,40,2014-15,median_time_lost,weeks,6.0,False,False,Table 1.5
industry,40,2015-16,claim_count,claims,206.0,False,False,Table 1.1
industry,40,2015-16,frequency_rate,claims per million hours worked,3.554828728802298,False,False,Table 1.2
industry,40,2015-16,incidence_rate,"claims per 1,000 employees",5.655912404278349,False,False,Table 1.3
industry,40,2015-16,median_compensation,AUD,11531.0,False,False,Table 1.4
industry,40,2015-16,median_time_lost,weeks,8.739999999999998,False,False,Table 1.5
industry,40,2016-17,claim_count,claims,206.0,False,False,Table 1.1
industry,40,2016-17,frequency_rate,claims per million hours worked,3.606286624592992,False,False,Table 1.2
industry,40,2016-17,incidence_rate,"claims per 1,000 employees",5.423045208980983,False,False,Table 1.3
industry,40,2016-17,median_compensation,AUD,12348.0,False,False,Table 1.4
industry,40,2016-17,median_time_lost,weeks,9.069746716697935,False,False,Table 1.5
industry,40,2017-18,claim_count,claims,236.0,False,False,Table 1.1
industry,40,2017-18,frequency_rate,claims per million hours worked,3.971658492082221,False,False,Table 1.2
industry,40,2017-18,incidence_rate,"claims per 1,000 employees",5.790476673994788,False,False,Table 1.3
industry,40,2017-18,median_compensation,AUD,13482.0,False,False,Table 1.4
industry,40,2017-18,median_time_lost,weeks,7.55,False,False,Table 1.5
industry,40,2018-19,claim_count,claims,264.0,False,False,Table 1.1
industry,40,2018-19,frequency_rate,claims per million hours worked,4.629045931412751,False,False,Table 1.2
industry,40,2018-19,incidence_rate,"claims per 1,000 employees",6.559479158083851,False,False,Table 1.3
industry,40,2018-19,median_compensation,AUD,11554.0,False,False,Table 1.4
industry,40,2018-19,median_time_lost,weeks,8.640789473684212,False,False,Table 1.5
industry,40,2019-20,claim_count,claims,346.0,False,False,Table 1.1
industry,40,2019-20,frequency_rate,claims per million hours worked,6.915598541874527,False,False,Table 1.2
industry,40,2019-20,incidence_rate,"claims per 1,000 employees",9.748744483223097,False,False,Table 1.3
industry,40,2019-20,median_compensation,AUD,12529.0,False,False,Table 1.4
industry,40,2019-20,median_time_lost,weeks,8.870636363636365,False,False,Table 1.5
industry,40,2020-21,claim_count,claims,374.0,False,False,Table 1.1
industry,40,2020-21,frequency_rate,claims per million hours worked,7.485834110213228,False,False,Table 1.2
industry,40,2020-21,incidence_rate,"claims per 1,000 employees",10.075404773550925,False,False,Table 1.3
industry,40,2020-21,median_compensation,AUD,14858.0,False,False,Table 1.4
industry,40,2020-21,median_time_lost,weeks,9.744834691499815,False,False,Table 1.5
industry,40,2021-22,claim_count,claims,297.0,False,False,Table 1.1
industry,40,2021-22,frequency_rate,claims per million hours worked,5.401332308822355,False,False,Table 1.2
industry,40,2021-22,incidence_rate,"claims per 1,000 employees",7.193596077376199,False,False,Table 1.3
industry,40,2021-22,median_compensation,AUD,12225.5,False,False,Table 1.4
industry,40,2021-22,median_time_lost,weeks,9.8,False,False,Table 1.5
industry,40,2022-23,claim_count,claims,351.0,False,False,Table 1.1
industry,40,2022-23,frequency_rate,claims per million hours worked,6.42937335939078,False,False,Table 1.2
industry,40,2022-23,incidence_rate,"claims per 1,000 employees",9.074434559586566,False,False,Table 1.3
industry,40,2022-23,median_compensation,AUD,16357.5,False,False,Table 1.4
industry,40,2022-23,median_time_lost,weeks,10.035263010703481,False,False,Table 1.5
industry,40,2023-24,claim_count,claims,266.0,False,True,Table 1.1
industry,40,2023-24,frequency_rate,claims per million hours worked,5.241534466102378,False,True,Table 1.2
industry,40,2023-24,incidence_rate,"claims per 1,000 employees",7.122298917639908,False,True,Table 1.3
industry,40,2023-24,median_compensation,AUD,,True,True,Table 1.4
industry,40,2023-24,median_time_lost,weeks,,True,True,Table 1.5
industry,41,2014-15,claim_count,claims,3570.0,False,False,Table 1.1
industry,41,2014-15,frequency_rate,claims per million hours worked,6.967733925973504,False,False,Table 1.2
industry,41,2014-15,incidence_rate,"claims per 1,000 employees",9.259256175654286,False,False,Table 1.3
industry,41,2014-15,median_compensation,AUD,10475.0,False,False,Table 1.4
industry,41,2014-15,median_time_lost,weeks,6.066700404858299,False,False,Table 1.5
industry,41,2015-16,claim_count,claims,3574.0,False,False,Table 1.1
industry,41,2015-16,frequency_rate,claims per million hours worked,7.084344573485277,False,False,Table 1.2
industry,41,2015-16,incidence_rate,"claims per 1,000 employees",9.034359493983674,False,False,Table 1.3
industry,41,2015-16,median_compensation,AUD,10929.0,False,False,Table 1.4
industry,41,2015-16,median_time_lost,weeks,6.44846052631579,False,False,Table 1.5
industry,41,2016-17,claim_count,claims,3121.0,False,False,Table 1.1
industry,41,2016-17,frequency_rate,claims per million hours worked,5.957237937467021,False,False,Table 1.2
industry,41,2016-17,incidence_rate,"claims per 1,000 employees",7.643647328732522,False,False,Table 1.3
industry,41,2016-17,median_compensation,AUD,12260.5,False,False,Table 1.4
industry,41,2016-17,median_time_lost,weeks,6.8,False,False,Table 1.5
industry,41,2017-18,claim_count,claims,3152.0,False,False,Table 1.1
industry,41,2017-18,frequency_rate,claims per million hours worked,5.889568310042911,False,False,Table 1.2
industry,41,2017-18,incidence_rate,"claims per 1,000 employees",7.5588414162417665,False,False,Table 1.3
industry,41,2017-18,median_compensation,AUD,12592.0,False,False,Table 1.4
industry,41,2017-18,median_time_lost,weeks,7.606579566258876,False,False,Table 1.5
industry,41,2018-19,claim_count,claims,3262.0,False,False,Table 1.1
industry,41,2018-19,frequency_rate,claims per million hours worked,6.199741687518189,False,False,Table 1.2
industry,41,2018-19,incidence_rate,"claims per 1,000 employees",7.853115766896512,False,False,Table 1.3
industry,41,2018-19,median_compensation,AUD,12348.0,False,False,Table 1.4
industry,41,2018-19,median_time_lost,weeks,8.773214285714285,False,False,Table 1.5
industry,41,2019-20,claim_count,claims,3275.0,False,False,Table 1.1
industry,41,2019-20,frequency_rate,claims per million hours worked,6.7126844367739835,False,False,Table 1.2
industry,41,2019-20,incidence_rate,"claims per 1,000 employees",8.207541141689786,False,False,Table 1.3
industry,41,2019-20,median_compensation,AUD,13862.0,False,False,Table 1.4
industry,41,2019-20,median_time_lost,weeks,8.632352941176471,False,False,Table 1.5
industry,41,2020-21,claim_count,claims,3552.0,False,False,Table 1.1
industry,41,2020-21,frequency_rate,claims per million hours worked,7.097957118500076,False,False,Table 1.2
industry,41,2020-21,incidence_rate,"claims per 1,000 employees",8.717195554593204,False,False,Table 1.3
industry,41,2020-21,median_compensation,AUD,14422.0,False,False,Table 1.4
industry,41,2020-21,median_time_lost,weeks,9.189066346153846,False,False,Table 1.5
industry,41,2021-22,claim_count,claims,4373.0,False,False,Table 1.1
industry,41,2021-22,frequency_rate,claims per million hours worked,8.491975407566658,False,False,Table 1.2
industry,41,2021-22,incidence_rate,"claims per 1,000 employees",10.272643354963767,False,False,Table 1.3
industry,41,2021-22,median_compensation,AUD,7388.0,False,False,Table 1.4
industry,41,2021-22,median_time_lost,weeks,5.0,False,False,Table 1.5
industry,41,2022-23,claim_count,claims,3787.0,False,False,Table 1.1
industry,41,2022-23,frequency_rate,claims per million hours worked,6.9657916225877115,False,False,Table 1.2
industry,41,2022-23,incidence_rate,"claims per 1,000 employees",8.678256657757816,False,False,Table 1.3
industry,41,2022-23,median_compensation,AUD,12659.0,False,False,Table 1.4
industry,41,2022-23,median_time_lost,weeks,7.578947368421052,False,False,Table 1.5
industry,41,2023-24,claim_count,claims,3617.0,False,True,Table 1.1
industry,41,2023-24,frequency_rate,claims per million hours worked,6.996977121249556,False,True,Table 1.2
industry,41,2023-24,incidence_rate,"claims per 1,000 employees",8.506010434905036,False,True,Table 1.3
industry,41,2023-24,median_compensation,AUD,,True,True,Table 1.4
industry,41,2023-24,median_time_lost,weeks,,True,True,Table 1.5
industry,42,2014-15,claim_count,claims,3422.0,False,False,Table 1.1
industry,42,2014-15,frequency_rate,claims per million hours worked,3.9273947895174546,False,False,Table 1.2
industry,42,2014-15,incidence_rate,"claims per 1,000 employees",5.395478333040322,False,False,Table 1.3
industry,42,2014-15,median_compensation,AUD,9777.0,False,False,Table 1.4
industry,42,2014-15,median_time_lost,weeks,5.600067264573991,False,False,Table 1.5
industry,42,2015-16,claim_count,claims,3369.0,False,False,Table 1.1
industry,42,2015-16,frequency_rate,claims per million hours worked,3.7278507674011654,False,False,Table 1.2
industry,42,2015-16,incidence_rate,"claims per 1,000 employees",5.046080352608276,False,False,Table 1.3
industry,42,2015-16,median_compensation,AUD,11085.5,False,False,Table 1.4
industry,42,2015-16,median_time_lost,weeks,5.8,False,False,Table 1.5
industry,42,2016-17,claim_count,claims,3479.0,False,False,Table 1.1
industry,42,2016-17,frequency_rate,claims per million hours worked,4.135986068502437,False,False,Table 1.2
industry,42,2016-17,incidence_rate,"claims per 1,000 employees",5.609719327058283,False,False,Table 1.3
industry,42,2016-17,median_compensation,AUD,12338.5,False,False,Table 1.4
industry,42,2016-17,median_time_lost,weeks,6.514285714285714,False,False,Table 1.5
industry,42,2017-18,claim_count,claims,3414.0,False,False,Table 1.1
industry,42,2017-18,frequency_rate,claims per million hours worked,3.5506216461346853,False,False,Table 1.2
industry,42,2017-18,incidence_rate,"claims per 1,000 employees",4.873805453659598,False,False,Table 1.3
industry,42,2017-18,median_compensation,AUD,12208.0,False,False,Table 1.4
industry,42,2017-18,median_time_lost,weeks,6.8,False,False,Table 1.5
industry,42,2018-19,claim_count,claims,3720.0,False,False,Table 1.1
industry,42,2018-19,frequency_rate,claims per million hours worked,3.9933440280109678,False,False,Table 1.2
industry,42,2018-19,incidence_rate,"claims per 1,000 employees",5.39800153808733,False,False,Table 1.3
industry,42,2018-19,median_compensation,AUD,13490.0,False,False,Table 1.4
industry,42,2018-19,median_time_lost,weeks,7.7894736842105265,False,False,Table 1.5
industry,42,2019-20,claim_count,claims,3786.0,False,False,Table 1.1
industry,42,2019-20,frequency_rate,claims per million hours worked,4.183052609294996,False,False,Table 1.2
industry,42,2019-20,incidence_rate,"claims per 1,000 employees",5.701424618986916,False,False,Table 1.3
industry,42,2019-20,median_compensation,AUD,13206.5,False,False,Table 1.4
industry,42,2019-20,median_time_lost,weeks,8.0,False,False,Table 1.5
industry,42,2020-21,claim_count,claims,3853.0,False,False,Table 1.1
industry,42,2020-21,frequency_rate,claims per million hours worked,3.9232506452599836,False,False,Table 1.2
industry,42,2020-21,incidence_rate,"claims per 1,000 employees",5.342795196243778,False,False,Table 1.3
industry,42,2020-21,median_compensation,AUD,13595.0,False,False,Table 1.4
industry,42,2020-21,median_time_lost,weeks,8.075,False,False,Table 1.5
industry,42,2021-22,claim_count,claims,3707.0,False,False,Table 1.1
industry,42,2021-22,frequency_rate,claims per million hours worked,4.080569668649321,False,False,Table 1.2
industry,42,2021-22,incidence_rate,"claims per 1,000 employees",5.496467578102223,False,False,Table 1.3
industry,42,2021-22,median_compensation,AUD,13499.0,False,False,Table 1.4
industry,42,2021-22,median_time_lost,weeks,7.947368421052632,False,False,Table 1.5
industry,42,2022-23,claim_count,claims,4488.0,False,False,Table 1.1
industry,42,2022-23,frequency_rate,claims per million hours worked,4.464331804372828,False,False,Table 1.2
industry,42,2022-23,incidence_rate,"claims per 1,000 employees",5.966298364000962,False,False,Table 1.3
industry,42,2022-23,median_compensation,AUD,15698.0,False,False,Table 1.4
industry,42,2022-23,median_time_lost,weeks,8.034507309941521,False,False,Table 1.5
industry,42,2023-24,claim_count,claims,4698.0,False,True,Table 1.1
industry,42,2023-24,frequency_rate,claims per million hours worked,4.619226033664612,False,True,Table 1.2
industry,42,2023-24,incidence_rate,"claims per 1,000 employees",6.1706031991838275,False,True,Table 1.3
industry,42,2023-24,median_compensation,AUD,,True,True,Table 1.4
industry,42,2023-24,median_time_lost,weeks,,True,True,Table 1.5
industry,43,2014-15,claim_count,claims,52.0,False,False,Table 1.1
industry,43,2014-15,frequency_rate,claims per million hours worked,2.475887319408588,False,False,Table 1.2
industry,43,2014-15,incidence_rate,"claims per 1,000 employees",4.312639243894168,False,False,Table 1.3
industry,43,2014-15,median_compensation,AUD,9613.0,False,False,Table 1.4
industry,43,2014-15,median_time_lost,weeks,4.3,False,False,Table 1.5
industry,43,2015-16,claim_count,claims,76.0,False,False,Table 1.1
industry,43,2015-16,frequency_rate,claims per million hours worked,3.613161196195061,False,False,Table 1.2
industry,43,2015-16,incidence_rate,"claims per 1,000 employees",6.0855147231096955,False,False,Table 1.3
industry,43,2015-16,median_compensation,AUD,13409.0,False,False,Table 1.4
industry,43,2015-16,median_time_lost,weeks,6.638486842105263,False,False,Table 1.5
industry,43,2016-17,claim_count,claims,66.0,False,False,Table 1.1
industry,43,2016-17,frequency_rate,claims per million hours worked,5.173180090548952,False,False,Table 1.2
industry,43,2016-17,incidence_rate,"claims per 1,000 employees",7.162730996163981,False,False,Table 1.3
industry,43,2016-17,median_compensation,AUD,16560.0,False,False,Table 1.4
industry,43,2016-17,median_time_lost,weeks,9.773684210526316,False,False,Table 1.5
industry,43,2017-18,claim_count,claims,62.0,False,False,Table 1.1
industry,43,2017-18,frequency_rate,claims per million hours worked,2.946909178177603,False,False,Table 1.2
industry,43,2017-18,incidence_rate,"claims per 1,000 employees",5.217406213271066,False,False,Table 1.3
industry,43,2017-18,median_compensation,AUD,17690.0,False,False,Table 1.4
industry,43,2017-18,median_time_lost,weeks,10.093661618164036,False,False,Table 1.5
industry,43,2018-19,claim_count,claims,62.0,False,False,Table 1.1
industry,43,2018-19,frequency_rate,claims per million hours worked,1.9284287458444516,False,False,Table 1.2
industry,43,2018-19,incidence_rate,"claims per 1,000 employees",3.2082599162265364,False,False,Table 1.3
industry,43,2018-19,median_compensation,AUD,21399.0,False,False,Table 1.4
industry,43,2018-19,median_time_lost,weeks,11.100000000000001,False,False,Table 1.5
industry,43,2019-20,claim_count,claims,82.0,False,False,Table 1.1
industry,43,2019-20,frequency_rate,claims per million hours worked,2.575919620138476,False,False,Table 1.2
industry,43,2019-20,incidence_rate,"claims per 1,000 employees",3.849157613079963,False,False,Table 1.3
industry,43,2019-20,median_compensation,AUD,16734.0,False,False,Table 1.4
industry,43,2019-20,median_time_lost,weeks,10.2,False,False,Table 1.5
industry,43,2020-21,claim_count,claims,113.0,False,False,Table 1.1
industry,43,2020-21,frequency_rate,claims per million hours worked,3.867926909129813,False,False,Table 1.2
industry,43,2020-21,incidence_rate,"claims per 1,000 employees",6.552515593852299,False,False,Table 1.3
industry,43,2020-21,median_compensation,AUD,23537.0,False,False,Table 1.4
industry,43,2020-21,median_time_lost,weeks,10.742954808494604,False,False,Table 1.5
industry,43,2021-22,claim_count,claims,172.0,False,False,Table 1.1
industry,43,2021-22,frequency_rate,claims per million hours worked,4.324053171573906,False,False,Table 1.2
industry,43,2021-22,incidence_rate,"claims per 1,000 employees",6.782511027569371,False,False,Table 1.3
industry,43,2021-22,median_compensation,AUD,14132.0,False,False,Table 1.4
industry,43,2021-22,median_time_lost,weeks,8.0,False,False,Table 1.5
industry,43,2022-23,claim_count,claims,191.0,False,False,Table 1.1
industry,43,2022-23,frequency_rate,claims per million hours worked,4.252105216045501,False,False,Table 1.2
industry,43,2022-23,incidence_rate,"claims per 1,000 employees",6.817170400941694,False,False,Table 1.3
industry,43,2022-23,median_compensation,AUD,18401.0,False,False,Table 1.4
industry,43,2022-23,median_time_lost,weeks,8.671675,False,False,Table 1.5
industry,43,2023-24,claim_count,claims,225.0,False,True,Table 1.1
industry,43,2023-24,frequency_rate,claims per million hours worked,4.566709262556932,False,True,Table 1.2
industry,43,2023-24,incidence_rate,"claims per 1,000 employees",7.584717617395468,False,True,Table 1.3
industry,43,2023-24,median_compensation,AUD,,True,True,Table 1.4
industry,43,2023-24,median_time_lost,weeks,,True,True,Table 1.5
industry,44,2014-15,claim_count,claims,1435.0,False,False,Table 1.1
industry,44,2014-15,frequency_rate,claims per million hours worked,8.134443173802289,False,False,Table 1.2
industry,44,2014-15,incidence_rate,"claims per 1,000 employees",12.559265632481885,False,False,Table 1.3
industry,44,2014-15,median_compensation,AUD,5455.5,False,False,Table 1.4
industry,44,2014-15,median_time_lost,weeks,4.421052631578948,False,False,Table 1.5
industry,44,2015-16,claim_count,claims,1389.0,False,False,Table 1.1
industry,44,2015-16,frequency_rate,claims per million hours worked,8.660962326720671,False,False,Table 1.2
industry,44,2015-16,incidence_rate,"claims per 1,000 employees",13.232517264685514,False,False,Table 1.3
industry,44,2015-16,median_compensation,AUD,6682.0,False,False,Table 1.4
industry,44,2015-16,median_time_lost,weeks,5.2,False,False,Table 1.5
industry,44,2016-17,claim_count,claims,1376.0,False,False,Table 1.1
industry,44,2016-17,frequency_rate,claims per million hours worked,8.256708364628816,False,False,Table 1.2
industry,44,2016-17,incidence_rate,"claims per 1,000 employees",12.329372470734635,False,False,Table 1.3
industry,44,2016-17,median_compensation,AUD,7245.0,False,False,Table 1.4
industry,44,2016-17,median_time_lost,weeks,4.800029814034957,False,False,Table 1.5
industry,44,2017-18,claim_count,claims,1362.0,False,False,Table 1.1
industry,44,2017-18,frequency_rate,claims per million hours worked,7.961737979966933,False,False,Table 1.2
industry,44,2017-18,incidence_rate,"claims per 1,000 employees",12.551332164084256,False,False,Table 1.3
industry,44,2017-18,median_compensation,AUD,7831.5,False,False,Table 1.4
industry,44,2017-18,median_time_lost,weeks,5.186719780646163,False,False,Table 1.5
industry,44,2018-19,claim_count,claims,1411.0,False,False,Table 1.1
industry,44,2018-19,frequency_rate,claims per million hours worked,8.476641728179837,False,False,Table 1.2
industry,44,2018-19,incidence_rate,"claims per 1,000 employees",13.059597916861849,False,False,Table 1.3
industry,44,2018-19,median_compensation,AUD,8171.0,False,False,Table 1.4
industry,44,2018-19,median_time_lost,weeks,5.199999999999999,False,False,Table 1.5
industry,44,2019-20,claim_count,claims,1405.0,False,False,Table 1.1
industry,44,2019-20,frequency_rate,claims per million hours worked,12.595894466140315,False,False,Table 1.2
industry,44,2019-20,incidence_rate,"claims per 1,000 employees",16.722788117774744,False,False,Table 1.3
industry,44,2019-20,median_compensation,AUD,7987.0,False,False,Table 1.4
industry,44,2019-20,median_time_lost,weeks,5.4,False,False,Table 1.5
industry,44,2020-21,claim_count,claims,1374.0,False,False,Table 1.1
industry,44,2020-21,frequency_rate,claims per million hours worked,11.974663565224539,False,False,Table 1.2
industry,44,2020-21,incidence_rate,"claims per 1,000 employees",17.144724427920778,False,False,Table 1.3
industry,44,2020-21,median_compensation,AUD,8784.0,False,False,Table 1.4
industry,44,2020-21,median_time_lost,weeks,6.040026431950942,False,False,Table 1.5
industry,44,2021-22,claim_count,claims,1379.0,False,False,Table 1.1
industry,44,2021-22,frequency_rate,claims per million hours worked,10.733652914073932,False,False,Table 1.2
industry,44,2021-22,incidence_rate,"claims per 1,000 employees",14.740547986734551,False,False,Table 1.3
industry,44,2021-22,median_compensation,AUD,7853.5,False,False,Table 1.4
industry,44,2021-22,median_time_lost,weeks,5.208905306244696,False,False,Table 1.5
industry,44,2022-23,claim_count,claims,1593.0,False,False,Table 1.1
industry,44,2022-23,frequency_rate,claims per million hours worked,10.900990893509807,False,False,Table 1.2
industry,44,2022-23,incidence_rate,"claims per 1,000 employees",15.52877785232434,False,False,Table 1.3
industry,44,2022-23,median_compensation,AUD,9554.0,False,False,Table 1.4
industry,44,2022-23,median_time_lost,weeks,5.6000000000000005,False,False,Table 1.5
industry,44,2023-24,claim_count,claims,1727.0,False,True,Table 1.1
industry,44,2023-24,frequency_rate,claims per million hours worked,12.363943407592684,False,True,Table 1.2
industry,44,2023-24,incidence_rate,"claims per 1,000 employees",17.314020986217464,False,True,Table 1.3
industry,44,2023-24,median_compensation,AUD,,True,True,Table 1.4
industry,44,2023-24,median_time_lost,weeks,,True,True,Table 1.5
industry,45,2014-15,claim_count,claims,4773.0,False,False,Table 1.1
industry,45,2014-15,frequency_rate,claims per million hours worked,5.488504857758749,False,False,Table 1.2
industry,45,2014-15,incidence_rate,"claims per 1,000 employees",6.725035790241771,False,False,Table 1.3
industry,45,2014-15,median_compensation,AUD,5351.5,False,False,Table 1.4
industry,45,2014-15,median_time_lost,weeks,4.0,False,False,Table 1.5
industry,45,2015-16,claim_count,claims,4627.0,False,False,Table 1.1
industry,45,2015-16,frequency_rate,claims per million hours worked,5.225866236120809,False,False,Table 1.2
industry,45,2015-16,incidence_rate,"claims per 1,000 employees",6.291883282013184,False,False,Table 1.3
industry,45,2015-16,median_compensation,AUD,6345.5,False,False,Table 1.4
industry,45,2015-16,median_time_lost,weeks,4.7894736842105265,False,False,Table 1.5
industry,45,2016-17,claim_count,claims,4586.0,False,False,Table 1.1
industry,45,2016-17,frequency_rate,claims per million hours worked,4.941243731780467,False,False,Table 1.2
industry,45,2016-17,incidence_rate,"claims per 1,000 employees",6.094835638519398,False,False,Table 1.3
industry,45,2016-17,median_compensation,AUD,7254.0,False,False,Table 1.4
industry,45,2016-17,median_time_lost,weeks,4.255729563269877,False,False,Table 1.5
industry,45,2017-18,claim_count,claims,4542.0,False,False,Table 1.1
industry,45,2017-18,frequency_rate,claims per million hours worked,4.708608120185865,False,False,Table 1.2
industry,45,2017-18,incidence_rate,"claims per 1,000 employees",5.674725565263852,False,False,Table 1.3
industry,45,2017-18,median_compensation,AUD,7467.0,False,False,Table 1.4
industry,45,2017-18,median_time_lost,weeks,4.6,False,False,Table 1.5
industry,45,2018-19,claim_count,claims,4865.0,False,False,Table 1.1
industry,45,2018-19,frequency_rate,claims per million hours worked,5.039202981543796,False,False,Table 1.2
industry,45,2018-19,incidence_rate,"claims per 1,000 employees",6.059211161850555,False,False,Table 1.3
industry,45,2018-19,median_compensation,AUD,7674.0,False,False,Table 1.4
industry,45,2018-19,median_time_lost,weeks,4.741971351952384,False,False,Table 1.5
industry,45,2019-20,claim_count,claims,4849.0,False,False,Table 1.1
industry,45,2019-20,frequency_rate,claims per million hours worked,5.467016270381381,False,False,Table 1.2
industry,45,2019-20,incidence_rate,"claims per 1,000 employees",6.303279997856135,False,False,Table 1.3
industry,45,2019-20,median_compensation,AUD,7834.0,False,False,Table 1.4
industry,45,2019-20,median_time_lost,weeks,4.743643643643644,False,False,Table 1.5
industry,45,2020-21,claim_count,claims,5522.0,False,False,Table 1.1
industry,45,2020-21,frequency_rate,claims per million hours worked,6.3841789957804,False,False,Table 1.2
industry,45,2020-21,incidence_rate,"claims per 1,000 employees",7.278090505272754,False,False,Table 1.3
industry,45,2020-21,median_compensation,AUD,7428.0,False,False,Table 1.4
industry,45,2020-21,median_time_lost,weeks,4.742708333333333,False,False,Table 1.5
industry,45,2021-22,claim_count,claims,5804.0,False,False,Table 1.1
industry,45,2021-22,frequency_rate,claims per million hours worked,6.71302811493423,False,False,Table 1.2
industry,45,2021-22,incidence_rate,"claims per 1,000 employees",7.422121308734714,False,False,Table 1.3
industry,45,2021-22,median_compensation,AUD,6255.0,False,False,Table 1.4
industry,45,2021-22,median_time_lost,weeks,4.0,False,False,Table 1.5
industry,45,2022-23,claim_count,claims,6022.0,False,False,Table 1.1
industry,45,2022-23,frequency_rate,claims per million hours worked,5.844717338246394,False,False,Table 1.2
industry,45,2022-23,incidence_rate,"claims per 1,000 employees",7.023249397707554,False,False,Table 1.3
industry,45,2022-23,median_compensation,AUD,9440.0,False,False,Table 1.4
industry,45,2022-23,median_time_lost,weeks,5.2,False,False,Table 1.5
industry,45,2023-24,claim_count,claims,6150.0,False,True,Table 1.1
industry,45,2023-24,frequency_rate,claims per million hours worked,6.242698763630845,False,True,Table 1.2
industry,45,2023-24,incidence_rate,"claims per 1,000 employees",7.242705684327198,False,True,Table 1.3
industry,45,2023-24,median_compensation,AUD,,True,True,Table 1.4
industry,45,2023-24,median_time_lost,weeks,,True,True,Table 1.5
industry,46,2014-15,claim_count,claims,4227.0,False,False,Table 1.1
industry,46,2014-15,frequency_rate,claims per million hours worked,9.972964307560067,False,False,Table 1.2
industry,46,2014-15,incidence_rate,"claims per 1,000 employees",20.383229298932694,False,False,Table 1.3
industry,46,2014-15,median_compensation,AUD,15027.5,False,False,Table 1.4
industry,46,2014-15,median_time_lost,weeks,7.7894736842105265,False,False,Table 1.5
industry,46,2015-16,claim_count,claims,4058.0,False,False,Table 1.1
industry,46,2015-16,frequency_rate,claims per million hours worked,9.502762519672077,False,False,Table 1.2
industry,46,2015-16,incidence_rate,"claims per 1,000 employees",19.347048277946687,False,False,Table 1.3
industry,46,2015-16,median_compensation,AUD,17995.0,False,False,Table 1.4
industry,46,2015-16,median_time_lost,weeks,9.179276315789473,False,False,Table 1.5
industry,46,2016-17,claim_count,claims,4155.0,False,False,Table 1.1
industry,46,2016-17,frequency_rate,claims per million hours worked,9.968367957212093,False,False,Table 1.2
industry,46,2016-17,incidence_rate,"claims per 1,000 employees",20.40531543618022,False,False,Table 1.3
industry,46,2016-17,median_compensation,AUD,18262.0,False,False,Table 1.4
industry,46,2016-17,median_time_lost,weeks,9.0,False,False,Table 1.5
industry,46,2017-18,claim_count,claims,4209.0,False,False,Table 1.1
industry,46,2017-18,frequency_rate,claims per million hours worked,8.876039279996563,False,False,Table 1.2
industry,46,2017-18,incidence_rate,"claims per 1,000 employees",18.10849640095229,False,False,Table 1.3
industry,46,2017-18,median_compensation,AUD,20711.0,False,False,Table 1.4
industry,46,2017-18,median_time_lost,weeks,10.394736842105264,False,False,Table 1.5
industry,46,2018-19,claim_count,claims,4293.0,False,False,Table 1.1
industry,46,2018-19,frequency_rate,claims per million hours worked,9.366683925471184,False,False,Table 1.2
industry,46,2018-19,incidence_rate,"claims per 1,000 employees",18.439616787619713,False,False,Table 1.3
industry,46,2018-19,median_compensation,AUD,20991.5,False,False,Table 1.4
industry,46,2018-19,median_time_lost,weeks,9.4,False,False,Table 1.5
industry,46,2019-20,claim_count,claims,4328.0,False,False,Table 1.1
industry,46,2019-20,frequency_rate,claims per million hours worked,10.610232087301057,False,False,Table 1.2
industry,46,2019-20,incidence_rate,"claims per 1,000 employees",20.435811608539122,False,False,Table 1.3
industry,46,2019-20,median_compensation,AUD,23231.0,False,False,Table 1.4
industry,46,2019-20,median_time_lost,weeks,10.0,False,False,Table 1.5
industry,46,2020-21,claim_count,claims,4451.0,False,False,Table 1.1
industry,46,2020-21,frequency_rate,claims per million hours worked,9.955897375407234,False,False,Table 1.2
industry,46,2020-21,incidence_rate,"claims per 1,000 employees",19.31790478437694,False,False,Table 1.3
industry,46,2020-21,median_compensation,AUD,24229.0,False,False,Table 1.4
industry,46,2020-21,median_time_lost,weeks,11.605263157894736,False,False,Table 1.5
industry,46,2021-22,claim_count,claims,4632.0,False,False,Table 1.1
industry,46,2021-22,frequency_rate,claims per million hours worked,12.043468329602078,False,False,Table 1.2
industry,46,2021-22,incidence_rate,"claims per 1,000 employees",22.969776603995783,False,False,Table 1.3
industry,46,2021-22,median_compensation,AUD,21404.0,False,False,Table 1.4
industry,46,2021-22,median_time_lost,weeks,10.0,False,False,Table 1.5
industry,46,2022-23,claim_count,claims,4619.0,False,False,Table 1.1
industry,46,2022-23,frequency_rate,claims per million hours worked,11.158801165700902,False,False,Table 1.2
industry,46,2022-23,incidence_rate,"claims per 1,000 employees",22.002639746783206,False,False,Table 1.3
industry,46,2022-23,median_compensation,AUD,24137.0,False,False,Table 1.4
industry,46,2022-23,median_time_lost,weeks,10.7122,False,False,Table 1.5
industry,46,2023-24,claim_count,claims,4325.0,False,True,Table 1.1
industry,46,2023-24,frequency_rate,claims per million hours worked,9.808343260224358,False,True,Table 1.2
industry,46,2023-24,incidence_rate,"claims per 1,000 employees",18.803664343481717,False,True,Table 1.3
industry,46,2023-24,median_compensation,AUD,,True,True,Table 1.4
industry,46,2023-24,median_time_lost,weeks,,True,True,Table 1.5
industry,47,2014-15,claim_count,claims,448.0,False,False,Table 1.1
industry,47,2014-15,frequency_rate,claims per million hours worked,6.1884120345778735,False,False,Table 1.2
industry,47,2014-15,incidence_rate,"claims per 1,000 employees",12.176613121496539,False,False,Table 1.3
industry,47,2014-15,median_compensation,AUD,13971.5,False,False,Table 1.4
industry,47,2014-15,median_time_lost,weeks,4.8,False,False,Table 1.5
industry,47,2015-16,claim_count,claims,419.0,False,False,Table 1.1
industry,47,2015-16,frequency_rate,claims per million hours worked,5.167969117062875,False,False,Table 1.2
industry,47,2015-16,incidence_rate,"claims per 1,000 employees",10.064687824411916,False,False,Table 1.3
industry,47,2015-16,median_compensation,AUD,15217.0,False,False,Table 1.4
industry,47,2015-16,median_time_lost,weeks,5.8,False,False,Table 1.5
industry,47,2016-17,claim_count,claims,512.0,False,False,Table 1.1
industry,47,2016-17,frequency_rate,claims per million hours worked,6.577957782701532,False,False,Table 1.2
industry,47,2016-17,incidence_rate,"claims per 1,000 employees",12.337108498457207,False,False,Table 1.3
industry,47,2016-17,median_compensation,AUD,16743.5,False,False,Table 1.4
industry,47,2016-17,median_time_lost,weeks,5.696305030886408,False,False,Table 1.5
industry,47,2017-18,claim_count,claims,549.0,False,False,Table 1.1
industry,47,2017-18,frequency_rate,claims per million hours worked,6.695006619254941,False,False,Table 1.2
industry,47,2017-18,incidence_rate,"claims per 1,000 employees",13.155972465646736,False,False,Table 1.3
industry,47,2017-18,median_compensation,AUD,15662.0,False,False,Table 1.4
industry,47,2017-18,median_time_lost,weeks,5.3998481561822125,False,False,Table 1.5
industry,47,2018-19,claim_count,claims,580.0,False,False,Table 1.1
industry,47,2018-19,frequency_rate,claims per million hours worked,6.884336626089415,False,False,Table 1.2
industry,47,2018-19,incidence_rate,"claims per 1,000 employees",13.148344236016765,False,False,Table 1.3
industry,47,2018-19,median_compensation,AUD,18597.0,False,False,Table 1.4
industry,47,2018-19,median_time_lost,weeks,5.750860823811612,False,False,Table 1.5
industry,47,2019-20,claim_count,claims,508.0,False,False,Table 1.1
industry,47,2019-20,frequency_rate,claims per million hours worked,5.430008601295344,False,False,Table 1.2
industry,47,2019-20,incidence_rate,"claims per 1,000 employees",10.77800171212734,False,False,Table 1.3
industry,47,2019-20,median_compensation,AUD,21983.0,False,False,Table 1.4
industry,47,2019-20,median_time_lost,weeks,6.354605263157895,False,False,Table 1.5
industry,47,2020-21,claim_count,claims,626.0,False,False,Table 1.1
industry,47,2020-21,frequency_rate,claims per million hours worked,7.156885598500531,False,False,Table 1.2
industry,47,2020-21,incidence_rate,"claims per 1,000 employees",13.22218791266422,False,False,Table 1.3
industry,47,2020-21,median_compensation,AUD,27132.0,False,False,Table 1.4
industry,47,2020-21,median_time_lost,weeks,7.743421052631579,False,False,Table 1.5
industry,47,2021-22,claim_count,claims,874.0,False,False,Table 1.1
industry,47,2021-22,frequency_rate,claims per million hours worked,11.068582886035884,False,False,Table 1.2
industry,47,2021-22,incidence_rate,"claims per 1,000 employees",21.166294766880693,False,False,Table 1.3
industry,47,2021-22,median_compensation,AUD,11062.5,False,False,Table 1.4
industry,47,2021-22,median_time_lost,weeks,3.9425,False,False,Table 1.5
industry,47,2022-23,claim_count,claims,1005.0,False,False,Table 1.1
industry,47,2022-23,frequency_rate,claims per million hours worked,13.542717090092319,False,False,Table 1.2
industry,47,2022-23,incidence_rate,"claims per 1,000 employees",25.654586809776443,False,False,Table 1.3
industry,47,2022-23,median_compensation,AUD,17818.0,False,False,Table 1.4
industry,47,2022-23,median_time_lost,weeks,5.118421052631579,False,False,Table 1.5
industry,47,2023-24,claim_count,claims,907.0,False,True,Table 1.1
industry,47,2023-24,frequency_rate,claims per million hours worked,9.18590221555788,False,True,Table 1.2
industry,47,2023-24,incidence_rate,"claims per 1,000 employees",17.221436858649472,False,True,Table 1.3
industry,47,2023-24,median_compensation,AUD,,True,True,Table 1.4
industry,47,2023-24,median_time_lost,weeks,,True,True,Table 1.5
industry,48,2014-15,claim_count,claims,201.0,False,False,Table 1.1
industry,48,2014-15,frequency_rate,claims per million hours worked,12.930494629555932,False,False,Table 1.2
industry,48,2014-15,incidence_rate,"claims per 1,000 employees",24.494018568352764,False,False,Table 1.3
industry,48,2014-15,median_compensation,AUD,32111.0,False,False,Table 1.4
industry,48,2014-15,median_time_lost,weeks,12.0,False,False,Table 1.5
industry,48,2015-16,claim_count,claims,152.0,False,False,Table 1.1
industry,48,2015-16,frequency_rate,claims per million hours worked,18.773669240154195,False,False,Table 1.2
industry,48,2015-16,incidence_rate,"claims per 1,000 employees",34.03495857698636,False,False,Table 1.3
industry,48,2015-16,median_compensation,AUD,35380.0,False,False,Table 1.4
industry,48,2015-16,median_time_lost,weeks,9.834620394736842,False,False,Table 1.5
industry,48,2016-17,claim_count,claims,141.0,False,False,Table 1.1
industry,48,2016-17,frequency_rate,claims per million hours worked,11.333214975711751,False,False,Table 1.2
industry,48,2016-17,incidence_rate,"claims per 1,000 employees",20.42361045731702,False,False,Table 1.3
industry,48,2016-17,median_compensation,AUD,21284.0,False,False,Table 1.4
industry,48,2016-17,median_time_lost,weeks,8.075988095238095,False,False,Table 1.5
industry,48,2017-18,claim_count,claims,164.0,False,False,Table 1.1
industry,48,2017-18,frequency_rate,claims per million hours worked,11.66729394434504,False,False,Table 1.2
industry,48,2017-18,incidence_rate,"claims per 1,000 employees",22.632179682489127,False,False,Table 1.3
industry,48,2017-18,median_compensation,AUD,31182.0,False,False,Table 1.4
industry,48,2017-18,median_time_lost,weeks,10.912611842105264,False,False,Table 1.5
industry,48,2018-19,claim_count,claims,154.0,False,False,Table 1.1
industry,48,2018-19,frequency_rate,claims per million hours worked,12.162935059579384,False,False,Table 1.2
industry,48,2018-19,incidence_rate,"claims per 1,000 employees",24.09041996867314,False,False,Table 1.3
industry,48,2018-19,median_compensation,AUD,34198.5,False,False,Table 1.4
industry,48,2018-19,median_time_lost,weeks,12.142755952380952,False,False,Table 1.5
industry,48,2019-20,claim_count,claims,173.0,False,False,Table 1.1
industry,48,2019-20,frequency_rate,claims per million hours worked,11.302494642862332,False,False,Table 1.2
industry,48,2019-20,incidence_rate,"claims per 1,000 employees",20.088025009739063,False,False,Table 1.3
industry,48,2019-20,median_compensation,AUD,31613.0,False,False,Table 1.4
industry,48,2019-20,median_time_lost,weeks,12.03967857142857,False,False,Table 1.5
industry,48,2020-21,claim_count,claims,163.0,False,False,Table 1.1
industry,48,2020-21,frequency_rate,claims per million hours worked,10.87589635798699,False,False,Table 1.2
industry,48,2020-21,incidence_rate,"claims per 1,000 employees",19.536875597187503,False,False,Table 1.3
industry,48,2020-21,median_compensation,AUD,32698.0,False,False,Table 1.4
industry,48,2020-21,median_time_lost,weeks,10.857142857142858,False,False,Table 1.5
industry,48,2021-22,claim_count,claims,172.0,False,False,Table 1.1
industry,48,2021-22,frequency_rate,claims per million hours worked,12.262591281851249,False,False,Table 1.2
industry,48,2021-22,incidence_rate,"claims per 1,000 employees",20.212131307913573,False,False,Table 1.3
industry,48,2021-22,median_compensation,AUD,35582.5,False,False,Table 1.4
industry,48,2021-22,median_time_lost,weeks,13.068209586466166,False,False,Table 1.5
industry,48,2022-23,claim_count,claims,180.0,False,False,Table 1.1
industry,48,2022-23,frequency_rate,claims per million hours worked,13.780017271431188,False,False,Table 1.2
industry,48,2022-23,incidence_rate,"claims per 1,000 employees",23.627267237702103,False,False,Table 1.3
industry,48,2022-23,median_compensation,AUD,29360.0,False,False,Table 1.4
industry,48,2022-23,median_time_lost,weeks,10.804935185185183,False,False,Table 1.5
industry,48,2023-24,claim_count,claims,179.0,False,True,Table 1.1
industry,48,2023-24,frequency_rate,claims per million hours worked,12.55115707657733,False,True,Table 1.2
industry,48,2023-24,incidence_rate,"claims per 1,000 employees",24.556549856693955,False,True,Table 1.3
industry,48,2023-24,median_compensation,AUD,,True,True,Table 1.4
industry,48,2023-24,median_time_lost,weeks,,True,True,Table 1.5
industry,49,2014-15,claim_count,claims,678.0,False,False,Table 1.1
industry,49,2014-15,frequency_rate,claims per million hours worked,8.238668820291373,False,False,Table 1.2
industry,49,2014-15,incidence_rate,"claims per 1,000 employees",14.063912570876486,False,False,Table 1.3
industry,49,2014-15,median_compensation,AUD,12378.5,False,False,Table 1.4
industry,49,2014-15,median_time_lost,weeks,6.665000000000001,False,False,Table 1.5
industry,49,2015-16,claim_count,claims,573.0,False,False,Table 1.1
industry,49,2015-16,frequency_rate,claims per million hours worked,6.964065129992277,False,False,Table 1.2
industry,49,2015-16,incidence_rate,"claims per 1,000 employees",11.454658551660343,False,False,Table 1.3
industry,49,2015-16,median_compensation,AUD,14140.0,False,False,Table 1.4
industry,49,2015-16,median_time_lost,weeks,6.526315789473684,False,False,Table 1.5
industry,49,2016-17,claim_count,claims,557.0,False,False,Table 1.1
industry,49,2016-17,frequency_rate,claims per million hours worked,6.476331002950811,False,False,Table 1.2
industry,49,2016-17,incidence_rate,"claims per 1,000 employees",10.919611191032924,False,False,Table 1.3
industry,49,2016-17,median_compensation,AUD,11294.0,False,False,Table 1.4
industry,49,2016-17,median_time_lost,weeks,7.6,False,False,Table 1.5
industry,49,2017-18,claim_count,claims,542.0,False,False,Table 1.1
industry,49,2017-18,frequency_rate,claims per million hours worked,6.512580839535227,False,False,Table 1.2
industry,49,2017-18,incidence_rate,"claims per 1,000 employees",11.02500810700527,False,False,Table 1.3
industry,49,2017-18,median_compensation,AUD,14499.0,False,False,Table 1.4
industry,49,2017-18,median_time_lost,weeks,8.072592105263158,False,False,Table 1.5
industry,49,2018-19,claim_count,claims,581.0,False,False,Table 1.1
industry,49,2018-19,frequency_rate,claims per million hours worked,7.565789662604793,False,False,Table 1.2
industry,49,2018-19,incidence_rate,"claims per 1,000 employees",12.699437448712217,False,False,Table 1.3
industry,49,2018-19,median_compensation,AUD,19792.5,False,False,Table 1.4
industry,49,2018-19,median_time_lost,weeks,9.665048780487805,False,False,Table 1.5
industry,49,2019-20,claim_count,claims,551.0,False,False,Table 1.1
industry,49,2019-20,frequency_rate,claims per million hours worked,8.902146093849852,False,False,Table 1.2
industry,49,2019-20,incidence_rate,"claims per 1,000 employees",12.954938596993909,False,False,Table 1.3
industry,49,2019-20,median_compensation,AUD,20143.5,False,False,Table 1.4
industry,49,2019-20,median_time_lost,weeks,12.877500000000001,False,False,Table 1.5
industry,49,2020-21,claim_count,claims,210.0,False,False,Table 1.1
industry,49,2020-21,frequency_rate,claims per million hours worked,4.272853174749133,False,False,Table 1.2
industry,49,2020-21,incidence_rate,"claims per 1,000 employees",5.896360765162705,False,False,Table 1.3
industry,49,2020-21,median_compensation,AUD,27071.0,False,False,Table 1.4
industry,49,2020-21,median_time_lost,weeks,11.139170045275986,False,False,Table 1.5
industry,49,2021-22,claim_count,claims,269.0,False,False,Table 1.1
industry,49,2021-22,frequency_rate,claims per million hours worked,4.663488790095352,False,False,Table 1.2
industry,49,2021-22,incidence_rate,"claims per 1,000 employees",6.955279032825824,False,False,Table 1.3
industry,49,2021-22,median_compensation,AUD,10350.0,False,False,Table 1.4
industry,49,2021-22,median_time_lost,weeks,7.054317604867632,False,False,Table 1.5
industry,49,2022-23,claim_count,claims,495.0,False,False,Table 1.1
industry,49,2022-23,frequency_rate,claims per million hours worked,7.422007865318365,False,False,Table 1.2
industry,49,2022-23,incidence_rate,"claims per 1,000 employees",11.952768199611489,False,False,Table 1.3
industry,49,2022-23,median_compensation,AUD,8549.0,False,False,Table 1.4
industry,49,2022-23,median_time_lost,weeks,5.948206096574049,False,False,Table 1.5
industry,49,2023-24,claim_count,claims,445.0,False,True,Table 1.1
industry,49,2023-24,frequency_rate,claims per million hours worked,6.046516898310161,False,True,Table 1.2
industry,49,2023-24,incidence_rate,"claims per 1,000 employees",9.838572185006338,False,True,Table 1.3
industry,49,2023-24,median_compensation,AUD,,True,True,Table 1.4
industry,49,2023-24,median_time_lost,weeks,,True,True,Table 1.5
industry,50,2014-15,claim_count,claims,401.0,False,False,Table 1.1
industry,50,2014-15,frequency_rate,claims per million hours worked,11.527188213266806,False,False,Table 1.2
industry,50,2014-15,incidence_rate,"claims per 1,000 employees",20.820610507297424,False,False,Table 1.3
industry,50,2014-15,median_compensation,AUD,13177.0,False,False,Table 1.4
industry,50,2014-15,median_time_lost,weeks,4.723488602576809,False,False,Table 1.5
industry,50,2015-16,claim_count,claims,379.0,False,False,Table 1.1
industry,50,2015-16,frequency_rate,claims per million hours worked,11.305536087786175,False,False,Table 1.2
industry,50,2015-16,incidence_rate,"claims per 1,000 employees",20.728281791744095,False,False,Table 1.3
industry,50,2015-16,median_compensation,AUD,14355.5,False,False,Table 1.4
industry,50,2015-16,median_time_lost,weeks,4.9981677704194265,False,False,Table 1.5
industry,50,2016-17,claim_count,claims,300.0,False,False,Table 1.1
industry,50,2016-17,frequency_rate,claims per million hours worked,8.201987618044356,False,False,Table 1.2
industry,50,2016-17,incidence_rate,"claims per 1,000 employees",15.044431310860862,False,False,Table 1.3
industry,50,2016-17,median_compensation,AUD,17888.0,False,False,Table 1.4
industry,50,2016-17,median_time_lost,weeks,6.381337787856105,False,False,Table 1.5
industry,50,2017-18,claim_count,claims,352.0,False,False,Table 1.1
industry,50,2017-18,frequency_rate,claims per million hours worked,9.831784738681256,False,False,Table 1.2
industry,50,2017-18,incidence_rate,"claims per 1,000 employees",18.15745632479809,False,False,Table 1.3
industry,50,2017-18,median_compensation,AUD,16891.0,False,False,Table 1.4
industry,50,2017-18,median_time_lost,weeks,7.0,False,False,Table 1.5
industry,50,2018-19,claim_count,claims,275.0,False,False,Table 1.1
industry,50,2018-19,frequency_rate,claims per million hours worked,7.75583783171364,False,False,Table 1.2
industry,50,2018-19,incidence_rate,"claims per 1,000 employees",14.61135686982579,False,False,Table 1.3
industry,50,2018-19,median_compensation,AUD,19903.0,False,False,Table 1.4
industry,50,2018-19,median_time_lost,weeks,7.0,False,False,Table 1.5
industry,50,2019-20,claim_count,claims,210.0,False,False,Table 1.1
industry,50,2019-20,frequency_rate,claims per million hours worked,6.019606276771432,False,False,Table 1.2
industry,50,2019-20,incidence_rate,"claims per 1,000 employees",10.814241781619039,False,False,Table 1.3
industry,50,2019-20,median_compensation,AUD,19749.0,False,False,Table 1.4
industry,50,2019-20,median_time_lost,weeks,7.5789,False,False,Table 1.5
industry,50,2020-21,claim_count,claims,244.0,False,False,Table 1.1
industry,50,2020-21,frequency_rate,claims per million hours worked,7.112324679525117,False,False,Table 1.2
industry,50,2020-21,incidence_rate,"claims per 1,000 employees",12.082353807996286,False,False,Table 1.3
industry,50,2020-21,median_compensation,AUD,16033.0,False,False,Table 1.4
industry,50,2020-21,median_time_lost,weeks,6.64990253411306,False,False,Table 1.5
industry,50,2021-22,claim_count,claims,208.0,False,False,Table 1.1
industry,50,2021-22,frequency_rate,claims per million hours worked,5.261089683274368,False,False,Table 1.2
industry,50,2021-22,incidence_rate,"claims per 1,000 employees",9.124397495517352,False,False,Table 1.3
industry,50,2021-22,median_compensation,AUD,16536.0,False,False,Table 1.4
industry,50,2021-22,median_time_lost,weeks,6.298633675129788,False,False,Table 1.5
industry,50,2022-23,claim_count,claims,234.0,False,False,Table 1.1
industry,50,2022-23,frequency_rate,claims per million hours worked,5.889932217660021,False,False,Table 1.2
industry,50,2022-23,incidence_rate,"claims per 1,000 employees",11.003919833656198,False,False,Table 1.3
industry,50,2022-23,median_compensation,AUD,20142.0,False,False,Table 1.4
industry,50,2022-23,median_time_lost,weeks,6.552631578947368,False,False,Table 1.5
industry,50,2023-24,claim_count,claims,263.0,False,True,Table 1.1
industry,50,2023-24,frequency_rate,claims per million hours worked,6.884570967305312,False,True,Table 1.2
industry,50,2023-24,incidence_rate,"claims per 1,000 employees",12.85607472298239,False,True,Table 1.3
industry,50,2023-24,median_compensation,AUD,,True,True,Table 1.4
industry,50,2023-24,median_time_lost,weeks,,True,True,Table 1.5
industry,51,2014-15,claim_count,claims,968.0,False,False,Table 1.1
industry,51,2014-15,frequency_rate,claims per million hours worked,5.311401411897756,False,False,Table 1.2
industry,51,2014-15,incidence_rate,"claims per 1,000 employees",9.167212394606771,False,False,Table 1.3
industry,51,2014-15,median_compensation,AUD,14697.0,False,False,Table 1.4
industry,51,2014-15,median_time_lost,weeks,6.544836795442642,False,False,Table 1.5
industry,51,2015-16,claim_count,claims,967.0,False,False,Table 1.1
industry,51,2015-16,frequency_rate,claims per million hours worked,5.406003757423431,False,False,Table 1.2
industry,51,2015-16,incidence_rate,"claims per 1,000 employees",9.215288467999082,False,False,Table 1.3
industry,51,2015-16,median_compensation,AUD,15912.0,False,False,Table 1.4
industry,51,2015-16,median_time_lost,weeks,6.7894736842105265,False,False,Table 1.5
industry,51,2016-17,claim_count,claims,1017.0,False,False,Table 1.1
industry,51,2016-17,frequency_rate,claims per million hours worked,6.06462587061174,False,False,Table 1.2
industry,51,2016-17,incidence_rate,"claims per 1,000 employees",10.260448002813664,False,False,Table 1.3
industry,51,2016-17,median_compensation,AUD,16474.0,False,False,Table 1.4
industry,51,2016-17,median_time_lost,weeks,7.221052631578947,False,False,Table 1.5
industry,51,2017-18,claim_count,claims,1031.0,False,False,Table 1.1
industry,51,2017-18,frequency_rate,claims per million hours worked,5.982896342366594,False,False,Table 1.2
industry,51,2017-18,incidence_rate,"claims per 1,000 employees",10.55152445961333,False,False,Table 1.3
industry,51,2017-18,median_compensation,AUD,17831.0,False,False,Table 1.4
industry,51,2017-18,median_time_lost,weeks,7.84056529925741,False,False,Table 1.5
industry,51,2018-19,claim_count,claims,1168.0,False,False,Table 1.1
industry,51,2018-19,frequency_rate,claims per million hours worked,6.653469120418781,False,False,Table 1.2
industry,51,2018-19,incidence_rate,"claims per 1,000 employees",11.294656251258122,False,False,Table 1.3
industry,51,2018-19,median_compensation,AUD,16235.5,False,False,Table 1.4
industry,51,2018-19,median_time_lost,weeks,6.681398580145595,False,False,Table 1.5
industry,51,2019-20,claim_count,claims,1302.0,False,False,Table 1.1
industry,51,2019-20,frequency_rate,claims per million hours worked,7.484386519730987,False,False,Table 1.2
industry,51,2019-20,incidence_rate,"claims per 1,000 employees",12.819481122681147,False,False,Table 1.3
industry,51,2019-20,median_compensation,AUD,18830.5,False,False,Table 1.4
industry,51,2019-20,median_time_lost,weeks,8.394856061892174,False,False,Table 1.5
industry,51,2020-21,claim_count,claims,1486.0,False,False,Table 1.1
industry,51,2020-21,frequency_rate,claims per million hours worked,8.062852877179989,False,False,Table 1.2
industry,51,2020-21,incidence_rate,"claims per 1,000 employees",13.622961619890646,False,False,Table 1.3
industry,51,2020-21,median_compensation,AUD,17525.5,False,False,Table 1.4
industry,51,2020-21,median_time_lost,weeks,7.804926848742456,False,False,Table 1.5
industry,51,2021-22,claim_count,claims,1500.0,False,False,Table 1.1
industry,51,2021-22,frequency_rate,claims per million hours worked,8.268519568271241,False,False,Table 1.2
industry,51,2021-22,incidence_rate,"claims per 1,000 employees",13.657683954207249,False,False,Table 1.3
industry,51,2021-22,median_compensation,AUD,18528.0,False,False,Table 1.4
industry,51,2021-22,median_time_lost,weeks,8.554963044150297,False,False,Table 1.5
industry,51,2022-23,claim_count,claims,1459.0,False,False,Table 1.1
industry,51,2022-23,frequency_rate,claims per million hours worked,7.537554357842587,False,False,Table 1.2
industry,51,2022-23,incidence_rate,"claims per 1,000 employees",13.182618951934503,False,False,Table 1.3
industry,51,2022-23,median_compensation,AUD,19938.5,False,False,Table 1.4
industry,51,2022-23,median_time_lost,weeks,8.2,False,False,Table 1.5
industry,51,2023-24,claim_count,claims,1519.0,False,True,Table 1.1
industry,51,2023-24,frequency_rate,claims per million hours worked,8.167191350228952,False,True,Table 1.2
industry,51,2023-24,incidence_rate,"claims per 1,000 employees",13.321076962827071,False,True,Table 1.3
industry,51,2023-24,median_compensation,AUD,,True,True,Table 1.4
industry,51,2023-24,median_time_lost,weeks,,True,True,Table 1.5
industry,52,2014-15,claim_count,claims,1121.0,False,False,Table 1.1
industry,52,2014-15,frequency_rate,claims per million hours worked,9.506901493656539,False,False,Table 1.2
industry,52,2014-15,incidence_rate,"claims per 1,000 employees",17.814610062081083,False,False,Table 1.3
industry,52,2014-15,median_compensation,AUD,12313.5,False,False,Table 1.4
industry,52,2014-15,median_time_lost,weeks,5.2105263157894735,False,False,Table 1.5
industry,52,2015-16,claim_count,claims,1055.0,False,False,Table 1.1
industry,52,2015-16,frequency_rate,claims per million hours worked,8.258201308712136,False,False,Table 1.2
industry,52,2015-16,incidence_rate,"claims per 1,000 employees",15.562086614815867,False,False,Table 1.3
industry,52,2015-16,median_compensation,AUD,16964.5,False,False,Table 1.4
industry,52,2015-16,median_time_lost,weeks,6.8,False,False,Table 1.5
industry,52,2016-17,claim_count,claims,1137.0,False,False,Table 1.1
industry,52,2016-17,frequency_rate,claims per million hours worked,9.07493085069502,False,False,Table 1.2
industry,52,2016-17,incidence_rate,"claims per 1,000 employees",16.460771094938387,False,False,Table 1.3
industry,52,2016-17,median_compensation,AUD,17333.5,False,False,Table 1.4
industry,52,2016-17,median_time_lost,weeks,6.6,False,False,Table 1.5
industry,52,2017-18,claim_count,claims,1224.0,False,False,Table 1.1
industry,52,2017-18,frequency_rate,claims per million hours worked,9.174716552928723,False,False,Table 1.2
industry,52,2017-18,incidence_rate,"claims per 1,000 employees",17.10764786297564,False,False,Table 1.3
industry,52,2017-18,median_compensation,AUD,16921.0,False,False,Table 1.4
industry,52,2017-18,median_time_lost,weeks,7.0,False,False,Table 1.5
industry,52,2018-19,claim_count,claims,1294.0,False,False,Table 1.1
industry,52,2018-19,frequency_rate,claims per million hours worked,10.748927572706677,False,False,Table 1.2
industry,52,2018-19,incidence_rate,"claims per 1,000 employees",18.6870601024283,False,False,Table 1.3
industry,52,2018-19,median_compensation,AUD,18141.0,False,False,Table 1.4
industry,52,2018-19,median_time_lost,weeks,6.858052164952117,False,False,Table 1.5
industry,52,2019-20,claim_count,claims,1434.0,False,False,Table 1.1
industry,52,2019-20,frequency_rate,claims per million hours worked,11.824407835410963,False,False,Table 1.2
industry,52,2019-20,incidence_rate,"claims per 1,000 employees",21.15324367284787,False,False,Table 1.3
industry,52,2019-20,median_compensation,AUD,18922.0,False,False,Table 1.4
industry,52,2019-20,median_time_lost,weeks,8.0,False,False,Table 1.5
industry,52,2020-21,claim_count,claims,1272.0,False,False,Table 1.1
industry,52,2020-21,frequency_rate,claims per million hours worked,12.1529390659495,False,False,Table 1.2
industry,52,2020-21,incidence_rate,"claims per 1,000 employees",21.14462291888058,False,False,Table 1.3
industry,52,2020-21,median_compensation,AUD,20938.0,False,False,Table 1.4
industry,52,2020-21,median_time_lost,weeks,8.439895298636841,False,False,Table 1.5
industry,52,2021-22,claim_count,claims,1273.0,False,False,Table 1.1
industry,52,2021-22,frequency_rate,claims per million hours worked,10.527495451157646,False,False,Table 1.2
industry,52,2021-22,incidence_rate,"claims per 1,000 employees",18.39890253237142,False,False,Table 1.3
industry,52,2021-22,median_compensation,AUD,17238.0,False,False,Table 1.4
industry,52,2021-22,median_time_lost,weeks,7.047058823529412,False,False,Table 1.5
industry,52,2022-23,claim_count,claims,1622.0,False,False,Table 1.1
industry,52,2022-23,frequency_rate,claims per million hours worked,11.271315766171892,False,False,Table 1.2
industry,52,2022-23,incidence_rate,"claims per 1,000 employees",20.931838204441377,False,False,Table 1.3
industry,52,2022-23,median_compensation,AUD,20467.0,False,False,Table 1.4
industry,52,2022-23,median_time_lost,weeks,7.602631578947369,False,False,Table 1.5
industry,52,2023-24,claim_count,claims,1765.0,False,True,Table 1.1
industry,52,2023-24,frequency_rate,claims per million hours worked,10.911791763885942,False,True,Table 1.2
industry,52,2023-24,incidence_rate,"claims per 1,000 employees",19.884940326391956,False,True,Table 1.3
industry,52,2023-24,median_compensation,AUD,,True,True,Table 1.4
industry,52,2023-24,median_time_lost,weeks,,True,True,Table 1.5
industry,53,2014-15,claim_count,claims,800.0,False,False,Table 1.1
industry,53,2014-15,frequency_rate,claims per million hours worked,8.995545433821174,False,False,Table 1.2
industry,53,2014-15,incidence_rate,"claims per 1,000 employees",16.22924611559911,False,False,Table 1.3
industry,53,2014-15,median_compensation,AUD,14909.0,False,False,Table 1.4
industry,53,2014-15,median_time_lost,weeks,7.939309210526316,False,False,Table 1.5
industry,53,2015-16,claim_count,claims,602.0,False,False,Table 1.1
industry,53,2015-16,frequency_rate,claims per million hours worked,6.823652085052859,False,False,Table 1.2
industry,53,2015-16,incidence_rate,"claims per 1,000 employees",12.053819029627014,False,False,Table 1.3
industry,53,2015-16,median_compensation,AUD,16219.0,False,False,Table 1.4
industry,53,2015-16,median_time_lost,weeks,10.0,False,False,Table 1.5
industry,53,2016-17,claim_count,claims,587.0,False,False,Table 1.1
industry,53,2016-17,frequency_rate,claims per million hours worked,6.539184019224028,False,False,Table 1.2
industry,53,2016-17,incidence_rate,"claims per 1,000 employees",11.425746931506664,False,False,Table 1.3
industry,53,2016-17,median_compensation,AUD,21068.0,False,False,Table 1.4
industry,53,2016-17,median_time_lost,weeks,11.6,False,False,Table 1.5
industry,53,2017-18,claim_count,claims,634.0,False,False,Table 1.1
industry,53,2017-18,frequency_rate,claims per million hours worked,6.883665815390885,False,False,Table 1.2
industry,53,2017-18,incidence_rate,"claims per 1,000 employees",12.143114919533668,False,False,Table 1.3
industry,53,2017-18,median_compensation,AUD,18639.5,False,False,Table 1.4
industry,53,2017-18,median_time_lost,weeks,11.857159442724459,False,False,Table 1.5
industry,53,2018-19,claim_count,claims,718.0,False,False,Table 1.1
industry,53,2018-19,frequency_rate,claims per million hours worked,6.786476698075964,False,False,Table 1.2
industry,53,2018-19,incidence_rate,"claims per 1,000 employees",11.96547823868453,False,False,Table 1.3
industry,53,2018-19,median_compensation,AUD,18695.0,False,False,Table 1.4
industry,53,2018-19,median_time_lost,weeks,10.55,False,False,Table 1.5
industry,53,2019-20,claim_count,claims,752.0,False,False,Table 1.1
industry,53,2019-20,frequency_rate,claims per million hours worked,6.859204058649601,False,False,Table 1.2
industry,53,2019-20,incidence_rate,"claims per 1,000 employees",11.946927698787492,False,False,Table 1.3
industry,53,2019-20,median_compensation,AUD,18168.5,False,False,Table 1.4
industry,53,2019-20,median_time_lost,weeks,9.602631578947367,False,False,Table 1.5
industry,53,2020-21,claim_count,claims,794.0,False,False,Table 1.1
industry,53,2020-21,frequency_rate,claims per million hours worked,7.323971875674895,False,False,Table 1.2
industry,53,2020-21,incidence_rate,"claims per 1,000 employees",12.617224993997473,False,False,Table 1.3
industry,53,2020-21,median_compensation,AUD,18552.5,False,False,Table 1.4
industry,53,2020-21,median_time_lost,weeks,10.690355263157894,False,False,Table 1.5
industry,53,2021-22,claim_count,claims,969.0,False,False,Table 1.1
industry,53,2021-22,frequency_rate,claims per million hours worked,7.74100060391788,False,False,Table 1.2
industry,53,2021-22,incidence_rate,"claims per 1,000 employees",12.996801467234746,False,False,Table 1.3
industry,53,2021-22,median_compensation,AUD,19842.0,False,False,Table 1.4
industry,53,2021-22,median_time_lost,weeks,11.200000000000001,False,False,Table 1.5
industry,53,2022-23,claim_count,claims,1049.0,False,False,Table 1.1
industry,53,2022-23,frequency_rate,claims per million hours worked,7.04984259359069,False,False,Table 1.2
industry,53,2022-23,incidence_rate,"claims per 1,000 employees",12.167316551543927,False,False,Table 1.3
industry,53,2022-23,median_compensation,AUD,17434.0,False,False,Table 1.4
industry,53,2022-23,median_time_lost,weeks,10.0,False,False,Table 1.5
industry,53,2023-24,claim_count,claims,1011.0,False,True,Table 1.1
industry,53,2023-24,frequency_rate,claims per million hours worked,7.299716796389626,False,True,Table 1.2
industry,53,2023-24,incidence_rate,"claims per 1,000 employees",12.456557734578663,False,True,Table 1.3
industry,53,2023-24,median_compensation,AUD,,True,True,Table 1.4
industry,53,2023-24,median_time_lost,weeks,,True,True,Table 1.5
industry,54,2014-15,claim_count,claims,121.0,False,False,Table 1.1
industry,54,2014-15,frequency_rate,claims per million hours worked,2.3266837637976905,False,False,Table 1.2
industry,54,2014-15,incidence_rate,"claims per 1,000 employees",4.21751170946922,False,False,Table 1.3
industry,54,2014-15,median_compensation,AUD,14206.0,False,False,Table 1.4
industry,54,2014-15,median_time_lost,weeks,5.0,False,False,Table 1.5
industry,54,2015-16,claim_count,claims,96.0,False,False,Table 1.1
industry,54,2015-16,frequency_rate,claims per million hours worked,2.180667048227624,False,False,Table 1.2
industry,54,2015-16,incidence_rate,"claims per 1,000 employees",3.5843779058589895,False,False,Table 1.3
industry,54,2015-16,median_compensation,AUD,19275.5,False,False,Table 1.4
industry,54,2015-16,median_time_lost,weeks,8.556168679099663,False,False,Table 1.5
industry,54,2016-17,claim_count,claims,92.0,False,False,Table 1.1
industry,54,2016-17,frequency_rate,claims per million hours worked,2.6071658020950133,False,False,Table 1.2
industry,54,2016-17,incidence_rate,"claims per 1,000 employees",4.364395479797633,False,False,Table 1.3
industry,54,2016-17,median_compensation,AUD,15169.0,False,False,Table 1.4
industry,54,2016-17,median_time_lost,weeks,6.0,False,False,Table 1.5
industry,54,2017-18,claim_count,claims,91.0,False,False,Table 1.1
industry,54,2017-18,frequency_rate,claims per million hours worked,2.7409689487217745,False,False,Table 1.2
industry,54,2017-18,incidence_rate,"claims per 1,000 employees",4.4534395040992125,False,False,Table 1.3
industry,54,2017-18,median_compensation,AUD,17702.0,False,False,Table 1.4
industry,54,2017-18,median_time_lost,weeks,7.2,False,False,Table 1.5
industry,54,2018-19,claim_count,claims,66.0,False,False,Table 1.1
industry,54,2018-19,frequency_rate,claims per million hours worked,2.1512528905432657,False,False,Table 1.2
industry,54,2018-19,incidence_rate,"claims per 1,000 employees",3.6127911641967234,False,False,Table 1.3
industry,54,2018-19,median_compensation,AUD,14061.0,False,False,Table 1.4
industry,54,2018-19,median_time_lost,weeks,5.87599581398391,False,False,Table 1.5
industry,54,2019-20,claim_count,claims,91.0,False,False,Table 1.1
industry,54,2019-20,frequency_rate,claims per million hours worked,3.3117752223615957,False,False,Table 1.2
industry,54,2019-20,incidence_rate,"claims per 1,000 employees",5.489217508830373,False,False,Table 1.3
industry,54,2019-20,median_compensation,AUD,22074.0,False,False,Table 1.4
industry,54,2019-20,median_time_lost,weeks,8.2,False,False,Table 1.5
industry,54,2020-21,claim_count,claims,67.0,False,False,Table 1.1
industry,54,2020-21,frequency_rate,claims per million hours worked,2.6216842928868496,False,False,Table 1.2
industry,54,2020-21,incidence_rate,"claims per 1,000 employees",4.530868112759762,False,False,Table 1.3
industry,54,2020-21,median_compensation,AUD,16578.0,False,False,Table 1.4
industry,54,2020-21,median_time_lost,weeks,6.237766666666667,False,False,Table 1.5
industry,54,2021-22,claim_count,claims,53.0,False,False,Table 1.1
industry,54,2021-22,frequency_rate,claims per million hours worked,2.2050378675797355,False,False,Table 1.2
industry,54,2021-22,incidence_rate,"claims per 1,000 employees",3.4882725796440983,False,False,Table 1.3
industry,54,2021-22,median_compensation,AUD,15144.5,False,False,Table 1.4
industry,54,2021-22,median_time_lost,weeks,7.394736842105263,False,False,Table 1.5
industry,54,2022-23,claim_count,claims,62.0,False,False,Table 1.1
industry,54,2022-23,frequency_rate,claims per million hours worked,2.553921384344575,False,False,Table 1.2
industry,54,2022-23,incidence_rate,"claims per 1,000 employees",4.125945950417131,False,False,Table 1.3
industry,54,2022-23,median_compensation,AUD,22820.0,False,False,Table 1.4
industry,54,2022-23,median_time_lost,weeks,6.559210526315789,False,False,Table 1.5
industry,54,2023-24,claim_count,claims,59.0,False,True,Table 1.1
industry,54,2023-24,frequency_rate,claims per million hours worked,3.28145875835956,False,True,Table 1.2
industry,54,2023-24,incidence_rate,"claims per 1,000 employees",5.3243672523338414,False,True,Table 1.3
industry,54,2023-24,median_compensation,AUD,,True,True,Table 1.4
industry,54,2023-24,median_time_lost,weeks,,True,True,Table 1.5
industry,55,2014-15,claim_count,claims,116.0,False,False,Table 1.1
industry,55,2014-15,frequency_rate,claims per million hours worked,4.162817636239244,False,False,Table 1.2
industry,55,2014-15,incidence_rate,"claims per 1,000 employees",6.376551957314185,False,False,Table 1.3
industry,55,2014-15,median_compensation,AUD,8708.0,False,False,Table 1.4
industry,55,2014-15,median_time_lost,weeks,4.802631578947368,False,False,Table 1.5
industry,55,2015-16,claim_count,claims,114.0,False,False,Table 1.1
industry,55,2015-16,frequency_rate,claims per million hours worked,3.6620235301159263,False,False,Table 1.2
industry,55,2015-16,incidence_rate,"claims per 1,000 employees",5.702638053501573,False,False,Table 1.3
industry,55,2015-16,median_compensation,AUD,13550.5,False,False,Table 1.4
industry,55,2015-16,median_time_lost,weeks,5.2252125,False,False,Table 1.5
industry,55,2016-17,claim_count,claims,159.0,False,False,Table 1.1
industry,55,2016-17,frequency_rate,claims per million hours worked,4.849997133184842,False,False,Table 1.2
industry,55,2016-17,incidence_rate,"claims per 1,000 employees",7.625237853950526,False,False,Table 1.3
industry,55,2016-17,median_compensation,AUD,11089.0,False,False,Table 1.4
industry,55,2016-17,median_time_lost,weeks,5.8,False,False,Table 1.5
industry,55,2017-18,claim_count,claims,107.0,False,False,Table 1.1
industry,55,2017-18,frequency_rate,claims per million hours worked,2.903319903375955,False,False,Table 1.2
industry,55,2017-18,incidence_rate,"claims per 1,000 employees",4.511731371134931,False,False,Table 1.3
industry,55,2017-18,median_compensation,AUD,14724.0,False,False,Table 1.4
industry,55,2017-18,median_time_lost,weeks,6.8,False,False,Table 1.5
industry,55,2018-19,claim_count,claims,141.0,False,False,Table 1.1
industry,55,2018-19,frequency_rate,claims per million hours worked,4.142803955991429,False,False,Table 1.2
industry,55,2018-19,incidence_rate,"claims per 1,000 employees",5.862981034844813,False,False,Table 1.3
industry,55,2018-19,median_compensation,AUD,12979.0,False,False,Table 1.4
industry,55,2018-19,median_time_lost,weeks,5.6000000000000005,False,False,Table 1.5
industry,55,2019-20,claim_count,claims,130.0,False,False,Table 1.1
industry,55,2019-20,frequency_rate,claims per million hours worked,4.234238070529477,False,False,Table 1.2
industry,55,2019-20,incidence_rate,"claims per 1,000 employees",6.036821711424586,False,False,Table 1.3
industry,55,2019-20,median_compensation,AUD,14267.5,False,False,Table 1.4
industry,55,2019-20,median_time_lost,weeks,5.1,False,False,Table 1.5
industry,55,2020-21,claim_count,claims,247.0,False,False,Table 1.1
industry,55,2020-21,frequency_rate,claims per million hours worked,8.240298137235948,False,False,Table 1.2
industry,55,2020-21,incidence_rate,"claims per 1,000 employees",12.907991608255262,False,False,Table 1.3
industry,55,2020-21,median_compensation,AUD,10980.5,False,False,Table 1.4
industry,55,2020-21,median_time_lost,weeks,4.8,False,False,Table 1.5
industry,55,2021-22,claim_count,claims,344.0,False,False,Table 1.1
industry,55,2021-22,frequency_rate,claims per million hours worked,8.979989430236493,False,False,Table 1.2
industry,55,2021-22,incidence_rate,"claims per 1,000 employees",14.466809184068037,False,False,Table 1.3
industry,55,2021-22,median_compensation,AUD,3696.0,False,False,Table 1.4
industry,55,2021-22,median_time_lost,weeks,2.0,False,False,Table 1.5
industry,55,2022-23,claim_count,claims,260.0,False,False,Table 1.1
industry,55,2022-23,frequency_rate,claims per million hours worked,8.01105180174041,False,False,Table 1.2
industry,55,2022-23,incidence_rate,"claims per 1,000 employees",10.7173601777679,False,False,Table 1.3
industry,55,2022-23,median_compensation,AUD,19390.5,False,False,Table 1.4
industry,55,2022-23,median_time_lost,weeks,7.5,False,False,Table 1.5
industry,55,2023-24,claim_count,claims,165.0,False,True,Table 1.1
industry,55,2023-24,frequency_rate,claims per million hours worked,4.963053544116142,False,True,Table 1.2
industry,55,2023-24,incidence_rate,"claims per 1,000 employees",7.158268412110693,False,True,Table 1.3
industry,55,2023-24,median_compensation,AUD,,True,True,Table 1.4
industry,55,2023-24,median_time_lost,weeks,,True,True,Table 1.5
industry,56,2014-15,claim_count,claims,81.0,False,False,Table 1.1
industry,56,2014-15,frequency_rate,claims per million hours worked,1.5752637730864048,False,False,Table 1.2
industry,56,2014-15,incidence_rate,"claims per 1,000 employees",2.8678993893157227,False,False,Table 1.3
industry,56,2014-15,median_compensation,AUD,13273.0,False,False,Table 1.4
industry,56,2014-15,median_time_lost,weeks,7.0,False,False,Table 1.5
industry,56,2015-16,claim_count,claims,78.0,False,False,Table 1.1
industry,56,2015-16,frequency_rate,claims per million hours worked,1.6259355243943618,False,False,Table 1.2
industry,56,2015-16,incidence_rate,"claims per 1,000 employees",2.9331004535777114,False,False,Table 1.3
industry,56,2015-16,median_compensation,AUD,19940.0,False,False,Table 1.4
industry,56,2015-16,median_time_lost,weeks,6.0,False,False,Table 1.5
industry,56,2016-17,claim_count,claims,62.0,False,False,Table 1.1
industry,56,2016-17,frequency_rate,claims per million hours worked,1.1900937353089822,False,False,Table 1.2
industry,56,2016-17,incidence_rate,"claims per 1,000 employees",1.9764001486359142,False,False,Table 1.3
industry,56,2016-17,median_compensation,AUD,15562.5,False,False,Table 1.4
industry,56,2016-17,median_time_lost,weeks,6.5,False,False,Table 1.5
industry,56,2017-18,claim_count,claims,55.0,False,False,Table 1.1
industry,56,2017-18,frequency_rate,claims per million hours worked,1.0053114521897042,False,False,Table 1.2
industry,56,2017-18,incidence_rate,"claims per 1,000 employees",1.855633987975623,False,False,Table 1.3
industry,56,2017-18,median_compensation,AUD,14747.0,False,False,Table 1.4
industry,56,2017-18,median_time_lost,weeks,5.8108108108108105,False,False,Table 1.5
industry,56,2018-19,claim_count,claims,62.0,False,False,Table 1.1
industry,56,2018-19,frequency_rate,claims per million hours worked,1.129677898232427,False,False,Table 1.2
industry,56,2018-19,incidence_rate,"claims per 1,000 employees",1.9522267316142328,False,False,Table 1.3
industry,56,2018-19,median_compensation,AUD,16837.0,False,False,Table 1.4
industry,56,2018-19,median_time_lost,weeks,5.132028449098553,False,False,Table 1.5
industry,56,2019-20,claim_count,claims,59.0,False,False,Table 1.1
industry,56,2019-20,frequency_rate,claims per million hours worked,1.186326377936317,False,False,Table 1.2
industry,56,2019-20,incidence_rate,"claims per 1,000 employees",1.9856418153876485,False,False,Table 1.3
industry,56,2019-20,median_compensation,AUD,20892.0,False,False,Table 1.4
industry,56,2019-20,median_time_lost,weeks,7.8,False,False,Table 1.5
industry,56,2020-21,claim_count,claims,66.0,False,False,Table 1.1
industry,56,2020-21,frequency_rate,claims per million hours worked,1.440834615131005,False,False,Table 1.2
industry,56,2020-21,incidence_rate,"claims per 1,000 employees",2.522193665526069,False,False,Table 1.3
industry,56,2020-21,median_compensation,AUD,27629.0,False,False,Table 1.4
industry,56,2020-21,median_time_lost,weeks,8.159210526315789,False,False,Table 1.5
industry,56,2021-22,claim_count,claims,38.0,False,False,Table 1.1
industry,56,2021-22,frequency_rate,claims per million hours worked,0.8614217953306081,False,False,Table 1.2
industry,56,2021-22,incidence_rate,"claims per 1,000 employees",1.4577650889063465,False,False,Table 1.3
industry,56,2021-22,median_compensation,AUD,28198.5,False,False,Table 1.4
industry,56,2021-22,median_time_lost,weeks,10.297457301753067,False,False,Table 1.5
industry,56,2022-23,claim_count,claims,39.0,False,False,Table 1.1
industry,56,2022-23,frequency_rate,claims per million hours worked,0.7550868046614939,False,False,Table 1.2
industry,56,2022-23,incidence_rate,"claims per 1,000 employees",1.281795719473059,False,False,Table 1.3
industry,56,2022-23,median_compensation,AUD,31473.0,False,False,Table 1.4
industry,56,2022-23,median_time_lost,weeks,7.6000000000000005,False,False,Table 1.5
industry,56,2023-24,claim_count,claims,39.0,False,True,Table 1.1
industry,56,2023-24,frequency_rate,claims per million hours worked,0.8779270294843595,False,True,Table 1.2
industry,56,2023-24,incidence_rate,"claims per 1,000 employees",1.5178245656984548,False,True,Table 1.3
industry,56,2023-24,median_compensation,AUD,,True,True,Table 1.4
industry,56,2023-24,median_time_lost,weeks,,True,True,Table 1.5
industry,57,2014-15,claim_count,claims,,True,False,Table 1.1
industry,57,2014-15,frequency_rate,claims per million hours worked,,True,False,Table 1.2
industry,57,2014-15,incidence_rate,"claims per 1,000 employees",,True,False,Table 1.3
industry,57,2014-15,median_compensation,AUD,,True,False,Table 1.4
industry,57,2014-15,median_time_lost,weeks,,True,False,Table 1.5
industry,57,2015-16,claim_count,claims,,True,False,Table 1.1
industry,57,2015-16,frequency_rate,claims per million hours worked,,True,False,Table 1.2
industry,57,2015-16,incidence_rate,"claims per 1,000 employees",,True,False,Table 1.3
industry,57,2015-16,median_compensation,AUD,,True,False,Table 1.4
industry,57,2015-16,median_time_lost,weeks,,True,False,Table 1.5
industry,57,2016-17,claim_count,claims,,True,False,Table 1.1
industry,57,2016-17,frequency_rate,claims per million hours worked,,True,False,Table 1.2
industry,57,2016-17,incidence_rate,"claims per 1,000 employees",,True,False,Table 1.3
industry,57,2016-17,median_compensation,AUD,,True,False,Table 1.4
industry,57,2016-17,median_time_lost,weeks,,True,False,Table 1.5
industry,57,2017-18,claim_count,claims,,True,False,Table 1.1
industry,57,2017-18,frequency_rate,claims per million hours worked,,True,False,Table 1.2
industry,57,2017-18,incidence_rate,"claims per 1,000 employees",,True,False,Table 1.3
industry,57,2017-18,median_compensation,AUD,,True,False,Table 1.4
industry,57,2017-18,median_time_lost,weeks,,True,False,Table 1.5
industry,57,2018-19,claim_count,claims,,True,False,Table 1.1
industry,57,2018-19,frequency_rate,claims per million hours worked,,True,False,Table 1.2
industry,57,2018-19,incidence_rate,"claims per 1,000 employees",,True,False,Table 1.3
industry,57,2018-19,median_compensation,AUD,,True,False,Table 1.4
industry,57,2018-19,median_time_lost,weeks,,True,False,Table 1.5
industry,57,2019-20,claim_count,claims,5.0,False,False,Table 1.1
industry,57,2019-20,frequency_rate,claims per million hours worked,2.83096320497527,False,False,Table 1.2
industry,57,2019-20,incidence_rate,"claims per 1,000 employees",6.245191048558326,False,False,Table 1.3
industry,57,2019-20,median_compensation,AUD,21767.0,False,False,Table 1.4
industry,57,2019-20,median_time_lost,weeks,12.0,False,False,Table 1.5
industry,57,2020-21,claim_count,claims,,True,False,Table 1.1
industry,57,2020-21,frequency_rate,claims per million hours worked,,True,False,Table 1.2
industry,57,2020-21,incidence_rate,"claims per 1,000 employees",,True,False,Table 1.3
industry,57,2020-21,median_compensation,AUD,,True,False,Table 1.4
industry,57,2020-21,median_time_lost,weeks,,True,False,Table 1.5
industry,57,2021-22,claim_count,claims,,True,False,Table 1.1
industry,57,2021-22,frequency_rate,claims per million hours worked,,True,False,Table 1.2
industry,57,2021-22,incidence_rate,"claims per 1,000 employees",,True,False,Table 1.3
industry,57,2021-22,median_compensation,AUD,,True,False,Table 1.4
industry,57,2021-22,median_time_lost,weeks,,True,False,Table 1.5
industry,57,2022-23,claim_count,claims,,True,False,Table 1.1
industry,57,2022-23,frequency_rate,claims per million hours worked,,True,False,Table 1.2
industry,57,2022-23,incidence_rate,"claims per 1,000 employees",,True,False,Table 1.3
industry,57,2022-23,median_compensation,AUD,,True,False,Table 1.4
industry,57,2022-23,median_time_lost,weeks,,True,False,Table 1.5
industry,57,2023-24,claim_count,claims,,True,True,Table 1.1
industry,57,2023-24,frequency_rate,claims per million hours worked,,True,True,Table 1.2
industry,57,2023-24,incidence_rate,"claims per 1,000 employees",,True,True,Table 1.3
industry,57,2023-24,median_compensation,AUD,,True,True,Table 1.4
industry,57,2023-24,median_time_lost,weeks,,True,True,Table 1.5
industry,58,2014-15,claim_count,claims,212.0,False,False,Table 1.1
industry,58,2014-15,frequency_rate,claims per million hours worked,0.9657121197288793,False,False,Table 1.2
industry,58,2014-15,incidence_rate,"claims per 1,000 employees",1.8127822831953475,False,False,Table 1.3
industry,58,2014-15,median_compensation,AUD,20630.0,False,False,Table 1.4
industry,58,2014-15,median_time_lost,weeks,5.0647874999999996,False,False,Table 1.5
industry,58,2015-16,claim_count,claims,171.0,False,False,Table 1.1
industry,58,2015-16,frequency_rate,claims per million hours worked,0.796800481603013,False,False,Table 1.2
industry,58,2015-16,incidence_rate,"claims per 1,000 employees",1.4655328847354205,False,False,Table 1.3
industry,58,2015-16,median_compensation,AUD,18925.5,False,False,Table 1.4
industry,58,2015-16,median_time_lost,weeks,5.9,False,False,Table 1.5
industry,58,2016-17,claim_count,claims,155.0,False,False,Table 1.1
industry,58,2016-17,frequency_rate,claims per million hours worked,0.7123227975549423,False,False,Table 1.2
industry,58,2016-17,incidence_rate,"claims per 1,000 employees",1.2657942970745069,False,False,Table 1.3
industry,58,2016-17,median_compensation,AUD,16623.0,False,False,Table 1.4
industry,58,2016-17,median_time_lost,weeks,4.95,False,False,Table 1.5
industry,58,2017-18,claim_count,claims,160.0,False,False,Table 1.1
industry,58,2017-18,frequency_rate,claims per million hours worked,0.7299296886967507,False,False,Table 1.2
industry,58,2017-18,incidence_rate,"claims per 1,000 employees",1.3525147483120097,False,False,Table 1.3
industry,58,2017-18,median_compensation,AUD,34224.5,False,False,Table 1.4
industry,58,2017-18,median_time_lost,weeks,9.25,False,False,Table 1.5
industry,58,2018-19,claim_count,claims,142.0,False,False,Table 1.1
industry,58,2018-19,frequency_rate,claims per million hours worked,0.6510518368595483,False,False,Table 1.2
industry,58,2018-19,incidence_rate,"claims per 1,000 employees",1.2015471915107163,False,False,Table 1.3
industry,58,2018-19,median_compensation,AUD,22621.5,False,False,Table 1.4
industry,58,2018-19,median_time_lost,weeks,7.557543859649123,False,False,Table 1.5
industry,58,2019-20,claim_count,claims,136.0,False,False,Table 1.1
industry,58,2019-20,frequency_rate,claims per million hours worked,0.6913936204800103,False,False,Table 1.2
industry,58,2019-20,incidence_rate,"claims per 1,000 employees",1.230043674887333,False,False,Table 1.3
industry,58,2019-20,median_compensation,AUD,30355.0,False,False,Table 1.4
industry,58,2019-20,median_time_lost,weeks,9.115565789473685,False,False,Table 1.5
industry,58,2020-21,claim_count,claims,135.0,False,False,Table 1.1
industry,58,2020-21,frequency_rate,claims per million hours worked,0.7293023181306877,False,False,Table 1.2
industry,58,2020-21,incidence_rate,"claims per 1,000 employees",1.3311240844016587,False,False,Table 1.3
industry,58,2020-21,median_compensation,AUD,22513.0,False,False,Table 1.4
industry,58,2020-21,median_time_lost,weeks,6.3999999999999995,False,False,Table 1.5
industry,58,2021-22,claim_count,claims,134.0,False,False,Table 1.1
industry,58,2021-22,frequency_rate,claims per million hours worked,0.7661716454076575,False,False,Table 1.2
industry,58,2021-22,incidence_rate,"claims per 1,000 employees",1.370578237734244,False,False,Table 1.3
industry,58,2021-22,median_compensation,AUD,27857.5,False,False,Table 1.4
industry,58,2021-22,median_time_lost,weeks,10.698421552108147,False,False,Table 1.5
industry,58,2022-23,claim_count,claims,140.0,False,False,Table 1.1
industry,58,2022-23,frequency_rate,claims per million hours worked,0.8485563928787783,False,False,Table 1.2
industry,58,2022-23,incidence_rate,"claims per 1,000 employees",1.5316689997926256,False,False,Table 1.3
industry,58,2022-23,median_compensation,AUD,33978.5,False,False,Table 1.4
industry,58,2022-23,median_time_lost,weeks,11.024697110121156,False,False,Table 1.5
industry,58,2023-24,claim_count,claims,157.0,False,True,Table 1.1
industry,58,2023-24,frequency_rate,claims per million hours worked,0.9089708465342784,False,True,Table 1.2
industry,58,2023-24,incidence_rate,"claims per 1,000 employees",1.6251544866370404,False,True,Table 1.3
industry,58,2023-24,median_compensation,AUD,,True,True,Table 1.4
industry,58,2023-24,median_time_lost,weeks,,True,True,Table 1.5
industry,59,2014-15,claim_count,claims,21.0,False,False,Table 1.1
industry,59,2014-15,frequency_rate,claims per million hours worked,1.8011508277400943,False,False,Table 1.2
industry,59,2014-15,incidence_rate,"claims per 1,000 employees",3.5139308160880502,False,False,Table 1.3
industry,59,2014-15,median_compensation,AUD,27002.0,False,False,Table 1.4
industry,59,2014-15,median_time_lost,weeks,9.263157894736842,False,False,Table 1.5
industry,59,2015-16,claim_count,claims,33.0,False,False,Table 1.1
industry,59,2015-16,frequency_rate,claims per million hours worked,2.306348555555995,False,False,Table 1.2
industry,59,2015-16,incidence_rate,"claims per 1,000 employees",4.1758140381874655,False,False,Table 1.3
industry,59,2015-16,median_compensation,AUD,24031.0,False,False,Table 1.4
industry,59,2015-16,median_time_lost,weeks,7.605263157894737,False,False,Table 1.5
industry,59,2016-17,claim_count,claims,42.0,False,False,Table 1.1
industry,59,2016-17,frequency_rate,claims per million hours worked,3.79912667308475,False,False,Table 1.2
industry,59,2016-17,incidence_rate,"claims per 1,000 employees",6.902362853876612,False,False,Table 1.3
industry,59,2016-17,median_compensation,AUD,20893.5,False,False,Table 1.4
industry,59,2016-17,median_time_lost,weeks,11.485263157894737,False,False,Table 1.5
industry,59,2017-18,claim_count,claims,32.0,False,False,Table 1.1
industry,59,2017-18,frequency_rate,claims per million hours worked,2.8349159991633224,False,False,Table 1.2
industry,59,2017-18,incidence_rate,"claims per 1,000 employees",5.337483660056748,False,False,Table 1.3
industry,59,2017-18,median_compensation,AUD,22310.0,False,False,Table 1.4
industry,59,2017-18,median_time_lost,weeks,14.302631578947368,False,False,Table 1.5
industry,59,2018-19,claim_count,claims,28.0,False,False,Table 1.1
industry,59,2018-19,frequency_rate,claims per million hours worked,3.119685156488759,False,False,Table 1.2
industry,59,2018-19,incidence_rate,"claims per 1,000 employees",5.6356116599898884,False,False,Table 1.3
industry,59,2018-19,median_compensation,AUD,36826.0,False,False,Table 1.4
industry,59,2018-19,median_time_lost,weeks,13.561014121308357,False,False,Table 1.5
industry,59,2019-20,claim_count,claims,43.0,False,False,Table 1.1
industry,59,2019-20,frequency_rate,claims per million hours worked,3.923641330399093,False,False,Table 1.2
industry,59,2019-20,incidence_rate,"claims per 1,000 employees",7.14452099397609,False,False,Table 1.3
industry,59,2019-20,median_compensation,AUD,19935.5,False,False,Table 1.4
industry,59,2019-20,median_time_lost,weeks,7.500144672120366,False,False,Table 1.5
industry,59,2020-21,claim_count,claims,31.0,False,False,Table 1.1
industry,59,2020-21,frequency_rate,claims per million hours worked,2.7216375292562733,False,False,Table 1.2
industry,59,2020-21,incidence_rate,"claims per 1,000 employees",5.459519170733929,False,False,Table 1.3
industry,59,2020-21,median_compensation,AUD,43757.5,False,False,Table 1.4
industry,59,2020-21,median_time_lost,weeks,22.31492105263158,False,False,Table 1.5
industry,59,2021-22,claim_count,claims,31.0,False,False,Table 1.1
industry,59,2021-22,frequency_rate,claims per million hours worked,2.153622096026149,False,False,Table 1.2
industry,59,2021-22,incidence_rate,"claims per 1,000 employees",4.338935382708978,False,False,Table 1.3
industry,59,2021-22,median_compensation,AUD,28685.5,False,False,Table 1.4
industry,59,2021-22,median_time_lost,weeks,26.6,False,False,Table 1.5
industry,59,2022-23,claim_count,claims,37.0,False,False,Table 1.1
industry,59,2022-23,frequency_rate,claims per million hours worked,3.4222914182757433,False,False,Table 1.2
industry,59,2022-23,incidence_rate,"claims per 1,000 employees",6.799944613901977,False,False,Table 1.3
industry,59,2022-23,median_compensation,AUD,72487.0,False,False,Table 1.4
industry,59,2022-23,median_time_lost,weeks,40.35704625371923,False,False,Table 1.5
industry,59,2023-24,claim_count,claims,45.0,False,True,Table 1.1
industry,59,2023-24,frequency_rate,claims per million hours worked,3.2675339580265113,False,True,Table 1.2
industry,59,2023-24,incidence_rate,"claims per 1,000 employees",6.022869791347885,False,True,Table 1.3
industry,59,2023-24,median_compensation,AUD,,True,True,Table 1.4
industry,59,2023-24,median_time_lost,weeks,,True,True,Table 1.5
industry,60,2014-15,claim_count,claims,41.0,False,False,Table 1.1
industry,60,2014-15,frequency_rate,claims per million hours worked,3.2046101254432697,False,False,Table 1.2
industry,60,2014-15,incidence_rate,"claims per 1,000 employees",3.7721658695305265,False,False,Table 1.3
industry,60,2014-15,median_compensation,AUD,5071.5,False,False,Table 1.4
industry,60,2014-15,median_time_lost,weeks,3.701992337164751,False,False,Table 1.5
industry,60,2015-16,claim_count,claims,43.0,False,False,Table 1.1
industry,60,2015-16,frequency_rate,claims per million hours worked,3.407468176898566,False,False,Table 1.2
industry,60,2015-16,incidence_rate,"claims per 1,000 employees",4.487191481587802,False,False,Table 1.3
industry,60,2015-16,median_compensation,AUD,15905.0,False,False,Table 1.4
industry,60,2015-16,median_time_lost,weeks,8.87236842105263,False,False,Table 1.5
industry,60,2016-17,claim_count,claims,33.0,False,False,Table 1.1
industry,60,2016-17,frequency_rate,claims per million hours worked,2.4714076346569014,False,False,Table 1.2
industry,60,2016-17,incidence_rate,"claims per 1,000 employees",3.1471767179308054,False,False,Table 1.3
industry,60,2016-17,median_compensation,AUD,18385.0,False,False,Table 1.4
industry,60,2016-17,median_time_lost,weeks,10.789473684210526,False,False,Table 1.5
industry,60,2017-18,claim_count,claims,37.0,False,False,Table 1.1
industry,60,2017-18,frequency_rate,claims per million hours worked,2.229619230469887,False,False,Table 1.2
industry,60,2017-18,incidence_rate,"claims per 1,000 employees",2.921225499004782,False,False,Table 1.3
industry,60,2017-18,median_compensation,AUD,24297.0,False,False,Table 1.4
industry,60,2017-18,median_time_lost,weeks,12.4,False,False,Table 1.5
industry,60,2018-19,claim_count,claims,44.0,False,False,Table 1.1
industry,60,2018-19,frequency_rate,claims per million hours worked,2.802850317237111,False,False,Table 1.2
industry,60,2018-19,incidence_rate,"claims per 1,000 employees",3.853904086281694,False,False,Table 1.3
industry,60,2018-19,median_compensation,AUD,22708.0,False,False,Table 1.4
industry,60,2018-19,median_time_lost,weeks,12.338194444444444,False,False,Table 1.5
industry,60,2019-20,claim_count,claims,27.0,False,False,Table 1.1
industry,60,2019-20,frequency_rate,claims per million hours worked,1.6765486424288105,False,False,Table 1.2
industry,60,2019-20,incidence_rate,"claims per 1,000 employees",2.1390594990134906,False,False,Table 1.3
industry,60,2019-20,median_compensation,AUD,24581.0,False,False,Table 1.4
industry,60,2019-20,median_time_lost,weeks,10.605263157894736,False,False,Table 1.5
industry,60,2020-21,claim_count,claims,32.0,False,False,Table 1.1
industry,60,2020-21,frequency_rate,claims per million hours worked,1.5499558584712896,False,False,Table 1.2
industry,60,2020-21,incidence_rate,"claims per 1,000 employees",2.1612166249468636,False,False,Table 1.3
industry,60,2020-21,median_compensation,AUD,27339.0,False,False,Table 1.4
industry,60,2020-21,median_time_lost,weeks,9.956666666666667,False,False,Table 1.5
industry,60,2021-22,claim_count,claims,37.0,False,False,Table 1.1
industry,60,2021-22,frequency_rate,claims per million hours worked,2.2900069827709943,False,False,Table 1.2
industry,60,2021-22,incidence_rate,"claims per 1,000 employees",2.8394159030820867,False,False,Table 1.3
industry,60,2021-22,median_compensation,AUD,15969.0,False,False,Table 1.4
industry,60,2021-22,median_time_lost,weeks,4.2,False,False,Table 1.5
industry,60,2022-23,claim_count,claims,83.0,False,False,Table 1.1
industry,60,2022-23,frequency_rate,claims per million hours worked,4.470134348265661,False,False,Table 1.2
industry,60,2022-23,incidence_rate,"claims per 1,000 employees",6.245874849604063,False,False,Table 1.3
industry,60,2022-23,median_compensation,AUD,29900.0,False,False,Table 1.4
industry,60,2022-23,median_time_lost,weeks,12.571428571428571,False,False,Table 1.5
industry,60,2023-24,claim_count,claims,86.0,False,True,Table 1.1
industry,60,2023-24,frequency_rate,claims per million hours worked,4.328029555737794,False,True,Table 1.2
industry,60,2023-24,incidence_rate,"claims per 1,000 employees",6.354460245043415,False,True,Table 1.3
industry,60,2023-24,median_compensation,AUD,,True,True,Table 1.4
industry,60,2023-24,median_time_lost,weeks,,True,True,Table 1.5
industry,62,2014-15,claim_count,claims,381.0,False,False,Table 1.1
industry,62,2014-15,frequency_rate,claims per million hours worked,0.9070558250213926,False,False,Table 1.2
industry,62,2014-15,incidence_rate,"claims per 1,000 employees",1.6702661008307598,False,False,Table 1.3
industry,62,2014-15,median_compensation,AUD,19550.0,False,False,Table 1.4
industry,62,2014-15,median_time_lost,weeks,7.936674999999999,False,False,Table 1.5
industry,62,2015-16,claim_count,claims,282.0,False,False,Table 1.1
industry,62,2015-16,frequency_rate,claims per million hours worked,0.67041722674743,False,False,Table 1.2
industry,62,2015-16,incidence_rate,"claims per 1,000 employees",1.1924375431446121,False,False,Table 1.3
industry,62,2015-16,median_compensation,AUD,17175.0,False,False,Table 1.4
industry,62,2015-16,median_time_lost,weeks,6.8,False,False,Table 1.5
industry,62,2016-17,claim_count,claims,265.0,False,False,Table 1.1
industry,62,2016-17,frequency_rate,claims per million hours worked,0.596463026735692,False,False,Table 1.2
industry,62,2016-17,incidence_rate,"claims per 1,000 employees",1.0857085614654658,False,False,Table 1.3
industry,62,2016-17,median_compensation,AUD,29141.5,False,False,Table 1.4
industry,62,2016-17,median_time_lost,weeks,9.605263157894736,False,False,Table 1.5
industry,62,2017-18,claim_count,claims,297.0,False,False,Table 1.1
industry,62,2017-18,frequency_rate,claims per million hours worked,0.7153007662479468,False,False,Table 1.2
industry,62,2017-18,incidence_rate,"claims per 1,000 employees",1.285075148349562,False,False,Table 1.3
industry,62,2017-18,median_compensation,AUD,21509.0,False,False,Table 1.4
industry,62,2017-18,median_time_lost,weeks,8.210526315789474,False,False,Table 1.5
industry,62,2018-19,claim_count,claims,322.0,False,False,Table 1.1
industry,62,2018-19,frequency_rate,claims per million hours worked,0.7805391254081655,False,False,Table 1.2
industry,62,2018-19,incidence_rate,"claims per 1,000 employees",1.3777307444168505,False,False,Table 1.3
industry,62,2018-19,median_compensation,AUD,23505.0,False,False,Table 1.4
industry,62,2018-19,median_time_lost,weeks,8.899342105263157,False,False,Table 1.5
industry,62,2019-20,claim_count,claims,308.0,False,False,Table 1.1
industry,62,2019-20,frequency_rate,claims per million hours worked,0.7527887603102549,False,False,Table 1.2
industry,62,2019-20,incidence_rate,"claims per 1,000 employees",1.3682346014548337,False,False,Table 1.3
industry,62,2019-20,median_compensation,AUD,26867.0,False,False,Table 1.4
industry,62,2019-20,median_time_lost,weeks,11.223330954504906,False,False,Table 1.5
industry,62,2020-21,claim_count,claims,255.0,False,False,Table 1.1
industry,62,2020-21,frequency_rate,claims per million hours worked,0.5903564235234283,False,False,Table 1.2
industry,62,2020-21,incidence_rate,"claims per 1,000 employees",1.086740288644368,False,False,Table 1.3
industry,62,2020-21,median_compensation,AUD,23236.0,False,False,Table 1.4
industry,62,2020-21,median_time_lost,weeks,10.983682983682984,False,False,Table 1.5
industry,62,2021-22,claim_count,claims,222.0,False,False,Table 1.1
industry,62,2021-22,frequency_rate,claims per million hours worked,0.47085700305651246,False,False,Table 1.2
industry,62,2021-22,incidence_rate,"claims per 1,000 employees",0.8492552049927639,False,False,Table 1.3
industry,62,2021-22,median_compensation,AUD,29400.5,False,False,Table 1.4
industry,62,2021-22,median_time_lost,weeks,12.885526315789473,False,False,Table 1.5
industry,62,2022-23,claim_count,claims,219.0,False,False,Table 1.1
industry,62,2022-23,frequency_rate,claims per million hours worked,0.45340642505107703,False,False,Table 1.2
industry,62,2022-23,incidence_rate,"claims per 1,000 employees",0.8120560076114622,False,False,Table 1.3
industry,62,2022-23,median_compensation,AUD,40121.0,False,False,Table 1.4
industry,62,2022-23,median_time_lost,weeks,14.64333047829419,False,False,Table 1.5
industry,62,2023-24,claim_count,claims,248.0,False,True,Table 1.1
industry,62,2023-24,frequency_rate,claims per million hours worked,0.521124189999766,False,True,Table 1.2
industry,62,2023-24,incidence_rate,"claims per 1,000 employees",0.9453230695461947,False,True,Table 1.3
industry,62,2023-24,median_compensation,AUD,,True,True,Table 1.4
industry,62,2023-24,median_time_lost,weeks,,True,True,Table 1.5
industry,63,2014-15,claim_count,claims,182.0,False,False,Table 1.1
industry,63,2014-15,frequency_rate,claims per million hours worked,1.3308902148061137,False,False,Table 1.2
industry,63,2014-15,incidence_rate,"claims per 1,000 employees",2.342046898403565,False,False,Table 1.3
industry,63,2014-15,median_compensation,AUD,17679.0,False,False,Table 1.4
industry,63,2014-15,median_time_lost,weeks,7.5,False,False,Table 1.5
industry,63,2015-16,claim_count,claims,171.0,False,False,Table 1.1
industry,63,2015-16,frequency_rate,claims per million hours worked,1.189278283611343,False,False,Table 1.2
industry,63,2015-16,incidence_rate,"claims per 1,000 employees",2.1454389679619443,False,False,Table 1.3
industry,63,2015-16,median_compensation,AUD,21787.0,False,False,Table 1.4
industry,63,2015-16,median_time_lost,weeks,8.392857142857142,False,False,Table 1.5
industry,63,2016-17,claim_count,claims,188.0,False,False,Table 1.1
industry,63,2016-17,frequency_rate,claims per million hours worked,1.3986478278411623,False,False,Table 1.2
industry,63,2016-17,incidence_rate,"claims per 1,000 employees",2.506063364987939,False,False,Table 1.3
industry,63,2016-17,median_compensation,AUD,25596.0,False,False,Table 1.4
industry,63,2016-17,median_time_lost,weeks,10.159259259259258,False,False,Table 1.5
industry,63,2017-18,claim_count,claims,224.0,False,False,Table 1.1
industry,63,2017-18,frequency_rate,claims per million hours worked,1.5401081582601432,False,False,Table 1.2
industry,63,2017-18,incidence_rate,"claims per 1,000 employees",2.72473854526134,False,False,Table 1.3
industry,63,2017-18,median_compensation,AUD,21416.0,False,False,Table 1.4
industry,63,2017-18,median_time_lost,weeks,10.791447368421052,False,False,Table 1.5
industry,63,2018-19,claim_count,claims,202.0,False,False,Table 1.1
industry,63,2018-19,frequency_rate,claims per million hours worked,1.3532538281789988,False,False,Table 1.2
industry,63,2018-19,incidence_rate,"claims per 1,000 employees",2.4196448681714102,False,False,Table 1.3
industry,63,2018-19,median_compensation,AUD,25106.0,False,False,Table 1.4
industry,63,2018-19,median_time_lost,weeks,11.566345805516743,False,False,Table 1.5
industry,63,2019-20,claim_count,claims,205.0,False,False,Table 1.1
industry,63,2019-20,frequency_rate,claims per million hours worked,1.1951531990529372,False,False,Table 1.2
industry,63,2019-20,incidence_rate,"claims per 1,000 employees",2.143662984986876,False,False,Table 1.3
industry,63,2019-20,median_compensation,AUD,28347.0,False,False,Table 1.4
industry,63,2019-20,median_time_lost,weeks,13.291666666666666,False,False,Table 1.5
industry,63,2020-21,claim_count,claims,204.0,False,False,Table 1.1
industry,63,2020-21,frequency_rate,claims per million hours worked,1.1479026281184586,False,False,Table 1.2
industry,63,2020-21,incidence_rate,"claims per 1,000 employees",2.0774945396768323,False,False,Table 1.3
industry,63,2020-21,median_compensation,AUD,31686.0,False,False,Table 1.4
industry,63,2020-21,median_time_lost,weeks,14.026283324930256,False,False,Table 1.5
industry,63,2021-22,claim_count,claims,174.0,False,False,Table 1.1
industry,63,2021-22,frequency_rate,claims per million hours worked,1.0151948946481373,False,False,Table 1.2
industry,63,2021-22,incidence_rate,"claims per 1,000 employees",1.7886681401783489,False,False,Table 1.3
industry,63,2021-22,median_compensation,AUD,34852.0,False,False,Table 1.4
industry,63,2021-22,median_time_lost,weeks,15.256625851817665,False,False,Table 1.5
industry,63,2022-23,claim_count,claims,202.0,False,False,Table 1.1
industry,63,2022-23,frequency_rate,claims per million hours worked,1.1704633297493368,False,False,Table 1.2
industry,63,2022-23,incidence_rate,"claims per 1,000 employees",2.047804939606922,False,False,Table 1.3
industry,63,2022-23,median_compensation,AUD,41110.0,False,False,Table 1.4
industry,63,2022-23,median_time_lost,weeks,20.79736842105263,False,False,Table 1.5
industry,63,2023-24,claim_count,claims,291.0,False,True,Table 1.1
industry,63,2023-24,frequency_rate,claims per million hours worked,1.5585607007029585,False,True,Table 1.2
industry,63,2023-24,incidence_rate,"claims per 1,000 employees",2.736836061524331,False,True,Table 1.3
industry,63,2023-24,median_compensation,AUD,,True,True,Table 1.4
industry,63,2023-24,median_time_lost,weeks,,True,True,Table 1.5
industry,64,2014-15,claim_count,claims,145.0,False,False,Table 1.1
industry,64,2014-15,frequency_rate,claims per million hours worked,0.8051558797354965,False,False,Table 1.2
industry,64,2014-15,incidence_rate,"claims per 1,000 employees",1.5071567005963167,False,False,Table 1.3
industry,64,2014-15,median_compensation,AUD,16054.5,False,False,Table 1.4
industry,64,2014-15,median_time_lost,weeks,6.2,False,False,Table 1.5
industry,64,2015-16,claim_count,claims,160.0,False,False,Table 1.1
industry,64,2015-16,frequency_rate,claims per million hours worked,0.7664050675798644,False,False,Table 1.2
industry,64,2015-16,incidence_rate,"claims per 1,000 employees",1.3704534915470434,False,False,Table 1.3
industry,64,2015-16,median_compensation,AUD,23378.0,False,False,Table 1.4
industry,64,2015-16,median_time_lost,weeks,10.498779513888888,False,False,Table 1.5
industry,64,2016-17,claim_count,claims,121.0,False,False,Table 1.1
industry,64,2016-17,frequency_rate,claims per million hours worked,0.5625796743902084,False,False,Table 1.2
industry,64,2016-17,incidence_rate,"claims per 1,000 employees",1.0623979632629654,False,False,Table 1.3
industry,64,2016-17,median_compensation,AUD,30554.0,False,False,Table 1.4
industry,64,2016-17,median_time_lost,weeks,12.833333333333334,False,False,Table 1.5
industry,64,2017-18,claim_count,claims,157.0,False,False,Table 1.1
industry,64,2017-18,frequency_rate,claims per million hours worked,0.767614826112332,False,False,Table 1.2
industry,64,2017-18,incidence_rate,"claims per 1,000 employees",1.4003825423088856,False,False,Table 1.3
industry,64,2017-18,median_compensation,AUD,27259.5,False,False,Table 1.4
industry,64,2017-18,median_time_lost,weeks,14.368421052631579,False,False,Table 1.5
industry,64,2018-19,claim_count,claims,178.0,False,False,Table 1.1
industry,64,2018-19,frequency_rate,claims per million hours worked,0.7977201705947434,False,False,Table 1.2
industry,64,2018-19,incidence_rate,"claims per 1,000 employees",1.4030340340129428,False,False,Table 1.3
industry,64,2018-19,median_compensation,AUD,28150.5,False,False,Table 1.4
industry,64,2018-19,median_time_lost,weeks,10.0,False,False,Table 1.5
industry,64,2019-20,claim_count,claims,212.0,False,False,Table 1.1
industry,64,2019-20,frequency_rate,claims per million hours worked,0.8743232491016735,False,False,Table 1.2
industry,64,2019-20,incidence_rate,"claims per 1,000 employees",1.5739204486880427,False,False,Table 1.3
industry,64,2019-20,median_compensation,AUD,41270.0,False,False,Table 1.4
industry,64,2019-20,median_time_lost,weeks,15.501964705882353,False,False,Table 1.5
industry,64,2020-21,claim_count,claims,164.0,False,False,Table 1.1
industry,64,2020-21,frequency_rate,claims per million hours worked,0.6369551702250957,False,False,Table 1.2
industry,64,2020-21,incidence_rate,"claims per 1,000 employees",1.1585576098169432,False,False,Table 1.3
industry,64,2020-21,median_compensation,AUD,52403.0,False,False,Table 1.4
industry,64,2020-21,median_time_lost,weeks,21.34428126417218,False,False,Table 1.5
industry,64,2021-22,claim_count,claims,129.0,False,False,Table 1.1
industry,64,2021-22,frequency_rate,claims per million hours worked,0.5371406869306623,False,False,Table 1.2
industry,64,2021-22,incidence_rate,"claims per 1,000 employees",0.9598477812078945,False,False,Table 1.3
industry,64,2021-22,median_compensation,AUD,38980.0,False,False,Table 1.4
industry,64,2021-22,median_time_lost,weeks,22.089654974617837,False,False,Table 1.5
industry,64,2022-23,claim_count,claims,186.0,False,False,Table 1.1
industry,64,2022-23,frequency_rate,claims per million hours worked,0.7125273609862346,False,False,Table 1.2
industry,64,2022-23,incidence_rate,"claims per 1,000 employees",1.2957671488162121,False,False,Table 1.3
industry,64,2022-23,median_compensation,AUD,40919.0,False,False,Table 1.4
industry,64,2022-23,median_time_lost,weeks,14.311128093224287,False,False,Table 1.5
industry,64,2023-24,claim_count,claims,209.0,False,True,Table 1.1
industry,64,2023-24,frequency_rate,claims per million hours worked,0.8131809666787625,False,True,Table 1.2
industry,64,2023-24,incidence_rate,"claims per 1,000 employees",1.4995017139949096,False,True,Table 1.3
industry,64,2023-24,median_compensation,AUD,,True,True,Table 1.4
industry,64,2023-24,median_time_lost,weeks,,True,True,Table 1.5
industry,66,2014-15,claim_count,claims,612.0,False,False,Table 1.1
industry,66,2014-15,frequency_rate,claims per million hours worked,8.058786182408777,False,False,Table 1.2
industry,66,2014-15,incidence_rate,"claims per 1,000 employees",14.995502497160977,False,False,Table 1.3
industry,66,2014-15,median_compensation,AUD,11597.5,False,False,Table 1.4
industry,66,2014-15,median_time_lost,weeks,4.632171600877193,False,False,Table 1.5
industry,66,2015-16,claim_count,claims,551.0,False,False,Table 1.1
industry,66,2015-16,frequency_rate,claims per million hours worked,8.275778581373416,False,False,Table 1.2
industry,66,2015-16,incidence_rate,"claims per 1,000 employees",14.967247723131065,False,False,Table 1.3
industry,66,2015-16,median_compensation,AUD,12662.0,False,False,Table 1.4
industry,66,2015-16,median_time_lost,weeks,6.199999999999999,False,False,Table 1.5
industry,66,2016-17,claim_count,claims,539.0,False,False,Table 1.1
industry,66,2016-17,frequency_rate,claims per million hours worked,7.624967748578419,False,False,Table 1.2
industry,66,2016-17,incidence_rate,"claims per 1,000 employees",13.82946016229289,False,False,Table 1.3
industry,66,2016-17,median_compensation,AUD,16003.0,False,False,Table 1.4
industry,66,2016-17,median_time_lost,weeks,6.613245033112583,False,False,Table 1.5
industry,66,2017-18,claim_count,claims,546.0,False,False,Table 1.1
industry,66,2017-18,frequency_rate,claims per million hours worked,8.040718597574683,False,False,Table 1.2
industry,66,2017-18,incidence_rate,"claims per 1,000 employees",14.934781370945668,False,False,Table 1.3
industry,66,2017-18,median_compensation,AUD,14347.0,False,False,Table 1.4
industry,66,2017-18,median_time_lost,weeks,6.759980744544288,False,False,Table 1.5
industry,66,2018-19,claim_count,claims,560.0,False,False,Table 1.1
industry,66,2018-19,frequency_rate,claims per million hours worked,6.740944878134941,False,False,Table 1.2
industry,66,2018-19,incidence_rate,"claims per 1,000 employees",12.993036948025093,False,False,Table 1.3
industry,66,2018-19,median_compensation,AUD,16315.0,False,False,Table 1.4
industry,66,2018-19,median_time_lost,weeks,6.9285375,False,False,Table 1.5
industry,66,2019-20,claim_count,claims,643.0,False,False,Table 1.1
industry,66,2019-20,frequency_rate,claims per million hours worked,11.34482479433767,False,False,Table 1.2
industry,66,2019-20,incidence_rate,"claims per 1,000 employees",19.933010331584637,False,False,Table 1.3
industry,66,2019-20,median_compensation,AUD,14501.0,False,False,Table 1.4
industry,66,2019-20,median_time_lost,weeks,6.578947368421052,False,False,Table 1.5
industry,66,2020-21,claim_count,claims,611.0,False,False,Table 1.1
industry,66,2020-21,frequency_rate,claims per million hours worked,9.672877501734103,False,False,Table 1.2
industry,66,2020-21,incidence_rate,"claims per 1,000 employees",17.735567009884267,False,False,Table 1.3
industry,66,2020-21,median_compensation,AUD,16748.0,False,False,Table 1.4
industry,66,2020-21,median_time_lost,weeks,8.400977224367562,False,False,Table 1.5
industry,66,2021-22,claim_count,claims,641.0,False,False,Table 1.1
industry,66,2021-22,frequency_rate,claims per million hours worked,10.825717657044217,False,False,Table 1.2
industry,66,2021-22,incidence_rate,"claims per 1,000 employees",19.98480535340809,False,False,Table 1.3
industry,66,2021-22,median_compensation,AUD,17866.5,False,False,Table 1.4
industry,66,2021-22,median_time_lost,weeks,8.0,False,False,Table 1.5
industry,66,2022-23,claim_count,claims,733.0,False,False,Table 1.1
industry,66,2022-23,frequency_rate,claims per million hours worked,11.26726494781592,False,False,Table 1.2
industry,66,2022-23,incidence_rate,"claims per 1,000 employees",20.71398710154971,False,False,Table 1.3
industry,66,2022-23,median_compensation,AUD,18597.0,False,False,Table 1.4
industry,66,2022-23,median_time_lost,weeks,8.06086046511628,False,False,Table 1.5
industry,66,2023-24,claim_count,claims,772.0,False,True,Table 1.1
industry,66,2023-24,frequency_rate,claims per million hours worked,12.183858477514432,False,True,Table 1.2
industry,66,2023-24,incidence_rate,"claims per 1,000 employees",21.949827812297737,False,True,Table 1.3
industry,66,2023-24,median_compensation,AUD,,True,True,Table 1.4
industry,66,2023-24,median_time_lost,weeks,,True,True,Table 1.5
industry,67,2014-15,claim_count,claims,417.0,False,False,Table 1.1
industry,67,2014-15,frequency_rate,claims per million hours worked,1.4253870972804805,False,False,Table 1.2
industry,67,2014-15,incidence_rate,"claims per 1,000 employees",2.5948423889858074,False,False,Table 1.3
industry,67,2014-15,median_compensation,AUD,14461.5,False,False,Table 1.4
industry,67,2014-15,median_time_lost,weeks,7.3999999999999995,False,False,Table 1.5
industry,67,2015-16,claim_count,claims,402.0,False,False,Table 1.1
industry,67,2015-16,frequency_rate,claims per million hours worked,1.3275420751838647,False,False,Table 1.2
industry,67,2015-16,incidence_rate,"claims per 1,000 employees",2.4294732399543046,False,False,Table 1.3
industry,67,2015-16,median_compensation,AUD,14356.5,False,False,Table 1.4
industry,67,2015-16,median_time_lost,weeks,8.0,False,False,Table 1.5
industry,67,2016-17,claim_count,claims,429.0,False,False,Table 1.1
industry,67,2016-17,frequency_rate,claims per million hours worked,1.4568183776808743,False,False,Table 1.2
industry,67,2016-17,incidence_rate,"claims per 1,000 employees",2.628455687044285,False,False,Table 1.3
industry,67,2016-17,median_compensation,AUD,18181.0,False,False,Table 1.4
industry,67,2016-17,median_time_lost,weeks,8.394736842105264,False,False,Table 1.5
industry,67,2017-18,claim_count,claims,493.0,False,False,Table 1.1
industry,67,2017-18,frequency_rate,claims per million hours worked,1.6616731616207392,False,False,Table 1.2
industry,67,2017-18,incidence_rate,"claims per 1,000 employees",2.934475340013357,False,False,Table 1.3
industry,67,2017-18,median_compensation,AUD,17567.5,False,False,Table 1.4
industry,67,2017-18,median_time_lost,weeks,8.073138888888888,False,False,Table 1.5
industry,67,2018-19,claim_count,claims,533.0,False,False,Table 1.1
industry,67,2018-19,frequency_rate,claims per million hours worked,1.8802576622201228,False,False,Table 1.2
industry,67,2018-19,incidence_rate,"claims per 1,000 employees",3.329022034111613,False,False,Table 1.3
industry,67,2018-19,median_compensation,AUD,19475.0,False,False,Table 1.4
industry,67,2018-19,median_time_lost,weeks,10.0,False,False,Table 1.5
industry,67,2019-20,claim_count,claims,509.0,False,False,Table 1.1
industry,67,2019-20,frequency_rate,claims per million hours worked,1.7358270179954685,False,False,Table 1.2
industry,67,2019-20,incidence_rate,"claims per 1,000 employees",2.9984850438171846,False,False,Table 1.3
industry,67,2019-20,median_compensation,AUD,21389.0,False,False,Table 1.4
industry,67,2019-20,median_time_lost,weeks,10.6,False,False,Table 1.5
industry,67,2020-21,claim_count,claims,514.0,False,False,Table 1.1
industry,67,2020-21,frequency_rate,claims per million hours worked,1.7898806867494004,False,False,Table 1.2
industry,67,2020-21,incidence_rate,"claims per 1,000 employees",3.2113314417283094,False,False,Table 1.3
industry,67,2020-21,median_compensation,AUD,21549.0,False,False,Table 1.4
industry,67,2020-21,median_time_lost,weeks,9.0,False,False,Table 1.5
industry,67,2021-22,claim_count,claims,569.0,False,False,Table 1.1
industry,67,2021-22,frequency_rate,claims per million hours worked,1.8826526109995312,False,False,Table 1.2
industry,67,2021-22,incidence_rate,"claims per 1,000 employees",3.316000223030844,False,False,Table 1.3
industry,67,2021-22,median_compensation,AUD,15824.0,False,False,Table 1.4
industry,67,2021-22,median_time_lost,weeks,8.000092498381278,False,False,Table 1.5
industry,67,2022-23,claim_count,claims,620.0,False,False,Table 1.1
industry,67,2022-23,frequency_rate,claims per million hours worked,2.118897918348541,False,False,Table 1.2
industry,67,2022-23,incidence_rate,"claims per 1,000 employees",3.758649316906577,False,False,Table 1.3
industry,67,2022-23,median_compensation,AUD,24943.5,False,False,Table 1.4
industry,67,2022-23,median_time_lost,weeks,11.200356855473533,False,False,Table 1.5
industry,67,2023-24,claim_count,claims,628.0,False,True,Table 1.1
industry,67,2023-24,frequency_rate,claims per million hours worked,2.1829098320761298,False,True,Table 1.2
industry,67,2023-24,incidence_rate,"claims per 1,000 employees",3.9315837664635844,False,True,Table 1.3
industry,67,2023-24,median_compensation,AUD,,True,True,Table 1.4
industry,67,2023-24,median_time_lost,weeks,,True,True,Table 1.5
industry,69,2014-15,claim_count,claims,1625.0,False,False,Table 1.1
industry,69,2014-15,frequency_rate,claims per million hours worked,1.2894639104271581,False,False,Table 1.2
industry,69,2014-15,incidence_rate,"claims per 1,000 employees",2.310990631716368,False,False,Table 1.3
industry,69,2014-15,median_compensation,AUD,14513.0,False,False,Table 1.4
industry,69,2014-15,median_time_lost,weeks,6.394736842105263,False,False,Table 1.5
industry,69,2015-16,claim_count,claims,1521.0,False,False,Table 1.1
industry,69,2015-16,frequency_rate,claims per million hours worked,1.1744334193564838,False,False,Table 1.2
industry,69,2015-16,incidence_rate,"claims per 1,000 employees",2.127421701106584,False,False,Table 1.3
industry,69,2015-16,median_compensation,AUD,16592.5,False,False,Table 1.4
industry,69,2015-16,median_time_lost,weeks,6.3999999999999995,False,False,Table 1.5
industry,69,2016-17,claim_count,claims,1605.0,False,False,Table 1.1
industry,69,2016-17,frequency_rate,claims per million hours worked,1.2466809009103172,False,False,Table 1.2
industry,69,2016-17,incidence_rate,"claims per 1,000 employees",2.2159764754753333,False,False,Table 1.3
industry,69,2016-17,median_compensation,AUD,18478.5,False,False,Table 1.4
industry,69,2016-17,median_time_lost,weeks,7.2,False,False,Table 1.5
industry,69,2017-18,claim_count,claims,1774.0,False,False,Table 1.1
industry,69,2017-18,frequency_rate,claims per million hours worked,1.3988763036584146,False,False,Table 1.2
industry,69,2017-18,incidence_rate,"claims per 1,000 employees",2.489143508360474,False,False,Table 1.3
industry,69,2017-18,median_compensation,AUD,18739.0,False,False,Table 1.4
industry,69,2017-18,median_time_lost,weeks,7.5955565789473685,False,False,Table 1.5
industry,69,2018-19,claim_count,claims,1983.0,False,False,Table 1.1
industry,69,2018-19,frequency_rate,claims per million hours worked,1.472302134284988,False,False,Table 1.2
industry,69,2018-19,incidence_rate,"claims per 1,000 employees",2.5855786485875654,False,False,Table 1.3
industry,69,2018-19,median_compensation,AUD,18972.5,False,False,Table 1.4
industry,69,2018-19,median_time_lost,weeks,7.000825000000001,False,False,Table 1.5
industry,69,2019-20,claim_count,claims,2042.0,False,False,Table 1.1
industry,69,2019-20,frequency_rate,claims per million hours worked,1.4774608126442375,False,False,Table 1.2
industry,69,2019-20,incidence_rate,"claims per 1,000 employees",2.5933424587804748,False,False,Table 1.3
industry,69,2019-20,median_compensation,AUD,18036.0,False,False,Table 1.4
industry,69,2019-20,median_time_lost,weeks,7.773354391891893,False,False,Table 1.5
industry,69,2020-21,claim_count,claims,2123.0,False,False,Table 1.1
industry,69,2020-21,frequency_rate,claims per million hours worked,1.5031779332904478,False,False,Table 1.2
industry,69,2020-21,incidence_rate,"claims per 1,000 employees",2.6352157019424944,False,False,Table 1.3
industry,69,2020-21,median_compensation,AUD,18818.5,False,False,Table 1.4
industry,69,2020-21,median_time_lost,weeks,7.392857142857143,False,False,Table 1.5
industry,69,2021-22,claim_count,claims,1916.0,False,False,Table 1.1
industry,69,2021-22,frequency_rate,claims per million hours worked,1.4068361002534135,False,False,Table 1.2
industry,69,2021-22,incidence_rate,"claims per 1,000 employees",2.4645999316490634,False,False,Table 1.3
industry,69,2021-22,median_compensation,AUD,17556.0,False,False,Table 1.4
industry,69,2021-22,median_time_lost,weeks,7.058090064270733,False,False,Table 1.5
industry,69,2022-23,claim_count,claims,2260.0,False,False,Table 1.1
industry,69,2022-23,frequency_rate,claims per million hours worked,1.566894557306421,False,False,Table 1.2
industry,69,2022-23,incidence_rate,"claims per 1,000 employees",2.738426476552802,False,False,Table 1.3
industry,69,2022-23,median_compensation,AUD,22001.0,False,False,Table 1.4
industry,69,2022-23,median_time_lost,weeks,8.200881578947369,False,False,Table 1.5
industry,69,2023-24,claim_count,claims,2369.0,False,True,Table 1.1
industry,69,2023-24,frequency_rate,claims per million hours worked,1.5776954752018453,False,True,Table 1.2
industry,69,2023-24,incidence_rate,"claims per 1,000 employees",2.7537951112355454,False,True,Table 1.3
industry,69,2023-24,median_compensation,AUD,,True,True,Table 1.4
industry,69,2023-24,median_time_lost,weeks,,True,True,Table 1.5
industry,70,2014-15,claim_count,claims,144.0,False,False,Table 1.1
industry,70,2014-15,frequency_rate,claims per million hours worked,0.4229579271927136,False,False,Table 1.2
industry,70,2014-15,incidence_rate,"claims per 1,000 employees",0.809877713297,False,False,Table 1.3
industry,70,2014-15,median_compensation,AUD,20367.5,False,False,Table 1.4
industry,70,2014-15,median_time_lost,weeks,6.196052631578947,False,False,Table 1.5
industry,70,2015-16,claim_count,claims,133.0,False,False,Table 1.1
industry,70,2015-16,frequency_rate,claims per million hours worked,0.3776709287463572,False,False,Table 1.2
industry,70,2015-16,incidence_rate,"claims per 1,000 employees",0.7400083975996327,False,False,Table 1.3
industry,70,2015-16,median_compensation,AUD,19504.0,False,False,Table 1.4
industry,70,2015-16,median_time_lost,weeks,6.772490472361106,False,False,Table 1.5
industry,70,2016-17,claim_count,claims,130.0,False,False,Table 1.1
industry,70,2016-17,frequency_rate,claims per million hours worked,0.3394119034142062,False,False,Table 1.2
industry,70,2016-17,incidence_rate,"claims per 1,000 employees",0.6534007099009099,False,False,Table 1.3
industry,70,2016-17,median_compensation,AUD,26902.0,False,False,Table 1.4
industry,70,2016-17,median_time_lost,weeks,9.408552631578946,False,False,Table 1.5
industry,70,2017-18,claim_count,claims,143.0,False,False,Table 1.1
industry,70,2017-18,frequency_rate,claims per million hours worked,0.3389153275264886,False,False,Table 1.2
industry,70,2017-18,incidence_rate,"claims per 1,000 employees",0.6500677677843651,False,False,Table 1.3
industry,70,2017-18,median_compensation,AUD,38399.0,False,False,Table 1.4
industry,70,2017-18,median_time_lost,weeks,12.177925,False,False,Table 1.5
industry,70,2018-19,claim_count,claims,191.0,False,False,Table 1.1
industry,70,2018-19,frequency_rate,claims per million hours worked,0.41363217496975324,False,False,Table 1.2
industry,70,2018-19,incidence_rate,"claims per 1,000 employees",0.7932968413376448,False,False,Table 1.3
industry,70,2018-19,median_compensation,AUD,25863.0,False,False,Table 1.4
industry,70,2018-19,median_time_lost,weeks,8.0,False,False,Table 1.5
industry,70,2019-20,claim_count,claims,238.0,False,False,Table 1.1
industry,70,2019-20,frequency_rate,claims per million hours worked,0.5157883292341933,False,False,Table 1.2
industry,70,2019-20,incidence_rate,"claims per 1,000 employees",0.9799370658077129,False,False,Table 1.3
industry,70,2019-20,median_compensation,AUD,34704.0,False,False,Table 1.4
industry,70,2019-20,median_time_lost,weeks,12.05,False,False,Table 1.5
industry,70,2020-21,claim_count,claims,174.0,False,False,Table 1.1
industry,70,2020-21,frequency_rate,claims per million hours worked,0.3313135521596607,False,False,Table 1.2
industry,70,2020-21,incidence_rate,"claims per 1,000 employees",0.6327716335619387,False,False,Table 1.3
industry,70,2020-21,median_compensation,AUD,27324.0,False,False,Table 1.4
industry,70,2020-21,median_time_lost,weeks,9.545115152731697,False,False,Table 1.5
industry,70,2021-22,claim_count,claims,135.0,False,False,Table 1.1
industry,70,2021-22,frequency_rate,claims per million hours worked,0.2666772095653201,False,False,Table 1.2
industry,70,2021-22,incidence_rate,"claims per 1,000 employees",0.49999290874336955,False,False,Table 1.3
industry,70,2021-22,median_compensation,AUD,41585.5,False,False,Table 1.4
industry,70,2021-22,median_time_lost,weeks,11.979291725306604,False,False,Table 1.5
industry,70,2022-23,claim_count,claims,191.0,False,False,Table 1.1
industry,70,2022-23,frequency_rate,claims per million hours worked,0.3128972991728828,False,False,Table 1.2
industry,70,2022-23,incidence_rate,"claims per 1,000 employees",0.5879393162492693,False,False,Table 1.3
industry,70,2022-23,median_compensation,AUD,47391.0,False,False,Table 1.4
industry,70,2022-23,median_time_lost,weeks,16.76271052631579,False,False,Table 1.5
industry,70,2023-24,claim_count,claims,186.0,False,True,Table 1.1
industry,70,2023-24,frequency_rate,claims per million hours worked,0.31597493251074904,False,True,Table 1.2
industry,70,2023-24,incidence_rate,"claims per 1,000 employees",0.5902788024441739,False,True,Table 1.3
industry,70,2023-24,median_compensation,AUD,,True,True,Table 1.4
industry,70,2023-24,median_time_lost,weeks,,True,True,Table 1.5
industry,72,2014-15,claim_count,claims,1876.0,False,False,Table 1.1
industry,72,2014-15,frequency_rate,claims per million hours worked,3.59334242226789,False,False,Table 1.2
industry,72,2014-15,incidence_rate,"claims per 1,000 employees",6.193083380486902,False,False,Table 1.3
industry,72,2014-15,median_compensation,AUD,7699.0,False,False,Table 1.4
industry,72,2014-15,median_time_lost,weeks,4.8,False,False,Table 1.5
industry,72,2015-16,claim_count,claims,2154.0,False,False,Table 1.1
industry,72,2015-16,frequency_rate,claims per million hours worked,4.033455112659783,False,False,Table 1.2
industry,72,2015-16,incidence_rate,"claims per 1,000 employees",6.75124786742298,False,False,Table 1.3
industry,72,2015-16,median_compensation,AUD,9919.0,False,False,Table 1.4
industry,72,2015-16,median_time_lost,weeks,5.561531813492959,False,False,Table 1.5
industry,72,2016-17,claim_count,claims,2485.0,False,False,Table 1.1
industry,72,2016-17,frequency_rate,claims per million hours worked,4.532785571444636,False,False,Table 1.2
industry,72,2016-17,incidence_rate,"claims per 1,000 employees",7.523489234498314,False,False,Table 1.3
industry,72,2016-17,median_compensation,AUD,9760.0,False,False,Table 1.4
industry,72,2016-17,median_time_lost,weeks,5.6000000000000005,False,False,Table 1.5
industry,72,2017-18,claim_count,claims,2667.0,False,False,Table 1.1
industry,72,2017-18,frequency_rate,claims per million hours worked,5.018949044788907,False,False,Table 1.2
industry,72,2017-18,incidence_rate,"claims per 1,000 employees",8.49959523119596,False,False,Table 1.3
industry,72,2017-18,median_compensation,AUD,10455.0,False,False,Table 1.4
industry,72,2017-18,median_time_lost,weeks,6.3999999999999995,False,False,Table 1.5
industry,72,2018-19,claim_count,claims,2688.0,False,False,Table 1.1
industry,72,2018-19,frequency_rate,claims per million hours worked,4.856932748448512,False,False,Table 1.2
industry,72,2018-19,incidence_rate,"claims per 1,000 employees",8.117394121873724,False,False,Table 1.3
industry,72,2018-19,median_compensation,AUD,11188.0,False,False,Table 1.4
industry,72,2018-19,median_time_lost,weeks,6.2,False,False,Table 1.5
industry,72,2019-20,claim_count,claims,2460.0,False,False,Table 1.1
industry,72,2019-20,frequency_rate,claims per million hours worked,4.438003981746611,False,False,Table 1.2
industry,72,2019-20,incidence_rate,"claims per 1,000 employees",7.322323435892188,False,False,Table 1.3
industry,72,2019-20,median_compensation,AUD,11822.0,False,False,Table 1.4
industry,72,2019-20,median_time_lost,weeks,6.3999999999999995,False,False,Table 1.5
industry,72,2020-21,claim_count,claims,2544.0,False,False,Table 1.1
industry,72,2020-21,frequency_rate,claims per million hours worked,5.2220820651617315,False,False,Table 1.2
industry,72,2020-21,incidence_rate,"claims per 1,000 employees",8.49673246194476,False,False,Table 1.3
industry,72,2020-21,median_compensation,AUD,10220.0,False,False,Table 1.4
industry,72,2020-21,median_time_lost,weeks,6.08305,False,False,Table 1.5
industry,72,2021-22,claim_count,claims,2420.0,False,False,Table 1.1
industry,72,2021-22,frequency_rate,claims per million hours worked,2.4080328891767993,False,False,Table 1.2
industry,72,2021-22,incidence_rate,"claims per 1,000 employees",4.23236011794074,False,False,Table 1.3
industry,72,2021-22,median_compensation,AUD,9658.0,False,False,Table 1.4
industry,72,2021-22,median_time_lost,weeks,6.0,False,False,Table 1.5
industry,72,2022-23,claim_count,claims,2645.0,False,False,Table 1.1
industry,72,2022-23,frequency_rate,claims per million hours worked,2.892756328550466,False,False,Table 1.2
industry,72,2022-23,incidence_rate,"claims per 1,000 employees",5.152619091757164,False,False,Table 1.3
industry,72,2022-23,median_compensation,AUD,10824.5,False,False,Table 1.4
industry,72,2022-23,median_time_lost,weeks,6.2,False,False,Table 1.5
industry,72,2023-24,claim_count,claims,3110.0,False,True,Table 1.1
industry,72,2023-24,frequency_rate,claims per million hours worked,3.220190419751322,False,True,Table 1.2
industry,72,2023-24,incidence_rate,"claims per 1,000 employees",5.659960012178447,False,True,Table 1.3
industry,72,2023-24,median_compensation,AUD,,True,True,Table 1.4
industry,72,2023-24,median_time_lost,weeks,,True,True,Table 1.5
industry,73,2014-15,claim_count,claims,1964.0,False,False,Table 1.1
industry,73,2014-15,frequency_rate,claims per million hours worked,11.847265899542881,False,False,Table 1.2
industry,73,2014-15,incidence_rate,"claims per 1,000 employees",16.24315578216067,False,False,Table 1.3
industry,73,2014-15,median_compensation,AUD,10323.0,False,False,Table 1.4
industry,73,2014-15,median_time_lost,weeks,6.76492914979757,False,False,Table 1.5
industry,73,2015-16,claim_count,claims,1981.0,False,False,Table 1.1
industry,73,2015-16,frequency_rate,claims per million hours worked,10.212823583753437,False,False,Table 1.2
industry,73,2015-16,incidence_rate,"claims per 1,000 employees",14.084839340452701,False,False,Table 1.3
industry,73,2015-16,median_compensation,AUD,11663.5,False,False,Table 1.4
industry,73,2015-16,median_time_lost,weeks,7.3,False,False,Table 1.5
industry,73,2016-17,claim_count,claims,2083.0,False,False,Table 1.1
industry,73,2016-17,frequency_rate,claims per million hours worked,10.652679392673226,False,False,Table 1.2
industry,73,2016-17,incidence_rate,"claims per 1,000 employees",14.82828535905369,False,False,Table 1.3
industry,73,2016-17,median_compensation,AUD,12655.0,False,False,Table 1.4
industry,73,2016-17,median_time_lost,weeks,7.95085,False,False,Table 1.5
industry,73,2017-18,claim_count,claims,2186.0,False,False,Table 1.1
industry,73,2017-18,frequency_rate,claims per million hours worked,11.643545375667703,False,False,Table 1.2
industry,73,2017-18,incidence_rate,"claims per 1,000 employees",15.941821072287862,False,False,Table 1.3
industry,73,2017-18,median_compensation,AUD,13482.5,False,False,Table 1.4
industry,73,2017-18,median_time_lost,weeks,8.999929962179577,False,False,Table 1.5
industry,73,2018-19,claim_count,claims,2506.0,False,False,Table 1.1
industry,73,2018-19,frequency_rate,claims per million hours worked,12.490046478108622,False,False,Table 1.2
industry,73,2018-19,incidence_rate,"claims per 1,000 employees",17.399586345838724,False,False,Table 1.3
industry,73,2018-19,median_compensation,AUD,11810.0,False,False,Table 1.4
industry,73,2018-19,median_time_lost,weeks,7.8,False,False,Table 1.5
industry,73,2019-20,claim_count,claims,2497.0,False,False,Table 1.1
industry,73,2019-20,frequency_rate,claims per million hours worked,12.392043346600174,False,False,Table 1.2
industry,73,2019-20,incidence_rate,"claims per 1,000 employees",16.334383780117157,False,False,Table 1.3
industry,73,2019-20,median_compensation,AUD,13467.0,False,False,Table 1.4
industry,73,2019-20,median_time_lost,weeks,8.424390243902439,False,False,Table 1.5
industry,73,2020-21,claim_count,claims,2668.0,False,False,Table 1.1
industry,73,2020-21,frequency_rate,claims per million hours worked,12.347932544748467,False,False,Table 1.2
industry,73,2020-21,incidence_rate,"claims per 1,000 employees",16.70789039396922,False,False,Table 1.3
industry,73,2020-21,median_compensation,AUD,13810.5,False,False,Table 1.4
industry,73,2020-21,median_time_lost,weeks,9.0,False,False,Table 1.5
industry,73,2021-22,claim_count,claims,2573.0,False,False,Table 1.1
industry,73,2021-22,frequency_rate,claims per million hours worked,12.312431016844418,False,False,Table 1.2
industry,73,2021-22,incidence_rate,"claims per 1,000 employees",16.64118315563448,False,False,Table 1.3
industry,73,2021-22,median_compensation,AUD,14756.0,False,False,Table 1.4
industry,73,2021-22,median_time_lost,weeks,9.6,False,False,Table 1.5
industry,73,2022-23,claim_count,claims,2860.0,False,False,Table 1.1
industry,73,2022-23,frequency_rate,claims per million hours worked,12.654732976864633,False,False,Table 1.2
industry,73,2022-23,incidence_rate,"claims per 1,000 employees",18.088200466869107,False,False,Table 1.3
industry,73,2022-23,median_compensation,AUD,16000.0,False,False,Table 1.4
industry,73,2022-23,median_time_lost,weeks,9.230263157894736,False,False,Table 1.5
industry,73,2023-24,claim_count,claims,2835.0,False,True,Table 1.1
industry,73,2023-24,frequency_rate,claims per million hours worked,12.710547785351633,False,True,Table 1.2
industry,73,2023-24,incidence_rate,"claims per 1,000 employees",18.02907874969487,False,True,Table 1.3
industry,73,2023-24,median_compensation,AUD,,True,True,Table 1.4
industry,73,2023-24,median_time_lost,weeks,,True,True,Table 1.5
industry,75,2014-15,claim_count,claims,3689.0,False,False,Table 1.1
industry,75,2014-15,frequency_rate,claims per million hours worked,4.129966512453971,False,False,Table 1.2
industry,75,2014-15,incidence_rate,"claims per 1,000 employees",6.819005288743869,False,False,Table 1.3
industry,75,2014-15,median_compensation,AUD,13770.0,False,False,Table 1.4
industry,75,2014-15,median_time_lost,weeks,5.533333333333333,False,False,Table 1.5
industry,75,2015-16,claim_count,claims,3253.0,False,False,Table 1.1
industry,75,2015-16,frequency_rate,claims per million hours worked,3.609678114899515,False,False,Table 1.2
industry,75,2015-16,incidence_rate,"claims per 1,000 employees",5.941990502984237,False,False,Table 1.3
industry,75,2015-16,median_compensation,AUD,13149.0,False,False,Table 1.4
industry,75,2015-16,median_time_lost,weeks,5.0,False,False,Table 1.5
industry,75,2016-17,claim_count,claims,3106.0,False,False,Table 1.1
industry,75,2016-17,frequency_rate,claims per million hours worked,3.316766366688338,False,False,Table 1.2
industry,75,2016-17,incidence_rate,"claims per 1,000 employees",5.3909813585871165,False,False,Table 1.3
industry,75,2016-17,median_compensation,AUD,15034.0,False,False,Table 1.4
industry,75,2016-17,median_time_lost,weeks,5.599776315789473,False,False,Table 1.5
industry,75,2017-18,claim_count,claims,3084.0,False,False,Table 1.1
industry,75,2017-18,frequency_rate,claims per million hours worked,3.522314945098433,False,False,Table 1.2
industry,75,2017-18,incidence_rate,"claims per 1,000 employees",5.828118851203433,False,False,Table 1.3
industry,75,2017-18,median_compensation,AUD,15310.0,False,False,Table 1.4
industry,75,2017-18,median_time_lost,weeks,5.6000000000000005,False,False,Table 1.5
industry,75,2018-19,claim_count,claims,3169.0,False,False,Table 1.1
industry,75,2018-19,frequency_rate,claims per million hours worked,3.0081640518871695,False,False,Table 1.2
industry,75,2018-19,incidence_rate,"claims per 1,000 employees",4.97270235294663,False,False,Table 1.3
industry,75,2018-19,median_compensation,AUD,17001.0,False,False,Table 1.4
industry,75,2018-19,median_time_lost,weeks,5.894736842105263,False,False,Table 1.5
industry,75,2019-20,claim_count,claims,3434.0,False,False,Table 1.1
industry,75,2019-20,frequency_rate,claims per million hours worked,3.3420175741947555,False,False,Table 1.2
industry,75,2019-20,incidence_rate,"claims per 1,000 employees",5.536830524544128,False,False,Table 1.3
industry,75,2019-20,median_compensation,AUD,16889.0,False,False,Table 1.4
industry,75,2019-20,median_time_lost,weeks,6.22546992481203,False,False,Table 1.5
industry,75,2020-21,claim_count,claims,3870.0,False,False,Table 1.1
industry,75,2020-21,frequency_rate,claims per million hours worked,3.6467866493036025,False,False,Table 1.2
industry,75,2020-21,incidence_rate,"claims per 1,000 employees",6.051168870715888,False,False,Table 1.3
industry,75,2020-21,median_compensation,AUD,19858.0,False,False,Table 1.4
industry,75,2020-21,median_time_lost,weeks,7.6,False,False,Table 1.5
industry,75,2021-22,claim_count,claims,3968.0,False,False,Table 1.1
industry,75,2021-22,frequency_rate,claims per million hours worked,4.156491588329719,False,False,Table 1.2
industry,75,2021-22,incidence_rate,"claims per 1,000 employees",6.907784563950698,False,False,Table 1.3
industry,75,2021-22,median_compensation,AUD,19478.5,False,False,Table 1.4
industry,75,2021-22,median_time_lost,weeks,7.174358974358975,False,False,Table 1.5
industry,75,2022-23,claim_count,claims,3942.0,False,False,Table 1.1
industry,75,2022-23,frequency_rate,claims per million hours worked,4.029764647464067,False,False,Table 1.2
industry,75,2022-23,incidence_rate,"claims per 1,000 employees",6.755614051894378,False,False,Table 1.3
industry,75,2022-23,median_compensation,AUD,18561.0,False,False,Table 1.4
industry,75,2022-23,median_time_lost,weeks,6.947123015873016,False,False,Table 1.5
industry,75,2023-24,claim_count,claims,4284.0,False,True,Table 1.1
industry,75,2023-24,frequency_rate,claims per million hours worked,4.172601910701968,False,True,Table 1.2
industry,75,2023-24,incidence_rate,"claims per 1,000 employees",6.94491941200436,False,True,Table 1.3
industry,75,2023-24,median_compensation,AUD,,True,True,Table 1.4
industry,75,2023-24,median_time_lost,weeks,,True,True,Table 1.5
industry,76,2014-15,claim_count,claims,114.0,False,False,Table 1.1
industry,76,2014-15,frequency_rate,claims per million hours worked,1.7026123018980979,False,False,Table 1.2
industry,76,2014-15,incidence_rate,"claims per 1,000 employees",3.003230245242928,False,False,Table 1.3
industry,76,2014-15,median_compensation,AUD,28913.5,False,False,Table 1.4
industry,76,2014-15,median_time_lost,weeks,10.791457435897435,False,False,Table 1.5
industry,76,2015-16,claim_count,claims,69.0,False,False,Table 1.1
industry,76,2015-16,frequency_rate,claims per million hours worked,1.0658902394600973,False,False,Table 1.2
industry,76,2015-16,incidence_rate,"claims per 1,000 employees",1.8398472966101431,False,False,Table 1.3
industry,76,2015-16,median_compensation,AUD,23400.0,False,False,Table 1.4
industry,76,2015-16,median_time_lost,weeks,9.2875,False,False,Table 1.5
industry,76,2016-17,claim_count,claims,72.0,False,False,Table 1.1
industry,76,2016-17,frequency_rate,claims per million hours worked,1.1300377649467575,False,False,Table 1.2
industry,76,2016-17,incidence_rate,"claims per 1,000 employees",1.8940473381398668,False,False,Table 1.3
industry,76,2016-17,median_compensation,AUD,27935.0,False,False,Table 1.4
industry,76,2016-17,median_time_lost,weeks,9.529546666666668,False,False,Table 1.5
industry,76,2017-18,claim_count,claims,69.0,False,False,Table 1.1
industry,76,2017-18,frequency_rate,claims per million hours worked,1.0396134373897552,False,False,Table 1.2
industry,76,2017-18,incidence_rate,"claims per 1,000 employees",1.834706618446965,False,False,Table 1.3
industry,76,2017-18,median_compensation,AUD,25179.0,False,False,Table 1.4
industry,76,2017-18,median_time_lost,weeks,9.386213333333334,False,False,Table 1.5
industry,76,2018-19,claim_count,claims,65.0,False,False,Table 1.1
industry,76,2018-19,frequency_rate,claims per million hours worked,0.9818651076190841,False,False,Table 1.2
industry,76,2018-19,incidence_rate,"claims per 1,000 employees",1.6199847064763706,False,False,Table 1.3
industry,76,2018-19,median_compensation,AUD,33337.0,False,False,Table 1.4
industry,76,2018-19,median_time_lost,weeks,10.44368888888889,False,False,Table 1.5
industry,76,2019-20,claim_count,claims,75.0,False,False,Table 1.1
industry,76,2019-20,frequency_rate,claims per million hours worked,1.1675911572661128,False,False,Table 1.2
industry,76,2019-20,incidence_rate,"claims per 1,000 employees",1.9182111359366165,False,False,Table 1.3
industry,76,2019-20,median_compensation,AUD,41880.0,False,False,Table 1.4
industry,76,2019-20,median_time_lost,weeks,14.979546666666666,False,False,Table 1.5
industry,76,2020-21,claim_count,claims,64.0,False,False,Table 1.1
industry,76,2020-21,frequency_rate,claims per million hours worked,0.8962274824678198,False,False,Table 1.2
industry,76,2020-21,incidence_rate,"claims per 1,000 employees",1.5489420835309713,False,False,Table 1.3
industry,76,2020-21,median_compensation,AUD,46426.5,False,False,Table 1.4
industry,76,2020-21,median_time_lost,weeks,15.393333333333334,False,False,Table 1.5
industry,76,2021-22,claim_count,claims,60.0,False,False,Table 1.1
industry,76,2021-22,frequency_rate,claims per million hours worked,0.7117779262260473,False,False,Table 1.2
industry,76,2021-22,incidence_rate,"claims per 1,000 employees",1.309977147848639,False,False,Table 1.3
industry,76,2021-22,median_compensation,AUD,57730.0,False,False,Table 1.4
industry,76,2021-22,median_time_lost,weeks,19.48,False,False,Table 1.5
industry,76,2022-23,claim_count,claims,49.0,False,False,Table 1.1
industry,76,2022-23,frequency_rate,claims per million hours worked,0.59821366641304,False,False,Table 1.2
industry,76,2022-23,incidence_rate,"claims per 1,000 employees",1.0974481561707117,False,False,Table 1.3
industry,76,2022-23,median_compensation,AUD,68026.0,False,False,Table 1.4
industry,76,2022-23,median_time_lost,weeks,29.24,False,False,Table 1.5
industry,76,2023-24,claim_count,claims,57.0,False,True,Table 1.1
industry,76,2023-24,frequency_rate,claims per million hours worked,0.6486158005421971,False,True,Table 1.2
industry,76,2023-24,incidence_rate,"claims per 1,000 employees",1.1605119692329293,False,True,Table 1.3
industry,76,2023-24,median_compensation,AUD,,True,True,Table 1.4
industry,76,2023-24,median_time_lost,weeks,,True,True,Table 1.5
industry,77,2014-15,claim_count,claims,4762.0,False,False,Table 1.1
industry,77,2014-15,frequency_rate,claims per million hours worked,16.873837829917676,False,False,Table 1.2
industry,77,2014-15,incidence_rate,"claims per 1,000 employees",29.03699538105703,False,False,Table 1.3
industry,77,2014-15,median_compensation,AUD,14227.0,False,False,Table 1.4
industry,77,2014-15,median_time_lost,weeks,7.800000000000001,False,False,Table 1.5
industry,77,2015-16,claim_count,claims,4694.0,False,False,Table 1.1
industry,77,2015-16,frequency_rate,claims per million hours worked,15.90072078492553,False,False,Table 1.2
industry,77,2015-16,incidence_rate,"claims per 1,000 employees",27.516434458009517,False,False,Table 1.3
industry,77,2015-16,median_compensation,AUD,18237.5,False,False,Table 1.4
industry,77,2015-16,median_time_lost,weeks,8.2625,False,False,Table 1.5
industry,77,2016-17,claim_count,claims,4843.0,False,False,Table 1.1
industry,77,2016-17,frequency_rate,claims per million hours worked,16.1283884667545,False,False,Table 1.2
industry,77,2016-17,incidence_rate,"claims per 1,000 employees",27.06822230854943,False,False,Table 1.3
industry,77,2016-17,median_compensation,AUD,21707.5,False,False,Table 1.4
industry,77,2016-17,median_time_lost,weeks,8.4,False,False,Table 1.5
industry,77,2017-18,claim_count,claims,5053.0,False,False,Table 1.1
industry,77,2017-18,frequency_rate,claims per million hours worked,15.871198584130878,False,False,Table 1.2
industry,77,2017-18,incidence_rate,"claims per 1,000 employees",27.45090096495538,False,False,Table 1.3
industry,77,2017-18,median_compensation,AUD,23775.0,False,False,Table 1.4
industry,77,2017-18,median_time_lost,weeks,9.0,False,False,Table 1.5
industry,77,2018-19,claim_count,claims,6171.0,False,False,Table 1.1
industry,77,2018-19,frequency_rate,claims per million hours worked,19.79975403971932,False,False,Table 1.2
industry,77,2018-19,incidence_rate,"claims per 1,000 employees",34.190585905257166,False,False,Table 1.3
industry,77,2018-19,median_compensation,AUD,27301.0,False,False,Table 1.4
industry,77,2018-19,median_time_lost,weeks,9.842105263157896,False,False,Table 1.5
industry,77,2019-20,claim_count,claims,6512.0,False,False,Table 1.1
industry,77,2019-20,frequency_rate,claims per million hours worked,21.643011185947287,False,False,Table 1.2
industry,77,2019-20,incidence_rate,"claims per 1,000 employees",36.29060566061961,False,False,Table 1.3
industry,77,2019-20,median_compensation,AUD,28960.0,False,False,Table 1.4
industry,77,2019-20,median_time_lost,weeks,10.36810776942356,False,False,Table 1.5
industry,77,2020-21,claim_count,claims,7161.0,False,False,Table 1.1
industry,77,2020-21,frequency_rate,claims per million hours worked,21.06773435065774,False,False,Table 1.2
industry,77,2020-21,incidence_rate,"claims per 1,000 employees",36.25955804970545,False,False,Table 1.3
industry,77,2020-21,median_compensation,AUD,32498.0,False,False,Table 1.4
industry,77,2020-21,median_time_lost,weeks,12.6,False,False,Table 1.5
industry,77,2021-22,claim_count,claims,9913.0,False,False,Table 1.1
industry,77,2021-22,frequency_rate,claims per million hours worked,32.193875911970615,False,False,Table 1.2
industry,77,2021-22,incidence_rate,"claims per 1,000 employees",55.242227050295256,False,False,Table 1.3
industry,77,2021-22,median_compensation,AUD,18619.0,False,False,Table 1.4
industry,77,2021-22,median_time_lost,weeks,7.0,False,False,Table 1.5
industry,77,2022-23,claim_count,claims,10733.0,False,False,Table 1.1
industry,77,2022-23,frequency_rate,claims per million hours worked,34.52826431659769,False,False,Table 1.2
industry,77,2022-23,incidence_rate,"claims per 1,000 employees",59.784168189356095,False,False,Table 1.3
industry,77,2022-23,median_compensation,AUD,21278.5,False,False,Table 1.4
industry,77,2022-23,median_time_lost,weeks,7.6000000000000005,False,False,Table 1.5
industry,77,2023-24,claim_count,claims,9213.0,False,True,Table 1.1
industry,77,2023-24,frequency_rate,claims per million hours worked,31.79807635999328,False,True,Table 1.2
industry,77,2023-24,incidence_rate,"claims per 1,000 employees",55.13908500878787,False,True,Table 1.3
industry,77,2023-24,median_compensation,AUD,,True,True,Table 1.4
industry,77,2023-24,median_time_lost,weeks,,True,True,Table 1.5
industry,80,2014-15,claim_count,claims,5471.0,False,False,Table 1.1
industry,80,2014-15,frequency_rate,claims per million hours worked,6.229041840975547,False,False,Table 1.2
industry,80,2014-15,incidence_rate,"claims per 1,000 employees",10.001967916864892,False,False,Table 1.3
industry,80,2014-15,median_compensation,AUD,12114.0,False,False,Table 1.4
industry,80,2014-15,median_time_lost,weeks,5.0,False,False,Table 1.5
industry,80,2015-16,claim_count,claims,5199.0,False,False,Table 1.1
industry,80,2015-16,frequency_rate,claims per million hours worked,5.974688916928713,False,False,Table 1.2
industry,80,2015-16,incidence_rate,"claims per 1,000 employees",9.429943834692086,False,False,Table 1.3
industry,80,2015-16,median_compensation,AUD,11521.0,False,False,Table 1.4
industry,80,2015-16,median_time_lost,weeks,5.0,False,False,Table 1.5
industry,80,2016-17,claim_count,claims,5539.0,False,False,Table 1.1
industry,80,2016-17,frequency_rate,claims per million hours worked,5.96865828659845,False,False,Table 1.2
industry,80,2016-17,incidence_rate,"claims per 1,000 employees",9.572807943459344,False,False,Table 1.3
industry,80,2016-17,median_compensation,AUD,12807.0,False,False,Table 1.4
industry,80,2016-17,median_time_lost,weeks,5.4,False,False,Table 1.5
industry,80,2017-18,claim_count,claims,5625.0,False,False,Table 1.1
industry,80,2017-18,frequency_rate,claims per million hours worked,5.6677949939670675,False,False,Table 1.2
industry,80,2017-18,incidence_rate,"claims per 1,000 employees",8.964598205655419,False,False,Table 1.3
industry,80,2017-18,median_compensation,AUD,14475.0,False,False,Table 1.4
industry,80,2017-18,median_time_lost,weeks,6.0,False,False,Table 1.5
industry,80,2018-19,claim_count,claims,6419.0,False,False,Table 1.1
industry,80,2018-19,frequency_rate,claims per million hours worked,6.206575627970978,False,False,Table 1.2
industry,80,2018-19,incidence_rate,"claims per 1,000 employees",9.880833672611931,False,False,Table 1.3
industry,80,2018-19,median_compensation,AUD,15891.0,False,False,Table 1.4
industry,80,2018-19,median_time_lost,weeks,6.100618181818182,False,False,Table 1.5
industry,80,2019-20,claim_count,claims,6275.0,False,False,Table 1.1
industry,80,2019-20,frequency_rate,claims per million hours worked,5.943171200304004,False,False,Table 1.2
industry,80,2019-20,incidence_rate,"claims per 1,000 employees",9.439207104821833,False,False,Table 1.3
industry,80,2019-20,median_compensation,AUD,15332.0,False,False,Table 1.4
industry,80,2019-20,median_time_lost,weeks,6.0,False,False,Table 1.5
industry,80,2020-21,claim_count,claims,7226.0,False,False,Table 1.1
industry,80,2020-21,frequency_rate,claims per million hours worked,6.682486785523232,False,False,Table 1.2
industry,80,2020-21,incidence_rate,"claims per 1,000 employees",10.198389509725898,False,False,Table 1.3
industry,80,2020-21,median_compensation,AUD,18158.5,False,False,Table 1.4
industry,80,2020-21,median_time_lost,weeks,6.989265997031145,False,False,Table 1.5
industry,80,2021-22,claim_count,claims,7538.0,False,False,Table 1.1
industry,80,2021-22,frequency_rate,claims per million hours worked,7.094863671089574,False,False,Table 1.2
industry,80,2021-22,incidence_rate,"claims per 1,000 employees",11.165718849647167,False,False,Table 1.3
industry,80,2021-22,median_compensation,AUD,12304.0,False,False,Table 1.4
industry,80,2021-22,median_time_lost,weeks,4.605263157894737,False,False,Table 1.5
industry,80,2022-23,claim_count,claims,10156.0,False,False,Table 1.1
industry,80,2022-23,frequency_rate,claims per million hours worked,9.337495766212843,False,False,Table 1.2
industry,80,2022-23,incidence_rate,"claims per 1,000 employees",14.22495827531948,False,False,Table 1.3
industry,80,2022-23,median_compensation,AUD,12885.0,False,False,Table 1.4
industry,80,2022-23,median_time_lost,weeks,4.6,False,False,Table 1.5
industry,80,2023-24,claim_count,claims,9629.0,False,True,Table 1.1
industry,80,2023-24,frequency_rate,claims per million hours worked,8.689604080846584,False,True,Table 1.2
industry,80,2023-24,incidence_rate,"claims per 1,000 employees",13.072119732401838,False,True,Table 1.3
industry,80,2023-24,median_compensation,AUD,,True,True,Table 1.4
industry,80,2023-24,median_time_lost,weeks,,True,True,Table 1.5
industry,81,2014-15,claim_count,claims,1036.0,False,False,Table 1.1
industry,81,2014-15,frequency_rate,claims per million hours worked,2.625632783420197,False,False,Table 1.2
industry,81,2014-15,incidence_rate,"claims per 1,000 employees",4.093236140344037,False,False,Table 1.3
industry,81,2014-15,median_compensation,AUD,8208.0,False,False,Table 1.4
industry,81,2014-15,median_time_lost,weeks,4.041666666666666,False,False,Table 1.5
industry,81,2015-16,claim_count,claims,1000.0,False,False,Table 1.1
industry,81,2015-16,frequency_rate,claims per million hours worked,2.5023161970326284,False,False,Table 1.2
industry,81,2015-16,incidence_rate,"claims per 1,000 employees",3.8336860567432973,False,False,Table 1.3
industry,81,2015-16,median_compensation,AUD,11991.0,False,False,Table 1.4
industry,81,2015-16,median_time_lost,weeks,5.0,False,False,Table 1.5
industry,81,2016-17,claim_count,claims,885.0,False,False,Table 1.1
industry,81,2016-17,frequency_rate,claims per million hours worked,2.233845821774,False,False,Table 1.2
industry,81,2016-17,incidence_rate,"claims per 1,000 employees",3.378270224718075,False,False,Table 1.3
industry,81,2016-17,median_compensation,AUD,12861.0,False,False,Table 1.4
industry,81,2016-17,median_time_lost,weeks,6.3999999999999995,False,False,Table 1.5
industry,81,2017-18,claim_count,claims,888.0,False,False,Table 1.1
industry,81,2017-18,frequency_rate,claims per million hours worked,2.3124308374115157,False,False,Table 1.2
industry,81,2017-18,incidence_rate,"claims per 1,000 employees",3.497261040415146,False,False,Table 1.3
industry,81,2017-18,median_compensation,AUD,14129.0,False,False,Table 1.4
industry,81,2017-18,median_time_lost,weeks,6.800000000000001,False,False,Table 1.5
industry,81,2018-19,claim_count,claims,904.0,False,False,Table 1.1
industry,81,2018-19,frequency_rate,claims per million hours worked,2.32835324556795,False,False,Table 1.2
industry,81,2018-19,incidence_rate,"claims per 1,000 employees",3.536516727356882,False,False,Table 1.3
industry,81,2018-19,median_compensation,AUD,14820.0,False,False,Table 1.4
industry,81,2018-19,median_time_lost,weeks,6.8,False,False,Table 1.5
industry,81,2019-20,claim_count,claims,869.0,False,False,Table 1.1
industry,81,2019-20,frequency_rate,claims per million hours worked,2.0478466572558998,False,False,Table 1.2
industry,81,2019-20,incidence_rate,"claims per 1,000 employees",3.1332288341245618,False,False,Table 1.3
industry,81,2019-20,median_compensation,AUD,18388.0,False,False,Table 1.4
industry,81,2019-20,median_time_lost,weeks,7.3999999999999995,False,False,Table 1.5
industry,81,2020-21,claim_count,claims,819.0,False,False,Table 1.1
industry,81,2020-21,frequency_rate,claims per million hours worked,1.939846461928612,False,False,Table 1.2
industry,81,2020-21,incidence_rate,"claims per 1,000 employees",2.9590943820284488,False,False,Table 1.3
industry,81,2020-21,median_compensation,AUD,18656.0,False,False,Table 1.4
industry,81,2020-21,median_time_lost,weeks,8.88888888888889,False,False,Table 1.5
industry,81,2021-22,claim_count,claims,785.0,False,False,Table 1.1
industry,81,2021-22,frequency_rate,claims per million hours worked,1.9912277682470096,False,False,Table 1.2
industry,81,2021-22,incidence_rate,"claims per 1,000 employees",3.070388090765517,False,False,Table 1.3
industry,81,2021-22,median_compensation,AUD,18301.0,False,False,Table 1.4
industry,81,2021-22,median_time_lost,weeks,9.0,False,False,Table 1.5
industry,81,2022-23,claim_count,claims,877.0,False,False,Table 1.1
industry,81,2022-23,frequency_rate,claims per million hours worked,2.305007462638064,False,False,Table 1.2
industry,81,2022-23,incidence_rate,"claims per 1,000 employees",3.575847753676444,False,False,Table 1.3
industry,81,2022-23,median_compensation,AUD,24805.0,False,False,Table 1.4
industry,81,2022-23,median_time_lost,weeks,9.878125,False,False,Table 1.5
industry,81,2023-24,claim_count,claims,929.0,False,True,Table 1.1
industry,81,2023-24,frequency_rate,claims per million hours worked,2.195744490378774,False,True,Table 1.2
industry,81,2023-24,incidence_rate,"claims per 1,000 employees",3.2882720069497533,False,True,Table 1.3
industry,81,2023-24,median_compensation,AUD,,True,True,Table 1.4
industry,81,2023-24,median_time_lost,weeks,,True,True,Table 1.5
industry,82,2014-15,claim_count,claims,329.0,False,False,Table 1.1
industry,82,2014-15,frequency_rate,claims per million hours worked,1.8569024975355852,False,False,Table 1.2
industry,82,2014-15,incidence_rate,"claims per 1,000 employees",2.4684251022671013,False,False,Table 1.3
industry,82,2014-15,median_compensation,AUD,9632.0,False,False,Table 1.4
industry,82,2014-15,median_time_lost,weeks,6.0,False,False,Table 1.5
industry,82,2015-16,claim_count,claims,311.0,False,False,Table 1.1
industry,82,2015-16,frequency_rate,claims per million hours worked,1.6614073465910508,False,False,Table 1.2
industry,82,2015-16,incidence_rate,"claims per 1,000 employees",2.164046370111211,False,False,Table 1.3
industry,82,2015-16,median_compensation,AUD,16015.5,False,False,Table 1.4
industry,82,2015-16,median_time_lost,weeks,8.2,False,False,Table 1.5
industry,82,2016-17,claim_count,claims,329.0,False,False,Table 1.1
industry,82,2016-17,frequency_rate,claims per million hours worked,1.6501280347671539,False,False,Table 1.2
industry,82,2016-17,incidence_rate,"claims per 1,000 employees",2.1875249999846704,False,False,Table 1.3
industry,82,2016-17,median_compensation,AUD,13950.0,False,False,Table 1.4
industry,82,2016-17,median_time_lost,weeks,7.375,False,False,Table 1.5
industry,82,2017-18,claim_count,claims,354.0,False,False,Table 1.1
industry,82,2017-18,frequency_rate,claims per million hours worked,1.5489600116463733,False,False,Table 1.2
industry,82,2017-18,incidence_rate,"claims per 1,000 employees",2.1217457859442597,False,False,Table 1.3
industry,82,2017-18,median_compensation,AUD,14770.5,False,False,Table 1.4
industry,82,2017-18,median_time_lost,weeks,8.631947550218381,False,False,Table 1.5
industry,82,2018-19,claim_count,claims,405.0,False,False,Table 1.1
industry,82,2018-19,frequency_rate,claims per million hours worked,1.877722846655102,False,False,Table 1.2
industry,82,2018-19,incidence_rate,"claims per 1,000 employees",2.4627858235346816,False,False,Table 1.3
industry,82,2018-19,median_compensation,AUD,14740.5,False,False,Table 1.4
industry,82,2018-19,median_time_lost,weeks,7.605263157894737,False,False,Table 1.5
industry,82,2019-20,claim_count,claims,429.0,False,False,Table 1.1
industry,82,2019-20,frequency_rate,claims per million hours worked,1.862859666670324,False,False,Table 1.2
industry,82,2019-20,incidence_rate,"claims per 1,000 employees",2.567497942340411,False,False,Table 1.3
industry,82,2019-20,median_compensation,AUD,16924.0,False,False,Table 1.4
industry,82,2019-20,median_time_lost,weeks,8.2,False,False,Table 1.5
industry,82,2020-21,claim_count,claims,427.0,False,False,Table 1.1
industry,82,2020-21,frequency_rate,claims per million hours worked,1.966675749391515,False,False,Table 1.2
industry,82,2020-21,incidence_rate,"claims per 1,000 employees",2.6612859468906693,False,False,Table 1.3
industry,82,2020-21,median_compensation,AUD,22307.0,False,False,Table 1.4
industry,82,2020-21,median_time_lost,weeks,10.0,False,False,Table 1.5
industry,82,2021-22,claim_count,claims,405.0,False,False,Table 1.1
industry,82,2021-22,frequency_rate,claims per million hours worked,1.9265677607755194,False,False,Table 1.2
industry,82,2021-22,incidence_rate,"claims per 1,000 employees",2.428012912614293,False,False,Table 1.3
industry,82,2021-22,median_compensation,AUD,18914.0,False,False,Table 1.4
industry,82,2021-22,median_time_lost,weeks,10.0,False,False,Table 1.5
industry,82,2022-23,claim_count,claims,499.0,False,False,Table 1.1
industry,82,2022-23,frequency_rate,claims per million hours worked,1.836679998564144,False,False,Table 1.2
industry,82,2022-23,incidence_rate,"claims per 1,000 employees",2.478339755064988,False,False,Table 1.3
industry,82,2022-23,median_compensation,AUD,23465.5,False,False,Table 1.4
industry,82,2022-23,median_time_lost,weeks,11.705263157894738,False,False,Table 1.5
industry,82,2023-24,claim_count,claims,578.0,False,True,Table 1.1
industry,82,2023-24,frequency_rate,claims per million hours worked,2.2316433620187275,False,True,Table 1.2
industry,82,2023-24,incidence_rate,"claims per 1,000 employees",2.844618893951577,False,True,Table 1.3
industry,82,2023-24,median_compensation,AUD,,True,True,Table 1.4
industry,82,2023-24,median_time_lost,weeks,,True,True,Table 1.5
industry,84,2014-15,claim_count,claims,6573.0,False,False,Table 1.1
industry,84,2014-15,frequency_rate,claims per million hours worked,11.307597491811707,False,False,Table 1.2
industry,84,2014-15,incidence_rate,"claims per 1,000 employees",16.84366732464143,False,False,Table 1.3
industry,84,2014-15,median_compensation,AUD,9714.0,False,False,Table 1.4
industry,84,2014-15,median_time_lost,weeks,6.0,False,False,Table 1.5
industry,84,2015-16,claim_count,claims,5899.0,False,False,Table 1.1
industry,84,2015-16,frequency_rate,claims per million hours worked,9.352845105472277,False,False,Table 1.2
industry,84,2015-16,incidence_rate,"claims per 1,000 employees",13.970716359913903,False,False,Table 1.3
industry,84,2015-16,median_compensation,AUD,10687.5,False,False,Table 1.4
industry,84,2015-16,median_time_lost,weeks,6.175,False,False,Table 1.5
industry,84,2016-17,claim_count,claims,6066.0,False,False,Table 1.1
industry,84,2016-17,frequency_rate,claims per million hours worked,10.012322158559078,False,False,Table 1.2
industry,84,2016-17,incidence_rate,"claims per 1,000 employees",14.955995894797232,False,False,Table 1.3
industry,84,2016-17,median_compensation,AUD,11664.0,False,False,Table 1.4
industry,84,2016-17,median_time_lost,weeks,6.310526315789474,False,False,Table 1.5
industry,84,2017-18,claim_count,claims,6538.0,False,False,Table 1.1
industry,84,2017-18,frequency_rate,claims per million hours worked,9.284093389958903,False,False,Table 1.2
industry,84,2017-18,incidence_rate,"claims per 1,000 employees",13.718621692652727,False,False,Table 1.3
industry,84,2017-18,median_compensation,AUD,11841.5,False,False,Table 1.4
industry,84,2017-18,median_time_lost,weeks,6.957337994546123,False,False,Table 1.5
industry,84,2018-19,claim_count,claims,7052.0,False,False,Table 1.1
industry,84,2018-19,frequency_rate,claims per million hours worked,9.884121970425824,False,False,Table 1.2
industry,84,2018-19,incidence_rate,"claims per 1,000 employees",14.553813597196003,False,False,Table 1.3
industry,84,2018-19,median_compensation,AUD,13051.0,False,False,Table 1.4
industry,84,2018-19,median_time_lost,weeks,6.815966485721029,False,False,Table 1.5
industry,84,2019-20,claim_count,claims,7315.0,False,False,Table 1.1
industry,84,2019-20,frequency_rate,claims per million hours worked,9.48896020480677,False,False,Table 1.2
industry,84,2019-20,incidence_rate,"claims per 1,000 employees",14.095175910962384,False,False,Table 1.3
industry,84,2019-20,median_compensation,AUD,13431.0,False,False,Table 1.4
industry,84,2019-20,median_time_lost,weeks,7.495184210526316,False,False,Table 1.5
industry,84,2020-21,claim_count,claims,8977.0,False,False,Table 1.1
industry,84,2020-21,frequency_rate,claims per million hours worked,11.195128776849316,False,False,Table 1.2
industry,84,2020-21,incidence_rate,"claims per 1,000 employees",16.49840953554482,False,False,Table 1.3
industry,84,2020-21,median_compensation,AUD,14645.5,False,False,Table 1.4
industry,84,2020-21,median_time_lost,weeks,8.358422285071313,False,False,Table 1.5
industry,84,2021-22,claim_count,claims,8465.0,False,False,Table 1.1
industry,84,2021-22,frequency_rate,claims per million hours worked,9.999391195216848,False,False,Table 1.2
industry,84,2021-22,incidence_rate,"claims per 1,000 employees",14.538362998259922,False,False,Table 1.3
industry,84,2021-22,median_compensation,AUD,14164.0,False,False,Table 1.4
industry,84,2021-22,median_time_lost,weeks,7.658805555555555,False,False,Table 1.5
industry,84,2022-23,claim_count,claims,8886.0,False,False,Table 1.1
industry,84,2022-23,frequency_rate,claims per million hours worked,9.960421448237868,False,False,Table 1.2
industry,84,2022-23,incidence_rate,"claims per 1,000 employees",14.410295447934566,False,False,Table 1.3
industry,84,2022-23,median_compensation,AUD,13469.0,False,False,Table 1.4
industry,84,2022-23,median_time_lost,weeks,7.2072092812471675,False,False,Table 1.5
industry,84,2023-24,claim_count,claims,8838.0,False,True,Table 1.1
industry,84,2023-24,frequency_rate,claims per million hours worked,9.80108539948307,False,True,Table 1.2
industry,84,2023-24,incidence_rate,"claims per 1,000 employees",14.187285521217959,False,True,Table 1.3
industry,84,2023-24,median_compensation,AUD,,True,True,Table 1.4
industry,84,2023-24,median_time_lost,weeks,,True,True,Table 1.5
industry,85,2014-15,claim_count,claims,2220.0,False,False,Table 1.1
industry,85,2014-15,frequency_rate,claims per million hours worked,3.482822563202156,False,False,Table 1.2
industry,85,2014-15,incidence_rate,"claims per 1,000 employees",5.065151020911886,False,False,Table 1.3
industry,85,2014-15,median_compensation,AUD,10376.0,False,False,Table 1.4
industry,85,2014-15,median_time_lost,weeks,5.8,False,False,Table 1.5
industry,85,2015-16,claim_count,claims,2067.0,False,False,Table 1.1
industry,85,2015-16,frequency_rate,claims per million hours worked,2.889072101418027,False,False,Table 1.2
industry,85,2015-16,incidence_rate,"claims per 1,000 employees",4.292797872970479,False,False,Table 1.3
industry,85,2015-16,median_compensation,AUD,12079.0,False,False,Table 1.4
industry,85,2015-16,median_time_lost,weeks,7.1157894736842096,False,False,Table 1.5
industry,85,2016-17,claim_count,claims,2084.0,False,False,Table 1.1
industry,85,2016-17,frequency_rate,claims per million hours worked,2.8326600482671345,False,False,Table 1.2
industry,85,2016-17,incidence_rate,"claims per 1,000 employees",4.183851900223146,False,False,Table 1.3
industry,85,2016-17,median_compensation,AUD,13128.0,False,False,Table 1.4
industry,85,2016-17,median_time_lost,weeks,7.072297297297297,False,False,Table 1.5
industry,85,2017-18,claim_count,claims,2030.0,False,False,Table 1.1
industry,85,2017-18,frequency_rate,claims per million hours worked,2.803379070512162,False,False,Table 1.2
industry,85,2017-18,incidence_rate,"claims per 1,000 employees",4.130587699412019,False,False,Table 1.3
industry,85,2017-18,median_compensation,AUD,14558.0,False,False,Table 1.4
industry,85,2017-18,median_time_lost,weeks,8.227631578947369,False,False,Table 1.5
industry,85,2018-19,claim_count,claims,2475.0,False,False,Table 1.1
industry,85,2018-19,frequency_rate,claims per million hours worked,3.4704304674255635,False,False,Table 1.2
industry,85,2018-19,incidence_rate,"claims per 1,000 employees",5.097338275204682,False,False,Table 1.3
industry,85,2018-19,median_compensation,AUD,15832.0,False,False,Table 1.4
industry,85,2018-19,median_time_lost,weeks,8.740829628821556,False,False,Table 1.5
industry,85,2019-20,claim_count,claims,2791.0,False,False,Table 1.1
industry,85,2019-20,frequency_rate,claims per million hours worked,3.986525368218106,False,False,Table 1.2
industry,85,2019-20,incidence_rate,"claims per 1,000 employees",5.777288905294373,False,False,Table 1.3
industry,85,2019-20,median_compensation,AUD,16492.0,False,False,Table 1.4
industry,85,2019-20,median_time_lost,weeks,8.6,False,False,Table 1.5
industry,85,2020-21,claim_count,claims,3476.0,False,False,Table 1.1
industry,85,2020-21,frequency_rate,claims per million hours worked,4.760224337268816,False,False,Table 1.2
industry,85,2020-21,incidence_rate,"claims per 1,000 employees",6.850906648275807,False,False,Table 1.3
industry,85,2020-21,median_compensation,AUD,16730.0,False,False,Table 1.4
industry,85,2020-21,median_time_lost,weeks,8.799999999999999,False,False,Table 1.5
industry,85,2021-22,claim_count,claims,4098.0,False,False,Table 1.1
industry,85,2021-22,frequency_rate,claims per million hours worked,5.355836790603898,False,False,Table 1.2
industry,85,2021-22,incidence_rate,"claims per 1,000 employees",7.826703750014954,False,False,Table 1.3
industry,85,2021-22,median_compensation,AUD,16156.0,False,False,Table 1.4
industry,85,2021-22,median_time_lost,weeks,8.544501599276224,False,False,Table 1.5
industry,85,2022-23,claim_count,claims,4502.0,False,False,Table 1.1
industry,85,2022-23,frequency_rate,claims per million hours worked,5.21716113971166,False,False,Table 1.2
industry,85,2022-23,incidence_rate,"claims per 1,000 employees",7.439838940205544,False,False,Table 1.3
industry,85,2022-23,median_compensation,AUD,14327.0,False,False,Table 1.4
industry,85,2022-23,median_time_lost,weeks,7.2,False,False,Table 1.5
industry,85,2023-24,claim_count,claims,4711.0,False,True,Table 1.1
industry,85,2023-24,frequency_rate,claims per million hours worked,5.262918564652206,False,True,Table 1.2
industry,85,2023-24,incidence_rate,"claims per 1,000 employees",7.552544883928347,False,True,Table 1.3
industry,85,2023-24,median_compensation,AUD,,True,True,Table 1.4
industry,85,2023-24,median_time_lost,weeks,,True,True,Table 1.5
industry,86,2014-15,claim_count,claims,5778.0,False,False,Table 1.1
industry,86,2014-15,frequency_rate,claims per million hours worked,19.603903798308977,False,False,Table 1.2
industry,86,2014-15,incidence_rate,"claims per 1,000 employees",26.173761885105023,False,False,Table 1.3
industry,86,2014-15,median_compensation,AUD,6835.5,False,False,Table 1.4
industry,86,2014-15,median_time_lost,weeks,5.0,False,False,Table 1.5
industry,86,2015-16,claim_count,claims,5509.0,False,False,Table 1.1
industry,86,2015-16,frequency_rate,claims per million hours worked,17.84780080417876,False,False,Table 1.2
industry,86,2015-16,incidence_rate,"claims per 1,000 employees",24.101793925753036,False,False,Table 1.3
industry,86,2015-16,median_compensation,AUD,8005.0,False,False,Table 1.4
industry,86,2015-16,median_time_lost,weeks,5.6,False,False,Table 1.5
industry,86,2016-17,claim_count,claims,5890.0,False,False,Table 1.1
industry,86,2016-17,frequency_rate,claims per million hours worked,18.471404193297662,False,False,Table 1.2
industry,86,2016-17,incidence_rate,"claims per 1,000 employees",25.021318620360617,False,False,Table 1.3
industry,86,2016-17,median_compensation,AUD,9062.0,False,False,Table 1.4
industry,86,2016-17,median_time_lost,weeks,5.97297619047619,False,False,Table 1.5
industry,86,2017-18,claim_count,claims,6312.0,False,False,Table 1.1
industry,86,2017-18,frequency_rate,claims per million hours worked,17.810248199798277,False,False,Table 1.2
industry,86,2017-18,incidence_rate,"claims per 1,000 employees",24.40140265322648,False,False,Table 1.3
industry,86,2017-18,median_compensation,AUD,9810.0,False,False,Table 1.4
industry,86,2017-18,median_time_lost,weeks,6.400030167934838,False,False,Table 1.5
industry,86,2018-19,claim_count,claims,7030.0,False,False,Table 1.1
industry,86,2018-19,frequency_rate,claims per million hours worked,18.79451418529855,False,False,Table 1.2
industry,86,2018-19,incidence_rate,"claims per 1,000 employees",25.688875695532303,False,False,Table 1.3
industry,86,2018-19,median_compensation,AUD,9975.0,False,False,Table 1.4
industry,86,2018-19,median_time_lost,weeks,6.715979405186738,False,False,Table 1.5
industry,86,2019-20,claim_count,claims,7243.0,False,False,Table 1.1
industry,86,2019-20,frequency_rate,claims per million hours worked,19.03145406939734,False,False,Table 1.2
industry,86,2019-20,incidence_rate,"claims per 1,000 employees",26.2595243038339,False,False,Table 1.3
industry,86,2019-20,median_compensation,AUD,9416.0,False,False,Table 1.4
industry,86,2019-20,median_time_lost,weeks,6.142792126521789,False,False,Table 1.5
industry,86,2020-21,claim_count,claims,8687.0,False,False,Table 1.1
industry,86,2020-21,frequency_rate,claims per million hours worked,25.311718038976647,False,False,Table 1.2
industry,86,2020-21,incidence_rate,"claims per 1,000 employees",34.70126999242476,False,False,Table 1.3
industry,86,2020-21,median_compensation,AUD,10521.0,False,False,Table 1.4
industry,86,2020-21,median_time_lost,weeks,6.886,False,False,Table 1.5
industry,86,2021-22,claim_count,claims,7589.0,False,False,Table 1.1
industry,86,2021-22,frequency_rate,claims per million hours worked,21.191275682145044,False,False,Table 1.2
industry,86,2021-22,incidence_rate,"claims per 1,000 employees",29.716512671735693,False,False,Table 1.3
industry,86,2021-22,median_compensation,AUD,8722.0,False,False,Table 1.4
industry,86,2021-22,median_time_lost,weeks,5.888504102988783,False,False,Table 1.5
industry,86,2022-23,claim_count,claims,8335.0,False,False,Table 1.1
industry,86,2022-23,frequency_rate,claims per million hours worked,24.14675575907199,False,False,Table 1.2
industry,86,2022-23,incidence_rate,"claims per 1,000 employees",34.608357031343395,False,False,Table 1.3
industry,86,2022-23,median_compensation,AUD,9356.0,False,False,Table 1.4
industry,86,2022-23,median_time_lost,weeks,5.631578947368421,False,False,Table 1.5
industry,86,2023-24,claim_count,claims,8913.0,False,True,Table 1.1
industry,86,2023-24,frequency_rate,claims per million hours worked,26.19381531959346,False,True,Table 1.2
industry,86,2023-24,incidence_rate,"claims per 1,000 employees",35.92424036390584,False,True,Table 1.3
industry,86,2023-24,median_compensation,AUD,,True,True,Table 1.4
industry,86,2023-24,median_time_lost,weeks,,True,True,Table 1.5
industry,87,2014-15,claim_count,claims,2765.0,False,False,Table 1.1
industry,87,2014-15,frequency_rate,claims per million hours worked,5.285182547367129,False,False,Table 1.2
industry,87,2014-15,incidence_rate,"claims per 1,000 employees",7.26569944625786,False,False,Table 1.3
industry,87,2014-15,median_compensation,AUD,7645.0,False,False,Table 1.4
industry,87,2014-15,median_time_lost,weeks,5.526315789473684,False,False,Table 1.5
industry,87,2015-16,claim_count,claims,2814.0,False,False,Table 1.1
industry,87,2015-16,frequency_rate,claims per million hours worked,5.252429284528626,False,False,Table 1.2
industry,87,2015-16,incidence_rate,"claims per 1,000 employees",7.2863949270241575,False,False,Table 1.3
industry,87,2015-16,median_compensation,AUD,8673.0,False,False,Table 1.4
industry,87,2015-16,median_time_lost,weeks,6.217142857142857,False,False,Table 1.5
industry,87,2016-17,claim_count,claims,3050.0,False,False,Table 1.1
industry,87,2016-17,frequency_rate,claims per million hours worked,5.496854848482329,False,False,Table 1.2
industry,87,2016-17,incidence_rate,"claims per 1,000 employees",7.566043500837155,False,False,Table 1.3
industry,87,2016-17,median_compensation,AUD,9387.0,False,False,Table 1.4
industry,87,2016-17,median_time_lost,weeks,6.525918947368421,False,False,Table 1.5
industry,87,2017-18,claim_count,claims,2983.0,False,False,Table 1.1
industry,87,2017-18,frequency_rate,claims per million hours worked,4.854094244717549,False,False,Table 1.2
industry,87,2017-18,incidence_rate,"claims per 1,000 employees",6.843514255255433,False,False,Table 1.3
industry,87,2017-18,median_compensation,AUD,9911.0,False,False,Table 1.4
industry,87,2017-18,median_time_lost,weeks,7.0,False,False,Table 1.5
industry,87,2018-19,claim_count,claims,3754.0,False,False,Table 1.1
industry,87,2018-19,frequency_rate,claims per million hours worked,6.186382379751446,False,False,Table 1.2
industry,87,2018-19,incidence_rate,"claims per 1,000 employees",8.544137664517311,False,False,Table 1.3
industry,87,2018-19,median_compensation,AUD,9773.5,False,False,Table 1.4
industry,87,2018-19,median_time_lost,weeks,6.693141945773524,False,False,Table 1.5
industry,87,2019-20,claim_count,claims,4589.0,False,False,Table 1.1
industry,87,2019-20,frequency_rate,claims per million hours worked,6.872502686839804,False,False,Table 1.2
industry,87,2019-20,incidence_rate,"claims per 1,000 employees",9.581000873488556,False,False,Table 1.3
industry,87,2019-20,median_compensation,AUD,10641.0,False,False,Table 1.4
industry,87,2019-20,median_time_lost,weeks,7.183750000000001,False,False,Table 1.5
industry,87,2020-21,claim_count,claims,5336.0,False,False,Table 1.1
industry,87,2020-21,frequency_rate,claims per million hours worked,7.639752062716735,False,False,Table 1.2
industry,87,2020-21,incidence_rate,"claims per 1,000 employees",10.71297010354546,False,False,Table 1.3
industry,87,2020-21,median_compensation,AUD,11592.0,False,False,Table 1.4
industry,87,2020-21,median_time_lost,weeks,8.397368421052631,False,False,Table 1.5
industry,87,2021-22,claim_count,claims,5351.0,False,False,Table 1.1
industry,87,2021-22,frequency_rate,claims per million hours worked,7.164168350071057,False,False,Table 1.2
industry,87,2021-22,incidence_rate,"claims per 1,000 employees",9.845624915167674,False,False,Table 1.3
industry,87,2021-22,median_compensation,AUD,10895.5,False,False,Table 1.4
industry,87,2021-22,median_time_lost,weeks,7.7886771910724,False,False,Table 1.5
industry,87,2022-23,claim_count,claims,5751.0,False,False,Table 1.1
industry,87,2022-23,frequency_rate,claims per million hours worked,6.602948711683788,False,False,Table 1.2
industry,87,2022-23,incidence_rate,"claims per 1,000 employees",9.39419534089735,False,False,Table 1.3
industry,87,2022-23,median_compensation,AUD,12859.5,False,False,Table 1.4
industry,87,2022-23,median_time_lost,weeks,8.564609053497941,False,False,Table 1.5
industry,87,2023-24,claim_count,claims,6646.0,False,True,Table 1.1
industry,87,2023-24,frequency_rate,claims per million hours worked,6.908319863999846,False,True,Table 1.2
industry,87,2023-24,incidence_rate,"claims per 1,000 employees",9.614117063979554,False,True,Table 1.3
industry,87,2023-24,median_compensation,AUD,,True,True,Table 1.4
industry,87,2023-24,median_time_lost,weeks,,True,True,Table 1.5
industry,89,2014-15,claim_count,claims,431.0,False,False,Table 1.1
industry,89,2014-15,frequency_rate,claims per million hours worked,7.5612013977324795,False,False,Table 1.2
industry,89,2014-15,incidence_rate,"claims per 1,000 employees",11.752597975952952,False,False,Table 1.3
industry,89,2014-15,median_compensation,AUD,10673.5,False,False,Table 1.4
industry,89,2014-15,median_time_lost,weeks,4.821052631578947,False,False,Table 1.5
industry,89,2015-16,claim_count,claims,451.0,False,False,Table 1.1
industry,89,2015-16,frequency_rate,claims per million hours worked,7.412403092548746,False,False,Table 1.2
industry,89,2015-16,incidence_rate,"claims per 1,000 employees",11.946306199232525,False,False,Table 1.3
industry,89,2015-16,median_compensation,AUD,10173.0,False,False,Table 1.4
industry,89,2015-16,median_time_lost,weeks,5.0,False,False,Table 1.5
industry,89,2016-17,claim_count,claims,396.0,False,False,Table 1.1
industry,89,2016-17,frequency_rate,claims per million hours worked,6.979083641425416,False,False,Table 1.2
industry,89,2016-17,incidence_rate,"claims per 1,000 employees",10.58643493669769,False,False,Table 1.3
industry,89,2016-17,median_compensation,AUD,13218.0,False,False,Table 1.4
industry,89,2016-17,median_time_lost,weeks,6.1350921052631575,False,False,Table 1.5
industry,89,2017-18,claim_count,claims,412.0,False,False,Table 1.1
industry,89,2017-18,frequency_rate,claims per million hours worked,6.615259784663741,False,False,Table 1.2
industry,89,2017-18,incidence_rate,"claims per 1,000 employees",10.03899861624545,False,False,Table 1.3
industry,89,2017-18,median_compensation,AUD,12384.0,False,False,Table 1.4
industry,89,2017-18,median_time_lost,weeks,5.7007974481658685,False,False,Table 1.5
industry,89,2018-19,claim_count,claims,401.0,False,False,Table 1.1
industry,89,2018-19,frequency_rate,claims per million hours worked,7.92510505615566,False,False,Table 1.2
industry,89,2018-19,incidence_rate,"claims per 1,000 employees",12.063437112670384,False,False,Table 1.3
industry,89,2018-19,median_compensation,AUD,12094.0,False,False,Table 1.4
industry,89,2018-19,median_time_lost,weeks,4.50053125,False,False,Table 1.5
industry,89,2019-20,claim_count,claims,440.0,False,False,Table 1.1
industry,89,2019-20,frequency_rate,claims per million hours worked,6.938163196405005,False,False,Table 1.2
industry,89,2019-20,incidence_rate,"claims per 1,000 employees",10.653359090295593,False,False,Table 1.3
industry,89,2019-20,median_compensation,AUD,15720.0,False,False,Table 1.4
industry,89,2019-20,median_time_lost,weeks,6.748070175438597,False,False,Table 1.5
industry,89,2020-21,claim_count,claims,439.0,False,False,Table 1.1
industry,89,2020-21,frequency_rate,claims per million hours worked,6.827078451560074,False,False,Table 1.2
industry,89,2020-21,incidence_rate,"claims per 1,000 employees",10.07054015674325,False,False,Table 1.3
industry,89,2020-21,median_compensation,AUD,13564.0,False,False,Table 1.4
industry,89,2020-21,median_time_lost,weeks,7.0,False,False,Table 1.5
industry,89,2021-22,claim_count,claims,342.0,False,False,Table 1.1
industry,89,2021-22,frequency_rate,claims per million hours worked,6.490013867354619,False,False,Table 1.2
industry,89,2021-22,incidence_rate,"claims per 1,000 employees",9.563773943268322,False,False,Table 1.3
industry,89,2021-22,median_compensation,AUD,14688.0,False,False,Table 1.4
industry,89,2021-22,median_time_lost,weeks,7.399792743395336,False,False,Table 1.5
industry,89,2022-23,claim_count,claims,341.0,False,False,Table 1.1
industry,89,2022-23,frequency_rate,claims per million hours worked,4.929654392738796,False,False,Table 1.2
industry,89,2022-23,incidence_rate,"claims per 1,000 employees",7.271583250881074,False,False,Table 1.3
industry,89,2022-23,median_compensation,AUD,14988.5,False,False,Table 1.4
industry,89,2022-23,median_time_lost,weeks,5.8,False,False,Table 1.5
industry,89,2023-24,claim_count,claims,401.0,False,True,Table 1.1
industry,89,2023-24,frequency_rate,claims per million hours worked,6.868096683280037,False,True,Table 1.2
industry,89,2023-24,incidence_rate,"claims per 1,000 employees",9.380073010694261,False,True,Table 1.3
industry,89,2023-24,median_compensation,AUD,,True,True,Table 1.4
industry,89,2023-24,median_time_lost,weeks,,True,True,Table 1.5
industry,90,2014-15,claim_count,claims,176.0,False,False,Table 1.1
industry,90,2014-15,frequency_rate,claims per million hours worked,6.241702794495896,False,False,Table 1.2
industry,90,2014-15,incidence_rate,"claims per 1,000 employees",8.468821757266042,False,False,Table 1.3
industry,90,2014-15,median_compensation,AUD,10003.0,False,False,Table 1.4
industry,90,2014-15,median_time_lost,weeks,5.9,False,False,Table 1.5
industry,90,2015-16,claim_count,claims,183.0,False,False,Table 1.1
industry,90,2015-16,frequency_rate,claims per million hours worked,5.634685732302867,False,False,Table 1.2
industry,90,2015-16,incidence_rate,"claims per 1,000 employees",8.893727517142086,False,False,Table 1.3
industry,90,2015-16,median_compensation,AUD,13282.0,False,False,Table 1.4
industry,90,2015-16,median_time_lost,weeks,6.0,False,False,Table 1.5
industry,90,2016-17,claim_count,claims,194.0,False,False,Table 1.1
industry,90,2016-17,frequency_rate,claims per million hours worked,7.911161508776317,False,False,Table 1.2
industry,90,2016-17,incidence_rate,"claims per 1,000 employees",10.564073052581788,False,False,Table 1.3
industry,90,2016-17,median_compensation,AUD,16720.5,False,False,Table 1.4
industry,90,2016-17,median_time_lost,weeks,8.016131275205119,False,False,Table 1.5
industry,90,2017-18,claim_count,claims,195.0,False,False,Table 1.1
industry,90,2017-18,frequency_rate,claims per million hours worked,5.756257534544824,False,False,Table 1.2
industry,90,2017-18,incidence_rate,"claims per 1,000 employees",7.435630375119829,False,False,Table 1.3
industry,90,2017-18,median_compensation,AUD,11387.0,False,False,Table 1.4
industry,90,2017-18,median_time_lost,weeks,6.833333333333333,False,False,Table 1.5
industry,90,2018-19,claim_count,claims,224.0,False,False,Table 1.1
industry,90,2018-19,frequency_rate,claims per million hours worked,7.44688274710644,False,False,Table 1.2
industry,90,2018-19,incidence_rate,"claims per 1,000 employees",8.583998531696952,False,False,Table 1.3
industry,90,2018-19,median_compensation,AUD,14195.0,False,False,Table 1.4
industry,90,2018-19,median_time_lost,weeks,8.0,False,False,Table 1.5
industry,90,2019-20,claim_count,claims,199.0,False,False,Table 1.1
industry,90,2019-20,frequency_rate,claims per million hours worked,7.639851849068107,False,False,Table 1.2
industry,90,2019-20,incidence_rate,"claims per 1,000 employees",10.377297555033618,False,False,Table 1.3
industry,90,2019-20,median_compensation,AUD,17531.5,False,False,Table 1.4
industry,90,2019-20,median_time_lost,weeks,9.394736842105264,False,False,Table 1.5
industry,90,2020-21,claim_count,claims,152.0,False,False,Table 1.1
industry,90,2020-21,frequency_rate,claims per million hours worked,4.182679079872734,False,False,Table 1.2
industry,90,2020-21,incidence_rate,"claims per 1,000 employees",5.60551617847751,False,False,Table 1.3
industry,90,2020-21,median_compensation,AUD,17976.0,False,False,Table 1.4
industry,90,2020-21,median_time_lost,weeks,9.799963870221836,False,False,Table 1.5
industry,90,2021-22,claim_count,claims,207.0,False,False,Table 1.1
industry,90,2021-22,frequency_rate,claims per million hours worked,5.9083516521631045,False,False,Table 1.2
industry,90,2021-22,incidence_rate,"claims per 1,000 employees",8.356140875807851,False,False,Table 1.3
industry,90,2021-22,median_compensation,AUD,12586.0,False,False,Table 1.4
industry,90,2021-22,median_time_lost,weeks,5.9998922820057095,False,False,Table 1.5
industry,90,2022-23,claim_count,claims,267.0,False,False,Table 1.1
industry,90,2022-23,frequency_rate,claims per million hours worked,9.862314165255704,False,False,Table 1.2
industry,90,2022-23,incidence_rate,"claims per 1,000 employees",12.749339890723423,False,False,Table 1.3
industry,90,2022-23,median_compensation,AUD,16782.0,False,False,Table 1.4
industry,90,2022-23,median_time_lost,weeks,7.815789473684211,False,False,Table 1.5
industry,90,2023-24,claim_count,claims,259.0,False,True,Table 1.1
industry,90,2023-24,frequency_rate,claims per million hours worked,7.427525176337402,False,True,Table 1.2
industry,90,2023-24,incidence_rate,"claims per 1,000 employees",8.953770164661524,False,True,Table 1.3
industry,90,2023-24,median_compensation,AUD,,True,True,Table 1.4
industry,90,2023-24,median_time_lost,weeks,,True,True,Table 1.5
industry,91,2014-15,claim_count,claims,1302.0,False,False,Table 1.1
industry,91,2014-15,frequency_rate,claims per million hours worked,8.657159064877774,False,False,Table 1.2
industry,91,2014-15,incidence_rate,"claims per 1,000 employees",9.486539193807115,False,False,Table 1.3
industry,91,2014-15,median_compensation,AUD,8976.0,False,False,Table 1.4
industry,91,2014-15,median_time_lost,weeks,6.0,False,False,Table 1.5
industry,91,2015-16,claim_count,claims,1184.0,False,False,Table 1.1
industry,91,2015-16,frequency_rate,claims per million hours worked,7.292167083950537,False,False,Table 1.2
industry,91,2015-16,incidence_rate,"claims per 1,000 employees",8.884683508368546,False,False,Table 1.3
industry,91,2015-16,median_compensation,AUD,11461.0,False,False,Table 1.4
industry,91,2015-16,median_time_lost,weeks,6.4,False,False,Table 1.5
industry,91,2016-17,claim_count,claims,1221.0,False,False,Table 1.1
industry,91,2016-17,frequency_rate,claims per million hours worked,8.36252122142578,False,False,Table 1.2
industry,91,2016-17,incidence_rate,"claims per 1,000 employees",9.427725643310515,False,False,Table 1.3
industry,91,2016-17,median_compensation,AUD,11596.0,False,False,Table 1.4
industry,91,2016-17,median_time_lost,weeks,6.7894736842105265,False,False,Table 1.5
industry,91,2017-18,claim_count,claims,1220.0,False,False,Table 1.1
industry,91,2017-18,frequency_rate,claims per million hours worked,7.150440728917339,False,False,Table 1.2
industry,91,2017-18,incidence_rate,"claims per 1,000 employees",8.391451043298776,False,False,Table 1.3
industry,91,2017-18,median_compensation,AUD,11198.0,False,False,Table 1.4
industry,91,2017-18,median_time_lost,weeks,7.206487574196279,False,False,Table 1.5
industry,91,2018-19,claim_count,claims,1379.0,False,False,Table 1.1
industry,91,2018-19,frequency_rate,claims per million hours worked,7.7689408706255065,False,False,Table 1.2
industry,91,2018-19,incidence_rate,"claims per 1,000 employees",9.014930229890574,False,False,Table 1.3
industry,91,2018-19,median_compensation,AUD,12730.0,False,False,Table 1.4
industry,91,2018-19,median_time_lost,weeks,6.923538031170907,False,False,Table 1.5
industry,91,2019-20,claim_count,claims,1301.0,False,False,Table 1.1
industry,91,2019-20,frequency_rate,claims per million hours worked,9.166302979156885,False,False,Table 1.2
industry,91,2019-20,incidence_rate,"claims per 1,000 employees",10.195189527675865,False,False,Table 1.3
industry,91,2019-20,median_compensation,AUD,13965.0,False,False,Table 1.4
industry,91,2019-20,median_time_lost,weeks,7.442530460356521,False,False,Table 1.5
industry,91,2020-21,claim_count,claims,1403.0,False,False,Table 1.1
industry,91,2020-21,frequency_rate,claims per million hours worked,9.656088445602453,False,False,Table 1.2
industry,91,2020-21,incidence_rate,"claims per 1,000 employees",10.855612868597344,False,False,Table 1.3
industry,91,2020-21,median_compensation,AUD,11997.0,False,False,Table 1.4
industry,91,2020-21,median_time_lost,weeks,6.913684210526315,False,False,Table 1.5
industry,91,2021-22,claim_count,claims,1497.0,False,False,Table 1.1
industry,91,2021-22,frequency_rate,claims per million hours worked,11.087808150033682,False,False,Table 1.2
industry,91,2021-22,incidence_rate,"claims per 1,000 employees",12.382105320787026,False,False,Table 1.3
industry,91,2021-22,median_compensation,AUD,12648.5,False,False,Table 1.4
industry,91,2021-22,median_time_lost,weeks,8.0,False,False,Table 1.5
industry,91,2022-23,claim_count,claims,1731.0,False,False,Table 1.1
industry,91,2022-23,frequency_rate,claims per million hours worked,10.000416993897192,False,False,Table 1.2
industry,91,2022-23,incidence_rate,"claims per 1,000 employees",11.660678241257177,False,False,Table 1.3
industry,91,2022-23,median_compensation,AUD,12725.5,False,False,Table 1.4
industry,91,2022-23,median_time_lost,weeks,7.2166749999999995,False,False,Table 1.5
industry,91,2023-24,claim_count,claims,1716.0,False,True,Table 1.1
industry,91,2023-24,frequency_rate,claims per million hours worked,8.27752360737103,False,True,Table 1.2
industry,91,2023-24,incidence_rate,"claims per 1,000 employees",9.959525768505989,False,True,Table 1.3
industry,91,2023-24,median_compensation,AUD,,True,True,Table 1.4
industry,91,2023-24,median_time_lost,weeks,,True,True,Table 1.5
industry,92,2014-15,claim_count,claims,208.0,False,False,Table 1.1
industry,92,2014-15,frequency_rate,claims per million hours worked,4.592029652429062,False,False,Table 1.2
industry,92,2014-15,incidence_rate,"claims per 1,000 employees",7.053973267520834,False,False,Table 1.3
industry,92,2014-15,median_compensation,AUD,12403.0,False,False,Table 1.4
industry,92,2014-15,median_time_lost,weeks,8.204734962406015,False,False,Table 1.5
industry,92,2015-16,claim_count,claims,184.0,False,False,Table 1.1
industry,92,2015-16,frequency_rate,claims per million hours worked,4.197243881562776,False,False,Table 1.2
industry,92,2015-16,incidence_rate,"claims per 1,000 employees",6.716928441626364,False,False,Table 1.3
industry,92,2015-16,median_compensation,AUD,14317.5,False,False,Table 1.4
industry,92,2015-16,median_time_lost,weeks,17.261214095037413,False,False,Table 1.5
industry,92,2016-17,claim_count,claims,240.0,False,False,Table 1.1
industry,92,2016-17,frequency_rate,claims per million hours worked,5.29561838914092,False,False,Table 1.2
industry,92,2016-17,incidence_rate,"claims per 1,000 employees",8.285742702702384,False,False,Table 1.3
industry,92,2016-17,median_compensation,AUD,17519.0,False,False,Table 1.4
industry,92,2016-17,median_time_lost,weeks,13.3565252950111,False,False,Table 1.5
industry,92,2017-18,claim_count,claims,237.0,False,False,Table 1.1
industry,92,2017-18,frequency_rate,claims per million hours worked,5.407665418893205,False,False,Table 1.2
industry,92,2017-18,incidence_rate,"claims per 1,000 employees",8.110088685025742,False,False,Table 1.3
industry,92,2017-18,median_compensation,AUD,10866.0,False,False,Table 1.4
industry,92,2017-18,median_time_lost,weeks,14.4,False,False,Table 1.5
industry,92,2018-19,claim_count,claims,275.0,False,False,Table 1.1
industry,92,2018-19,frequency_rate,claims per million hours worked,5.9064027191299235,False,False,Table 1.2
industry,92,2018-19,incidence_rate,"claims per 1,000 employees",9.447600304302478,False,False,Table 1.3
industry,92,2018-19,median_compensation,AUD,15595.0,False,False,Table 1.4
industry,92,2018-19,median_time_lost,weeks,11.6,False,False,Table 1.5
industry,92,2019-20,claim_count,claims,232.0,False,False,Table 1.1
industry,92,2019-20,frequency_rate,claims per million hours worked,5.853098662091397,False,False,Table 1.2
industry,92,2019-20,incidence_rate,"claims per 1,000 employees",8.637215146130123,False,False,Table 1.3
industry,92,2019-20,median_compensation,AUD,21215.5,False,False,Table 1.4
industry,92,2019-20,median_time_lost,weeks,17.497368421052634,False,False,Table 1.5
industry,92,2020-21,claim_count,claims,216.0,False,False,Table 1.1
industry,92,2020-21,frequency_rate,claims per million hours worked,5.308386153842461,False,False,Table 1.2
industry,92,2020-21,incidence_rate,"claims per 1,000 employees",7.924442579867544,False,False,Table 1.3
industry,92,2020-21,median_compensation,AUD,20202.5,False,False,Table 1.4
industry,92,2020-21,median_time_lost,weeks,12.463684375,False,False,Table 1.5
industry,92,2021-22,claim_count,claims,609.0,False,False,Table 1.1
industry,92,2021-22,frequency_rate,claims per million hours worked,14.602179603556484,False,False,Table 1.2
industry,92,2021-22,incidence_rate,"claims per 1,000 employees",22.260941331227553,False,False,Table 1.3
industry,92,2021-22,median_compensation,AUD,1638.5,False,False,Table 1.4
industry,92,2021-22,median_time_lost,weeks,1.2,False,False,Table 1.5
industry,92,2022-23,claim_count,claims,472.0,False,False,Table 1.1
industry,92,2022-23,frequency_rate,claims per million hours worked,12.5821751149973,False,False,Table 1.2
industry,92,2022-23,incidence_rate,"claims per 1,000 employees",20.228604129332385,False,False,Table 1.3
industry,92,2022-23,median_compensation,AUD,9461.0,False,False,Table 1.4
industry,92,2022-23,median_time_lost,weeks,7.1,False,False,Table 1.5
industry,92,2023-24,claim_count,claims,348.0,False,True,Table 1.1
industry,92,2023-24,frequency_rate,claims per million hours worked,8.174349998596742,False,True,Table 1.2
industry,92,2023-24,incidence_rate,"claims per 1,000 employees",13.407460721849167,False,True,Table 1.3
industry,92,2023-24,median_compensation,AUD,,True,True,Table 1.4
industry,92,2023-24,median_time_lost,weeks,,True,True,Table 1.5
industry,94,2014-15,claim_count,claims,1541.0,False,False,Table 1.1
industry,94,2014-15,frequency_rate,claims per million hours worked,4.23234827954234,False,False,Table 1.2
industry,94,2014-15,incidence_rate,"claims per 1,000 employees",8.112651618134151,False,False,Table 1.3
industry,94,2014-15,median_compensation,AUD,11793.0,False,False,Table 1.4
industry,94,2014-15,median_time_lost,weeks,5.607142857142857,False,False,Table 1.5
industry,94,2015-16,claim_count,claims,1482.0,False,False,Table 1.1
industry,94,2015-16,frequency_rate,claims per million hours worked,4.0378303170252625,False,False,Table 1.2
industry,94,2015-16,incidence_rate,"claims per 1,000 employees",7.883256492624773,False,False,Table 1.3
industry,94,2015-16,median_compensation,AUD,15755.0,False,False,Table 1.4
industry,94,2015-16,median_time_lost,weeks,6.6,False,False,Table 1.5
industry,94,2016-17,claim_count,claims,1567.0,False,False,Table 1.1
industry,94,2016-17,frequency_rate,claims per million hours worked,4.545916888019437,False,False,Table 1.2
industry,94,2016-17,incidence_rate,"claims per 1,000 employees",8.520694477956829,False,False,Table 1.3
industry,94,2016-17,median_compensation,AUD,15272.0,False,False,Table 1.4
industry,94,2016-17,median_time_lost,weeks,6.2,False,False,Table 1.5
industry,94,2017-18,claim_count,claims,1571.0,False,False,Table 1.1
industry,94,2017-18,frequency_rate,claims per million hours worked,4.356400526973862,False,False,Table 1.2
industry,94,2017-18,incidence_rate,"claims per 1,000 employees",8.24399192884466,False,False,Table 1.3
industry,94,2017-18,median_compensation,AUD,16991.0,False,False,Table 1.4
industry,94,2017-18,median_time_lost,weeks,7.420549979516593,False,False,Table 1.5
industry,94,2018-19,claim_count,claims,1694.0,False,False,Table 1.1
industry,94,2018-19,frequency_rate,claims per million hours worked,4.592831039467552,False,False,Table 1.2
industry,94,2018-19,incidence_rate,"claims per 1,000 employees",8.794284524396462,False,False,Table 1.3
industry,94,2018-19,median_compensation,AUD,16470.0,False,False,Table 1.4
industry,94,2018-19,median_time_lost,weeks,6.8,False,False,Table 1.5
industry,94,2019-20,claim_count,claims,1886.0,False,False,Table 1.1
industry,94,2019-20,frequency_rate,claims per million hours worked,5.26265414912203,False,False,Table 1.2
industry,94,2019-20,incidence_rate,"claims per 1,000 employees",9.548144063084434,False,False,Table 1.3
industry,94,2019-20,median_compensation,AUD,16118.0,False,False,Table 1.4
industry,94,2019-20,median_time_lost,weeks,6.8,False,False,Table 1.5
industry,94,2020-21,claim_count,claims,2028.0,False,False,Table 1.1
industry,94,2020-21,frequency_rate,claims per million hours worked,5.593701358233465,False,False,Table 1.2
industry,94,2020-21,incidence_rate,"claims per 1,000 employees",10.117980061883008,False,False,Table 1.3
industry,94,2020-21,median_compensation,AUD,17160.0,False,False,Table 1.4
industry,94,2020-21,median_time_lost,weeks,6.824958333333333,False,False,Table 1.5
industry,94,2021-22,claim_count,claims,1853.0,False,False,Table 1.1
industry,94,2021-22,frequency_rate,claims per million hours worked,4.982820727284865,False,False,Table 1.2
industry,94,2021-22,incidence_rate,"claims per 1,000 employees",9.261895569725214,False,False,Table 1.3
industry,94,2021-22,median_compensation,AUD,17926.5,False,False,Table 1.4
industry,94,2021-22,median_time_lost,weeks,7.199999999999999,False,False,Table 1.5
industry,94,2022-23,claim_count,claims,1989.0,False,False,Table 1.1
industry,94,2022-23,frequency_rate,claims per million hours worked,5.167256666529635,False,False,Table 1.2
industry,94,2022-23,incidence_rate,"claims per 1,000 employees",9.793291066015412,False,False,Table 1.3
industry,94,2022-23,median_compensation,AUD,17841.5,False,False,Table 1.4
industry,94,2022-23,median_time_lost,weeks,7.189755529685681,False,False,Table 1.5
industry,94,2023-24,claim_count,claims,2174.0,False,True,Table 1.1
industry,94,2023-24,frequency_rate,claims per million hours worked,5.8677370160624,False,True,Table 1.2
industry,94,2023-24,incidence_rate,"claims per 1,000 employees",10.95337011642826,False,True,Table 1.3
industry,94,2023-24,median_compensation,AUD,,True,True,Table 1.4
industry,94,2023-24,median_time_lost,weeks,,True,True,Table 1.5
industry,95,2014-15,claim_count,claims,1450.0,False,False,Table 1.1
industry,95,2014-15,frequency_rate,claims per million hours worked,4.894354283493148,False,False,Table 1.2
industry,95,2014-15,incidence_rate,"claims per 1,000 employees",7.288572372064693,False,False,Table 1.3
industry,95,2014-15,median_compensation,AUD,10933.0,False,False,Table 1.4
industry,95,2014-15,median_time_lost,weeks,6.0,False,False,Table 1.5
industry,95,2015-16,claim_count,claims,1273.0,False,False,Table 1.1
industry,95,2015-16,frequency_rate,claims per million hours worked,4.636938050687808,False,False,Table 1.2
industry,95,2015-16,incidence_rate,"claims per 1,000 employees",6.991872907737479,False,False,Table 1.3
industry,95,2015-16,median_compensation,AUD,13188.0,False,False,Table 1.4
industry,95,2015-16,median_time_lost,weeks,6.25,False,False,Table 1.5
industry,95,2016-17,claim_count,claims,1300.0,False,False,Table 1.1
industry,95,2016-17,frequency_rate,claims per million hours worked,3.95654395989467,False,False,Table 1.2
industry,95,2016-17,incidence_rate,"claims per 1,000 employees",5.947635595941607,False,False,Table 1.3
industry,95,2016-17,median_compensation,AUD,13932.0,False,False,Table 1.4
industry,95,2016-17,median_time_lost,weeks,6.907838004887676,False,False,Table 1.5
industry,95,2017-18,claim_count,claims,1357.0,False,False,Table 1.1
industry,95,2017-18,frequency_rate,claims per million hours worked,4.245842971245239,False,False,Table 1.2
industry,95,2017-18,incidence_rate,"claims per 1,000 employees",6.442609800034158,False,False,Table 1.3
industry,95,2017-18,median_compensation,AUD,14406.0,False,False,Table 1.4
industry,95,2017-18,median_time_lost,weeks,8.0,False,False,Table 1.5
industry,95,2018-19,claim_count,claims,1308.0,False,False,Table 1.1
industry,95,2018-19,frequency_rate,claims per million hours worked,3.999488317456936,False,False,Table 1.2
industry,95,2018-19,incidence_rate,"claims per 1,000 employees",5.9447629328789215,False,False,Table 1.3
industry,95,2018-19,median_compensation,AUD,16181.0,False,False,Table 1.4
industry,95,2018-19,median_time_lost,weeks,9.0,False,False,Table 1.5
industry,95,2019-20,claim_count,claims,1452.0,False,False,Table 1.1
industry,95,2019-20,frequency_rate,claims per million hours worked,5.151066995071995,False,False,Table 1.2
industry,95,2019-20,incidence_rate,"claims per 1,000 employees",7.343980929747808,False,False,Table 1.3
industry,95,2019-20,median_compensation,AUD,17064.0,False,False,Table 1.4
industry,95,2019-20,median_time_lost,weeks,9.563084125080714,False,False,Table 1.5
industry,95,2020-21,claim_count,claims,1612.0,False,False,Table 1.1
industry,95,2020-21,frequency_rate,claims per million hours worked,5.436710699011967,False,False,Table 1.2
industry,95,2020-21,incidence_rate,"claims per 1,000 employees",7.779243590945601,False,False,Table 1.3
industry,95,2020-21,median_compensation,AUD,17987.0,False,False,Table 1.4
industry,95,2020-21,median_time_lost,weeks,9.0,False,False,Table 1.5
industry,95,2021-22,claim_count,claims,1591.0,False,False,Table 1.1
industry,95,2021-22,frequency_rate,claims per million hours worked,5.572818182481899,False,False,Table 1.2
industry,95,2021-22,incidence_rate,"claims per 1,000 employees",7.614441757581525,False,False,Table 1.3
industry,95,2021-22,median_compensation,AUD,15076.0,False,False,Table 1.4
industry,95,2021-22,median_time_lost,weeks,8.083763157894737,False,False,Table 1.5
industry,95,2022-23,claim_count,claims,2001.0,False,False,Table 1.1
industry,95,2022-23,frequency_rate,claims per million hours worked,6.370040032010656,False,False,Table 1.2
industry,95,2022-23,incidence_rate,"claims per 1,000 employees",9.367035471334558,False,False,Table 1.3
industry,95,2022-23,median_compensation,AUD,18964.5,False,False,Table 1.4
industry,95,2022-23,median_time_lost,weeks,9.15,False,False,Table 1.5
industry,95,2023-24,claim_count,claims,2089.0,False,True,Table 1.1
industry,95,2023-24,frequency_rate,claims per million hours worked,6.793742189481306,False,True,Table 1.2
industry,95,2023-24,incidence_rate,"claims per 1,000 employees",9.853954881546285,False,True,Table 1.3
industry,95,2023-24,median_compensation,AUD,,True,True,Table 1.4
industry,95,2023-24,median_time_lost,weeks,,True,True,Table 1.5
industry,96,2014-15,claim_count,claims,35.0,False,False,Table 1.1
industry,96,2014-15,frequency_rate,claims per million hours worked,11.589180662174892,False,False,Table 1.2
industry,96,2014-15,incidence_rate,"claims per 1,000 employees",10.87211628922174,False,False,Table 1.3
industry,96,2014-15,median_compensation,AUD,14689.0,False,False,Table 1.4
industry,96,2014-15,median_time_lost,weeks,10.4,False,False,Table 1.5
industry,96,2015-16,claim_count,claims,37.0,False,False,Table 1.1
industry,96,2015-16,frequency_rate,claims per million hours worked,5.794841075876368,False,False,Table 1.2
industry,96,2015-16,incidence_rate,"claims per 1,000 employees",6.57266902270495,False,False,Table 1.3
industry,96,2015-16,median_compensation,AUD,13426.0,False,False,Table 1.4
industry,96,2015-16,median_time_lost,weeks,5.676666666666667,False,False,Table 1.5
industry,96,2016-17,claim_count,claims,39.0,False,False,Table 1.1
industry,96,2016-17,frequency_rate,claims per million hours worked,7.766333890874793,False,False,Table 1.2
industry,96,2016-17,incidence_rate,"claims per 1,000 employees",7.941451025854394,False,False,Table 1.3
industry,96,2016-17,median_compensation,AUD,20845.0,False,False,Table 1.4
industry,96,2016-17,median_time_lost,weeks,8.0,False,False,Table 1.5
industry,96,2017-18,claim_count,claims,32.0,False,False,Table 1.1
industry,96,2017-18,frequency_rate,claims per million hours worked,8.174293364336338,False,False,Table 1.2
industry,96,2017-18,incidence_rate,"claims per 1,000 employees",7.449159858427351,False,False,Table 1.3
industry,96,2017-18,median_compensation,AUD,26730.0,False,False,Table 1.4
industry,96,2017-18,median_time_lost,weeks,20.865602918426223,False,False,Table 1.5
industry,96,2018-19,claim_count,claims,31.0,False,False,Table 1.1
industry,96,2018-19,frequency_rate,claims per million hours worked,10.993104263223332,False,False,Table 1.2
industry,96,2018-19,incidence_rate,"claims per 1,000 employees",9.3368396220365,False,False,Table 1.3
industry,96,2018-19,median_compensation,AUD,14738.0,False,False,Table 1.4
industry,96,2018-19,median_time_lost,weeks,14.5,False,False,Table 1.5
industry,96,2019-20,claim_count,claims,28.0,False,False,Table 1.1
industry,96,2019-20,frequency_rate,claims per million hours worked,8.548275676360257,False,False,Table 1.2
industry,96,2019-20,incidence_rate,"claims per 1,000 employees",7.959387292969067,False,False,Table 1.3
industry,96,2019-20,median_compensation,AUD,53204.5,False,False,Table 1.4
industry,96,2019-20,median_time_lost,weeks,40.1489,False,False,Table 1.5
industry,96,2020-21,claim_count,claims,42.0,False,False,Table 1.1
industry,96,2020-21,frequency_rate,claims per million hours worked,19.334073258619235,False,False,Table 1.2
industry,96,2020-21,incidence_rate,"claims per 1,000 employees",16.4455894348075,False,False,Table 1.3
industry,96,2020-21,median_compensation,AUD,37566.0,False,False,Table 1.4
industry,96,2020-21,median_time_lost,weeks,19.52534,False,False,Table 1.5
industry,96,2021-22,claim_count,claims,36.0,False,False,Table 1.1
industry,96,2021-22,frequency_rate,claims per million hours worked,20.410671273100363,False,False,Table 1.2
industry,96,2021-22,incidence_rate,"claims per 1,000 employees",33.499109128354874,False,False,Table 1.3
industry,96,2021-22,median_compensation,AUD,33451.0,False,False,Table 1.4
industry,96,2021-22,median_time_lost,weeks,16.008328947368422,False,False,Table 1.5
industry,96,2022-23,claim_count,claims,28.0,False,False,Table 1.1
industry,96,2022-23,frequency_rate,claims per million hours worked,21.09064514377167,False,False,Table 1.2
industry,96,2022-23,incidence_rate,"claims per 1,000 employees",15.74791800494534,False,False,Table 1.3
industry,96,2022-23,median_compensation,AUD,17508.5,False,False,Table 1.4
industry,96,2022-23,median_time_lost,weeks,6.227722944105158,False,False,Table 1.5
industry,96,2023-24,claim_count,claims,41.0,False,True,Table 1.1
industry,96,2023-24,frequency_rate,claims per million hours worked,8.398043188480477,False,True,Table 1.2
industry,96,2023-24,incidence_rate,"claims per 1,000 employees",12.227347987409958,False,True,Table 1.3
industry,96,2023-24,median_compensation,AUD,,True,True,Table 1.4
industry,96,2023-24,median_time_lost,weeks,,True,True,Table 1.5
industry,99,2014-15,claim_count,claims,5.0,False,False,Table 1.1
industry,99,2014-15,frequency_rate,claims per million hours worked,,False,False,Table 1.2
industry,99,2014-15,incidence_rate,"claims per 1,000 employees",,False,False,Table 1.3
industry,99,2014-15,median_compensation,AUD,63608.0,False,False,Table 1.4
industry,99,2014-15,median_time_lost,weeks,4.2429250000000005,False,False,Table 1.5
industry,99,2015-16,claim_count,claims,,True,False,Table 1.1
industry,99,2015-16,frequency_rate,claims per million hours worked,,True,False,Table 1.2
industry,99,2015-16,incidence_rate,"claims per 1,000 employees",,True,False,Table 1.3
industry,99,2015-16,median_compensation,AUD,,True,False,Table 1.4
industry,99,2015-16,median_time_lost,weeks,,True,False,Table 1.5
industry,99,2016-17,claim_count,claims,,True,False,Table 1.1
industry,99,2016-17,frequency_rate,claims per million hours worked,,True,False,Table 1.2
industry,99,2016-17,incidence_rate,"claims per 1,000 employees",,True,False,Table 1.3
industry,99,2016-17,median_compensation,AUD,,True,False,Table 1.4
industry,99,2016-17,median_time_lost,weeks,,True,False,Table 1.5
industry,99,2017-18,claim_count,claims,,True,False,Table 1.1
industry,99,2017-18,frequency_rate,claims per million hours worked,,True,False,Table 1.2
industry,99,2017-18,incidence_rate,"claims per 1,000 employees",,True,False,Table 1.3
industry,99,2017-18,median_compensation,AUD,,True,False,Table 1.4
industry,99,2017-18,median_time_lost,weeks,,True,False,Table 1.5
industry,99,2018-19,claim_count,claims,,True,False,Table 1.1
industry,99,2018-19,frequency_rate,claims per million hours worked,,True,False,Table 1.2
industry,99,2018-19,incidence_rate,"claims per 1,000 employees",,True,False,Table 1.3
industry,99,2018-19,median_compensation,AUD,,True,False,Table 1.4
industry,99,2018-19,median_time_lost,weeks,,True,False,Table 1.5
industry,99,2019-20,claim_count,claims,,True,False,Table 1.1
industry,99,2019-20,frequency_rate,claims per million hours worked,,True,False,Table 1.2
industry,99,2019-20,incidence_rate,"claims per 1,000 employees",,True,False,Table 1.3
industry,99,2019-20,median_compensation,AUD,,True,False,Table 1.4
industry,99,2019-20,median_time_lost,weeks,,True,False,Table 1.5
industry,99,2020-21,claim_count,claims,,True,False,Table 1.1
industry,99,2020-21,frequency_rate,claims per million hours worked,,True,False,Table 1.2
industry,99,2020-21,incidence_rate,"claims per 1,000 employees",,True,False,Table 1.3
industry,99,2020-21,median_compensation,AUD,,True,False,Table 1.4
industry,99,2020-21,median_time_lost,weeks,,True,False,Table 1.5
industry,99,2021-22,claim_count,claims,,True,False,Table 1.1
industry,99,2021-22,frequency_rate,claims per million hours worked,,True,False,Table 1.2
industry,99,2021-22,incidence_rate,"claims per 1,000 employees",,True,False,Table 1.3
industry,99,2021-22,median_compensation,AUD,,True,False,Table 1.4
industry,99,2021-22,median_time_lost,weeks,,True,False,Table 1.5
industry,99,2022-23,claim_count,claims,,True,False,Table 1.1
industry,99,2022-23,frequency_rate,claims per million hours worked,,True,False,Table 1.2
industry,99,2022-23,incidence_rate,"claims per 1,000 employees",,True,False,Table 1.3
industry,99,2022-23,median_compensation,AUD,,True,False,Table 1.4
industry,99,2022-23,median_time_lost,weeks,,True,False,Table 1.5
industry,99,2023-24,claim_count,claims,,True,True,Table 1.1
industry,99,2023-24,frequency_rate,claims per million hours worked,,True,True,Table 1.2
industry,99,2023-24,incidence_rate,"claims per 1,000 employees",,True,True,Table 1.3
industry,99,2023-24,median_compensation,AUD,,True,True,Table 1.4
industry,99,2023-24,median_time_lost,weeks,,True,True,Table 1.5
industry,A,2014-15,claim_count,claims,3393.0,False,False,Table 1.1
industry,A,2014-15,frequency_rate,claims per million hours worked,9.70818571554251,False,False,Table 1.2
industry,A,2014-15,incidence_rate,"claims per 1,000 employees",18.65692363051338,False,False,Table 1.3
industry,A,2014-15,median_compensation,AUD,9895.0,False,False,Table 1.4
industry,A,2014-15,median_time_lost,weeks,5.454545454545454,False,False,Table 1.5
industry,A,2015-16,claim_count,claims,3546.0,False,False,Table 1.1
industry,A,2015-16,frequency_rate,claims per million hours worked,9.130218348865823,False,False,Table 1.2
industry,A,2015-16,incidence_rate,"claims per 1,000 employees",17.95835182979055,False,False,Table 1.3
industry,A,2015-16,median_compensation,AUD,11526.5,False,False,Table 1.4
industry,A,2015-16,median_time_lost,weeks,6.0,False,False,Table 1.5
industry,A,2016-17,claim_count,claims,3634.0,False,False,Table 1.1
industry,A,2016-17,frequency_rate,claims per million hours worked,9.375234245783563,False,False,Table 1.2
industry,A,2016-17,incidence_rate,"claims per 1,000 employees",18.445533657697137,False,False,Table 1.3
industry,A,2016-17,median_compensation,AUD,12759.0,False,False,Table 1.4
industry,A,2016-17,median_time_lost,weeks,6.674991486068112,False,False,Table 1.5
industry,A,2017-18,claim_count,claims,3568.0,False,False,Table 1.1
industry,A,2017-18,frequency_rate,claims per million hours worked,8.650461391966255,False,False,Table 1.2
industry,A,2017-18,incidence_rate,"claims per 1,000 employees",16.729185540052594,False,False,Table 1.3
industry,A,2017-18,median_compensation,AUD,13552.5,False,False,Table 1.4
industry,A,2017-18,median_time_lost,weeks,7.0,False,False,Table 1.5
industry,A,2018-19,claim_count,claims,3640.0,False,False,Table 1.1
industry,A,2018-19,frequency_rate,claims per million hours worked,9.416090743630635,False,False,Table 1.2
industry,A,2018-19,incidence_rate,"claims per 1,000 employees",17.564426795561957,False,False,Table 1.3
industry,A,2018-19,median_compensation,AUD,13062.0,False,False,Table 1.4
industry,A,2018-19,median_time_lost,weeks,6.4,False,False,Table 1.5
industry,A,2019-20,claim_count,claims,3875.0,False,False,Table 1.1
industry,A,2019-20,frequency_rate,claims per million hours worked,9.342447122227666,False,False,Table 1.2
industry,A,2019-20,incidence_rate,"claims per 1,000 employees",18.2172808315235,False,False,Table 1.3
industry,A,2019-20,median_compensation,AUD,12760.0,False,False,Table 1.4
industry,A,2019-20,median_time_lost,weeks,6.333333333333333,False,False,Table 1.5
industry,A,2020-21,claim_count,claims,4220.0,False,False,Table 1.1
industry,A,2020-21,frequency_rate,claims per million hours worked,11.182315523749253,False,False,Table 1.2
industry,A,2020-21,incidence_rate,"claims per 1,000 employees",20.504732384989303,False,False,Table 1.3
industry,A,2020-21,median_compensation,AUD,12649.0,False,False,Table 1.4
industry,A,2020-21,median_time_lost,weeks,6.645412500000001,False,False,Table 1.5
industry,A,2021-22,claim_count,claims,4037.0,False,False,Table 1.1
industry,A,2021-22,frequency_rate,claims per million hours worked,10.94221226202536,False,False,Table 1.2
industry,A,2021-22,incidence_rate,"claims per 1,000 employees",20.874840435671157,False,False,Table 1.3
industry,A,2021-22,median_compensation,AUD,13669.5,False,False,Table 1.4
industry,A,2021-22,median_time_lost,weeks,6.800000000000001,False,False,Table 1.5
industry,A,2022-23,claim_count,claims,3895.0,False,False,Table 1.1
industry,A,2022-23,frequency_rate,claims per million hours worked,11.225141247172754,False,False,Table 1.2
industry,A,2022-23,incidence_rate,"claims per 1,000 employees",20.870319268776917,False,False,Table 1.3
industry,A,2022-23,median_compensation,AUD,14279.0,False,False,Table 1.4
industry,A,2022-23,median_time_lost,weeks,6.401763157894737,False,False,Table 1.5
industry,A,2023-24,claim_count,claims,3818.0,False,True,Table 1.1
industry,A,2023-24,frequency_rate,claims per million hours worked,9.991187383127459,False,True,Table 1.2
industry,A,2023-24,incidence_rate,"claims per 1,000 employees",18.84797146125976,False,True,Table 1.3
industry,A,2023-24,median_compensation,AUD,,True,True,Table 1.4
industry,A,2023-24,median_time_lost,weeks,,True,True,Table 1.5
industry,A0,2014-15,claim_count,claims,,True,False,Table 1.1
industry,A0,2014-15,frequency_rate,claims per million hours worked,,True,False,Table 1.2
industry,A0,2014-15,incidence_rate,"claims per 1,000 employees",,True,False,Table 1.3
industry,A0,2014-15,median_compensation,AUD,,True,False,Table 1.4
industry,A0,2014-15,median_time_lost,weeks,,True,False,Table 1.5
industry,A0,2015-16,claim_count,claims,,True,False,Table 1.1
industry,A0,2015-16,frequency_rate,claims per million hours worked,,True,False,Table 1.2
industry,A0,2015-16,incidence_rate,"claims per 1,000 employees",,True,False,Table 1.3
industry,A0,2015-16,median_compensation,AUD,,True,False,Table 1.4
industry,A0,2015-16,median_time_lost,weeks,,True,False,Table 1.5
industry,A0,2016-17,claim_count,claims,,True,False,Table 1.1
industry,A0,2016-17,frequency_rate,claims per million hours worked,,True,False,Table 1.2
industry,A0,2016-17,incidence_rate,"claims per 1,000 employees",,True,False,Table 1.3
industry,A0,2016-17,median_compensation,AUD,,True,False,Table 1.4
industry,A0,2016-17,median_time_lost,weeks,,True,False,Table 1.5
industry,A0,2017-18,claim_count,claims,,True,False,Table 1.1
industry,A0,2017-18,frequency_rate,claims per million hours worked,,True,False,Table 1.2
industry,A0,2017-18,incidence_rate,"claims per 1,000 employees",,True,False,Table 1.3
industry,A0,2017-18,median_compensation,AUD,,True,False,Table 1.4
industry,A0,2017-18,median_time_lost,weeks,,True,False,Table 1.5
industry,A0,2018-19,claim_count,claims,,True,False,Table 1.1
industry,A0,2018-19,frequency_rate,claims per million hours worked,,True,False,Table 1.2
industry,A0,2018-19,incidence_rate,"claims per 1,000 employees",,True,False,Table 1.3
industry,A0,2018-19,median_compensation,AUD,,True,False,Table 1.4
industry,A0,2018-19,median_time_lost,weeks,,True,False,Table 1.5
industry,A0,2019-20,claim_count,claims,,True,False,Table 1.1
industry,A0,2019-20,frequency_rate,claims per million hours worked,,True,False,Table 1.2
industry,A0,2019-20,incidence_rate,"claims per 1,000 employees",,True,False,Table 1.3
industry,A0,2019-20,median_compensation,AUD,,True,False,Table 1.4
industry,A0,2019-20,median_time_lost,weeks,,True,False,Table 1.5
industry,A0,2020-21,claim_count,claims,,True,False,Table 1.1
industry,A0,2020-21,frequency_rate,claims per million hours worked,,True,False,Table 1.2
industry,A0,2020-21,incidence_rate,"claims per 1,000 employees",,True,False,Table 1.3
industry,A0,2020-21,median_compensation,AUD,,True,False,Table 1.4
industry,A0,2020-21,median_time_lost,weeks,,True,False,Table 1.5
industry,A0,2021-22,claim_count,claims,,True,False,Table 1.1
industry,A0,2021-22,frequency_rate,claims per million hours worked,,True,False,Table 1.2
industry,A0,2021-22,incidence_rate,"claims per 1,000 employees",,True,False,Table 1.3
industry,A0,2021-22,median_compensation,AUD,,True,False,Table 1.4
industry,A0,2021-22,median_time_lost,weeks,,True,False,Table 1.5
industry,A0,2022-23,claim_count,claims,,True,False,Table 1.1
industry,A0,2022-23,frequency_rate,claims per million hours worked,,True,False,Table 1.2
industry,A0,2022-23,incidence_rate,"claims per 1,000 employees",,True,False,Table 1.3
industry,A0,2022-23,median_compensation,AUD,,True,False,Table 1.4
industry,A0,2022-23,median_time_lost,weeks,,True,False,Table 1.5
industry,A0,2023-24,claim_count,claims,,True,True,Table 1.1
industry,A0,2023-24,frequency_rate,claims per million hours worked,,True,True,Table 1.2
industry,A0,2023-24,incidence_rate,"claims per 1,000 employees",,True,True,Table 1.3
industry,A0,2023-24,median_compensation,AUD,,True,True,Table 1.4
industry,A0,2023-24,median_time_lost,weeks,,True,True,Table 1.5
industry,B,2014-15,claim_count,claims,2232.0,False,False,Table 1.1
industry,B,2014-15,frequency_rate,claims per million hours worked,4.570757097527349,False,False,Table 1.2
industry,B,2014-15,incidence_rate,"claims per 1,000 employees",10.148802464316036,False,False,Table 1.3
industry,B,2014-15,median_compensation,AUD,26904.0,False,False,Table 1.4
industry,B,2014-15,median_time_lost,weeks,7.943641774891775,False,False,Table 1.5
industry,B,2015-16,claim_count,claims,2173.0,False,False,Table 1.1
industry,B,2015-16,frequency_rate,claims per million hours worked,4.365744485422544,False,False,Table 1.2
industry,B,2015-16,incidence_rate,"claims per 1,000 employees",9.874364673537155,False,False,Table 1.3
industry,B,2015-16,median_compensation,AUD,30860.0,False,False,Table 1.4
industry,B,2015-16,median_time_lost,weeks,8.333333333333334,False,False,Table 1.5
industry,B,2016-17,claim_count,claims,2161.0,False,False,Table 1.1
industry,B,2016-17,frequency_rate,claims per million hours worked,4.537106579733877,False,False,Table 1.2
industry,B,2016-17,incidence_rate,"claims per 1,000 employees",9.960456274118544,False,False,Table 1.3
industry,B,2016-17,median_compensation,AUD,31739.0,False,False,Table 1.4
industry,B,2016-17,median_time_lost,weeks,9.22,False,False,Table 1.5
industry,B,2017-18,claim_count,claims,2343.0,False,False,Table 1.1
industry,B,2017-18,frequency_rate,claims per million hours worked,4.7021493384128785,False,False,Table 1.2
industry,B,2017-18,incidence_rate,"claims per 1,000 employees",10.544958124373993,False,False,Table 1.3
industry,B,2017-18,median_compensation,AUD,31977.0,False,False,Table 1.4
industry,B,2017-18,median_time_lost,weeks,9.6,False,False,Table 1.5
industry,B,2018-19,claim_count,claims,2647.0,False,False,Table 1.1
industry,B,2018-19,frequency_rate,claims per million hours worked,4.985070109981851,False,False,Table 1.2
industry,B,2018-19,incidence_rate,"claims per 1,000 employees",10.931728959256636,False,False,Table 1.3
industry,B,2018-19,median_compensation,AUD,32707.5,False,False,Table 1.4
industry,B,2018-19,median_time_lost,weeks,9.642857142857142,False,False,Table 1.5
industry,B,2019-20,claim_count,claims,2667.0,False,False,Table 1.1
industry,B,2019-20,frequency_rate,claims per million hours worked,5.208460338309354,False,False,Table 1.2
industry,B,2019-20,incidence_rate,"claims per 1,000 employees",11.206877366516773,False,False,Table 1.3
industry,B,2019-20,median_compensation,AUD,37701.5,False,False,Table 1.4
industry,B,2019-20,median_time_lost,weeks,10.8,False,False,Table 1.5
industry,B,2020-21,claim_count,claims,2953.0,False,False,Table 1.1
industry,B,2020-21,frequency_rate,claims per million hours worked,5.208144469461272,False,False,Table 1.2
industry,B,2020-21,incidence_rate,"claims per 1,000 employees",11.352397747020047,False,False,Table 1.3
industry,B,2020-21,median_compensation,AUD,35728.5,False,False,Table 1.4
industry,B,2020-21,median_time_lost,weeks,10.677668731838368,False,False,Table 1.5
industry,B,2021-22,claim_count,claims,2906.0,False,False,Table 1.1
industry,B,2021-22,frequency_rate,claims per million hours worked,6.744940144393625,False,False,Table 1.2
industry,B,2021-22,incidence_rate,"claims per 1,000 employees",14.670226729567236,False,False,Table 1.3
industry,B,2021-22,median_compensation,AUD,35383.0,False,False,Table 1.4
industry,B,2021-22,median_time_lost,weeks,10.864587499999999,False,False,Table 1.5
industry,B,2022-23,claim_count,claims,3238.0,False,False,Table 1.1
industry,B,2022-23,frequency_rate,claims per million hours worked,7.063152994059595,False,False,Table 1.2
industry,B,2022-23,incidence_rate,"claims per 1,000 employees",15.746666632407651,False,False,Table 1.3
industry,B,2022-23,median_compensation,AUD,36365.5,False,False,Table 1.4
industry,B,2022-23,median_time_lost,weeks,11.124877021350393,False,False,Table 1.5
industry,B,2023-24,claim_count,claims,3340.0,False,True,Table 1.1
industry,B,2023-24,frequency_rate,claims per million hours worked,6.673246117003643,False,True,Table 1.2
industry,B,2023-24,incidence_rate,"claims per 1,000 employees",14.857455191682273,False,True,Table 1.3
industry,B,2023-24,median_compensation,AUD,,True,True,Table 1.4
industry,B,2023-24,median_time_lost,weeks,,True,True,Table 1.5
industry,B0,2014-15,claim_count,claims,,True,False,Table 1.1
industry,B0,2014-15,frequency_rate,claims per million hours worked,,True,False,Table 1.2
industry,B0,2014-15,incidence_rate,"claims per 1,000 employees",,True,False,Table 1.3
industry,B0,2014-15,median_compensation,AUD,,True,False,Table 1.4
industry,B0,2014-15,median_time_lost,weeks,,True,False,Table 1.5
industry,B0,2015-16,claim_count,claims,,True,False,Table 1.1
industry,B0,2015-16,frequency_rate,claims per million hours worked,,True,False,Table 1.2
industry,B0,2015-16,incidence_rate,"claims per 1,000 employees",,True,False,Table 1.3
industry,B0,2015-16,median_compensation,AUD,,True,False,Table 1.4
industry,B0,2015-16,median_time_lost,weeks,,True,False,Table 1.5
industry,B0,2016-17,claim_count,claims,,True,False,Table 1.1
industry,B0,2016-17,frequency_rate,claims per million hours worked,,True,False,Table 1.2
industry,B0,2016-17,incidence_rate,"claims per 1,000 employees",,True,False,Table 1.3
industry,B0,2016-17,median_compensation,AUD,,True,False,Table 1.4
industry,B0,2016-17,median_time_lost,weeks,,True,False,Table 1.5
industry,B0,2017-18,claim_count,claims,,True,False,Table 1.1
industry,B0,2017-18,frequency_rate,claims per million hours worked,,True,False,Table 1.2
industry,B0,2017-18,incidence_rate,"claims per 1,000 employees",,True,False,Table 1.3
industry,B0,2017-18,median_compensation,AUD,,True,False,Table 1.4
industry,B0,2017-18,median_time_lost,weeks,,True,False,Table 1.5
industry,B0,2018-19,claim_count,claims,,True,False,Table 1.1
industry,B0,2018-19,frequency_rate,claims per million hours worked,,True,False,Table 1.2
industry,B0,2018-19,incidence_rate,"claims per 1,000 employees",,True,False,Table 1.3
industry,B0,2018-19,median_compensation,AUD,,True,False,Table 1.4
industry,B0,2018-19,median_time_lost,weeks,,True,False,Table 1.5
industry,B0,2019-20,claim_count,claims,,True,False,Table 1.1
industry,B0,2019-20,frequency_rate,claims per million hours worked,,True,False,Table 1.2
industry,B0,2019-20,incidence_rate,"claims per 1,000 employees",,True,False,Table 1.3
industry,B0,2019-20,median_compensation,AUD,,True,False,Table 1.4
industry,B0,2019-20,median_time_lost,weeks,,True,False,Table 1.5
industry,B0,2020-21,claim_count,claims,,True,False,Table 1.1
industry,B0,2020-21,frequency_rate,claims per million hours worked,,True,False,Table 1.2
industry,B0,2020-21,incidence_rate,"claims per 1,000 employees",,True,False,Table 1.3
industry,B0,2020-21,median_compensation,AUD,,True,False,Table 1.4
industry,B0,2020-21,median_time_lost,weeks,,True,False,Table 1.5
industry,B0,2021-22,claim_count,claims,,True,False,Table 1.1
industry,B0,2021-22,frequency_rate,claims per million hours worked,,True,False,Table 1.2
industry,B0,2021-22,incidence_rate,"claims per 1,000 employees",,True,False,Table 1.3
industry,B0,2021-22,median_compensation,AUD,,True,False,Table 1.4
industry,B0,2021-22,median_time_lost,weeks,,True,False,Table 1.5
industry,B0,2022-23,claim_count,claims,,True,False,Table 1.1
industry,B0,2022-23,frequency_rate,claims per million hours worked,,True,False,Table 1.2
industry,B0,2022-23,incidence_rate,"claims per 1,000 employees",,True,False,Table 1.3
industry,B0,2022-23,median_compensation,AUD,,True,False,Table 1.4
industry,B0,2022-23,median_time_lost,weeks,,True,False,Table 1.5
industry,B0,2023-24,claim_count,claims,,True,True,Table 1.1
industry,B0,2023-24,frequency_rate,claims per million hours worked,,True,True,Table 1.2
industry,B0,2023-24,incidence_rate,"claims per 1,000 employees",,True,True,Table 1.3
industry,B0,2023-24,median_compensation,AUD,,True,True,Table 1.4
industry,B0,2023-24,median_time_lost,weeks,,True,True,Table 1.5
industry,C,2014-15,claim_count,claims,13401.0,False,False,Table 1.1
industry,C,2014-15,frequency_rate,claims per million hours worked,8.311024213451258,False,False,Table 1.2
industry,C,2014-15,incidence_rate,"claims per 1,000 employees",15.644192507010885,False,False,Table 1.3
industry,C,2014-15,median_compensation,AUD,12529.5,False,False,Table 1.4
industry,C,2014-15,median_time_lost,weeks,5.473684210526316,False,False,Table 1.5
industry,C,2015-16,claim_count,claims,12496.0,False,False,Table 1.1
industry,C,2015-16,frequency_rate,claims per million hours worked,8.17342780223412,False,False,Table 1.2
industry,C,2015-16,incidence_rate,"claims per 1,000 employees",15.185596700930374,False,False,Table 1.3
industry,C,2015-16,median_compensation,AUD,13880.0,False,False,Table 1.4
industry,C,2015-16,median_time_lost,weeks,5.8,False,False,Table 1.5
industry,C,2016-17,claim_count,claims,12560.0,False,False,Table 1.1
industry,C,2016-17,frequency_rate,claims per million hours worked,7.850455281578485,False,False,Table 1.2
industry,C,2016-17,incidence_rate,"claims per 1,000 employees",14.82886383375771,False,False,Table 1.3
industry,C,2016-17,median_compensation,AUD,14820.0,False,False,Table 1.4
industry,C,2016-17,median_time_lost,weeks,6.2,False,False,Table 1.5
industry,C,2017-18,claim_count,claims,12797.0,False,False,Table 1.1
industry,C,2017-18,frequency_rate,claims per million hours worked,7.987012569987732,False,False,Table 1.2
industry,C,2017-18,incidence_rate,"claims per 1,000 employees",15.076789781352511,False,False,Table 1.3
industry,C,2017-18,median_compensation,AUD,15028.5,False,False,Table 1.4
industry,C,2017-18,median_time_lost,weeks,6.605263157894737,False,False,Table 1.5
industry,C,2018-19,claim_count,claims,13540.0,False,False,Table 1.1
industry,C,2018-19,frequency_rate,claims per million hours worked,8.457164967751497,False,False,Table 1.2
industry,C,2018-19,incidence_rate,"claims per 1,000 employees",15.805892186106098,False,False,Table 1.3
industry,C,2018-19,median_compensation,AUD,15284.5,False,False,Table 1.4
industry,C,2018-19,median_time_lost,weeks,6.578947368421052,False,False,Table 1.5
industry,C,2019-20,claim_count,claims,14039.0,False,False,Table 1.1
industry,C,2019-20,frequency_rate,claims per million hours worked,9.089578386595269,False,False,Table 1.2
industry,C,2019-20,incidence_rate,"claims per 1,000 employees",16.63004750795232,False,False,Table 1.3
industry,C,2019-20,median_compensation,AUD,16059.0,False,False,Table 1.4
industry,C,2019-20,median_time_lost,weeks,6.605263157894737,False,False,Table 1.5
industry,C,2020-21,claim_count,claims,14673.0,False,False,Table 1.1
industry,C,2020-21,frequency_rate,claims per million hours worked,9.655016891737223,False,False,Table 1.2
industry,C,2020-21,incidence_rate,"claims per 1,000 employees",17.74644367024296,False,False,Table 1.3
industry,C,2020-21,median_compensation,AUD,16180.0,False,False,Table 1.4
industry,C,2020-21,median_time_lost,weeks,7.0,False,False,Table 1.5
industry,C,2021-22,claim_count,claims,14572.0,False,False,Table 1.1
industry,C,2021-22,frequency_rate,claims per million hours worked,9.90305586917297,False,False,Table 1.2
industry,C,2021-22,incidence_rate,"claims per 1,000 employees",18.034670632888947,False,False,Table 1.3
industry,C,2021-22,median_compensation,AUD,16247.5,False,False,Table 1.4
industry,C,2021-22,median_time_lost,weeks,7.0,False,False,Table 1.5
industry,C,2022-23,claim_count,claims,14573.0,False,False,Table 1.1
industry,C,2022-23,frequency_rate,claims per million hours worked,9.541397782940408,False,False,Table 1.2
industry,C,2022-23,incidence_rate,"claims per 1,000 employees",17.578333856956778,False,False,Table 1.3
industry,C,2022-23,median_compensation,AUD,17533.0,False,False,Table 1.4
industry,C,2022-23,median_time_lost,weeks,7.143325,False,False,Table 1.5
industry,C,2023-24,claim_count,claims,14777.0,False,True,Table 1.1
industry,C,2023-24,frequency_rate,claims per million hours worked,9.383640669352891,False,True,Table 1.2
industry,C,2023-24,incidence_rate,"claims per 1,000 employees",17.05574227385372,False,True,Table 1.3
industry,C,2023-24,median_compensation,AUD,,True,True,Table 1.4
industry,C,2023-24,median_time_lost,weeks,,True,True,Table 1.5
industry,C0,2014-15,claim_count,claims,,True,False,Table 1.1
industry,C0,2014-15,frequency_rate,claims per million hours worked,,True,False,Table 1.2
industry,C0,2014-15,incidence_rate,"claims per 1,000 employees",,True,False,Table 1.3
industry,C0,2014-15,median_compensation,AUD,,True,False,Table 1.4
industry,C0,2014-15,median_time_lost,weeks,,True,False,Table 1.5
industry,C0,2015-16,claim_count,claims,,True,False,Table 1.1
industry,C0,2015-16,frequency_rate,claims per million hours worked,,True,False,Table 1.2
industry,C0,2015-16,incidence_rate,"claims per 1,000 employees",,True,False,Table 1.3
industry,C0,2015-16,median_compensation,AUD,,True,False,Table 1.4
industry,C0,2015-16,median_time_lost,weeks,,True,False,Table 1.5
industry,C0,2016-17,claim_count,claims,,True,False,Table 1.1
industry,C0,2016-17,frequency_rate,claims per million hours worked,,True,False,Table 1.2
industry,C0,2016-17,incidence_rate,"claims per 1,000 employees",,True,False,Table 1.3
industry,C0,2016-17,median_compensation,AUD,,True,False,Table 1.4
industry,C0,2016-17,median_time_lost,weeks,,True,False,Table 1.5
industry,C0,2017-18,claim_count,claims,,True,False,Table 1.1
industry,C0,2017-18,frequency_rate,claims per million hours worked,,True,False,Table 1.2
industry,C0,2017-18,incidence_rate,"claims per 1,000 employees",,True,False,Table 1.3
industry,C0,2017-18,median_compensation,AUD,,True,False,Table 1.4
industry,C0,2017-18,median_time_lost,weeks,,True,False,Table 1.5
industry,C0,2018-19,claim_count,claims,,True,False,Table 1.1
industry,C0,2018-19,frequency_rate,claims per million hours worked,,True,False,Table 1.2
industry,C0,2018-19,incidence_rate,"claims per 1,000 employees",,True,False,Table 1.3
industry,C0,2018-19,median_compensation,AUD,,True,False,Table 1.4
industry,C0,2018-19,median_time_lost,weeks,,True,False,Table 1.5
industry,C0,2019-20,claim_count,claims,,True,False,Table 1.1
industry,C0,2019-20,frequency_rate,claims per million hours worked,,True,False,Table 1.2
industry,C0,2019-20,incidence_rate,"claims per 1,000 employees",,True,False,Table 1.3
industry,C0,2019-20,median_compensation,AUD,,True,False,Table 1.4
industry,C0,2019-20,median_time_lost,weeks,,True,False,Table 1.5
industry,C0,2020-21,claim_count,claims,,True,False,Table 1.1
industry,C0,2020-21,frequency_rate,claims per million hours worked,,True,False,Table 1.2
industry,C0,2020-21,incidence_rate,"claims per 1,000 employees",,True,False,Table 1.3
industry,C0,2020-21,median_compensation,AUD,,True,False,Table 1.4
industry,C0,2020-21,median_time_lost,weeks,,True,False,Table 1.5
industry,C0,2021-22,claim_count,claims,,True,False,Table 1.1
industry,C0,2021-22,frequency_rate,claims per million hours worked,,True,False,Table 1.2
industry,C0,2021-22,incidence_rate,"claims per 1,000 employees",,True,False,Table 1.3
industry,C0,2021-22,median_compensation,AUD,,True,False,Table 1.4
industry,C0,2021-22,median_time_lost,weeks,,True,False,Table 1.5
industry,C0,2022-23,claim_count,claims,,True,False,Table 1.1
industry,C0,2022-23,frequency_rate,claims per million hours worked,,True,False,Table 1.2
industry,C0,2022-23,incidence_rate,"claims per 1,000 employees",,True,False,Table 1.3
industry,C0,2022-23,median_compensation,AUD,,True,False,Table 1.4
industry,C0,2022-23,median_time_lost,weeks,,True,False,Table 1.5
industry,C0,2023-24,claim_count,claims,,True,True,Table 1.1
industry,C0,2023-24,frequency_rate,claims per million hours worked,,True,True,Table 1.2
industry,C0,2023-24,incidence_rate,"claims per 1,000 employees",,True,True,Table 1.3
industry,C0,2023-24,median_compensation,AUD,,True,True,Table 1.4
industry,C0,2023-24,median_time_lost,weeks,,True,True,Table 1.5
industry,D,2014-15,claim_count,claims,1149.0,False,False,Table 1.1
industry,D,2014-15,frequency_rate,claims per million hours worked,4.269978262501452,False,False,Table 1.2
industry,D,2014-15,incidence_rate,"claims per 1,000 employees",8.186983177761949,False,False,Table 1.3
industry,D,2014-15,median_compensation,AUD,14491.5,False,False,Table 1.4
industry,D,2014-15,median_time_lost,weeks,6.04166078237537,False,False,Table 1.5
industry,D,2015-16,claim_count,claims,1106.0,False,False,Table 1.1
industry,D,2015-16,frequency_rate,claims per million hours worked,4.01889334292165,False,False,Table 1.2
industry,D,2015-16,incidence_rate,"claims per 1,000 employees",7.858048555287698,False,False,Table 1.3
industry,D,2015-16,median_compensation,AUD,18281.0,False,False,Table 1.4
industry,D,2015-16,median_time_lost,weeks,7.658099774014644,False,False,Table 1.5
industry,D,2016-17,claim_count,claims,1170.0,False,False,Table 1.1
industry,D,2016-17,frequency_rate,claims per million hours worked,4.397446090689118,False,False,Table 1.2
industry,D,2016-17,incidence_rate,"claims per 1,000 employees",8.569022192404185,False,False,Table 1.3
industry,D,2016-17,median_compensation,AUD,19519.0,False,False,Table 1.4
industry,D,2016-17,median_time_lost,weeks,8.59380874427502,False,False,Table 1.5
industry,D,2017-18,claim_count,claims,1123.0,False,False,Table 1.1
industry,D,2017-18,frequency_rate,claims per million hours worked,3.929242365371318,False,False,Table 1.2
industry,D,2017-18,incidence_rate,"claims per 1,000 employees",7.652768712061053,False,False,Table 1.3
industry,D,2017-18,median_compensation,AUD,18951.0,False,False,Table 1.4
industry,D,2017-18,median_time_lost,weeks,8.399999999999999,False,False,Table 1.5
industry,D,2018-19,claim_count,claims,1258.0,False,False,Table 1.1
industry,D,2018-19,frequency_rate,claims per million hours worked,4.2563928608513155,False,False,Table 1.2
industry,D,2018-19,incidence_rate,"claims per 1,000 employees",8.154138008837243,False,False,Table 1.3
industry,D,2018-19,median_compensation,AUD,20354.5,False,False,Table 1.4
industry,D,2018-19,median_time_lost,weeks,7.927820394736843,False,False,Table 1.5
industry,D,2019-20,claim_count,claims,1168.0,False,False,Table 1.1
industry,D,2019-20,frequency_rate,claims per million hours worked,3.999031786622952,False,False,Table 1.2
industry,D,2019-20,incidence_rate,"claims per 1,000 employees",7.5474508580567194,False,False,Table 1.3
industry,D,2019-20,median_compensation,AUD,22243.0,False,False,Table 1.4
industry,D,2019-20,median_time_lost,weeks,8.0,False,False,Table 1.5
industry,D,2020-21,claim_count,claims,1356.0,False,False,Table 1.1
industry,D,2020-21,frequency_rate,claims per million hours worked,4.709850374092473,False,False,Table 1.2
industry,D,2020-21,incidence_rate,"claims per 1,000 employees",9.17080150286115,False,False,Table 1.3
industry,D,2020-21,median_compensation,AUD,23609.0,False,False,Table 1.4
industry,D,2020-21,median_time_lost,weeks,8.202631578947368,False,False,Table 1.5
industry,D,2021-22,claim_count,claims,1335.0,False,False,Table 1.1
industry,D,2021-22,frequency_rate,claims per million hours worked,5.618720690925019,False,False,Table 1.2
industry,D,2021-22,incidence_rate,"claims per 1,000 employees",10.760575875552657,False,False,Table 1.3
industry,D,2021-22,median_compensation,AUD,20692.0,False,False,Table 1.4
industry,D,2021-22,median_time_lost,weeks,8.112759710424278,False,False,Table 1.5
industry,D,2022-23,claim_count,claims,1527.0,False,False,Table 1.1
industry,D,2022-23,frequency_rate,claims per million hours worked,6.080878792201173,False,False,Table 1.2
industry,D,2022-23,incidence_rate,"claims per 1,000 employees",11.562046955016783,False,False,Table 1.3
industry,D,2022-23,median_compensation,AUD,19897.0,False,False,Table 1.4
industry,D,2022-23,median_time_lost,weeks,7.5,False,False,Table 1.5
industry,D,2023-24,claim_count,claims,1514.0,False,True,Table 1.1
industry,D,2023-24,frequency_rate,claims per million hours worked,5.978142822409333,False,True,Table 1.2
industry,D,2023-24,incidence_rate,"claims per 1,000 employees",11.111586232689579,False,True,Table 1.3
industry,D,2023-24,median_compensation,AUD,,True,True,Table 1.4
industry,D,2023-24,median_time_lost,weeks,,True,True,Table 1.5
industry,D0,2014-15,claim_count,claims,,True,False,Table 1.1
industry,D0,2014-15,frequency_rate,claims per million hours worked,,True,False,Table 1.2
industry,D0,2014-15,incidence_rate,"claims per 1,000 employees",,True,False,Table 1.3
industry,D0,2014-15,median_compensation,AUD,,True,False,Table 1.4
industry,D0,2014-15,median_time_lost,weeks,,True,False,Table 1.5
industry,D0,2015-16,claim_count,claims,,True,False,Table 1.1
industry,D0,2015-16,frequency_rate,claims per million hours worked,,True,False,Table 1.2
industry,D0,2015-16,incidence_rate,"claims per 1,000 employees",,True,False,Table 1.3
industry,D0,2015-16,median_compensation,AUD,,True,False,Table 1.4
industry,D0,2015-16,median_time_lost,weeks,,True,False,Table 1.5
industry,D0,2016-17,claim_count,claims,,True,False,Table 1.1
industry,D0,2016-17,frequency_rate,claims per million hours worked,,True,False,Table 1.2
industry,D0,2016-17,incidence_rate,"claims per 1,000 employees",,True,False,Table 1.3
industry,D0,2016-17,median_compensation,AUD,,True,False,Table 1.4
industry,D0,2016-17,median_time_lost,weeks,,True,False,Table 1.5
industry,D0,2017-18,claim_count,claims,,True,False,Table 1.1
industry,D0,2017-18,frequency_rate,claims per million hours worked,,True,False,Table 1.2
industry,D0,2017-18,incidence_rate,"claims per 1,000 employees",,True,False,Table 1.3
industry,D0,2017-18,median_compensation,AUD,,True,False,Table 1.4
industry,D0,2017-18,median_time_lost,weeks,,True,False,Table 1.5
industry,D0,2018-19,claim_count,claims,,True,False,Table 1.1
industry,D0,2018-19,frequency_rate,claims per million hours worked,,True,False,Table 1.2
industry,D0,2018-19,incidence_rate,"claims per 1,000 employees",,True,False,Table 1.3
industry,D0,2018-19,median_compensation,AUD,,True,False,Table 1.4
industry,D0,2018-19,median_time_lost,weeks,,True,False,Table 1.5
industry,D0,2019-20,claim_count,claims,,True,False,Table 1.1
industry,D0,2019-20,frequency_rate,claims per million hours worked,,True,False,Table 1.2
industry,D0,2019-20,incidence_rate,"claims per 1,000 employees",,True,False,Table 1.3
industry,D0,2019-20,median_compensation,AUD,,True,False,Table 1.4
industry,D0,2019-20,median_time_lost,weeks,,True,False,Table 1.5
industry,D0,2020-21,claim_count,claims,,True,False,Table 1.1
industry,D0,2020-21,frequency_rate,claims per million hours worked,,True,False,Table 1.2
industry,D0,2020-21,incidence_rate,"claims per 1,000 employees",,True,False,Table 1.3
industry,D0,2020-21,median_compensation,AUD,,True,False,Table 1.4
industry,D0,2020-21,median_time_lost,weeks,,True,False,Table 1.5
industry,D0,2021-22,claim_count,claims,,True,False,Table 1.1
industry,D0,2021-22,frequency_rate,claims per million hours worked,,True,False,Table 1.2
industry,D0,2021-22,incidence_rate,"claims per 1,000 employees",,True,False,Table 1.3
industry,D0,2021-22,median_compensation,AUD,,True,False,Table 1.4
industry,D0,2021-22,median_time_lost,weeks,,True,False,Table 1.5
industry,D0,2022-23,claim_count,claims,,True,False,Table 1.1
industry,D0,2022-23,frequency_rate,claims per million hours worked,,True,False,Table 1.2
industry,D0,2022-23,incidence_rate,"claims per 1,000 employees",,True,False,Table 1.3
industry,D0,2022-23,median_compensation,AUD,,True,False,Table 1.4
industry,D0,2022-23,median_time_lost,weeks,,True,False,Table 1.5
industry,D0,2023-24,claim_count,claims,,True,True,Table 1.1
industry,D0,2023-24,frequency_rate,claims per million hours worked,,True,True,Table 1.2
industry,D0,2023-24,incidence_rate,"claims per 1,000 employees",,True,True,Table 1.3
industry,D0,2023-24,median_compensation,AUD,,True,True,Table 1.4
industry,D0,2023-24,median_time_lost,weeks,,True,True,Table 1.5
industry,E,2014-15,claim_count,claims,12397.0,False,False,Table 1.1
industry,E,2014-15,frequency_rate,claims per million hours worked,7.851200335172018,False,False,Table 1.2
industry,E,2014-15,incidence_rate,"claims per 1,000 employees",15.609914336253906,False,False,Table 1.3
industry,E,2014-15,median_compensation,AUD,15263.5,False,False,Table 1.4
industry,E,2014-15,median_time_lost,weeks,6.617647058823529,False,False,Table 1.5
industry,E,2015-16,claim_count,claims,12753.0,False,False,Table 1.1
industry,E,2015-16,frequency_rate,claims per million hours worked,8.038063023920417,False,False,Table 1.2
industry,E,2015-16,incidence_rate,"claims per 1,000 employees",16.032181217471564,False,False,Table 1.3
industry,E,2015-16,median_compensation,AUD,16679.0,False,False,Table 1.4
industry,E,2015-16,median_time_lost,weeks,7.2,False,False,Table 1.5
industry,E,2016-17,claim_count,claims,12958.0,False,False,Table 1.1
industry,E,2016-17,frequency_rate,claims per million hours worked,7.8208513058575955,False,False,Table 1.2
industry,E,2016-17,incidence_rate,"claims per 1,000 employees",15.54917379541176,False,False,Table 1.3
industry,E,2016-17,median_compensation,AUD,16766.0,False,False,Table 1.4
industry,E,2016-17,median_time_lost,weeks,7.4,False,False,Table 1.5
industry,E,2017-18,claim_count,claims,13834.0,False,False,Table 1.1
industry,E,2017-18,frequency_rate,claims per million hours worked,7.47419751228915,False,False,Table 1.2
industry,E,2017-18,incidence_rate,"claims per 1,000 employees",14.931717603027119,False,False,Table 1.3
industry,E,2017-18,median_compensation,AUD,17734.0,False,False,Table 1.4
industry,E,2017-18,median_time_lost,weeks,8.0,False,False,Table 1.5
industry,E,2018-19,claim_count,claims,14429.0,False,False,Table 1.1
industry,E,2018-19,frequency_rate,claims per million hours worked,7.728272767901186,False,False,Table 1.2
industry,E,2018-19,incidence_rate,"claims per 1,000 employees",15.360564438022477,False,False,Table 1.3
industry,E,2018-19,median_compensation,AUD,18320.0,False,False,Table 1.4
industry,E,2018-19,median_time_lost,weeks,8.3,False,False,Table 1.5
industry,E,2019-20,claim_count,claims,15438.0,False,False,Table 1.1
industry,E,2019-20,frequency_rate,claims per million hours worked,8.39817725779973,False,False,Table 1.2
industry,E,2019-20,incidence_rate,"claims per 1,000 employees",16.157152764465945,False,False,Table 1.3
industry,E,2019-20,median_compensation,AUD,18399.0,False,False,Table 1.4
industry,E,2019-20,median_time_lost,weeks,8.2,False,False,Table 1.5
industry,E,2020-21,claim_count,claims,16077.0,False,False,Table 1.1
industry,E,2020-21,frequency_rate,claims per million hours worked,8.771830416710134,False,False,Table 1.2
industry,E,2020-21,incidence_rate,"claims per 1,000 employees",16.823189180026777,False,False,Table 1.3
industry,E,2020-21,median_compensation,AUD,18127.0,False,False,Table 1.4
industry,E,2020-21,median_time_lost,weeks,8.2,False,False,Table 1.5
industry,E,2021-22,claim_count,claims,16101.0,False,False,Table 1.1
industry,E,2021-22,frequency_rate,claims per million hours worked,10.464216465001547,False,False,Table 1.2
industry,E,2021-22,incidence_rate,"claims per 1,000 employees",19.81946970498066,False,False,Table 1.3
industry,E,2021-22,median_compensation,AUD,18929.0,False,False,Table 1.4
industry,E,2021-22,median_time_lost,weeks,8.438711977838118,False,False,Table 1.5
industry,E,2022-23,claim_count,claims,17156.0,False,False,Table 1.1
industry,E,2022-23,frequency_rate,claims per million hours worked,9.007802113161027,False,False,Table 1.2
industry,E,2022-23,incidence_rate,"claims per 1,000 employees",17.733360666672326,False,False,Table 1.3
industry,E,2022-23,median_compensation,AUD,19973.0,False,False,Table 1.4
industry,E,2022-23,median_time_lost,weeks,8.4,False,False,Table 1.5
industry,E,2023-24,claim_count,claims,17609.0,False,True,Table 1.1
industry,E,2023-24,frequency_rate,claims per million hours worked,9.262851908771404,False,True,Table 1.2
industry,E,2023-24,incidence_rate,"claims per 1,000 employees",17.74543521115084,False,True,Table 1.3
industry,E,2023-24,median_compensation,AUD,,True,True,Table 1.4
industry,E,2023-24,median_time_lost,weeks,,True,True,Table 1.5
industry,E0,2014-15,claim_count,claims,,True,False,Table 1.1
industry,E0,2014-15,frequency_rate,claims per million hours worked,,True,False,Table 1.2
industry,E0,2014-15,incidence_rate,"claims per 1,000 employees",,True,False,Table 1.3
industry,E0,2014-15,median_compensation,AUD,,True,False,Table 1.4
industry,E0,2014-15,median_time_lost,weeks,,True,False,Table 1.5
industry,E0,2015-16,claim_count,claims,,True,False,Table 1.1
industry,E0,2015-16,frequency_rate,claims per million hours worked,,True,False,Table 1.2
industry,E0,2015-16,incidence_rate,"claims per 1,000 employees",,True,False,Table 1.3
industry,E0,2015-16,median_compensation,AUD,,True,False,Table 1.4
industry,E0,2015-16,median_time_lost,weeks,,True,False,Table 1.5
industry,E0,2016-17,claim_count,claims,,True,False,Table 1.1
industry,E0,2016-17,frequency_rate,claims per million hours worked,,True,False,Table 1.2
industry,E0,2016-17,incidence_rate,"claims per 1,000 employees",,True,False,Table 1.3
industry,E0,2016-17,median_compensation,AUD,,True,False,Table 1.4
industry,E0,2016-17,median_time_lost,weeks,,True,False,Table 1.5
industry,E0,2017-18,claim_count,claims,,True,False,Table 1.1
industry,E0,2017-18,frequency_rate,claims per million hours worked,,True,False,Table 1.2
industry,E0,2017-18,incidence_rate,"claims per 1,000 employees",,True,False,Table 1.3
industry,E0,2017-18,median_compensation,AUD,,True,False,Table 1.4
industry,E0,2017-18,median_time_lost,weeks,,True,False,Table 1.5
industry,E0,2018-19,claim_count,claims,,True,False,Table 1.1
industry,E0,2018-19,frequency_rate,claims per million hours worked,,True,False,Table 1.2
industry,E0,2018-19,incidence_rate,"claims per 1,000 employees",,True,False,Table 1.3
industry,E0,2018-19,median_compensation,AUD,,True,False,Table 1.4
industry,E0,2018-19,median_time_lost,weeks,,True,False,Table 1.5
industry,E0,2019-20,claim_count,claims,,True,False,Table 1.1
industry,E0,2019-20,frequency_rate,claims per million hours worked,,True,False,Table 1.2
industry,E0,2019-20,incidence_rate,"claims per 1,000 employees",,True,False,Table 1.3
industry,E0,2019-20,median_compensation,AUD,,True,False,Table 1.4
industry,E0,2019-20,median_time_lost,weeks,,True,False,Table 1.5
industry,E0,2020-21,claim_count,claims,,True,False,Table 1.1
industry,E0,2020-21,frequency_rate,claims per million hours worked,,True,False,Table 1.2
industry,E0,2020-21,incidence_rate,"claims per 1,000 employees",,True,False,Table 1.3
industry,E0,2020-21,median_compensation,AUD,,True,False,Table 1.4
industry,E0,2020-21,median_time_lost,weeks,,True,False,Table 1.5
industry,E0,2021-22,claim_count,claims,,True,False,Table 1.1
industry,E0,2021-22,frequency_rate,claims per million hours worked,,True,False,Table 1.2
industry,E0,2021-22,incidence_rate,"claims per 1,000 employees",,True,False,Table 1.3
industry,E0,2021-22,median_compensation,AUD,,True,False,Table 1.4
industry,E0,2021-22,median_time_lost,weeks,,True,False,Table 1.5
industry,E0,2022-23,claim_count,claims,,True,False,Table 1.1
industry,E0,2022-23,frequency_rate,claims per million hours worked,,True,False,Table 1.2
industry,E0,2022-23,incidence_rate,"claims per 1,000 employees",,True,False,Table 1.3
industry,E0,2022-23,median_compensation,AUD,,True,False,Table 1.4
industry,E0,2022-23,median_time_lost,weeks,,True,False,Table 1.5
industry,E0,2023-24,claim_count,claims,,True,True,Table 1.1
industry,E0,2023-24,frequency_rate,claims per million hours worked,,True,True,Table 1.2
industry,E0,2023-24,incidence_rate,"claims per 1,000 employees",,True,True,Table 1.3
industry,E0,2023-24,median_compensation,AUD,,True,True,Table 1.4
industry,E0,2023-24,median_time_lost,weeks,,True,True,Table 1.5
industry,F,2014-15,claim_count,claims,4519.0,False,False,Table 1.1
industry,F,2014-15,frequency_rate,claims per million hours worked,6.260692891474923,False,False,Table 1.2
industry,F,2014-15,incidence_rate,"claims per 1,000 employees",12.070786295464426,False,False,Table 1.3
industry,F,2014-15,median_compensation,AUD,12501.0,False,False,Table 1.4
industry,F,2014-15,median_time_lost,weeks,5.619047619047619,False,False,Table 1.5
industry,F,2015-16,claim_count,claims,4362.0,False,False,Table 1.1
industry,F,2015-16,frequency_rate,claims per million hours worked,6.464549502734288,False,False,Table 1.2
industry,F,2015-16,incidence_rate,"claims per 1,000 employees",12.089796110104734,False,False,Table 1.3
industry,F,2015-16,median_compensation,AUD,14085.0,False,False,Table 1.4
industry,F,2015-16,median_time_lost,weeks,6.6,False,False,Table 1.5
industry,F,2016-17,claim_count,claims,4260.0,False,False,Table 1.1
industry,F,2016-17,frequency_rate,claims per million hours worked,6.497257079676743,False,False,Table 1.2
industry,F,2016-17,incidence_rate,"claims per 1,000 employees",12.186574073436704,False,False,Table 1.3
industry,F,2016-17,median_compensation,AUD,14776.5,False,False,Table 1.4
industry,F,2016-17,median_time_lost,weeks,6.8,False,False,Table 1.5
industry,F,2017-18,claim_count,claims,4600.0,False,False,Table 1.1
industry,F,2017-18,frequency_rate,claims per million hours worked,6.8624291763677565,False,False,Table 1.2
industry,F,2017-18,incidence_rate,"claims per 1,000 employees",13.054095633146021,False,False,Table 1.3
industry,F,2017-18,median_compensation,AUD,16188.5,False,False,Table 1.4
industry,F,2017-18,median_time_lost,weeks,7.4,False,False,Table 1.5
industry,F,2018-19,claim_count,claims,4984.0,False,False,Table 1.1
industry,F,2018-19,frequency_rate,claims per million hours worked,7.065488300818058,False,False,Table 1.2
industry,F,2018-19,incidence_rate,"claims per 1,000 employees",13.236201979739416,False,False,Table 1.3
industry,F,2018-19,median_compensation,AUD,15624.0,False,False,Table 1.4
industry,F,2018-19,median_time_lost,weeks,7.072267364584333,False,False,Table 1.5
industry,F,2019-20,claim_count,claims,5123.0,False,False,Table 1.1
industry,F,2019-20,frequency_rate,claims per million hours worked,7.353213732958949,False,False,Table 1.2
industry,F,2019-20,incidence_rate,"claims per 1,000 employees",13.482025997604511,False,False,Table 1.3
industry,F,2019-20,median_compensation,AUD,16630.5,False,False,Table 1.4
industry,F,2019-20,median_time_lost,weeks,7.000084448760714,False,False,Table 1.5
industry,F,2020-21,claim_count,claims,5335.0,False,False,Table 1.1
industry,F,2020-21,frequency_rate,claims per million hours worked,8.007214653646598,False,False,Table 1.2
industry,F,2020-21,incidence_rate,"claims per 1,000 employees",14.694859790064907,False,False,Table 1.3
industry,F,2020-21,median_compensation,AUD,17033.0,False,False,Table 1.4
industry,F,2020-21,median_time_lost,weeks,7.7095456681244805,False,False,Table 1.5
industry,F,2021-22,claim_count,claims,4935.0,False,False,Table 1.1
industry,F,2021-22,frequency_rate,claims per million hours worked,7.997246543603263,False,False,Table 1.2
industry,F,2021-22,incidence_rate,"claims per 1,000 employees",14.44706073329447,False,False,Table 1.3
industry,F,2021-22,median_compensation,AUD,15893.0,False,False,Table 1.4
industry,F,2021-22,median_time_lost,weeks,7.0,False,False,Table 1.5
industry,F,2022-23,claim_count,claims,5223.0,False,False,Table 1.1
industry,F,2022-23,frequency_rate,claims per million hours worked,8.194299030304775,False,False,Table 1.2
industry,F,2022-23,incidence_rate,"claims per 1,000 employees",14.987572628957013,False,False,Table 1.3
industry,F,2022-23,median_compensation,AUD,18437.5,False,False,Table 1.4
industry,F,2022-23,median_time_lost,weeks,8.157894736842104,False,False,Table 1.5
industry,F,2023-24,claim_count,claims,5285.0,False,True,Table 1.1
industry,F,2023-24,frequency_rate,claims per million hours worked,7.5953735671726665,False,True,Table 1.2
industry,F,2023-24,incidence_rate,"claims per 1,000 employees",13.680234991648295,False,True,Table 1.3
industry,F,2023-24,median_compensation,AUD,,True,True,Table 1.4
industry,F,2023-24,median_time_lost,weeks,,True,True,Table 1.5
industry,F0,2014-15,claim_count,claims,,True,False,Table 1.1
industry,F0,2014-15,frequency_rate,claims per million hours worked,,True,False,Table 1.2
industry,F0,2014-15,incidence_rate,"claims per 1,000 employees",,True,False,Table 1.3
industry,F0,2014-15,median_compensation,AUD,,True,False,Table 1.4
industry,F0,2014-15,median_time_lost,weeks,,True,False,Table 1.5
industry,F0,2015-16,claim_count,claims,,True,False,Table 1.1
industry,F0,2015-16,frequency_rate,claims per million hours worked,,True,False,Table 1.2
industry,F0,2015-16,incidence_rate,"claims per 1,000 employees",,True,False,Table 1.3
industry,F0,2015-16,median_compensation,AUD,,True,False,Table 1.4
industry,F0,2015-16,median_time_lost,weeks,,True,False,Table 1.5
industry,F0,2016-17,claim_count,claims,,True,False,Table 1.1
industry,F0,2016-17,frequency_rate,claims per million hours worked,,True,False,Table 1.2
industry,F0,2016-17,incidence_rate,"claims per 1,000 employees",,True,False,Table 1.3
industry,F0,2016-17,median_compensation,AUD,,True,False,Table 1.4
industry,F0,2016-17,median_time_lost,weeks,,True,False,Table 1.5
industry,F0,2017-18,claim_count,claims,,True,False,Table 1.1
industry,F0,2017-18,frequency_rate,claims per million hours worked,,True,False,Table 1.2
industry,F0,2017-18,incidence_rate,"claims per 1,000 employees",,True,False,Table 1.3
industry,F0,2017-18,median_compensation,AUD,,True,False,Table 1.4
industry,F0,2017-18,median_time_lost,weeks,,True,False,Table 1.5
industry,F0,2018-19,claim_count,claims,,True,False,Table 1.1
industry,F0,2018-19,frequency_rate,claims per million hours worked,,True,False,Table 1.2
industry,F0,2018-19,incidence_rate,"claims per 1,000 employees",,True,False,Table 1.3
industry,F0,2018-19,median_compensation,AUD,,True,False,Table 1.4
industry,F0,2018-19,median_time_lost,weeks,,True,False,Table 1.5
industry,F0,2019-20,claim_count,claims,,True,False,Table 1.1
industry,F0,2019-20,frequency_rate,claims per million hours worked,,True,False,Table 1.2
industry,F0,2019-20,incidence_rate,"claims per 1,000 employees",,True,False,Table 1.3
industry,F0,2019-20,median_compensation,AUD,,True,False,Table 1.4
industry,F0,2019-20,median_time_lost,weeks,,True,False,Table 1.5
industry,F0,2020-21,claim_count,claims,,True,False,Table 1.1
industry,F0,2020-21,frequency_rate,claims per million hours worked,,True,False,Table 1.2
industry,F0,2020-21,incidence_rate,"claims per 1,000 employees",,True,False,Table 1.3
industry,F0,2020-21,median_compensation,AUD,,True,False,Table 1.4
industry,F0,2020-21,median_time_lost,weeks,,True,False,Table 1.5
industry,F0,2021-22,claim_count,claims,,True,False,Table 1.1
industry,F0,2021-22,frequency_rate,claims per million hours worked,,True,False,Table 1.2
industry,F0,2021-22,incidence_rate,"claims per 1,000 employees",,True,False,Table 1.3
industry,F0,2021-22,median_compensation,AUD,,True,False,Table 1.4
industry,F0,2021-22,median_time_lost,weeks,,True,False,Table 1.5
industry,F0,2022-23,claim_count,claims,,True,False,Table 1.1
industry,F0,2022-23,frequency_rate,claims per million hours worked,,True,False,Table 1.2
industry,F0,2022-23,incidence_rate,"claims per 1,000 employees",,True,False,Table 1.3
industry,F0,2022-23,median_compensation,AUD,,True,False,Table 1.4
industry,F0,2022-23,median_time_lost,weeks,,True,False,Table 1.5
industry,F0,2023-24,claim_count,claims,,True,True,Table 1.1
industry,F0,2023-24,frequency_rate,claims per million hours worked,,True,True,Table 1.2
industry,F0,2023-24,incidence_rate,"claims per 1,000 employees",,True,True,Table 1.3
industry,F0,2023-24,median_compensation,AUD,,True,True,Table 1.4
industry,F0,2023-24,median_time_lost,weeks,,True,True,Table 1.5
industry,G,2014-15,claim_count,claims,8319.0,False,False,Table 1.1
industry,G,2014-15,frequency_rate,claims per million hours worked,4.819980251827483,False,False,Table 1.2
industry,G,2014-15,incidence_rate,"claims per 1,000 employees",6.807665823165084,False,False,Table 1.3
industry,G,2014-15,median_compensation,AUD,10105.0,False,False,Table 1.4
industry,G,2014-15,median_time_lost,weeks,5.765625,False,False,Table 1.5
industry,G,2015-16,claim_count,claims,8277.0,False,False,Table 1.1
industry,G,2015-16,frequency_rate,claims per million hours worked,4.750036266299905,False,False,Table 1.2
industry,G,2015-16,incidence_rate,"claims per 1,000 employees",6.590153884910475,False,False,Table 1.3
industry,G,2015-16,median_compensation,AUD,11103.5,False,False,Table 1.4
industry,G,2015-16,median_time_lost,weeks,6.0,False,False,Table 1.5
industry,G,2016-17,claim_count,claims,7965.0,False,False,Table 1.1
industry,G,2016-17,frequency_rate,claims per million hours worked,4.686555264551422,False,False,Table 1.2
industry,G,2016-17,incidence_rate,"claims per 1,000 employees",6.518995502519613,False,False,Table 1.3
industry,G,2016-17,median_compensation,AUD,12285.0,False,False,Table 1.4
industry,G,2016-17,median_time_lost,weeks,6.525551644781373,False,False,Table 1.5
industry,G,2017-18,claim_count,claims,7988.0,False,False,Table 1.1
industry,G,2017-18,frequency_rate,claims per million hours worked,4.491957719959618,False,False,Table 1.2
industry,G,2017-18,incidence_rate,"claims per 1,000 employees",6.257151858336402,False,False,Table 1.3
industry,G,2017-18,median_compensation,AUD,12434.0,False,False,Table 1.4
industry,G,2017-18,median_time_lost,weeks,7.0,False,False,Table 1.5
industry,G,2018-19,claim_count,claims,8435.0,False,False,Table 1.1
industry,G,2018-19,frequency_rate,claims per million hours worked,4.817097634444495,False,False,Table 1.2
industry,G,2018-19,incidence_rate,"claims per 1,000 employees",6.616949513746071,False,False,Table 1.3
industry,G,2018-19,median_compensation,AUD,13008.0,False,False,Table 1.4
industry,G,2018-19,median_time_lost,weeks,7.846473684210526,False,False,Table 1.5
industry,G,2019-20,claim_count,claims,8551.0,False,False,Table 1.1
industry,G,2019-20,frequency_rate,claims per million hours worked,5.118897589519953,False,False,Table 1.2
industry,G,2019-20,incidence_rate,"claims per 1,000 employees",6.967694082592106,False,False,Table 1.3
industry,G,2019-20,median_compensation,AUD,13526.0,False,False,Table 1.4
industry,G,2019-20,median_time_lost,weeks,8.0,False,False,Table 1.5
industry,G,2020-21,claim_count,claims,8995.0,False,False,Table 1.1
industry,G,2020-21,frequency_rate,claims per million hours worked,5.136300521340182,False,False,Table 1.2
industry,G,2020-21,incidence_rate,"claims per 1,000 employees",6.995936017433456,False,False,Table 1.3
industry,G,2020-21,median_compensation,AUD,13928.0,False,False,Table 1.4
industry,G,2020-21,median_time_lost,weeks,8.239084241551854,False,False,Table 1.5
industry,G,2021-22,claim_count,claims,9543.0,False,False,Table 1.1
industry,G,2021-22,frequency_rate,claims per million hours worked,5.591819258657439,False,False,Table 1.2
industry,G,2021-22,incidence_rate,"claims per 1,000 employees",7.517268837978306,False,False,Table 1.3
industry,G,2021-22,median_compensation,AUD,10801.0,False,False,Table 1.4
industry,G,2021-22,median_time_lost,weeks,6.4287222222222224,False,False,Table 1.5
industry,G,2022-23,claim_count,claims,9902.0,False,False,Table 1.1
industry,G,2022-23,frequency_rate,claims per million hours worked,5.422125099849442,False,False,Table 1.2
industry,G,2022-23,incidence_rate,"claims per 1,000 employees",7.315737860600933,False,False,Table 1.3
industry,G,2022-23,median_compensation,AUD,14581.0,False,False,Table 1.4
industry,G,2022-23,median_time_lost,weeks,7.835140760869566,False,False,Table 1.5
industry,G,2023-24,claim_count,claims,9962.0,False,True,Table 1.1
industry,G,2023-24,frequency_rate,claims per million hours worked,5.512328120532979,False,True,Table 1.2
industry,G,2023-24,incidence_rate,"claims per 1,000 employees",7.388495500930652,False,True,Table 1.3
industry,G,2023-24,median_compensation,AUD,,True,True,Table 1.4
industry,G,2023-24,median_time_lost,weeks,,True,True,Table 1.5
industry,G0,2014-15,claim_count,claims,,True,False,Table 1.1
industry,G0,2014-15,frequency_rate,claims per million hours worked,,True,False,Table 1.2
industry,G0,2014-15,incidence_rate,"claims per 1,000 employees",,True,False,Table 1.3
industry,G0,2014-15,median_compensation,AUD,,True,False,Table 1.4
industry,G0,2014-15,median_time_lost,weeks,,True,False,Table 1.5
industry,G0,2015-16,claim_count,claims,,True,False,Table 1.1
industry,G0,2015-16,frequency_rate,claims per million hours worked,,True,False,Table 1.2
industry,G0,2015-16,incidence_rate,"claims per 1,000 employees",,True,False,Table 1.3
industry,G0,2015-16,median_compensation,AUD,,True,False,Table 1.4
industry,G0,2015-16,median_time_lost,weeks,,True,False,Table 1.5
industry,G0,2016-17,claim_count,claims,,True,False,Table 1.1
industry,G0,2016-17,frequency_rate,claims per million hours worked,,True,False,Table 1.2
industry,G0,2016-17,incidence_rate,"claims per 1,000 employees",,True,False,Table 1.3
industry,G0,2016-17,median_compensation,AUD,,True,False,Table 1.4
industry,G0,2016-17,median_time_lost,weeks,,True,False,Table 1.5
industry,G0,2017-18,claim_count,claims,,True,False,Table 1.1
industry,G0,2017-18,frequency_rate,claims per million hours worked,,True,False,Table 1.2
industry,G0,2017-18,incidence_rate,"claims per 1,000 employees",,True,False,Table 1.3
industry,G0,2017-18,median_compensation,AUD,,True,False,Table 1.4
industry,G0,2017-18,median_time_lost,weeks,,True,False,Table 1.5
industry,G0,2018-19,claim_count,claims,,True,False,Table 1.1
industry,G0,2018-19,frequency_rate,claims per million hours worked,,True,False,Table 1.2
industry,G0,2018-19,incidence_rate,"claims per 1,000 employees",,True,False,Table 1.3
industry,G0,2018-19,median_compensation,AUD,,True,False,Table 1.4
industry,G0,2018-19,median_time_lost,weeks,,True,False,Table 1.5
industry,G0,2019-20,claim_count,claims,,True,False,Table 1.1
industry,G0,2019-20,frequency_rate,claims per million hours worked,,True,False,Table 1.2
industry,G0,2019-20,incidence_rate,"claims per 1,000 employees",,True,False,Table 1.3
industry,G0,2019-20,median_compensation,AUD,,True,False,Table 1.4
industry,G0,2019-20,median_time_lost,weeks,,True,False,Table 1.5
industry,G0,2020-21,claim_count,claims,,True,False,Table 1.1
industry,G0,2020-21,frequency_rate,claims per million hours worked,,True,False,Table 1.2
industry,G0,2020-21,incidence_rate,"claims per 1,000 employees",,True,False,Table 1.3
industry,G0,2020-21,median_compensation,AUD,,True,False,Table 1.4
industry,G0,2020-21,median_time_lost,weeks,,True,False,Table 1.5
industry,G0,2021-22,claim_count,claims,,True,False,Table 1.1
industry,G0,2021-22,frequency_rate,claims per million hours worked,,True,False,Table 1.2
industry,G0,2021-22,incidence_rate,"claims per 1,000 employees",,True,False,Table 1.3
industry,G0,2021-22,median_compensation,AUD,,True,False,Table 1.4
industry,G0,2021-22,median_time_lost,weeks,,True,False,Table 1.5
industry,G0,2022-23,claim_count,claims,,True,False,Table 1.1
industry,G0,2022-23,frequency_rate,claims per million hours worked,,True,False,Table 1.2
industry,G0,2022-23,incidence_rate,"claims per 1,000 employees",,True,False,Table 1.3
industry,G0,2022-23,median_compensation,AUD,,True,False,Table 1.4
industry,G0,2022-23,median_time_lost,weeks,,True,False,Table 1.5
industry,G0,2023-24,claim_count,claims,,True,True,Table 1.1
industry,G0,2023-24,frequency_rate,claims per million hours worked,,True,True,Table 1.2
industry,G0,2023-24,incidence_rate,"claims per 1,000 employees",,True,True,Table 1.3
industry,G0,2023-24,median_compensation,AUD,,True,True,Table 1.4
industry,G0,2023-24,median_time_lost,weeks,,True,True,Table 1.5
industry,H,2014-15,claim_count,claims,6208.0,False,False,Table 1.1
industry,H,2014-15,frequency_rate,claims per million hours worked,5.934728897368888,False,False,Table 1.2
industry,H,2014-15,incidence_rate,"claims per 1,000 employees",7.534032949046351,False,False,Table 1.3
industry,H,2014-15,median_compensation,AUD,5359.0,False,False,Table 1.4
industry,H,2014-15,median_time_lost,weeks,4.1191160714285715,False,False,Table 1.5
industry,H,2015-16,claim_count,claims,6016.0,False,False,Table 1.1
industry,H,2015-16,frequency_rate,claims per million hours worked,5.752653644518472,False,False,Table 1.2
industry,H,2015-16,incidence_rate,"claims per 1,000 employees",7.158831666499512,False,False,Table 1.3
industry,H,2015-16,median_compensation,AUD,6437.0,False,False,Table 1.4
industry,H,2015-16,median_time_lost,weeks,4.906255663933713,False,False,Table 1.5
industry,H,2016-17,claim_count,claims,5962.0,False,False,Table 1.1
industry,H,2016-17,frequency_rate,claims per million hours worked,5.445948549810749,False,False,Table 1.2
industry,H,2016-17,incidence_rate,"claims per 1,000 employees",6.900113834080241,False,False,Table 1.3
industry,H,2016-17,median_compensation,AUD,7249.5,False,False,Table 1.4
industry,H,2016-17,median_time_lost,weeks,4.4,False,False,Table 1.5
industry,H,2017-18,claim_count,claims,5904.0,False,False,Table 1.1
industry,H,2017-18,frequency_rate,claims per million hours worked,5.198627152870627,False,False,Table 1.2
industry,H,2017-18,incidence_rate,"claims per 1,000 employees",6.495724757124758,False,False,Table 1.3
industry,H,2017-18,median_compensation,AUD,7587.0,False,False,Table 1.4
industry,H,2017-18,median_time_lost,weeks,4.7894736842105265,False,False,Table 1.5
industry,H,2018-19,claim_count,claims,6276.0,False,False,Table 1.1
industry,H,2018-19,frequency_rate,claims per million hours worked,5.542042144164951,False,False,Table 1.2
industry,H,2018-19,incidence_rate,"claims per 1,000 employees",6.886780610665209,False,False,Table 1.3
industry,H,2018-19,median_compensation,AUD,7782.0,False,False,Table 1.4
industry,H,2018-19,median_time_lost,weeks,4.861652597402598,False,False,Table 1.5
industry,H,2019-20,claim_count,claims,6254.0,False,False,Table 1.1
industry,H,2019-20,frequency_rate,claims per million hours worked,6.2633966339431915,False,False,Table 1.2
industry,H,2019-20,incidence_rate,"claims per 1,000 employees",7.3292001463734175,False,False,Table 1.3
industry,H,2019-20,median_compensation,AUD,7880.5,False,False,Table 1.4
industry,H,2019-20,median_time_lost,weeks,4.937486047280125,False,False,Table 1.5
industry,H,2020-21,claim_count,claims,6896.0,False,False,Table 1.1
industry,H,2020-21,frequency_rate,claims per million hours worked,7.038940115793663,False,False,Table 1.2
industry,H,2020-21,incidence_rate,"claims per 1,000 employees",8.220712198146867,False,False,Table 1.3
industry,H,2020-21,median_compensation,AUD,7812.0,False,False,Table 1.4
industry,H,2020-21,median_time_lost,weeks,5.0,False,False,Table 1.5
industry,H,2021-22,claim_count,claims,7183.0,False,False,Table 1.1
industry,H,2021-22,frequency_rate,claims per million hours worked,7.2322393757325285,False,False,Table 1.2
industry,H,2021-22,incidence_rate,"claims per 1,000 employees",8.203462858656371,False,False,Table 1.3
industry,H,2021-22,median_compensation,AUD,6649.0,False,False,Table 1.4
industry,H,2021-22,median_time_lost,weeks,4.200284765068818,False,False,Table 1.5
industry,H,2022-23,claim_count,claims,7615.0,False,False,Table 1.1
industry,H,2022-23,frequency_rate,claims per million hours worked,6.472404319853475,False,False,Table 1.2
industry,H,2022-23,incidence_rate,"claims per 1,000 employees",7.931777465660894,False,False,Table 1.3
industry,H,2022-23,median_compensation,AUD,9459.0,False,False,Table 1.4
industry,H,2022-23,median_time_lost,weeks,5.266666666666667,False,False,Table 1.5
industry,H,2023-24,claim_count,claims,7877.0,False,True,Table 1.1
industry,H,2023-24,frequency_rate,claims per million hours worked,7.002597290347719,False,True,Table 1.2
industry,H,2023-24,incidence_rate,"claims per 1,000 employees",8.301082493006314,False,True,Table 1.3
industry,H,2023-24,median_compensation,AUD,,True,True,Table 1.4
industry,H,2023-24,median_time_lost,weeks,,True,True,Table 1.5
industry,H0,2014-15,claim_count,claims,,True,False,Table 1.1
industry,H0,2014-15,frequency_rate,claims per million hours worked,,True,False,Table 1.2
industry,H0,2014-15,incidence_rate,"claims per 1,000 employees",,True,False,Table 1.3
industry,H0,2014-15,median_compensation,AUD,,True,False,Table 1.4
industry,H0,2014-15,median_time_lost,weeks,,True,False,Table 1.5
industry,H0,2015-16,claim_count,claims,,True,False,Table 1.1
industry,H0,2015-16,frequency_rate,claims per million hours worked,,True,False,Table 1.2
industry,H0,2015-16,incidence_rate,"claims per 1,000 employees",,True,False,Table 1.3
industry,H0,2015-16,median_compensation,AUD,,True,False,Table 1.4
industry,H0,2015-16,median_time_lost,weeks,,True,False,Table 1.5
industry,H0,2016-17,claim_count,claims,,True,False,Table 1.1
industry,H0,2016-17,frequency_rate,claims per million hours worked,,True,False,Table 1.2
industry,H0,2016-17,incidence_rate,"claims per 1,000 employees",,True,False,Table 1.3
industry,H0,2016-17,median_compensation,AUD,,True,False,Table 1.4
industry,H0,2016-17,median_time_lost,weeks,,True,False,Table 1.5
industry,H0,2017-18,claim_count,claims,,True,False,Table 1.1
industry,H0,2017-18,frequency_rate,claims per million hours worked,,True,False,Table 1.2
industry,H0,2017-18,incidence_rate,"claims per 1,000 employees",,True,False,Table 1.3
industry,H0,2017-18,median_compensation,AUD,,True,False,Table 1.4
industry,H0,2017-18,median_time_lost,weeks,,True,False,Table 1.5
industry,H0,2018-19,claim_count,claims,,True,False,Table 1.1
industry,H0,2018-19,frequency_rate,claims per million hours worked,,True,False,Table 1.2
industry,H0,2018-19,incidence_rate,"claims per 1,000 employees",,True,False,Table 1.3
industry,H0,2018-19,median_compensation,AUD,,True,False,Table 1.4
industry,H0,2018-19,median_time_lost,weeks,,True,False,Table 1.5
industry,H0,2019-20,claim_count,claims,,True,False,Table 1.1
industry,H0,2019-20,frequency_rate,claims per million hours worked,,True,False,Table 1.2
industry,H0,2019-20,incidence_rate,"claims per 1,000 employees",,True,False,Table 1.3
industry,H0,2019-20,median_compensation,AUD,,True,False,Table 1.4
industry,H0,2019-20,median_time_lost,weeks,,True,False,Table 1.5
industry,H0,2020-21,claim_count,claims,,True,False,Table 1.1
industry,H0,2020-21,frequency_rate,claims per million hours worked,,True,False,Table 1.2
industry,H0,2020-21,incidence_rate,"claims per 1,000 employees",,True,False,Table 1.3
industry,H0,2020-21,median_compensation,AUD,,True,False,Table 1.4
industry,H0,2020-21,median_time_lost,weeks,,True,False,Table 1.5
industry,H0,2021-22,claim_count,claims,,True,False,Table 1.1
industry,H0,2021-22,frequency_rate,claims per million hours worked,,True,False,Table 1.2
industry,H0,2021-22,incidence_rate,"claims per 1,000 employees",,True,False,Table 1.3
industry,H0,2021-22,median_compensation,AUD,,True,False,Table 1.4
industry,H0,2021-22,median_time_lost,weeks,,True,False,Table 1.5
industry,H0,2022-23,claim_count,claims,,True,False,Table 1.1
industry,H0,2022-23,frequency_rate,claims per million hours worked,,True,False,Table 1.2
industry,H0,2022-23,incidence_rate,"claims per 1,000 employees",,True,False,Table 1.3
industry,H0,2022-23,median_compensation,AUD,,True,False,Table 1.4
industry,H0,2022-23,median_time_lost,weeks,,True,False,Table 1.5
industry,H0,2023-24,claim_count,claims,,True,True,Table 1.1
industry,H0,2023-24,frequency_rate,claims per million hours worked,,True,True,Table 1.2
industry,H0,2023-24,incidence_rate,"claims per 1,000 employees",,True,True,Table 1.3
industry,H0,2023-24,median_compensation,AUD,,True,True,Table 1.4
industry,H0,2023-24,median_time_lost,weeks,,True,True,Table 1.5
industry,I,2014-15,claim_count,claims,8844.0,False,False,Table 1.1
industry,I,2014-15,frequency_rate,claims per million hours worked,8.513234227099614,False,False,Table 1.2
industry,I,2014-15,incidence_rate,"claims per 1,000 employees",16.108176492418842,False,False,Table 1.3
industry,I,2014-15,median_compensation,AUD,14466.5,False,False,Table 1.4
industry,I,2014-15,median_time_lost,weeks,6.9855790909090905,False,False,Table 1.5
industry,I,2015-16,claim_count,claims,8205.0,False,False,Table 1.1
industry,I,2015-16,frequency_rate,claims per million hours worked,7.844907478158571,False,False,Table 1.2
industry,I,2015-16,incidence_rate,"claims per 1,000 employees",14.712300474119708,False,False,Table 1.3
industry,I,2015-16,median_compensation,AUD,16959.0,False,False,Table 1.4
industry,I,2015-16,median_time_lost,weeks,7.886185411966914,False,False,Table 1.5
industry,I,2016-17,claim_count,claims,8406.0,False,False,Table 1.1
industry,I,2016-17,frequency_rate,claims per million hours worked,8.179963488198187,False,False,Table 1.2
industry,I,2016-17,incidence_rate,"claims per 1,000 employees",15.242765378657388,False,False,Table 1.3
industry,I,2016-17,median_compensation,AUD,17534.0,False,False,Table 1.4
industry,I,2016-17,median_time_lost,weeks,8.0,False,False,Table 1.5
industry,I,2017-18,claim_count,claims,8705.0,False,False,Table 1.1
industry,I,2017-18,frequency_rate,claims per million hours worked,7.97074041001433,False,False,Table 1.2
industry,I,2017-18,incidence_rate,"claims per 1,000 employees",15.171581185116098,False,False,Table 1.3
industry,I,2017-18,median_compensation,AUD,18798.5,False,False,Table 1.4
industry,I,2017-18,median_time_lost,weeks,8.849928909952606,False,False,Table 1.5
industry,I,2018-19,claim_count,claims,9063.0,False,False,Table 1.1
industry,I,2018-19,frequency_rate,claims per million hours worked,8.455467809610823,False,False,Table 1.2
industry,I,2018-19,incidence_rate,"claims per 1,000 employees",15.570464614822534,False,False,Table 1.3
industry,I,2018-19,median_compensation,AUD,19458.0,False,False,Table 1.4
industry,I,2018-19,median_time_lost,weeks,8.210526315789474,False,False,Table 1.5
industry,I,2019-20,claim_count,claims,9258.0,False,False,Table 1.1
industry,I,2019-20,frequency_rate,claims per million hours worked,9.083662145842824,False,False,Table 1.2
industry,I,2019-20,incidence_rate,"claims per 1,000 employees",16.4635051886547,False,False,Table 1.3
industry,I,2019-20,median_compensation,AUD,21127.0,False,False,Table 1.4
industry,I,2019-20,median_time_lost,weeks,9.263157894736842,False,False,Table 1.5
industry,I,2020-21,claim_count,claims,9246.0,False,False,Table 1.1
industry,I,2020-21,frequency_rate,claims per million hours worked,8.95716186624498,False,False,Table 1.2
industry,I,2020-21,incidence_rate,"claims per 1,000 employees",16.073921248529373,False,False,Table 1.3
industry,I,2020-21,median_compensation,AUD,22234.0,False,False,Table 1.4
industry,I,2020-21,median_time_lost,weeks,10.0,False,False,Table 1.5
industry,I,2021-22,claim_count,claims,9897.0,False,False,Table 1.1
industry,I,2021-22,frequency_rate,claims per million hours worked,9.845150491683501,False,False,Table 1.2
industry,I,2021-22,incidence_rate,"claims per 1,000 employees",17.41989279510155,False,False,Table 1.3
industry,I,2021-22,median_compensation,AUD,19099.5,False,False,Table 1.4
industry,I,2021-22,median_time_lost,weeks,8.789473684210526,False,False,Table 1.5
industry,I,2022-23,claim_count,claims,10663.0,False,False,Table 1.1
industry,I,2022-23,frequency_rate,claims per million hours worked,9.736153660403874,False,False,Table 1.2
industry,I,2022-23,incidence_rate,"claims per 1,000 employees",17.939821842593684,False,False,Table 1.3
industry,I,2022-23,median_compensation,AUD,20658.5,False,False,Table 1.4
industry,I,2022-23,median_time_lost,weeks,8.771707396193772,False,False,Table 1.5
industry,I,2023-24,claim_count,claims,10414.0,False,True,Table 1.1
industry,I,2023-24,frequency_rate,claims per million hours worked,9.020967833318492,False,True,Table 1.2
industry,I,2023-24,incidence_rate,"claims per 1,000 employees",16.2474819720433,False,True,Table 1.3
industry,I,2023-24,median_compensation,AUD,,True,True,Table 1.4
industry,I,2023-24,median_time_lost,weeks,,True,True,Table 1.5
industry,I0,2014-15,claim_count,claims,,True,False,Table 1.1
industry,I0,2014-15,frequency_rate,claims per million hours worked,,True,False,Table 1.2
industry,I0,2014-15,incidence_rate,"claims per 1,000 employees",,True,False,Table 1.3
industry,I0,2014-15,median_compensation,AUD,,True,False,Table 1.4
industry,I0,2014-15,median_time_lost,weeks,,True,False,Table 1.5
industry,I0,2015-16,claim_count,claims,,True,False,Table 1.1
industry,I0,2015-16,frequency_rate,claims per million hours worked,,True,False,Table 1.2
industry,I0,2015-16,incidence_rate,"claims per 1,000 employees",,True,False,Table 1.3
industry,I0,2015-16,median_compensation,AUD,,True,False,Table 1.4
industry,I0,2015-16,median_time_lost,weeks,,True,False,Table 1.5
industry,I0,2016-17,claim_count,claims,,True,False,Table 1.1
industry,I0,2016-17,frequency_rate,claims per million hours worked,,True,False,Table 1.2
industry,I0,2016-17,incidence_rate,"claims per 1,000 employees",,True,False,Table 1.3
industry,I0,2016-17,median_compensation,AUD,,True,False,Table 1.4
industry,I0,2016-17,median_time_lost,weeks,,True,False,Table 1.5
industry,I0,2017-18,claim_count,claims,,True,False,Table 1.1
industry,I0,2017-18,frequency_rate,claims per million hours worked,,True,False,Table 1.2
industry,I0,2017-18,incidence_rate,"claims per 1,000 employees",,True,False,Table 1.3
industry,I0,2017-18,median_compensation,AUD,,True,False,Table 1.4
industry,I0,2017-18,median_time_lost,weeks,,True,False,Table 1.5
industry,I0,2018-19,claim_count,claims,,True,False,Table 1.1
industry,I0,2018-19,frequency_rate,claims per million hours worked,,True,False,Table 1.2
industry,I0,2018-19,incidence_rate,"claims per 1,000 employees",,True,False,Table 1.3
industry,I0,2018-19,median_compensation,AUD,,True,False,Table 1.4
industry,I0,2018-19,median_time_lost,weeks,,True,False,Table 1.5
industry,I0,2019-20,claim_count,claims,,True,False,Table 1.1
industry,I0,2019-20,frequency_rate,claims per million hours worked,,True,False,Table 1.2
industry,I0,2019-20,incidence_rate,"claims per 1,000 employees",,True,False,Table 1.3
industry,I0,2019-20,median_compensation,AUD,,True,False,Table 1.4
industry,I0,2019-20,median_time_lost,weeks,,True,False,Table 1.5
industry,I0,2020-21,claim_count,claims,,True,False,Table 1.1
industry,I0,2020-21,frequency_rate,claims per million hours worked,,True,False,Table 1.2
industry,I0,2020-21,incidence_rate,"claims per 1,000 employees",,True,False,Table 1.3
industry,I0,2020-21,median_compensation,AUD,,True,False,Table 1.4
industry,I0,2020-21,median_time_lost,weeks,,True,False,Table 1.5
industry,I0,2021-22,claim_count,claims,,True,False,Table 1.1
industry,I0,2021-22,frequency_rate,claims per million hours worked,,True,False,Table 1.2
industry,I0,2021-22,incidence_rate,"claims per 1,000 employees",,True,False,Table 1.3
industry,I0,2021-22,median_compensation,AUD,,True,False,Table 1.4
industry,I0,2021-22,median_time_lost,weeks,,True,False,Table 1.5
industry,I0,2022-23,claim_count,claims,,True,False,Table 1.1
industry,I0,2022-23,frequency_rate,claims per million hours worked,,True,False,Table 1.2
industry,I0,2022-23,incidence_rate,"claims per 1,000 employees",,True,False,Table 1.3
industry,I0,2022-23,median_compensation,AUD,,True,False,Table 1.4
industry,I0,2022-23,median_time_lost,weeks,,True,False,Table 1.5
industry,I0,2023-24,claim_count,claims,,True,True,Table 1.1
industry,I0,2023-24,frequency_rate,claims per million hours worked,,True,True,Table 1.2
industry,I0,2023-24,incidence_rate,"claims per 1,000 employees",,True,True,Table 1.3
industry,I0,2023-24,median_compensation,AUD,,True,True,Table 1.4
industry,I0,2023-24,median_time_lost,weeks,,True,True,Table 1.5
industry,J,2014-15,claim_count,claims,594.0,False,False,Table 1.1
industry,J,2014-15,frequency_rate,claims per million hours worked,1.5750424678387835,False,False,Table 1.2
industry,J,2014-15,incidence_rate,"claims per 1,000 employees",2.8279067385575516,False,False,Table 1.3
industry,J,2014-15,median_compensation,AUD,13721.0,False,False,Table 1.4
industry,J,2014-15,median_time_lost,weeks,5.0647874999999996,False,False,Table 1.5
industry,J,2015-16,claim_count,claims,537.0,False,False,Table 1.1
industry,J,2015-16,frequency_rate,claims per million hours worked,1.4693968264085604,False,False,Table 1.2
industry,J,2015-16,incidence_rate,"claims per 1,000 employees",2.5793840872035525,False,False,Table 1.3
industry,J,2015-16,median_compensation,AUD,17666.0,False,False,Table 1.4
industry,J,2015-16,median_time_lost,weeks,6.2,False,False,Table 1.5
industry,J,2016-17,claim_count,claims,545.0,False,False,Table 1.1
industry,J,2016-17,frequency_rate,claims per million hours worked,1.4959638393761459,False,False,Table 1.2
industry,J,2016-17,incidence_rate,"claims per 1,000 employees",2.5508751423287124,False,False,Table 1.3
industry,J,2016-17,median_compensation,AUD,15536.0,False,False,Table 1.4
industry,J,2016-17,median_time_lost,weeks,6.0,False,False,Table 1.5
industry,J,2017-18,claim_count,claims,485.0,False,False,Table 1.1
industry,J,2017-18,frequency_rate,claims per million hours worked,1.3006664125391283,False,False,Table 1.2
industry,J,2017-18,incidence_rate,"claims per 1,000 employees",2.2940344746073897,False,False,Table 1.3
industry,J,2017-18,median_compensation,AUD,21388.0,False,False,Table 1.4
industry,J,2017-18,median_time_lost,weeks,8.2,False,False,Table 1.5
industry,J,2018-19,claim_count,claims,484.0,False,False,Table 1.1
industry,J,2018-19,frequency_rate,claims per million hours worked,1.3282867008930261,False,False,Table 1.2
industry,J,2018-19,incidence_rate,"claims per 1,000 employees",2.3080988959773197,False,False,Table 1.3
industry,J,2018-19,median_compensation,AUD,18200.0,False,False,Table 1.4
industry,J,2018-19,median_time_lost,weeks,6.989684353573414,False,False,Table 1.5
industry,J,2019-20,claim_count,claims,491.0,False,False,Table 1.1
industry,J,2019-20,frequency_rate,claims per million hours worked,1.4724968398916964,False,False,Table 1.2
industry,J,2019-20,incidence_rate,"claims per 1,000 employees",2.4818970195397316,False,False,Table 1.3
industry,J,2019-20,median_compensation,AUD,21029.0,False,False,Table 1.4
industry,J,2019-20,median_time_lost,weeks,7.394736842105263,False,False,Table 1.5
industry,J,2020-21,claim_count,claims,579.0,False,False,Table 1.1
industry,J,2020-21,frequency_rate,claims per million hours worked,1.8022153169639998,False,False,Table 1.2
industry,J,2020-21,incidence_rate,"claims per 1,000 employees",3.1553196951931035,False,False,Table 1.3
industry,J,2020-21,median_compensation,AUD,18138.0,False,False,Table 1.4
industry,J,2020-21,median_time_lost,weeks,6.6,False,False,Table 1.5
industry,J,2021-22,claim_count,claims,638.0,False,False,Table 1.1
industry,J,2021-22,frequency_rate,claims per million hours worked,2.0401358136143446,False,False,Table 1.2
industry,J,2021-22,incidence_rate,"claims per 1,000 employees",3.4756998314347602,False,False,Table 1.3
industry,J,2021-22,median_compensation,AUD,13497.0,False,False,Table 1.4
industry,J,2021-22,median_time_lost,weeks,4.721349853310359,False,False,Table 1.5
industry,J,2022-23,claim_count,claims,623.0,False,False,Table 1.1
industry,J,2022-23,frequency_rate,claims per million hours worked,2.037739911052313,False,False,Table 1.2
industry,J,2022-23,incidence_rate,"claims per 1,000 employees",3.428907805140551,False,False,Table 1.3
industry,J,2022-23,median_compensation,AUD,25547.5,False,False,Table 1.4
industry,J,2022-23,median_time_lost,weeks,9.694945848375452,False,False,Table 1.5
industry,J,2023-24,claim_count,claims,553.0,False,True,Table 1.1
industry,J,2023-24,frequency_rate,claims per million hours worked,1.8074983423866318,False,True,Table 1.2
industry,J,2023-24,incidence_rate,"claims per 1,000 employees",3.0791646775304478,False,True,Table 1.3
industry,J,2023-24,median_compensation,AUD,,True,True,Table 1.4
industry,J,2023-24,median_time_lost,weeks,,True,True,Table 1.5
industry,J0,2014-15,claim_count,claims,,True,False,Table 1.1
industry,J0,2014-15,frequency_rate,claims per million hours worked,,True,False,Table 1.2
industry,J0,2014-15,incidence_rate,"claims per 1,000 employees",,True,False,Table 1.3
industry,J0,2014-15,median_compensation,AUD,,True,False,Table 1.4
industry,J0,2014-15,median_time_lost,weeks,,True,False,Table 1.5
industry,J0,2015-16,claim_count,claims,,True,False,Table 1.1
industry,J0,2015-16,frequency_rate,claims per million hours worked,,True,False,Table 1.2
industry,J0,2015-16,incidence_rate,"claims per 1,000 employees",,True,False,Table 1.3
industry,J0,2015-16,median_compensation,AUD,,True,False,Table 1.4
industry,J0,2015-16,median_time_lost,weeks,,True,False,Table 1.5
industry,J0,2016-17,claim_count,claims,,True,False,Table 1.1
industry,J0,2016-17,frequency_rate,claims per million hours worked,,True,False,Table 1.2
industry,J0,2016-17,incidence_rate,"claims per 1,000 employees",,True,False,Table 1.3
industry,J0,2016-17,median_compensation,AUD,,True,False,Table 1.4
industry,J0,2016-17,median_time_lost,weeks,,True,False,Table 1.5
industry,J0,2017-18,claim_count,claims,,True,False,Table 1.1
industry,J0,2017-18,frequency_rate,claims per million hours worked,,True,False,Table 1.2
industry,J0,2017-18,incidence_rate,"claims per 1,000 employees",,True,False,Table 1.3
industry,J0,2017-18,median_compensation,AUD,,True,False,Table 1.4
industry,J0,2017-18,median_time_lost,weeks,,True,False,Table 1.5
industry,J0,2018-19,claim_count,claims,,True,False,Table 1.1
industry,J0,2018-19,frequency_rate,claims per million hours worked,,True,False,Table 1.2
industry,J0,2018-19,incidence_rate,"claims per 1,000 employees",,True,False,Table 1.3
industry,J0,2018-19,median_compensation,AUD,,True,False,Table 1.4
industry,J0,2018-19,median_time_lost,weeks,,True,False,Table 1.5
industry,J0,2019-20,claim_count,claims,,True,False,Table 1.1
industry,J0,2019-20,frequency_rate,claims per million hours worked,,True,False,Table 1.2
industry,J0,2019-20,incidence_rate,"claims per 1,000 employees",,True,False,Table 1.3
industry,J0,2019-20,median_compensation,AUD,,True,False,Table 1.4
industry,J0,2019-20,median_time_lost,weeks,,True,False,Table 1.5
industry,J0,2020-21,claim_count,claims,,True,False,Table 1.1
industry,J0,2020-21,frequency_rate,claims per million hours worked,,True,False,Table 1.2
industry,J0,2020-21,incidence_rate,"claims per 1,000 employees",,True,False,Table 1.3
industry,J0,2020-21,median_compensation,AUD,,True,False,Table 1.4
industry,J0,2020-21,median_time_lost,weeks,,True,False,Table 1.5
industry,J0,2021-22,claim_count,claims,,True,False,Table 1.1
industry,J0,2021-22,frequency_rate,claims per million hours worked,,True,False,Table 1.2
industry,J0,2021-22,incidence_rate,"claims per 1,000 employees",,True,False,Table 1.3
industry,J0,2021-22,median_compensation,AUD,,True,False,Table 1.4
industry,J0,2021-22,median_time_lost,weeks,,True,False,Table 1.5
industry,J0,2022-23,claim_count,claims,,True,False,Table 1.1
industry,J0,2022-23,frequency_rate,claims per million hours worked,,True,False,Table 1.2
industry,J0,2022-23,incidence_rate,"claims per 1,000 employees",,True,False,Table 1.3
industry,J0,2022-23,median_compensation,AUD,,True,False,Table 1.4
industry,J0,2022-23,median_time_lost,weeks,,True,False,Table 1.5
industry,J0,2023-24,claim_count,claims,,True,True,Table 1.1
industry,J0,2023-24,frequency_rate,claims per million hours worked,,True,True,Table 1.2
industry,J0,2023-24,incidence_rate,"claims per 1,000 employees",,True,True,Table 1.3
industry,J0,2023-24,median_compensation,AUD,,True,True,Table 1.4
industry,J0,2023-24,median_time_lost,weeks,,True,True,Table 1.5
industry,K,2014-15,claim_count,claims,708.0,False,False,Table 1.1
industry,K,2014-15,frequency_rate,claims per million hours worked,0.9575734803805176,False,False,Table 1.2
industry,K,2014-15,incidence_rate,"claims per 1,000 employees",1.7552010185037097,False,False,Table 1.3
industry,K,2014-15,median_compensation,AUD,18416.0,False,False,Table 1.4
industry,K,2014-15,median_time_lost,weeks,7.4,False,False,Table 1.5
industry,K,2015-16,claim_count,claims,613.0,False,False,Table 1.1
industry,K,2015-16,frequency_rate,claims per million hours worked,0.7904198960848722,False,False,Table 1.2
industry,K,2015-16,incidence_rate,"claims per 1,000 employees",1.4116887445724784,False,False,Table 1.3
industry,K,2015-16,median_compensation,AUD,20940.0,False,False,Table 1.4
industry,K,2015-16,median_time_lost,weeks,7.789921052631579,False,False,Table 1.5
industry,K,2016-17,claim_count,claims,574.0,False,False,Table 1.1
industry,K,2016-17,frequency_rate,claims per million hours worked,0.7224730102700099,False,False,Table 1.2
industry,K,2016-17,incidence_rate,"claims per 1,000 employees",1.3244057722619713,False,False,Table 1.3
industry,K,2016-17,median_compensation,AUD,27773.0,False,False,Table 1.4
industry,K,2016-17,median_time_lost,weeks,10.397368421052633,False,False,Table 1.5
industry,K,2017-18,claim_count,claims,678.0,False,False,Table 1.1
industry,K,2017-18,frequency_rate,claims per million hours worked,0.8853264262671316,False,False,Table 1.2
industry,K,2017-18,incidence_rate,"claims per 1,000 employees",1.592420077693445,False,False,Table 1.3
industry,K,2017-18,median_compensation,AUD,23003.5,False,False,Table 1.4
industry,K,2017-18,median_time_lost,weeks,9.785593165068805,False,False,Table 1.5
industry,K,2018-19,claim_count,claims,702.0,False,False,Table 1.1
industry,K,2018-19,frequency_rate,claims per million hours worked,0.8943120015040937,False,False,Table 1.2
industry,K,2018-19,incidence_rate,"claims per 1,000 employees",1.5807680798545536,False,False,Table 1.3
industry,K,2018-19,median_compensation,AUD,25744.0,False,False,Table 1.4
industry,K,2018-19,median_time_lost,weeks,10.0,False,False,Table 1.5
industry,K,2019-20,claim_count,claims,725.0,False,False,Table 1.1
industry,K,2019-20,frequency_rate,claims per million hours worked,0.8805822930563759,False,False,Table 1.2
industry,K,2019-20,incidence_rate,"claims per 1,000 employees",1.5915241618699498,False,False,Table 1.3
industry,K,2019-20,median_compensation,AUD,30882.5,False,False,Table 1.4
industry,K,2019-20,median_time_lost,weeks,12.8,False,False,Table 1.5
industry,K,2020-21,claim_count,claims,623.0,False,False,Table 1.1
industry,K,2020-21,frequency_rate,claims per million hours worked,0.7184597155110439,False,False,Table 1.2
industry,K,2020-21,incidence_rate,"claims per 1,000 employees",1.3132454998214302,False,False,Table 1.3
industry,K,2020-21,median_compensation,AUD,32294.5,False,False,Table 1.4
industry,K,2020-21,median_time_lost,weeks,15.0,False,False,Table 1.5
industry,K,2021-22,claim_count,claims,525.0,False,False,Table 1.1
industry,K,2021-22,frequency_rate,claims per million hours worked,0.5945123778770358,False,False,Table 1.2
industry,K,2021-22,incidence_rate,"claims per 1,000 employees",1.0646876228687088,False,False,Table 1.3
industry,K,2021-22,median_compensation,AUD,32981.0,False,False,Table 1.4
industry,K,2021-22,median_time_lost,weeks,15.313251703635329,False,False,Table 1.5
industry,K,2022-23,claim_count,claims,607.0,False,False,Table 1.1
industry,K,2022-23,frequency_rate,claims per million hours worked,0.6621447342807784,False,False,Table 1.2
industry,K,2022-23,incidence_rate,"claims per 1,000 employees",1.1857458418798141,False,False,Table 1.3
industry,K,2022-23,median_compensation,AUD,40919.0,False,False,Table 1.4
industry,K,2022-23,median_time_lost,weeks,16.525,False,False,Table 1.5
industry,K,2023-24,claim_count,claims,748.0,False,True,Table 1.1
industry,K,2023-24,frequency_rate,claims per million hours worked,0.8133287393658004,False,True,Table 1.2
industry,K,2023-24,incidence_rate,"claims per 1,000 employees",1.4721870239135457,False,True,Table 1.3
industry,K,2023-24,median_compensation,AUD,,True,True,Table 1.4
industry,K,2023-24,median_time_lost,weeks,,True,True,Table 1.5
industry,K0,2014-15,claim_count,claims,,True,False,Table 1.1
industry,K0,2014-15,frequency_rate,claims per million hours worked,,True,False,Table 1.2
industry,K0,2014-15,incidence_rate,"claims per 1,000 employees",,True,False,Table 1.3
industry,K0,2014-15,median_compensation,AUD,,True,False,Table 1.4
industry,K0,2014-15,median_time_lost,weeks,,True,False,Table 1.5
industry,K0,2015-16,claim_count,claims,,True,False,Table 1.1
industry,K0,2015-16,frequency_rate,claims per million hours worked,,True,False,Table 1.2
industry,K0,2015-16,incidence_rate,"claims per 1,000 employees",,True,False,Table 1.3
industry,K0,2015-16,median_compensation,AUD,,True,False,Table 1.4
industry,K0,2015-16,median_time_lost,weeks,,True,False,Table 1.5
industry,K0,2016-17,claim_count,claims,,True,False,Table 1.1
industry,K0,2016-17,frequency_rate,claims per million hours worked,,True,False,Table 1.2
industry,K0,2016-17,incidence_rate,"claims per 1,000 employees",,True,False,Table 1.3
industry,K0,2016-17,median_compensation,AUD,,True,False,Table 1.4
industry,K0,2016-17,median_time_lost,weeks,,True,False,Table 1.5
industry,K0,2017-18,claim_count,claims,,True,False,Table 1.1
industry,K0,2017-18,frequency_rate,claims per million hours worked,,True,False,Table 1.2
industry,K0,2017-18,incidence_rate,"claims per 1,000 employees",,True,False,Table 1.3
industry,K0,2017-18,median_compensation,AUD,,True,False,Table 1.4
industry,K0,2017-18,median_time_lost,weeks,,True,False,Table 1.5
industry,K0,2018-19,claim_count,claims,,True,False,Table 1.1
industry,K0,2018-19,frequency_rate,claims per million hours worked,,True,False,Table 1.2
industry,K0,2018-19,incidence_rate,"claims per 1,000 employees",,True,False,Table 1.3
industry,K0,2018-19,median_compensation,AUD,,True,False,Table 1.4
industry,K0,2018-19,median_time_lost,weeks,,True,False,Table 1.5
industry,K0,2019-20,claim_count,claims,,True,False,Table 1.1
industry,K0,2019-20,frequency_rate,claims per million hours worked,,True,False,Table 1.2
industry,K0,2019-20,incidence_rate,"claims per 1,000 employees",,True,False,Table 1.3
industry,K0,2019-20,median_compensation,AUD,,True,False,Table 1.4
industry,K0,2019-20,median_time_lost,weeks,,True,False,Table 1.5
industry,K0,2020-21,claim_count,claims,,True,False,Table 1.1
industry,K0,2020-21,frequency_rate,claims per million hours worked,,True,False,Table 1.2
industry,K0,2020-21,incidence_rate,"claims per 1,000 employees",,True,False,Table 1.3
industry,K0,2020-21,median_compensation,AUD,,True,False,Table 1.4
industry,K0,2020-21,median_time_lost,weeks,,True,False,Table 1.5
industry,K0,2021-22,claim_count,claims,,True,False,Table 1.1
industry,K0,2021-22,frequency_rate,claims per million hours worked,,True,False,Table 1.2
industry,K0,2021-22,incidence_rate,"claims per 1,000 employees",,True,False,Table 1.3
industry,K0,2021-22,median_compensation,AUD,,True,False,Table 1.4
industry,K0,2021-22,median_time_lost,weeks,,True,False,Table 1.5
industry,K0,2022-23,claim_count,claims,,True,False,Table 1.1
industry,K0,2022-23,frequency_rate,claims per million hours worked,,True,False,Table 1.2
industry,K0,2022-23,incidence_rate,"claims per 1,000 employees",,True,False,Table 1.3
industry,K0,2022-23,median_compensation,AUD,,True,False,Table 1.4
industry,K0,2022-23,median_time_lost,weeks,,True,False,Table 1.5
industry,K0,2023-24,claim_count,claims,,True,True,Table 1.1
industry,K0,2023-24,frequency_rate,claims per million hours worked,,True,True,Table 1.2
industry,K0,2023-24,incidence_rate,"claims per 1,000 employees",,True,True,Table 1.3
industry,K0,2023-24,median_compensation,AUD,,True,True,Table 1.4
industry,K0,2023-24,median_time_lost,weeks,,True,True,Table 1.5
industry,L,2014-15,claim_count,claims,1029.0,False,False,Table 1.1
industry,L,2014-15,frequency_rate,claims per million hours worked,2.7924465971506813,False,False,Table 1.2
industry,L,2014-15,incidence_rate,"claims per 1,000 employees",5.1063034356903225,False,False,Table 1.3
industry,L,2014-15,median_compensation,AUD,12314.5,False,False,Table 1.4
industry,L,2014-15,median_time_lost,weeks,5.6,False,False,Table 1.5
industry,L,2015-16,claim_count,claims,953.0,False,False,Table 1.1
industry,L,2015-16,frequency_rate,claims per million hours worked,2.579893457441037,False,False,Table 1.2
industry,L,2015-16,incidence_rate,"claims per 1,000 employees",4.711252071783468,False,False,Table 1.3
industry,L,2015-16,median_compensation,AUD,13297.5,False,False,Table 1.4
industry,L,2015-16,median_time_lost,weeks,7.0,False,False,Table 1.5
industry,L,2016-17,claim_count,claims,968.0,False,False,Table 1.1
industry,L,2016-17,frequency_rate,claims per million hours worked,2.6508480189365797,False,False,Table 1.2
industry,L,2016-17,incidence_rate,"claims per 1,000 employees",4.78761212213208,False,False,Table 1.3
industry,L,2016-17,median_compensation,AUD,17034.0,False,False,Table 1.4
industry,L,2016-17,median_time_lost,weeks,7.288721804511278,False,False,Table 1.5
industry,L,2017-18,claim_count,claims,1039.0,False,False,Table 1.1
industry,L,2017-18,frequency_rate,claims per million hours worked,2.849750752117023,False,False,Table 1.2
industry,L,2017-18,incidence_rate,"claims per 1,000 employees",5.079151415711083,False,False,Table 1.3
industry,L,2017-18,median_compensation,AUD,15562.0,False,False,Table 1.4
industry,L,2017-18,median_time_lost,weeks,7.0,False,False,Table 1.5
industry,L,2018-19,claim_count,claims,1093.0,False,False,Table 1.1
industry,L,2018-19,frequency_rate,claims per million hours worked,2.981888821723494,False,False,Table 1.2
industry,L,2018-19,incidence_rate,"claims per 1,000 employees",5.378749356843685,False,False,Table 1.3
industry,L,2018-19,median_compensation,AUD,17500.0,False,False,Table 1.4
industry,L,2018-19,median_time_lost,weeks,8.0,False,False,Table 1.5
industry,L,2019-20,claim_count,claims,1152.0,False,False,Table 1.1
industry,L,2019-20,frequency_rate,claims per million hours worked,3.2880361712051087,False,False,Table 1.2
industry,L,2019-20,incidence_rate,"claims per 1,000 employees",5.696864218720175,False,False,Table 1.3
industry,L,2019-20,median_compensation,AUD,17009.0,False,False,Table 1.4
industry,L,2019-20,median_time_lost,weeks,8.000059801459155,False,False,Table 1.5
industry,L,2020-21,claim_count,claims,1125.0,False,False,Table 1.1
industry,L,2020-21,frequency_rate,claims per million hours worked,3.2112002864656,False,False,Table 1.2
industry,L,2020-21,incidence_rate,"claims per 1,000 employees",5.78380091710493,False,False,Table 1.3
industry,L,2020-21,median_compensation,AUD,18789.0,False,False,Table 1.4
industry,L,2020-21,median_time_lost,weeks,8.594736842105263,False,False,Table 1.5
industry,L,2021-22,claim_count,claims,1210.0,False,False,Table 1.1
industry,L,2021-22,frequency_rate,claims per million hours worked,3.347683276839996,False,False,Table 1.2
industry,L,2021-22,incidence_rate,"claims per 1,000 employees",5.941081083718945,False,False,Table 1.3
industry,L,2021-22,median_compensation,AUD,16963.5,False,False,Table 1.4
industry,L,2021-22,median_time_lost,weeks,8.0,False,False,Table 1.5
industry,L,2022-23,claim_count,claims,1353.0,False,False,Table 1.1
industry,L,2022-23,frequency_rate,claims per million hours worked,3.7829153706371725,False,False,Table 1.2
industry,L,2022-23,incidence_rate,"claims per 1,000 employees",6.7535328688113765,False,False,Table 1.3
industry,L,2022-23,median_compensation,AUD,21007.5,False,False,Table 1.4
industry,L,2022-23,median_time_lost,weeks,9.200334127181604,False,False,Table 1.5
industry,L,2023-24,claim_count,claims,1400.0,False,True,Table 1.1
industry,L,2023-24,frequency_rate,claims per million hours worked,3.9880141619739167,False,True,Table 1.2
industry,L,2023-24,incidence_rate,"claims per 1,000 employees",7.183053461699127,False,True,Table 1.3
industry,L,2023-24,median_compensation,AUD,,True,True,Table 1.4
industry,L,2023-24,median_time_lost,weeks,,True,True,Table 1.5
industry,L0,2014-15,claim_count,claims,,True,False,Table 1.1
industry,L0,2014-15,frequency_rate,claims per million hours worked,,True,False,Table 1.2
industry,L0,2014-15,incidence_rate,"claims per 1,000 employees",,True,False,Table 1.3
industry,L0,2014-15,median_compensation,AUD,,True,False,Table 1.4
industry,L0,2014-15,median_time_lost,weeks,,True,False,Table 1.5
industry,L0,2015-16,claim_count,claims,,True,False,Table 1.1
industry,L0,2015-16,frequency_rate,claims per million hours worked,,True,False,Table 1.2
industry,L0,2015-16,incidence_rate,"claims per 1,000 employees",,True,False,Table 1.3
industry,L0,2015-16,median_compensation,AUD,,True,False,Table 1.4
industry,L0,2015-16,median_time_lost,weeks,,True,False,Table 1.5
industry,L0,2016-17,claim_count,claims,,True,False,Table 1.1
industry,L0,2016-17,frequency_rate,claims per million hours worked,,True,False,Table 1.2
industry,L0,2016-17,incidence_rate,"claims per 1,000 employees",,True,False,Table 1.3
industry,L0,2016-17,median_compensation,AUD,,True,False,Table 1.4
industry,L0,2016-17,median_time_lost,weeks,,True,False,Table 1.5
industry,L0,2017-18,claim_count,claims,,True,False,Table 1.1
industry,L0,2017-18,frequency_rate,claims per million hours worked,,True,False,Table 1.2
industry,L0,2017-18,incidence_rate,"claims per 1,000 employees",,True,False,Table 1.3
industry,L0,2017-18,median_compensation,AUD,,True,False,Table 1.4
industry,L0,2017-18,median_time_lost,weeks,,True,False,Table 1.5
industry,L0,2018-19,claim_count,claims,,True,False,Table 1.1
industry,L0,2018-19,frequency_rate,claims per million hours worked,,True,False,Table 1.2
industry,L0,2018-19,incidence_rate,"claims per 1,000 employees",,True,False,Table 1.3
industry,L0,2018-19,median_compensation,AUD,,True,False,Table 1.4
industry,L0,2018-19,median_time_lost,weeks,,True,False,Table 1.5
industry,L0,2019-20,claim_count,claims,,True,False,Table 1.1
industry,L0,2019-20,frequency_rate,claims per million hours worked,,True,False,Table 1.2
industry,L0,2019-20,incidence_rate,"claims per 1,000 employees",,True,False,Table 1.3
industry,L0,2019-20,median_compensation,AUD,,True,False,Table 1.4
industry,L0,2019-20,median_time_lost,weeks,,True,False,Table 1.5
industry,L0,2020-21,claim_count,claims,,True,False,Table 1.1
industry,L0,2020-21,frequency_rate,claims per million hours worked,,True,False,Table 1.2
industry,L0,2020-21,incidence_rate,"claims per 1,000 employees",,True,False,Table 1.3
industry,L0,2020-21,median_compensation,AUD,,True,False,Table 1.4
industry,L0,2020-21,median_time_lost,weeks,,True,False,Table 1.5
industry,L0,2021-22,claim_count,claims,,True,False,Table 1.1
industry,L0,2021-22,frequency_rate,claims per million hours worked,,True,False,Table 1.2
industry,L0,2021-22,incidence_rate,"claims per 1,000 employees",,True,False,Table 1.3
industry,L0,2021-22,median_compensation,AUD,,True,False,Table 1.4
industry,L0,2021-22,median_time_lost,weeks,,True,False,Table 1.5
industry,L0,2022-23,claim_count,claims,,True,False,Table 1.1
industry,L0,2022-23,frequency_rate,claims per million hours worked,,True,False,Table 1.2
industry,L0,2022-23,incidence_rate,"claims per 1,000 employees",,True,False,Table 1.3
industry,L0,2022-23,median_compensation,AUD,,True,False,Table 1.4
industry,L0,2022-23,median_time_lost,weeks,,True,False,Table 1.5
industry,L0,2023-24,claim_count,claims,,True,True,Table 1.1
industry,L0,2023-24,frequency_rate,claims per million hours worked,,True,True,Table 1.2
industry,L0,2023-24,incidence_rate,"claims per 1,000 employees",,True,True,Table 1.3
industry,L0,2023-24,median_compensation,AUD,,True,True,Table 1.4
industry,L0,2023-24,median_time_lost,weeks,,True,True,Table 1.5
industry,M,2014-15,claim_count,claims,1769.0,False,False,Table 1.1
industry,M,2014-15,frequency_rate,claims per million hours worked,1.104738292718879,False,False,Table 1.2
industry,M,2014-15,incidence_rate,"claims per 1,000 employees",2.0071794718752782,False,False,Table 1.3
industry,M,2014-15,median_compensation,AUD,14949.5,False,False,Table 1.4
industry,M,2014-15,median_time_lost,weeks,6.394736842105263,False,False,Table 1.5
industry,M,2015-16,claim_count,claims,1654.0,False,False,Table 1.1
industry,M,2015-16,frequency_rate,claims per million hours worked,1.0040561788182185,False,False,Table 1.2
industry,M,2015-16,incidence_rate,"claims per 1,000 employees",1.8486514352325902,False,False,Table 1.3
industry,M,2015-16,median_compensation,AUD,16734.0,False,False,Table 1.4
industry,M,2015-16,median_time_lost,weeks,6.3999999999999995,False,False,Table 1.5
industry,M,2016-17,claim_count,claims,1735.0,False,False,Table 1.1
industry,M,2016-17,frequency_rate,claims per million hours worked,1.0386046421994175,False,False,Table 1.2
industry,M,2016-17,incidence_rate,"claims per 1,000 employees",1.8791608258872796,False,False,Table 1.3
industry,M,2016-17,median_compensation,AUD,19191.5,False,False,Table 1.4
industry,M,2016-17,median_time_lost,weeks,7.4,False,False,Table 1.5
industry,M,2017-18,claim_count,claims,1917.0,False,False,Table 1.1
industry,M,2017-18,frequency_rate,claims per million hours worked,1.1341763075108473,False,False,Table 1.2
industry,M,2017-18,incidence_rate,"claims per 1,000 employees",2.054971330695135,False,False,Table 1.3
industry,M,2017-18,median_compensation,AUD,19896.0,False,False,Table 1.4
industry,M,2017-18,median_time_lost,weeks,7.8,False,False,Table 1.5
industry,M,2018-19,claim_count,claims,2174.0,False,False,Table 1.1
industry,M,2018-19,frequency_rate,claims per million hours worked,1.2019209305076326,False,False,Table 1.2
industry,M,2018-19,incidence_rate,"claims per 1,000 employees",2.157217148483528,False,False,Table 1.3
industry,M,2018-19,median_compensation,AUD,19665.0,False,False,Table 1.4
industry,M,2018-19,median_time_lost,weeks,7.192105263157895,False,False,Table 1.5
industry,M,2019-20,claim_count,claims,2280.0,False,False,Table 1.1
industry,M,2019-20,frequency_rate,claims per million hours worked,1.2367573728484782,False,False,Table 1.2
industry,M,2019-20,incidence_rate,"claims per 1,000 employees",2.2130044589105333,False,False,Table 1.3
industry,M,2019-20,median_compensation,AUD,19081.0,False,False,Table 1.4
industry,M,2019-20,median_time_lost,weeks,8.0,False,False,Table 1.5
industry,M,2020-21,claim_count,claims,2297.0,False,False,Table 1.1
industry,M,2020-21,frequency_rate,claims per million hours worked,1.1855340836983663,False,False,Table 1.2
industry,M,2020-21,incidence_rate,"claims per 1,000 employees",2.125656422584195,False,False,Table 1.3
industry,M,2020-21,median_compensation,AUD,19142.0,False,False,Table 1.4
industry,M,2020-21,median_time_lost,weeks,7.7894736842105265,False,False,Table 1.5
industry,M,2021-22,claim_count,claims,2051.0,False,False,Table 1.1
industry,M,2021-22,frequency_rate,claims per million hours worked,1.0978169275527134,False,False,Table 1.2
industry,M,2021-22,incidence_rate,"claims per 1,000 employees",1.9580899209601974,False,False,Table 1.3
industry,M,2021-22,median_compensation,AUD,18092.0,False,False,Table 1.4
industry,M,2021-22,median_time_lost,weeks,7.589041095890411,False,False,Table 1.5
industry,M,2022-23,claim_count,claims,2451.0,False,False,Table 1.1
industry,M,2022-23,frequency_rate,claims per million hours worked,1.1939979647203924,False,False,Table 1.2
industry,M,2022-23,incidence_rate,"claims per 1,000 employees",2.1310172635351226,False,False,Table 1.3
industry,M,2022-23,median_compensation,AUD,23382.0,False,False,Table 1.4
industry,M,2022-23,median_time_lost,weeks,8.600425,False,False,Table 1.5
industry,M,2023-24,claim_count,claims,2555.0,False,True,Table 1.1
industry,M,2023-24,frequency_rate,claims per million hours worked,1.2223173644461245,False,True,Table 1.2
industry,M,2023-24,incidence_rate,"claims per 1,000 employees",2.1736353153697068,False,True,Table 1.3
industry,M,2023-24,median_compensation,AUD,,True,True,Table 1.4
industry,M,2023-24,median_time_lost,weeks,,True,True,Table 1.5
industry,M0,2014-15,claim_count,claims,,True,False,Table 1.1
industry,M0,2014-15,frequency_rate,claims per million hours worked,,True,False,Table 1.2
industry,M0,2014-15,incidence_rate,"claims per 1,000 employees",,True,False,Table 1.3
industry,M0,2014-15,median_compensation,AUD,,True,False,Table 1.4
industry,M0,2014-15,median_time_lost,weeks,,True,False,Table 1.5
industry,M0,2015-16,claim_count,claims,,True,False,Table 1.1
industry,M0,2015-16,frequency_rate,claims per million hours worked,,True,False,Table 1.2
industry,M0,2015-16,incidence_rate,"claims per 1,000 employees",,True,False,Table 1.3
industry,M0,2015-16,median_compensation,AUD,,True,False,Table 1.4
industry,M0,2015-16,median_time_lost,weeks,,True,False,Table 1.5
industry,M0,2016-17,claim_count,claims,,True,False,Table 1.1
industry,M0,2016-17,frequency_rate,claims per million hours worked,,True,False,Table 1.2
industry,M0,2016-17,incidence_rate,"claims per 1,000 employees",,True,False,Table 1.3
industry,M0,2016-17,median_compensation,AUD,,True,False,Table 1.4
industry,M0,2016-17,median_time_lost,weeks,,True,False,Table 1.5
industry,M0,2017-18,claim_count,claims,,True,False,Table 1.1
industry,M0,2017-18,frequency_rate,claims per million hours worked,,True,False,Table 1.2
industry,M0,2017-18,incidence_rate,"claims per 1,000 employees",,True,False,Table 1.3
industry,M0,2017-18,median_compensation,AUD,,True,False,Table 1.4
industry,M0,2017-18,median_time_lost,weeks,,True,False,Table 1.5
industry,M0,2018-19,claim_count,claims,,True,False,Table 1.1
industry,M0,2018-19,frequency_rate,claims per million hours worked,,True,False,Table 1.2
industry,M0,2018-19,incidence_rate,"claims per 1,000 employees",,True,False,Table 1.3
industry,M0,2018-19,median_compensation,AUD,,True,False,Table 1.4
industry,M0,2018-19,median_time_lost,weeks,,True,False,Table 1.5
industry,M0,2019-20,claim_count,claims,,True,False,Table 1.1
industry,M0,2019-20,frequency_rate,claims per million hours worked,,True,False,Table 1.2
industry,M0,2019-20,incidence_rate,"claims per 1,000 employees",,True,False,Table 1.3
industry,M0,2019-20,median_compensation,AUD,,True,False,Table 1.4
industry,M0,2019-20,median_time_lost,weeks,,True,False,Table 1.5
industry,M0,2020-21,claim_count,claims,,True,False,Table 1.1
industry,M0,2020-21,frequency_rate,claims per million hours worked,,True,False,Table 1.2
industry,M0,2020-21,incidence_rate,"claims per 1,000 employees",,True,False,Table 1.3
industry,M0,2020-21,median_compensation,AUD,,True,False,Table 1.4
industry,M0,2020-21,median_time_lost,weeks,,True,False,Table 1.5
industry,M0,2021-22,claim_count,claims,,True,False,Table 1.1
industry,M0,2021-22,frequency_rate,claims per million hours worked,,True,False,Table 1.2
industry,M0,2021-22,incidence_rate,"claims per 1,000 employees",,True,False,Table 1.3
industry,M0,2021-22,median_compensation,AUD,,True,False,Table 1.4
industry,M0,2021-22,median_time_lost,weeks,,True,False,Table 1.5
industry,M0,2022-23,claim_count,claims,,True,False,Table 1.1
industry,M0,2022-23,frequency_rate,claims per million hours worked,,True,False,Table 1.2
industry,M0,2022-23,incidence_rate,"claims per 1,000 employees",,True,False,Table 1.3
industry,M0,2022-23,median_compensation,AUD,,True,False,Table 1.4
industry,M0,2022-23,median_time_lost,weeks,,True,False,Table 1.5
industry,M0,2023-24,claim_count,claims,,True,True,Table 1.1
industry,M0,2023-24,frequency_rate,claims per million hours worked,,True,True,Table 1.2
industry,M0,2023-24,incidence_rate,"claims per 1,000 employees",,True,True,Table 1.3
industry,M0,2023-24,median_compensation,AUD,,True,True,Table 1.4
industry,M0,2023-24,median_time_lost,weeks,,True,True,Table 1.5
industry,N,2014-15,claim_count,claims,3840.0,False,False,Table 1.1
industry,N,2014-15,frequency_rate,claims per million hours worked,5.5825861346365,False,False,Table 1.2
industry,N,2014-15,incidence_rate,"claims per 1,000 employees",9.060214164063314,False,False,Table 1.3
industry,N,2014-15,median_compensation,AUD,9024.5,False,False,Table 1.4
industry,N,2014-15,median_time_lost,weeks,5.6,False,False,Table 1.5
industry,N,2015-16,claim_count,claims,4135.0,False,False,Table 1.1
industry,N,2015-16,frequency_rate,claims per million hours worked,5.679903822961102,False,False,Table 1.2
industry,N,2015-16,incidence_rate,"claims per 1,000 employees",8.995000457508649,False,False,Table 1.3
industry,N,2015-16,median_compensation,AUD,10868.0,False,False,Table 1.4
industry,N,2015-16,median_time_lost,weeks,6.3999999999999995,False,False,Table 1.5
industry,N,2016-17,claim_count,claims,4568.0,False,False,Table 1.1
industry,N,2016-17,frequency_rate,claims per million hours worked,6.14171936584566,False,False,Table 1.2
industry,N,2016-17,incidence_rate,"claims per 1,000 employees",9.703177039210287,False,False,Table 1.3
industry,N,2016-17,median_compensation,AUD,10966.0,False,False,Table 1.4
industry,N,2016-17,median_time_lost,weeks,6.599945355191257,False,False,Table 1.5
industry,N,2017-18,claim_count,claims,4853.0,False,False,Table 1.1
industry,N,2017-18,frequency_rate,claims per million hours worked,6.74843540510507,False,False,Table 1.2
industry,N,2017-18,incidence_rate,"claims per 1,000 employees",10.762840922158473,False,False,Table 1.3
industry,N,2017-18,median_compensation,AUD,11556.0,False,False,Table 1.4
industry,N,2017-18,median_time_lost,weeks,7.3582463782798095,False,False,Table 1.5
industry,N,2018-19,claim_count,claims,5194.0,False,False,Table 1.1
industry,N,2018-19,frequency_rate,claims per million hours worked,6.887904726937356,False,False,Table 1.2
industry,N,2018-19,incidence_rate,"claims per 1,000 employees",10.930889968689259,False,False,Table 1.3
industry,N,2018-19,median_compensation,AUD,11569.0,False,False,Table 1.4
industry,N,2018-19,median_time_lost,weeks,7.0,False,False,Table 1.5
industry,N,2019-20,claim_count,claims,4957.0,False,False,Table 1.1
industry,N,2019-20,frequency_rate,claims per million hours worked,6.558582960365341,False,False,Table 1.2
industry,N,2019-20,incidence_rate,"claims per 1,000 employees",10.140609007030166,False,False,Table 1.3
industry,N,2019-20,median_compensation,AUD,12419.5,False,False,Table 1.4
industry,N,2019-20,median_time_lost,weeks,7.3999999999999995,False,False,Table 1.5
industry,N,2020-21,claim_count,claims,5212.0,False,False,Table 1.1
industry,N,2020-21,frequency_rate,claims per million hours worked,7.411509422308979,False,False,Table 1.2
industry,N,2020-21,incidence_rate,"claims per 1,000 employees",11.352788752364683,False,False,Table 1.3
industry,N,2020-21,median_compensation,AUD,11996.0,False,False,Table 1.4
industry,N,2020-21,median_time_lost,weeks,7.597144736842106,False,False,Table 1.5
industry,N,2021-22,claim_count,claims,4993.0,False,False,Table 1.1
industry,N,2021-22,frequency_rate,claims per million hours worked,4.113034888931766,False,False,Table 1.2
industry,N,2021-22,incidence_rate,"claims per 1,000 employees",6.873610071629478,False,False,Table 1.3
industry,N,2021-22,median_compensation,AUD,12440.5,False,False,Table 1.4
industry,N,2021-22,median_time_lost,weeks,7.674193548387097,False,False,Table 1.5
industry,N,2022-23,claim_count,claims,5505.0,False,False,Table 1.1
industry,N,2022-23,frequency_rate,claims per million hours worked,4.827402179335607,False,False,Table 1.2
industry,N,2022-23,incidence_rate,"claims per 1,000 employees",8.19816707865915,False,False,Table 1.3
industry,N,2022-23,median_compensation,AUD,13598.0,False,False,Table 1.4
industry,N,2022-23,median_time_lost,weeks,7.8,False,False,Table 1.5
industry,N,2023-24,claim_count,claims,5945.0,False,True,Table 1.1
industry,N,2023-24,frequency_rate,claims per million hours worked,5.000738133199763,False,True,Table 1.2
industry,N,2023-24,incidence_rate,"claims per 1,000 employees",8.412103139749496,False,True,Table 1.3
industry,N,2023-24,median_compensation,AUD,,True,True,Table 1.4
industry,N,2023-24,median_time_lost,weeks,,True,True,Table 1.5
industry,N0,2014-15,claim_count,claims,,True,False,Table 1.1
industry,N0,2014-15,frequency_rate,claims per million hours worked,,True,False,Table 1.2
industry,N0,2014-15,incidence_rate,"claims per 1,000 employees",,True,False,Table 1.3
industry,N0,2014-15,median_compensation,AUD,,True,False,Table 1.4
industry,N0,2014-15,median_time_lost,weeks,,True,False,Table 1.5
industry,N0,2015-16,claim_count,claims,,True,False,Table 1.1
industry,N0,2015-16,frequency_rate,claims per million hours worked,,True,False,Table 1.2
industry,N0,2015-16,incidence_rate,"claims per 1,000 employees",,True,False,Table 1.3
industry,N0,2015-16,median_compensation,AUD,,True,False,Table 1.4
industry,N0,2015-16,median_time_lost,weeks,,True,False,Table 1.5
industry,N0,2016-17,claim_count,claims,,True,False,Table 1.1
industry,N0,2016-17,frequency_rate,claims per million hours worked,,True,False,Table 1.2
industry,N0,2016-17,incidence_rate,"claims per 1,000 employees",,True,False,Table 1.3
industry,N0,2016-17,median_compensation,AUD,,True,False,Table 1.4
industry,N0,2016-17,median_time_lost,weeks,,True,False,Table 1.5
industry,N0,2017-18,claim_count,claims,,True,False,Table 1.1
industry,N0,2017-18,frequency_rate,claims per million hours worked,,True,False,Table 1.2
industry,N0,2017-18,incidence_rate,"claims per 1,000 employees",,True,False,Table 1.3
industry,N0,2017-18,median_compensation,AUD,,True,False,Table 1.4
industry,N0,2017-18,median_time_lost,weeks,,True,False,Table 1.5
industry,N0,2018-19,claim_count,claims,,True,False,Table 1.1
industry,N0,2018-19,frequency_rate,claims per million hours worked,,True,False,Table 1.2
industry,N0,2018-19,incidence_rate,"claims per 1,000 employees",,True,False,Table 1.3
industry,N0,2018-19,median_compensation,AUD,,True,False,Table 1.4
industry,N0,2018-19,median_time_lost,weeks,,True,False,Table 1.5
industry,N0,2019-20,claim_count,claims,,True,False,Table 1.1
industry,N0,2019-20,frequency_rate,claims per million hours worked,,True,False,Table 1.2
industry,N0,2019-20,incidence_rate,"claims per 1,000 employees",,True,False,Table 1.3
industry,N0,2019-20,median_compensation,AUD,,True,False,Table 1.4
industry,N0,2019-20,median_time_lost,weeks,,True,False,Table 1.5
industry,N0,2020-21,claim_count,claims,,True,False,Table 1.1
industry,N0,2020-21,frequency_rate,claims per million hours worked,,True,False,Table 1.2
industry,N0,2020-21,incidence_rate,"claims per 1,000 employees",,True,False,Table 1.3
industry,N0,2020-21,median_compensation,AUD,,True,False,Table 1.4
industry,N0,2020-21,median_time_lost,weeks,,True,False,Table 1.5
industry,N0,2021-22,claim_count,claims,,True,False,Table 1.1
industry,N0,2021-22,frequency_rate,claims per million hours worked,,True,False,Table 1.2
industry,N0,2021-22,incidence_rate,"claims per 1,000 employees",,True,False,Table 1.3
industry,N0,2021-22,median_compensation,AUD,,True,False,Table 1.4
industry,N0,2021-22,median_time_lost,weeks,,True,False,Table 1.5
industry,N0,2022-23,claim_count,claims,,True,False,Table 1.1
industry,N0,2022-23,frequency_rate,claims per million hours worked,,True,False,Table 1.2
industry,N0,2022-23,incidence_rate,"claims per 1,000 employees",,True,False,Table 1.3
industry,N0,2022-23,median_compensation,AUD,,True,False,Table 1.4
industry,N0,2022-23,median_time_lost,weeks,,True,False,Table 1.5
industry,N0,2023-24,claim_count,claims,,True,True,Table 1.1
industry,N0,2023-24,frequency_rate,claims per million hours worked,,True,True,Table 1.2
industry,N0,2023-24,incidence_rate,"claims per 1,000 employees",,True,True,Table 1.3
industry,N0,2023-24,median_compensation,AUD,,True,True,Table 1.4
industry,N0,2023-24,median_time_lost,weeks,,True,True,Table 1.5
industry,O,2014-15,claim_count,claims,8566.0,False,False,Table 1.1
industry,O,2014-15,frequency_rate,claims per million hours worked,6.894046065266814,False,False,Table 1.2
industry,O,2014-15,incidence_rate,"claims per 1,000 employees",11.528232291513394,False,False,Table 1.3
industry,O,2014-15,median_compensation,AUD,14145.0,False,False,Table 1.4
industry,O,2014-15,median_time_lost,weeks,6.602631578947369,False,False,Table 1.5
industry,O,2015-16,claim_count,claims,8018.0,False,False,Table 1.1
industry,O,2015-16,frequency_rate,claims per million hours worked,6.357728807894641,False,False,Table 1.2
industry,O,2015-16,incidence_rate,"claims per 1,000 employees",10.610203291598681,False,False,Table 1.3
industry,O,2015-16,median_compensation,AUD,15922.0,False,False,Table 1.4
industry,O,2015-16,median_time_lost,weeks,6.690258503401361,False,False,Table 1.5
industry,O,2016-17,claim_count,claims,8024.0,False,False,Table 1.1
industry,O,2016-17,frequency_rate,claims per million hours worked,6.167727619070394,False,False,Table 1.2
industry,O,2016-17,incidence_rate,"claims per 1,000 employees",10.114760293587707,False,False,Table 1.3
industry,O,2016-17,median_compensation,AUD,18771.5,False,False,Table 1.4
industry,O,2016-17,median_time_lost,weeks,7.157518796992481,False,False,Table 1.5
industry,O,2017-18,claim_count,claims,8210.0,False,False,Table 1.1
industry,O,2017-18,frequency_rate,claims per million hours worked,6.512499398263116,False,False,Table 1.2
industry,O,2017-18,incidence_rate,"claims per 1,000 employees",10.931409566541396,False,False,Table 1.3
industry,O,2017-18,median_compensation,AUD,20008.0,False,False,Table 1.4
industry,O,2017-18,median_time_lost,weeks,7.606979405034325,False,False,Table 1.5
industry,O,2018-19,claim_count,claims,9408.0,False,False,Table 1.1
industry,O,2018-19,frequency_rate,claims per million hours worked,6.5726732840785695,False,False,Table 1.2
industry,O,2018-19,incidence_rate,"claims per 1,000 employees",10.966201418417748,False,False,Table 1.3
industry,O,2018-19,median_compensation,AUD,23107.5,False,False,Table 1.4
industry,O,2018-19,median_time_lost,weeks,8.394736842105264,False,False,Table 1.5
industry,O,2019-20,claim_count,claims,10025.0,False,False,Table 1.1
industry,O,2019-20,frequency_rate,claims per million hours worked,7.198557188296049,False,False,Table 1.2
industry,O,2019-20,incidence_rate,"claims per 1,000 employees",11.952313843594823,False,False,Table 1.3
industry,O,2019-20,median_compensation,AUD,23787.0,False,False,Table 1.4
industry,O,2019-20,median_time_lost,weeks,8.799999999999999,False,False,Table 1.5
industry,O,2020-21,claim_count,claims,11096.0,False,False,Table 1.1
industry,O,2020-21,frequency_rate,claims per million hours worked,7.535252437255924,False,False,Table 1.2
industry,O,2020-21,incidence_rate,"claims per 1,000 employees",12.632516820409673,False,False,Table 1.3
industry,O,2020-21,median_compensation,AUD,26665.0,False,False,Table 1.4
industry,O,2020-21,median_time_lost,weeks,10.5,False,False,Table 1.5
industry,O,2021-22,claim_count,claims,13946.0,False,False,Table 1.1
industry,O,2021-22,frequency_rate,claims per million hours worked,10.353919027337993,False,False,Table 1.2
industry,O,2021-22,incidence_rate,"claims per 1,000 employees",17.43815695198146,False,False,Table 1.3
industry,O,2021-22,median_compensation,AUD,19094.0,False,False,Table 1.4
industry,O,2021-22,median_time_lost,weeks,7.11437969924812,False,False,Table 1.5
industry,O,2022-23,claim_count,claims,14728.0,False,False,Table 1.1
industry,O,2022-23,frequency_rate,claims per million hours worked,10.742282266059194,False,False,Table 1.2
industry,O,2022-23,incidence_rate,"claims per 1,000 employees",18.23409274813287,False,False,Table 1.3
industry,O,2022-23,median_compensation,AUD,20431.0,False,False,Table 1.4
industry,O,2022-23,median_time_lost,weeks,7.394736842105263,False,False,Table 1.5
industry,O,2023-24,claim_count,claims,13556.0,False,True,Table 1.1
industry,O,2023-24,frequency_rate,claims per million hours worked,9.649703107020947,False,True,Table 1.2
industry,O,2023-24,incidence_rate,"claims per 1,000 employees",16.26797029913583,False,True,Table 1.3
industry,O,2023-24,median_compensation,AUD,,True,True,Table 1.4
industry,O,2023-24,median_time_lost,weeks,,True,True,Table 1.5
industry,O0,2014-15,claim_count,claims,,True,False,Table 1.1
industry,O0,2014-15,frequency_rate,claims per million hours worked,,True,False,Table 1.2
industry,O0,2014-15,incidence_rate,"claims per 1,000 employees",,True,False,Table 1.3
industry,O0,2014-15,median_compensation,AUD,,True,False,Table 1.4
industry,O0,2014-15,median_time_lost,weeks,,True,False,Table 1.5
industry,O0,2015-16,claim_count,claims,,True,False,Table 1.1
industry,O0,2015-16,frequency_rate,claims per million hours worked,,True,False,Table 1.2
industry,O0,2015-16,incidence_rate,"claims per 1,000 employees",,True,False,Table 1.3
industry,O0,2015-16,median_compensation,AUD,,True,False,Table 1.4
industry,O0,2015-16,median_time_lost,weeks,,True,False,Table 1.5
industry,O0,2016-17,claim_count,claims,,True,False,Table 1.1
industry,O0,2016-17,frequency_rate,claims per million hours worked,,True,False,Table 1.2
industry,O0,2016-17,incidence_rate,"claims per 1,000 employees",,True,False,Table 1.3
industry,O0,2016-17,median_compensation,AUD,,True,False,Table 1.4
industry,O0,2016-17,median_time_lost,weeks,,True,False,Table 1.5
industry,O0,2017-18,claim_count,claims,,True,False,Table 1.1
industry,O0,2017-18,frequency_rate,claims per million hours worked,,True,False,Table 1.2
industry,O0,2017-18,incidence_rate,"claims per 1,000 employees",,True,False,Table 1.3
industry,O0,2017-18,median_compensation,AUD,,True,False,Table 1.4
industry,O0,2017-18,median_time_lost,weeks,,True,False,Table 1.5
industry,O0,2018-19,claim_count,claims,,True,False,Table 1.1
industry,O0,2018-19,frequency_rate,claims per million hours worked,,True,False,Table 1.2
industry,O0,2018-19,incidence_rate,"claims per 1,000 employees",,True,False,Table 1.3
industry,O0,2018-19,median_compensation,AUD,,True,False,Table 1.4
industry,O0,2018-19,median_time_lost,weeks,,True,False,Table 1.5
industry,O0,2019-20,claim_count,claims,,True,False,Table 1.1
industry,O0,2019-20,frequency_rate,claims per million hours worked,,True,False,Table 1.2
industry,O0,2019-20,incidence_rate,"claims per 1,000 employees",,True,False,Table 1.3
industry,O0,2019-20,median_compensation,AUD,,True,False,Table 1.4
industry,O0,2019-20,median_time_lost,weeks,,True,False,Table 1.5
industry,O0,2020-21,claim_count,claims,,True,False,Table 1.1
industry,O0,2020-21,frequency_rate,claims per million hours worked,,True,False,Table 1.2
industry,O0,2020-21,incidence_rate,"claims per 1,000 employees",,True,False,Table 1.3
industry,O0,2020-21,median_compensation,AUD,,True,False,Table 1.4
industry,O0,2020-21,median_time_lost,weeks,,True,False,Table 1.5
industry,O0,2021-22,claim_count,claims,5.0,False,False,Table 1.1
industry,O0,2021-22,frequency_rate,claims per million hours worked,,True,False,Table 1.2
industry,O0,2021-22,incidence_rate,"claims per 1,000 employees",73.86182110219919,False,False,Table 1.3
industry,O0,2021-22,median_compensation,AUD,53630.0,False,False,Table 1.4
industry,O0,2021-22,median_time_lost,weeks,25.263157894736842,False,False,Table 1.5
industry,O0,2022-23,claim_count,claims,,True,False,Table 1.1
industry,O0,2022-23,frequency_rate,claims per million hours worked,,True,False,Table 1.2
industry,O0,2022-23,incidence_rate,"claims per 1,000 employees",,True,False,Table 1.3
industry,O0,2022-23,median_compensation,AUD,,True,False,Table 1.4
industry,O0,2022-23,median_time_lost,weeks,,True,False,Table 1.5
industry,O0,2023-24,claim_count,claims,,True,True,Table 1.1
industry,O0,2023-24,frequency_rate,claims per million hours worked,,True,True,Table 1.2
industry,O0,2023-24,incidence_rate,"claims per 1,000 employees",,True,True,Table 1.3
industry,O0,2023-24,median_compensation,AUD,,True,True,Table 1.4
industry,O0,2023-24,median_time_lost,weeks,,True,True,Table 1.5
industry,P,2014-15,claim_count,claims,6836.0,False,False,Table 1.1
industry,P,2014-15,frequency_rate,claims per million hours worked,4.631212408969906,False,False,Table 1.2
industry,P,2014-15,incidence_rate,"claims per 1,000 employees",7.189103025343441,False,False,Table 1.3
industry,P,2014-15,median_compensation,AUD,11305.0,False,False,Table 1.4
industry,P,2014-15,median_time_lost,weeks,4.964415384615385,False,False,Table 1.5
industry,P,2015-16,claim_count,claims,6510.0,False,False,Table 1.1
industry,P,2015-16,frequency_rate,claims per million hours worked,4.381416122048966,False,False,Table 1.2
industry,P,2015-16,incidence_rate,"claims per 1,000 employees",6.682338279742201,False,False,Table 1.3
industry,P,2015-16,median_compensation,AUD,11731.0,False,False,Table 1.4
industry,P,2015-16,median_time_lost,weeks,5.027619047619048,False,False,Table 1.5
industry,P,2016-17,claim_count,claims,6753.0,False,False,Table 1.1
industry,P,2016-17,frequency_rate,claims per million hours worked,4.357939980432711,False,False,Table 1.2
industry,P,2016-17,incidence_rate,"claims per 1,000 employees",6.693615759707515,False,False,Table 1.3
industry,P,2016-17,median_compensation,AUD,12883.5,False,False,Table 1.4
industry,P,2016-17,median_time_lost,weeks,5.653333333333333,False,False,Table 1.5
industry,P,2017-18,claim_count,claims,6867.0,False,False,Table 1.1
industry,P,2017-18,frequency_rate,claims per million hours worked,4.272623604251829,False,False,Table 1.2
industry,P,2017-18,incidence_rate,"claims per 1,000 employees",6.54081766079487,False,False,Table 1.3
industry,P,2017-18,median_compensation,AUD,14461.0,False,False,Table 1.4
industry,P,2017-18,median_time_lost,weeks,6.2,False,False,Table 1.5
industry,P,2018-19,claim_count,claims,7728.0,False,False,Table 1.1
industry,P,2018-19,frequency_rate,claims per million hours worked,4.71488058315763,False,False,Table 1.2
industry,P,2018-19,incidence_rate,"claims per 1,000 employees",7.220890796491593,False,False,Table 1.3
industry,P,2018-19,median_compensation,AUD,15712.0,False,False,Table 1.4
industry,P,2018-19,median_time_lost,weeks,6.307100795755968,False,False,Table 1.5
industry,P,2019-20,claim_count,claims,7573.0,False,False,Table 1.1
industry,P,2019-20,frequency_rate,claims per million hours worked,4.421835778332895,False,False,Table 1.2
industry,P,2019-20,incidence_rate,"claims per 1,000 employees",6.816600259603269,False,False,Table 1.3
industry,P,2019-20,median_compensation,AUD,15802.0,False,False,Table 1.4
industry,P,2019-20,median_time_lost,weeks,6.2105263157894735,False,False,Table 1.5
industry,P,2020-21,claim_count,claims,8472.0,False,False,Table 1.1
industry,P,2020-21,frequency_rate,claims per million hours worked,4.921245876632204,False,False,Table 1.2
industry,P,2020-21,incidence_rate,"claims per 1,000 employees",7.391502178788309,False,False,Table 1.3
industry,P,2020-21,median_compensation,AUD,18387.5,False,False,Table 1.4
industry,P,2020-21,median_time_lost,weeks,7.2,False,False,Table 1.5
industry,P,2021-22,claim_count,claims,8728.0,False,False,Table 1.1
industry,P,2021-22,frequency_rate,claims per million hours worked,5.228786784929903,False,False,Table 1.2
industry,P,2021-22,incidence_rate,"claims per 1,000 employees",7.941749941144469,False,False,Table 1.3
industry,P,2021-22,median_compensation,AUD,13137.5,False,False,Table 1.4
industry,P,2021-22,median_time_lost,weeks,5.0,False,False,Table 1.5
industry,P,2022-23,claim_count,claims,11532.0,False,False,Table 1.1
industry,P,2022-23,frequency_rate,claims per million hours worked,6.623070097714289,False,False,Table 1.2
industry,P,2022-23,incidence_rate,"claims per 1,000 employees",9.927479206606927,False,False,Table 1.3
industry,P,2022-23,median_compensation,AUD,13966.0,False,False,Table 1.4
industry,P,2022-23,median_time_lost,weeks,5.2105263157894735,False,False,Table 1.5
industry,P,2023-24,claim_count,claims,11136.0,False,True,Table 1.1
industry,P,2023-24,frequency_rate,claims per million hours worked,6.213037352935593,False,True,Table 1.2
industry,P,2023-24,incidence_rate,"claims per 1,000 employees",9.10207781110964,False,True,Table 1.3
industry,P,2023-24,median_compensation,AUD,,True,True,Table 1.4
industry,P,2023-24,median_time_lost,weeks,,True,True,Table 1.5
industry,P0,2014-15,claim_count,claims,,True,False,Table 1.1
industry,P0,2014-15,frequency_rate,claims per million hours worked,,True,False,Table 1.2
industry,P0,2014-15,incidence_rate,"claims per 1,000 employees",,True,False,Table 1.3
industry,P0,2014-15,median_compensation,AUD,,True,False,Table 1.4
industry,P0,2014-15,median_time_lost,weeks,,True,False,Table 1.5
industry,P0,2015-16,claim_count,claims,,True,False,Table 1.1
industry,P0,2015-16,frequency_rate,claims per million hours worked,,True,False,Table 1.2
industry,P0,2015-16,incidence_rate,"claims per 1,000 employees",,True,False,Table 1.3
industry,P0,2015-16,median_compensation,AUD,,True,False,Table 1.4
industry,P0,2015-16,median_time_lost,weeks,,True,False,Table 1.5
industry,P0,2016-17,claim_count,claims,,True,False,Table 1.1
industry,P0,2016-17,frequency_rate,claims per million hours worked,,True,False,Table 1.2
industry,P0,2016-17,incidence_rate,"claims per 1,000 employees",,True,False,Table 1.3
industry,P0,2016-17,median_compensation,AUD,,True,False,Table 1.4
industry,P0,2016-17,median_time_lost,weeks,,True,False,Table 1.5
industry,P0,2017-18,claim_count,claims,,True,False,Table 1.1
industry,P0,2017-18,frequency_rate,claims per million hours worked,,True,False,Table 1.2
industry,P0,2017-18,incidence_rate,"claims per 1,000 employees",,True,False,Table 1.3
industry,P0,2017-18,median_compensation,AUD,,True,False,Table 1.4
industry,P0,2017-18,median_time_lost,weeks,,True,False,Table 1.5
industry,P0,2018-19,claim_count,claims,,True,False,Table 1.1
industry,P0,2018-19,frequency_rate,claims per million hours worked,,True,False,Table 1.2
industry,P0,2018-19,incidence_rate,"claims per 1,000 employees",,True,False,Table 1.3
industry,P0,2018-19,median_compensation,AUD,,True,False,Table 1.4
industry,P0,2018-19,median_time_lost,weeks,,True,False,Table 1.5
industry,P0,2019-20,claim_count,claims,,True,False,Table 1.1
industry,P0,2019-20,frequency_rate,claims per million hours worked,,True,False,Table 1.2
industry,P0,2019-20,incidence_rate,"claims per 1,000 employees",,True,False,Table 1.3
industry,P0,2019-20,median_compensation,AUD,,True,False,Table 1.4
industry,P0,2019-20,median_time_lost,weeks,,True,False,Table 1.5
industry,P0,2020-21,claim_count,claims,,True,False,Table 1.1
industry,P0,2020-21,frequency_rate,claims per million hours worked,,True,False,Table 1.2
industry,P0,2020-21,incidence_rate,"claims per 1,000 employees",,True,False,Table 1.3
industry,P0,2020-21,median_compensation,AUD,,True,False,Table 1.4
industry,P0,2020-21,median_time_lost,weeks,,True,False,Table 1.5
industry,P0,2021-22,claim_count,claims,,True,False,Table 1.1
industry,P0,2021-22,frequency_rate,claims per million hours worked,,True,False,Table 1.2
industry,P0,2021-22,incidence_rate,"claims per 1,000 employees",,True,False,Table 1.3
industry,P0,2021-22,median_compensation,AUD,,True,False,Table 1.4
industry,P0,2021-22,median_time_lost,weeks,,True,False,Table 1.5
industry,P0,2022-23,claim_count,claims,,True,False,Table 1.1
industry,P0,2022-23,frequency_rate,claims per million hours worked,,True,False,Table 1.2
industry,P0,2022-23,incidence_rate,"claims per 1,000 employees",,True,False,Table 1.3
industry,P0,2022-23,median_compensation,AUD,,True,False,Table 1.4
industry,P0,2022-23,median_time_lost,weeks,,True,False,Table 1.5
industry,P0,2023-24,claim_count,claims,,True,True,Table 1.1
industry,P0,2023-24,frequency_rate,claims per million hours worked,,True,True,Table 1.2
industry,P0,2023-24,incidence_rate,"claims per 1,000 employees",,True,True,Table 1.3
industry,P0,2023-24,median_compensation,AUD,,True,True,Table 1.4
industry,P0,2023-24,median_time_lost,weeks,,True,True,Table 1.5
industry,Q,2014-15,claim_count,claims,17337.0,False,False,Table 1.1
industry,Q,2014-15,frequency_rate,claims per million hours worked,8.49526509948974,False,False,Table 1.2
industry,Q,2014-15,incidence_rate,"claims per 1,000 employees",12.104543303361273,False,False,Table 1.3
industry,Q,2014-15,median_compensation,AUD,8504.0,False,False,Table 1.4
industry,Q,2014-15,median_time_lost,weeks,5.6,False,False,Table 1.5
industry,Q,2015-16,claim_count,claims,16289.0,False,False,Table 1.1
industry,Q,2015-16,frequency_rate,claims per million hours worked,7.431162534732227,False,False,Table 1.2
industry,Q,2015-16,incidence_rate,"claims per 1,000 employees",10.717695481714408,False,False,Table 1.3
industry,Q,2015-16,median_compensation,AUD,9577.0,False,False,Table 1.4
industry,Q,2015-16,median_time_lost,weeks,6.142857142857143,False,False,Table 1.5
industry,Q,2016-17,claim_count,claims,17090.0,False,False,Table 1.1
industry,Q,2016-17,frequency_rate,claims per million hours worked,7.705536521923143,False,False,Table 1.2
industry,Q,2016-17,incidence_rate,"claims per 1,000 employees",11.069436323133887,False,False,Table 1.3
industry,Q,2016-17,median_compensation,AUD,10405.0,False,False,Table 1.4
industry,Q,2016-17,median_time_lost,weeks,6.254828947368421,False,False,Table 1.5
industry,Q,2017-18,claim_count,claims,17863.0,False,False,Table 1.1
industry,Q,2017-18,frequency_rate,claims per million hours worked,7.448871484098684,False,False,Table 1.2
industry,Q,2017-18,incidence_rate,"claims per 1,000 employees",10.740396325057239,False,False,Table 1.3
industry,Q,2017-18,median_compensation,AUD,11194.5,False,False,Table 1.4
industry,Q,2017-18,median_time_lost,weeks,6.877628571428572,False,False,Table 1.5
industry,Q,2018-19,claim_count,claims,20312.0,False,False,Table 1.1
industry,Q,2018-19,frequency_rate,claims per million hours worked,8.435206406690314,False,False,Table 1.2
industry,Q,2018-19,incidence_rate,"claims per 1,000 employees",12.06452062566387,False,False,Table 1.3
industry,Q,2018-19,median_compensation,AUD,11500.0,False,False,Table 1.4
industry,Q,2018-19,median_time_lost,weeks,7.0,False,False,Table 1.5
industry,Q,2019-20,claim_count,claims,21939.0,False,False,Table 1.1
industry,Q,2019-20,frequency_rate,claims per million hours worked,8.708116396666748,False,False,Table 1.2
industry,Q,2019-20,incidence_rate,"claims per 1,000 employees",12.487296218267138,False,False,Table 1.3
industry,Q,2019-20,median_compensation,AUD,11746.0,False,False,Table 1.4
industry,Q,2019-20,median_time_lost,weeks,7.055555555555555,False,False,Table 1.5
industry,Q,2020-21,claim_count,claims,26476.0,False,False,Table 1.1
industry,Q,2020-21,frequency_rate,claims per million hours worked,10.286987320977035,False,False,Table 1.2
industry,Q,2020-21,incidence_rate,"claims per 1,000 employees",14.70957827327807,False,False,Table 1.3
industry,Q,2020-21,median_compensation,AUD,12930.0,False,False,Table 1.4
industry,Q,2020-21,median_time_lost,weeks,7.999760502259445,False,False,Table 1.5
industry,Q,2021-22,claim_count,claims,25504.0,False,False,Table 1.1
industry,Q,2021-22,frequency_rate,claims per million hours worked,9.383086797067032,False,False,Table 1.2
industry,Q,2021-22,incidence_rate,"claims per 1,000 employees",13.384716980792442,False,False,Table 1.3
industry,Q,2021-22,median_compensation,AUD,11881.0,False,False,Table 1.4
industry,Q,2021-22,median_time_lost,weeks,7.173493616908706,False,False,Table 1.5
industry,Q,2022-23,claim_count,claims,27474.0,False,False,Table 1.1
industry,Q,2022-23,frequency_rate,claims per million hours worked,9.244705055371861,False,False,Table 1.2
industry,Q,2022-23,incidence_rate,"claims per 1,000 employees",13.238475317223461,False,False,Table 1.3
industry,Q,2022-23,median_compensation,AUD,12103.0,False,False,Table 1.4
industry,Q,2022-23,median_time_lost,weeks,6.989284984197311,False,False,Table 1.5
industry,Q,2023-24,claim_count,claims,29108.0,False,True,Table 1.1
industry,Q,2023-24,frequency_rate,claims per million hours worked,9.390143195541627,False,True,Table 1.2
industry,Q,2023-24,incidence_rate,"claims per 1,000 employees",13.31248234709144,False,True,Table 1.3
industry,Q,2023-24,median_compensation,AUD,,True,True,Table 1.4
industry,Q,2023-24,median_time_lost,weeks,,True,True,Table 1.5
industry,Q0,2014-15,claim_count,claims,,True,False,Table 1.1
industry,Q0,2014-15,frequency_rate,claims per million hours worked,,True,False,Table 1.2
industry,Q0,2014-15,incidence_rate,"claims per 1,000 employees",,True,False,Table 1.3
industry,Q0,2014-15,median_compensation,AUD,,True,False,Table 1.4
industry,Q0,2014-15,median_time_lost,weeks,,True,False,Table 1.5
industry,Q0,2015-16,claim_count,claims,,True,False,Table 1.1
industry,Q0,2015-16,frequency_rate,claims per million hours worked,,True,False,Table 1.2
industry,Q0,2015-16,incidence_rate,"claims per 1,000 employees",,True,False,Table 1.3
industry,Q0,2015-16,median_compensation,AUD,,True,False,Table 1.4
industry,Q0,2015-16,median_time_lost,weeks,,True,False,Table 1.5
industry,Q0,2016-17,claim_count,claims,,True,False,Table 1.1
industry,Q0,2016-17,frequency_rate,claims per million hours worked,,True,False,Table 1.2
industry,Q0,2016-17,incidence_rate,"claims per 1,000 employees",,True,False,Table 1.3
industry,Q0,2016-17,median_compensation,AUD,,True,False,Table 1.4
industry,Q0,2016-17,median_time_lost,weeks,,True,False,Table 1.5
industry,Q0,2017-18,claim_count,claims,,True,False,Table 1.1
industry,Q0,2017-18,frequency_rate,claims per million hours worked,,True,False,Table 1.2
industry,Q0,2017-18,incidence_rate,"claims per 1,000 employees",,True,False,Table 1.3
industry,Q0,2017-18,median_compensation,AUD,,True,False,Table 1.4
industry,Q0,2017-18,median_time_lost,weeks,,True,False,Table 1.5
industry,Q0,2018-19,claim_count,claims,,True,False,Table 1.1
industry,Q0,2018-19,frequency_rate,claims per million hours worked,,True,False,Table 1.2
industry,Q0,2018-19,incidence_rate,"claims per 1,000 employees",,True,False,Table 1.3
industry,Q0,2018-19,median_compensation,AUD,,True,False,Table 1.4
industry,Q0,2018-19,median_time_lost,weeks,,True,False,Table 1.5
industry,Q0,2019-20,claim_count,claims,,True,False,Table 1.1
industry,Q0,2019-20,frequency_rate,claims per million hours worked,,True,False,Table 1.2
industry,Q0,2019-20,incidence_rate,"claims per 1,000 employees",,True,False,Table 1.3
industry,Q0,2019-20,median_compensation,AUD,,True,False,Table 1.4
industry,Q0,2019-20,median_time_lost,weeks,,True,False,Table 1.5
industry,Q0,2020-21,claim_count,claims,,True,False,Table 1.1
industry,Q0,2020-21,frequency_rate,claims per million hours worked,,True,False,Table 1.2
industry,Q0,2020-21,incidence_rate,"claims per 1,000 employees",,True,False,Table 1.3
industry,Q0,2020-21,median_compensation,AUD,,True,False,Table 1.4
industry,Q0,2020-21,median_time_lost,weeks,,True,False,Table 1.5
industry,Q0,2021-22,claim_count,claims,,True,False,Table 1.1
industry,Q0,2021-22,frequency_rate,claims per million hours worked,,True,False,Table 1.2
industry,Q0,2021-22,incidence_rate,"claims per 1,000 employees",,True,False,Table 1.3
industry,Q0,2021-22,median_compensation,AUD,,True,False,Table 1.4
industry,Q0,2021-22,median_time_lost,weeks,,True,False,Table 1.5
industry,Q0,2022-23,claim_count,claims,,True,False,Table 1.1
industry,Q0,2022-23,frequency_rate,claims per million hours worked,,True,False,Table 1.2
industry,Q0,2022-23,incidence_rate,"claims per 1,000 employees",,True,False,Table 1.3
industry,Q0,2022-23,median_compensation,AUD,,True,False,Table 1.4
industry,Q0,2022-23,median_time_lost,weeks,,True,False,Table 1.5
industry,Q0,2023-24,claim_count,claims,,True,True,Table 1.1
industry,Q0,2023-24,frequency_rate,claims per million hours worked,,True,True,Table 1.2
industry,Q0,2023-24,incidence_rate,"claims per 1,000 employees",,True,True,Table 1.3
industry,Q0,2023-24,median_compensation,AUD,,True,True,Table 1.4
industry,Q0,2023-24,median_time_lost,weeks,,True,True,Table 1.5
industry,R,2014-15,claim_count,claims,2117.0,False,False,Table 1.1
industry,R,2014-15,frequency_rate,claims per million hours worked,7.4320299483748,False,False,Table 1.2
industry,R,2014-15,incidence_rate,"claims per 1,000 employees",9.317945955741559,False,False,Table 1.3
industry,R,2014-15,median_compensation,AUD,9616.0,False,False,Table 1.4
industry,R,2014-15,median_time_lost,weeks,6.0,False,False,Table 1.5
industry,R,2015-16,claim_count,claims,2002.0,False,False,Table 1.1
industry,R,2015-16,frequency_rate,claims per million hours worked,6.624246127795876,False,False,Table 1.2
industry,R,2015-16,incidence_rate,"claims per 1,000 employees",9.084802575112763,False,False,Table 1.3
industry,R,2015-16,median_compensation,AUD,11401.0,False,False,Table 1.4
industry,R,2015-16,median_time_lost,weeks,6.2105263157894735,False,False,Table 1.5
industry,R,2016-17,claim_count,claims,2051.0,False,False,Table 1.1
industry,R,2016-17,frequency_rate,claims per million hours worked,7.481145878020736,False,False,Table 1.2
industry,R,2016-17,incidence_rate,"claims per 1,000 employees",9.515335122315424,False,False,Table 1.3
industry,R,2016-17,median_compensation,AUD,12699.0,False,False,Table 1.4
industry,R,2016-17,median_time_lost,weeks,7.245605263157896,False,False,Table 1.5
industry,R,2017-18,claim_count,claims,2064.0,False,False,Table 1.1
industry,R,2017-18,frequency_rate,claims per million hours worked,6.645161077213971,False,False,Table 1.2
industry,R,2017-18,incidence_rate,"claims per 1,000 employees",8.533370349240883,False,False,Table 1.3
industry,R,2017-18,median_compensation,AUD,11431.0,False,False,Table 1.4
industry,R,2017-18,median_time_lost,weeks,7.2,False,False,Table 1.5
industry,R,2018-19,claim_count,claims,2279.0,False,False,Table 1.1
industry,R,2018-19,frequency_rate,claims per million hours worked,7.47521777534931,False,False,Table 1.2
industry,R,2018-19,incidence_rate,"claims per 1,000 employees",9.436920556301716,False,False,Table 1.3
industry,R,2018-19,median_compensation,AUD,13029.5,False,False,Table 1.4
industry,R,2018-19,median_time_lost,weeks,6.923538031170907,False,False,Table 1.5
industry,R,2019-20,claim_count,claims,2172.0,False,False,Table 1.1
industry,R,2019-20,frequency_rate,claims per million hours worked,8.013012456410982,False,False,Table 1.2
industry,R,2019-20,incidence_rate,"claims per 1,000 employees",10.099355676555488,False,False,Table 1.3
industry,R,2019-20,median_compensation,AUD,14995.5,False,False,Table 1.4
industry,R,2019-20,median_time_lost,weeks,8.0,False,False,Table 1.5
industry,R,2020-21,claim_count,claims,2210.0,False,False,Table 1.1
industry,R,2020-21,frequency_rate,claims per million hours worked,7.693923541789116,False,False,Table 1.2
industry,R,2020-21,incidence_rate,"claims per 1,000 employees",9.713624697933302,False,False,Table 1.3
industry,R,2020-21,median_compensation,AUD,13316.0,False,False,Table 1.4
industry,R,2020-21,median_time_lost,weeks,7.334816384180791,False,False,Table 1.5
industry,R,2021-22,claim_count,claims,2655.0,False,False,Table 1.1
industry,R,2021-22,frequency_rate,claims per million hours worked,10.033302702554636,False,False,Table 1.2
industry,R,2021-22,incidence_rate,"claims per 1,000 employees",12.710514288700308,False,False,Table 1.3
industry,R,2021-22,median_compensation,AUD,9293.0,False,False,Table 1.4
industry,R,2021-22,median_time_lost,weeks,5.96,False,False,Table 1.5
industry,R,2022-23,claim_count,claims,2811.0,False,False,Table 1.1
industry,R,2022-23,frequency_rate,claims per million hours worked,9.157775558442525,False,False,Table 1.2
industry,R,2022-23,incidence_rate,"claims per 1,000 employees",11.721280495158629,False,False,Table 1.3
industry,R,2022-23,median_compensation,AUD,12723.5,False,False,Table 1.4
industry,R,2022-23,median_time_lost,weeks,7.2,False,False,Table 1.5
industry,R,2023-24,claim_count,claims,2724.0,False,True,Table 1.1
industry,R,2023-24,frequency_rate,claims per million hours worked,7.93347722690122,False,True,Table 1.2
industry,R,2023-24,incidence_rate,"claims per 1,000 employees",10.086635156622968,False,True,Table 1.3
industry,R,2023-24,median_compensation,AUD,,True,True,Table 1.4
industry,R,2023-24,median_time_lost,weeks,,True,True,Table 1.5
industry,R0,2014-15,claim_count,claims,,True,False,Table 1.1
industry,R0,2014-15,frequency_rate,claims per million hours worked,,True,False,Table 1.2
industry,R0,2014-15,incidence_rate,"claims per 1,000 employees",,True,False,Table 1.3
industry,R0,2014-15,median_compensation,AUD,,True,False,Table 1.4
industry,R0,2014-15,median_time_lost,weeks,,True,False,Table 1.5
industry,R0,2015-16,claim_count,claims,,True,False,Table 1.1
industry,R0,2015-16,frequency_rate,claims per million hours worked,,True,False,Table 1.2
industry,R0,2015-16,incidence_rate,"claims per 1,000 employees",,True,False,Table 1.3
industry,R0,2015-16,median_compensation,AUD,,True,False,Table 1.4
industry,R0,2015-16,median_time_lost,weeks,,True,False,Table 1.5
industry,R0,2016-17,claim_count,claims,,True,False,Table 1.1
industry,R0,2016-17,frequency_rate,claims per million hours worked,,True,False,Table 1.2
industry,R0,2016-17,incidence_rate,"claims per 1,000 employees",,True,False,Table 1.3
industry,R0,2016-17,median_compensation,AUD,,True,False,Table 1.4
industry,R0,2016-17,median_time_lost,weeks,,True,False,Table 1.5
industry,R0,2017-18,claim_count,claims,,True,False,Table 1.1
industry,R0,2017-18,frequency_rate,claims per million hours worked,,True,False,Table 1.2
industry,R0,2017-18,incidence_rate,"claims per 1,000 employees",,True,False,Table 1.3
industry,R0,2017-18,median_compensation,AUD,,True,False,Table 1.4
industry,R0,2017-18,median_time_lost,weeks,,True,False,Table 1.5
industry,R0,2018-19,claim_count,claims,,True,False,Table 1.1
industry,R0,2018-19,frequency_rate,claims per million hours worked,,True,False,Table 1.2
industry,R0,2018-19,incidence_rate,"claims per 1,000 employees",,True,False,Table 1.3
industry,R0,2018-19,median_compensation,AUD,,True,False,Table 1.4
industry,R0,2018-19,median_time_lost,weeks,,True,False,Table 1.5
industry,R0,2019-20,claim_count,claims,,True,False,Table 1.1
industry,R0,2019-20,frequency_rate,claims per million hours worked,,True,False,Table 1.2
industry,R0,2019-20,incidence_rate,"claims per 1,000 employees",,True,False,Table 1.3
industry,R0,2019-20,median_compensation,AUD,,True,False,Table 1.4
industry,R0,2019-20,median_time_lost,weeks,,True,False,Table 1.5
industry,R0,2020-21,claim_count,claims,,True,False,Table 1.1
industry,R0,2020-21,frequency_rate,claims per million hours worked,,True,False,Table 1.2
industry,R0,2020-21,incidence_rate,"claims per 1,000 employees",,True,False,Table 1.3
industry,R0,2020-21,median_compensation,AUD,,True,False,Table 1.4
industry,R0,2020-21,median_time_lost,weeks,,True,False,Table 1.5
industry,R0,2021-22,claim_count,claims,,True,False,Table 1.1
industry,R0,2021-22,frequency_rate,claims per million hours worked,,True,False,Table 1.2
industry,R0,2021-22,incidence_rate,"claims per 1,000 employees",,True,False,Table 1.3
industry,R0,2021-22,median_compensation,AUD,,True,False,Table 1.4
industry,R0,2021-22,median_time_lost,weeks,,True,False,Table 1.5
industry,R0,2022-23,claim_count,claims,,True,False,Table 1.1
industry,R0,2022-23,frequency_rate,claims per million hours worked,,True,False,Table 1.2
industry,R0,2022-23,incidence_rate,"claims per 1,000 employees",,True,False,Table 1.3
industry,R0,2022-23,median_compensation,AUD,,True,False,Table 1.4
industry,R0,2022-23,median_time_lost,weeks,,True,False,Table 1.5
industry,R0,2023-24,claim_count,claims,,True,True,Table 1.1
industry,R0,2023-24,frequency_rate,claims per million hours worked,,True,True,Table 1.2
industry,R0,2023-24,incidence_rate,"claims per 1,000 employees",,True,True,Table 1.3
industry,R0,2023-24,median_compensation,AUD,,True,True,Table 1.4
industry,R0,2023-24,median_time_lost,weeks,,True,True,Table 1.5
industry,S,2014-15,claim_count,claims,3031.0,False,False,Table 1.1
industry,S,2014-15,frequency_rate,claims per million hours worked,4.566970025499335,False,False,Table 1.2
industry,S,2014-15,incidence_rate,"claims per 1,000 employees",7.7274479680962695,False,False,Table 1.3
industry,S,2014-15,median_compensation,AUD,11606.0,False,False,Table 1.4
industry,S,2014-15,median_time_lost,weeks,5.8,False,False,Table 1.5
industry,S,2015-16,claim_count,claims,2793.0,False,False,Table 1.1
industry,S,2015-16,frequency_rate,claims per million hours worked,4.307410400588674,False,False,Table 1.2
industry,S,2015-16,incidence_rate,"claims per 1,000 employees",7.42987123432104,False,False,Table 1.3
industry,S,2015-16,median_compensation,AUD,14728.0,False,False,Table 1.4
industry,S,2015-16,median_time_lost,weeks,6.4,False,False,Table 1.5
industry,S,2016-17,claim_count,claims,2906.0,False,False,Table 1.1
industry,S,2016-17,frequency_rate,claims per million hours worked,4.282775238450427,False,False,Table 1.2
industry,S,2016-17,incidence_rate,"claims per 1,000 employees",7.129761618369426,False,False,Table 1.3
industry,S,2016-17,median_compensation,AUD,14501.5,False,False,Table 1.4
industry,S,2016-17,median_time_lost,weeks,6.403318454753176,False,False,Table 1.5
industry,S,2017-18,claim_count,claims,2961.0,False,False,Table 1.1
industry,S,2017-18,frequency_rate,claims per million hours worked,4.328059861450223,False,False,Table 1.2
industry,S,2017-18,incidence_rate,"claims per 1,000 employees",7.3023170431577835,False,False,Table 1.3
industry,S,2017-18,median_compensation,AUD,15787.0,False,False,Table 1.4
industry,S,2017-18,median_time_lost,weeks,7.8,False,False,Table 1.5
industry,S,2018-19,claim_count,claims,3034.0,False,False,Table 1.1
industry,S,2018-19,frequency_rate,claims per million hours worked,4.342365778817181,False,False,Table 1.2
industry,S,2018-19,incidence_rate,"claims per 1,000 employees",7.293779737346812,False,False,Table 1.3
industry,S,2018-19,median_compensation,AUD,16426.0,False,False,Table 1.4
industry,S,2018-19,median_time_lost,weeks,7.794736842105263,False,False,Table 1.5
industry,S,2019-20,claim_count,claims,3368.0,False,False,Table 1.1
industry,S,2019-20,frequency_rate,claims per million hours worked,5.23360753444967,False,False,Table 1.2
industry,S,2019-20,incidence_rate,"claims per 1,000 employees",8.446266023295466,False,False,Table 1.3
industry,S,2019-20,median_compensation,AUD,16709.0,False,False,Table 1.4
industry,S,2019-20,median_time_lost,weeks,7.955420382251274,False,False,Table 1.5
industry,S,2020-21,claim_count,claims,3682.0,False,False,Table 1.1
industry,S,2020-21,frequency_rate,claims per million hours worked,5.568445929502332,False,False,Table 1.2
industry,S,2020-21,incidence_rate,"claims per 1,000 employees",8.97595101029265,False,False,Table 1.3
industry,S,2020-21,median_compensation,AUD,17739.0,False,False,Table 1.4
industry,S,2020-21,median_time_lost,weeks,7.6431350278092385,False,False,Table 1.5
industry,S,2021-22,claim_count,claims,3480.0,False,False,Table 1.1
industry,S,2021-22,frequency_rate,claims per million hours worked,5.279651642507242,False,False,Table 1.2
industry,S,2021-22,incidence_rate,"claims per 1,000 employees",8.486009292767992,False,False,Table 1.3
industry,S,2021-22,median_compensation,AUD,16879.0,False,False,Table 1.4
industry,S,2021-22,median_time_lost,weeks,7.603065789473685,False,False,Table 1.5
industry,S,2022-23,claim_count,claims,4019.0,False,False,Table 1.1
industry,S,2022-23,frequency_rate,claims per million hours worked,5.738328699609787,False,False,Table 1.2
industry,S,2022-23,incidence_rate,"claims per 1,000 employees",9.603397678950383,False,False,Table 1.3
industry,S,2022-23,median_compensation,AUD,18242.0,False,False,Table 1.4
industry,S,2022-23,median_time_lost,weeks,8.104651162790697,False,False,Table 1.5
industry,S,2023-24,claim_count,claims,4305.0,False,True,Table 1.1
industry,S,2023-24,frequency_rate,claims per million hours worked,6.304260488598828,False,True,Table 1.2
industry,S,2023-24,incidence_rate,"claims per 1,000 employees",10.402898698524186,False,True,Table 1.3
industry,S,2023-24,median_compensation,AUD,,True,True,Table 1.4
industry,S,2023-24,median_time_lost,weeks,,True,True,Table 1.5
industry,S0,2014-15,claim_count,claims,,True,False,Table 1.1
industry,S0,2014-15,frequency_rate,claims per million hours worked,,True,False,Table 1.2
industry,S0,2014-15,incidence_rate,"claims per 1,000 employees",,True,False,Table 1.3
industry,S0,2014-15,median_compensation,AUD,,True,False,Table 1.4
industry,S0,2014-15,median_time_lost,weeks,,True,False,Table 1.5
industry,S0,2015-16,claim_count,claims,,True,False,Table 1.1
industry,S0,2015-16,frequency_rate,claims per million hours worked,,True,False,Table 1.2
industry,S0,2015-16,incidence_rate,"claims per 1,000 employees",,True,False,Table 1.3
industry,S0,2015-16,median_compensation,AUD,,True,False,Table 1.4
industry,S0,2015-16,median_time_lost,weeks,,True,False,Table 1.5
industry,S0,2016-17,claim_count,claims,,True,False,Table 1.1
industry,S0,2016-17,frequency_rate,claims per million hours worked,,True,False,Table 1.2
industry,S0,2016-17,incidence_rate,"claims per 1,000 employees",,True,False,Table 1.3
industry,S0,2016-17,median_compensation,AUD,,True,False,Table 1.4
industry,S0,2016-17,median_time_lost,weeks,,True,False,Table 1.5
industry,S0,2017-18,claim_count,claims,,True,False,Table 1.1
industry,S0,2017-18,frequency_rate,claims per million hours worked,,True,False,Table 1.2
industry,S0,2017-18,incidence_rate,"claims per 1,000 employees",,True,False,Table 1.3
industry,S0,2017-18,median_compensation,AUD,,True,False,Table 1.4
industry,S0,2017-18,median_time_lost,weeks,,True,False,Table 1.5
industry,S0,2018-19,claim_count,claims,,True,False,Table 1.1
industry,S0,2018-19,frequency_rate,claims per million hours worked,,True,False,Table 1.2
industry,S0,2018-19,incidence_rate,"claims per 1,000 employees",,True,False,Table 1.3
industry,S0,2018-19,median_compensation,AUD,,True,False,Table 1.4
industry,S0,2018-19,median_time_lost,weeks,,True,False,Table 1.5
industry,S0,2019-20,claim_count,claims,,True,False,Table 1.1
industry,S0,2019-20,frequency_rate,claims per million hours worked,,True,False,Table 1.2
industry,S0,2019-20,incidence_rate,"claims per 1,000 employees",,True,False,Table 1.3
industry,S0,2019-20,median_compensation,AUD,,True,False,Table 1.4
industry,S0,2019-20,median_time_lost,weeks,,True,False,Table 1.5
industry,S0,2020-21,claim_count,claims,,True,False,Table 1.1
industry,S0,2020-21,frequency_rate,claims per million hours worked,,True,False,Table 1.2
industry,S0,2020-21,incidence_rate,"claims per 1,000 employees",,True,False,Table 1.3
industry,S0,2020-21,median_compensation,AUD,,True,False,Table 1.4
industry,S0,2020-21,median_time_lost,weeks,,True,False,Table 1.5
industry,S0,2021-22,claim_count,claims,,True,False,Table 1.1
industry,S0,2021-22,frequency_rate,claims per million hours worked,,True,False,Table 1.2
industry,S0,2021-22,incidence_rate,"claims per 1,000 employees",,True,False,Table 1.3
industry,S0,2021-22,median_compensation,AUD,,True,False,Table 1.4
industry,S0,2021-22,median_time_lost,weeks,,True,False,Table 1.5
industry,S0,2022-23,claim_count,claims,,True,False,Table 1.1
industry,S0,2022-23,frequency_rate,claims per million hours worked,,True,False,Table 1.2
industry,S0,2022-23,incidence_rate,"claims per 1,000 employees",,True,False,Table 1.3
industry,S0,2022-23,median_compensation,AUD,,True,False,Table 1.4
industry,S0,2022-23,median_time_lost,weeks,,True,False,Table 1.5
industry,S0,2023-24,claim_count,claims,,True,True,Table 1.1
industry,S0,2023-24,frequency_rate,claims per million hours worked,,True,True,Table 1.2
industry,S0,2023-24,incidence_rate,"claims per 1,000 employees",,True,True,Table 1.3
industry,S0,2023-24,median_compensation,AUD,,True,True,Table 1.4
industry,S0,2023-24,median_time_lost,weeks,,True,True,Table 1.5
industry,TOTAL,2014-15,claim_count,claims,106496.0,False,False,Table 1.1
industry,TOTAL,2014-15,frequency_rate,claims per million hours worked,5.815315804518318,False,False,Table 1.2
industry,TOTAL,2014-15,incidence_rate,"claims per 1,000 employees",9.656808994197592,False,False,Table 1.3
industry,TOTAL,2014-15,median_compensation,AUD,11541.0,False,False,Table 1.4
industry,TOTAL,2014-15,median_time_lost,weeks,5.814017857142858,False,False,Table 1.5
industry,TOTAL,2015-16,claim_count,claims,102509.0,False,False,Table 1.1
industry,TOTAL,2015-16,frequency_rate,claims per million hours worked,5.522815753544955,False,False,Table 1.2
industry,TOTAL,2015-16,incidence_rate,"claims per 1,000 employees",9.12281726108621,False,False,Table 1.3
industry,TOTAL,2015-16,median_compensation,AUD,12968.0,False,False,Table 1.4
industry,TOTAL,2015-16,median_time_lost,weeks,6.333333333333333,False,False,Table 1.5
industry,TOTAL,2016-17,claim_count,claims,104378.0,False,False,Table 1.1
industry,TOTAL,2016-17,frequency_rate,claims per million hours worked,5.545029643967753,False,False,Table 1.2
industry,TOTAL,2016-17,incidence_rate,"claims per 1,000 employees",9.131731788395962,False,False,Table 1.3
industry,TOTAL,2016-17,median_compensation,AUD,14026.0,False,False,Table 1.4
industry,TOTAL,2016-17,median_time_lost,weeks,6.628838355478434,False,False,Table 1.5
industry,TOTAL,2017-18,claim_count,claims,107889.0,False,False,Table 1.1
industry,TOTAL,2017-18,frequency_rate,claims per million hours worked,5.532935030194175,False,False,Table 1.2
industry,TOTAL,2017-18,incidence_rate,"claims per 1,000 employees",9.13840393886387,False,False,Table 1.3
industry,TOTAL,2017-18,median_compensation,AUD,14700.0,False,False,Table 1.4
industry,TOTAL,2017-18,median_time_lost,weeks,7.2,False,False,Table 1.5
industry,TOTAL,2018-19,claim_count,claims,116814.0,False,False,Table 1.1
industry,TOTAL,2018-19,frequency_rate,claims per million hours worked,5.869266326310042,False,False,Table 1.2
industry,TOTAL,2018-19,incidence_rate,"claims per 1,000 employees",9.61156576126271,False,False,Table 1.3
industry,TOTAL,2018-19,median_compensation,AUD,15290.0,False,False,Table 1.4
industry,TOTAL,2018-19,median_time_lost,weeks,7.2,False,False,Table 1.5
industry,TOTAL,2019-20,claim_count,claims,121208.0,False,False,Table 1.1
industry,TOTAL,2019-20,frequency_rate,claims per million hours worked,6.1739249896001525,False,False,Table 1.2
industry,TOTAL,2019-20,incidence_rate,"claims per 1,000 employees",9.998093672052882,False,False,Table 1.3
industry,TOTAL,2019-20,median_compensation,AUD,15787.0,False,False,Table 1.4
industry,TOTAL,2019-20,median_time_lost,weeks,7.496276315789473,False,False,Table 1.5
industry,TOTAL,2020-21,claim_count,claims,131639.0,False,False,Table 1.1
industry,TOTAL,2020-21,frequency_rate,claims per million hours worked,6.611688167159413,False,False,Table 1.2
industry,TOTAL,2020-21,incidence_rate,"claims per 1,000 employees",10.690698510029234,False,False,Table 1.3
industry,TOTAL,2020-21,median_compensation,AUD,16363.0,False,False,Table 1.4
industry,TOTAL,2020-21,median_time_lost,weeks,8.0,False,False,Table 1.5
industry,TOTAL,2021-22,claim_count,claims,134346.0,False,False,Table 1.1
industry,TOTAL,2021-22,frequency_rate,claims per million hours worked,6.8310052959923615,False,False,Table 1.2
industry,TOTAL,2021-22,incidence_rate,"claims per 1,000 employees",10.95084726830893,False,False,Table 1.3
industry,TOTAL,2021-22,median_compensation,AUD,14797.5,False,False,Table 1.4
industry,TOTAL,2021-22,median_time_lost,weeks,7.0000514035013754,False,False,Table 1.5
industry,TOTAL,2022-23,claim_count,claims,145001.0,False,False,Table 1.1
industry,TOTAL,2022-23,frequency_rate,claims per million hours worked,6.875848087579547,False,False,Table 1.2
industry,TOTAL,2022-23,incidence_rate,"claims per 1,000 employees",11.15751413415889,False,False,Table 1.3
industry,TOTAL,2022-23,median_compensation,AUD,16304.0,False,False,Table 1.4
industry,TOTAL,2022-23,median_time_lost,weeks,7.4,False,False,Table 1.5
industry,TOTAL,2023-24,claim_count,claims,146700.0,False,True,Table 1.1
industry,TOTAL,2023-24,frequency_rate,claims per million hours worked,6.800147512605363,False,True,Table 1.2
industry,TOTAL,2023-24,incidence_rate,"claims per 1,000 employees",10.916191337786174,False,True,Table 1.3
industry,TOTAL,2023-24,median_compensation,AUD,,True,True,Table 1.4
industry,TOTAL,2023-24,median_time_lost,weeks,,True,True,Table 1.5
occupation,1,2014-15,claim_count,claims,4555.0,False,False,Table 2.1
occupation,1,2014-15,frequency_rate,claims per million hours worked,1.6415881419589886,False,False,Table 2.2
occupation,1,2014-15,incidence_rate,"claims per 1,000 employees",3.41974632384123,False,False,Table 2.3
occupation,1,2014-15,median_compensation,AUD,16868.0,False,False,Table 2.4
occupation,1,2014-15,median_time_lost,weeks,6.8,False,False,Table 2.5
occupation,1,2015-16,claim_count,claims,4532.0,False,False,Table 2.1
occupation,1,2015-16,frequency_rate,claims per million hours worked,1.6221227110520902,False,False,Table 2.2
occupation,1,2015-16,incidence_rate,"claims per 1,000 employees",3.360804128696433,False,False,Table 2.3
occupation,1,2015-16,median_compensation,AUD,18544.0,False,False,Table 2.4
occupation,1,2015-16,median_time_lost,weeks,7.7181004270061235,False,False,Table 2.5
occupation,1,2016-17,claim_count,claims,4762.0,False,False,Table 2.1
occupation,1,2016-17,frequency_rate,claims per million hours worked,1.7023207135202223,False,False,Table 2.2
occupation,1,2016-17,incidence_rate,"claims per 1,000 employees",3.5002400353851684,False,False,Table 2.3
occupation,1,2016-17,median_compensation,AUD,21191.5,False,False,Table 2.4
occupation,1,2016-17,median_time_lost,weeks,8.248588698180988,False,False,Table 2.5
occupation,1,2017-18,claim_count,claims,4870.0,False,False,Table 2.1
occupation,1,2017-18,frequency_rate,claims per million hours worked,1.7175715165684138,False,False,Table 2.2
occupation,1,2017-18,incidence_rate,"claims per 1,000 employees",3.5104571821578174,False,False,Table 2.3
occupation,1,2017-18,median_compensation,AUD,21890.0,False,False,Table 2.4
occupation,1,2017-18,median_time_lost,weeks,9.0,False,False,Table 2.5
occupation,1,2018-19,claim_count,claims,5630.0,False,False,Table 2.1
occupation,1,2018-19,frequency_rate,claims per million hours worked,2.02295617167101,False,False,Table 2.2
occupation,1,2018-19,incidence_rate,"claims per 1,000 employees",4.091420418870837,False,False,Table 2.3
occupation,1,2018-19,median_compensation,AUD,22904.0,False,False,Table 2.4
occupation,1,2018-19,median_time_lost,weeks,8.665159090909091,False,False,Table 2.5
occupation,1,2019-20,claim_count,claims,6025.0,False,False,Table 2.1
occupation,1,2019-20,frequency_rate,claims per million hours worked,2.160336547104823,False,False,Table 2.2
occupation,1,2019-20,incidence_rate,"claims per 1,000 employees",4.31782552002168,False,False,Table 2.3
occupation,1,2019-20,median_compensation,AUD,23419.0,False,False,Table 2.4
occupation,1,2019-20,median_time_lost,weeks,9.021330653041852,False,False,Table 2.5
occupation,1,2020-21,claim_count,claims,6205.0,False,False,Table 2.1
occupation,1,2020-21,frequency_rate,claims per million hours worked,2.1242478466022834,False,False,Table 2.2
occupation,1,2020-21,incidence_rate,"claims per 1,000 employees",4.159158585895615,False,False,Table 2.3
occupation,1,2020-21,median_compensation,AUD,23849.0,False,False,Table 2.4
occupation,1,2020-21,median_time_lost,weeks,9.476363410621722,False,False,Table 2.5
occupation,1,2021-22,claim_count,claims,5901.0,False,False,Table 2.1
occupation,1,2021-22,frequency_rate,claims per million hours worked,1.9868806977429885,False,False,Table 2.2
occupation,1,2021-22,incidence_rate,"claims per 1,000 employees",3.848377188093805,False,False,Table 2.3
occupation,1,2021-22,median_compensation,AUD,25999.0,False,False,Table 2.4
occupation,1,2021-22,median_time_lost,weeks,10.31791969530349,False,False,Table 2.5
occupation,1,2022-23,claim_count,claims,6727.0,False,False,Table 2.1
occupation,1,2022-23,frequency_rate,claims per million hours worked,2.102309071096497,False,False,Table 2.2
occupation,1,2022-23,incidence_rate,"claims per 1,000 employees",4.0709614583312534,False,False,Table 2.3
occupation,1,2022-23,median_compensation,AUD,29425.0,False,False,Table 2.4
occupation,1,2022-23,median_time_lost,weeks,10.975,False,False,Table 2.5
occupation,1,2023-24,claim_count,claims,7449.0,False,True,Table 2.1
occupation,1,2023-24,frequency_rate,claims per million hours worked,2.3147496177485554,False,True,Table 2.2
occupation,1,2023-24,incidence_rate,"claims per 1,000 employees",4.485604894017818,False,True,Table 2.3
occupation,1,2023-24,median_compensation,AUD,,True,True,Table 2.4
occupation,1,2023-24,median_time_lost,weeks,,True,True,Table 2.5
occupation,10,2014-15,claim_count,claims,,True,False,Table 2.1
occupation,10,2014-15,frequency_rate,claims per million hours worked,,True,False,Table 2.2
occupation,10,2014-15,incidence_rate,"claims per 1,000 employees",,True,False,Table 2.3
occupation,10,2014-15,median_compensation,AUD,,True,False,Table 2.4
occupation,10,2014-15,median_time_lost,weeks,,True,False,Table 2.5
occupation,10,2015-16,claim_count,claims,,True,False,Table 2.1
occupation,10,2015-16,frequency_rate,claims per million hours worked,,True,False,Table 2.2
occupation,10,2015-16,incidence_rate,"claims per 1,000 employees",,True,False,Table 2.3
occupation,10,2015-16,median_compensation,AUD,,True,False,Table 2.4
occupation,10,2015-16,median_time_lost,weeks,,True,False,Table 2.5
occupation,10,2016-17,claim_count,claims,,True,False,Table 2.1
occupation,10,2016-17,frequency_rate,claims per million hours worked,,True,False,Table 2.2
occupation,10,2016-17,incidence_rate,"claims per 1,000 employees",,True,False,Table 2.3
occupation,10,2016-17,median_compensation,AUD,,True,False,Table 2.4
occupation,10,2016-17,median_time_lost,weeks,,True,False,Table 2.5
occupation,10,2017-18,claim_count,claims,,True,False,Table 2.1
occupation,10,2017-18,frequency_rate,claims per million hours worked,,True,False,Table 2.2
occupation,10,2017-18,incidence_rate,"claims per 1,000 employees",,True,False,Table 2.3
occupation,10,2017-18,median_compensation,AUD,,True,False,Table 2.4
occupation,10,2017-18,median_time_lost,weeks,,True,False,Table 2.5
occupation,10,2018-19,claim_count,claims,,True,False,Table 2.1
occupation,10,2018-19,frequency_rate,claims per million hours worked,,True,False,Table 2.2
occupation,10,2018-19,incidence_rate,"claims per 1,000 employees",,True,False,Table 2.3
occupation,10,2018-19,median_compensation,AUD,,True,False,Table 2.4
occupation,10,2018-19,median_time_lost,weeks,,True,False,Table 2.5
occupation,10,2019-20,claim_count,claims,,True,False,Table 2.1
occupation,10,2019-20,frequency_rate,claims per million hours worked,,True,False,Table 2.2
occupation,10,2019-20,incidence_rate,"claims per 1,000 employees",,True,False,Table 2.3
occupation,10,2019-20,median_compensation,AUD,,True,False,Table 2.4
occupation,10,2019-20,median_time_lost,weeks,,True,False,Table 2.5
occupation,10,2020-21,claim_count,claims,,True,False,Table 2.1
occupation,10,2020-21,frequency_rate,claims per million hours worked,,True,False,Table 2.2
occupation,10,2020-21,incidence_rate,"claims per 1,000 employees",,True,False,Table 2.3
occupation,10,2020-21,median_compensation,AUD,,True,False,Table 2.4
occupation,10,2020-21,median_time_lost,weeks,,True,False,Table 2.5
occupation,10,2021-22,claim_count,claims,,True,False,Table 2.1
occupation,10,2021-22,frequency_rate,claims per million hours worked,,True,False,Table 2.2
occupation,10,2021-22,incidence_rate,"claims per 1,000 employees",,True,False,Table 2.3
occupation,10,2021-22,median_compensation,AUD,,True,False,Table 2.4
occupation,10,2021-22,median_time_lost,weeks,,True,False,Table 2.5
occupation,10,2022-23,claim_count,claims,,True,False,Table 2.1
occupation,10,2022-23,frequency_rate,claims per million hours worked,,True,False,Table 2.2
occupation,10,2022-23,incidence_rate,"claims per 1,000 employees",,True,False,Table 2.3
occupation,10,2022-23,median_compensation,AUD,,True,False,Table 2.4
occupation,10,2022-23,median_time_lost,weeks,,True,False,Table 2.5
occupation,10,2023-24,claim_count,claims,,True,True,Table 2.1
occupation,10,2023-24,frequency_rate,claims per million hours worked,,True,True,Table 2.2
occupation,10,2023-24,incidence_rate,"claims per 1,000 employees",,True,True,Table 2.3
occupation,10,2023-24,median_compensation,AUD,,True,True,Table 2.4
occupation,10,2023-24,median_time_lost,weeks,,True,True,Table 2.5
occupation,11,2014-15,claim_count,claims,555.0,False,False,Table 2.1
occupation,11,2014-15,frequency_rate,claims per million hours worked,2.466111255375397,False,False,Table 2.2
occupation,11,2014-15,incidence_rate,"claims per 1,000 employees",5.365090900905149,False,False,Table 2.3
occupation,11,2014-15,median_compensation,AUD,24401.0,False,False,Table 2.4
occupation,11,2014-15,median_time_lost,weeks,8.0,False,False,Table 2.5
occupation,11,2015-16,claim_count,claims,605.0,False,False,Table 2.1
occupation,11,2015-16,frequency_rate,claims per million hours worked,2.2250660617409292,False,False,Table 2.2
occupation,11,2015-16,incidence_rate,"claims per 1,000 employees",4.9227094330436945,False,False,Table 2.3
occupation,11,2015-16,median_compensation,AUD,25153.0,False,False,Table 2.4
occupation,11,2015-16,median_time_lost,weeks,9.351763157894737,False,False,Table 2.5
occupation,11,2016-17,claim_count,claims,692.0,False,False,Table 2.1
occupation,11,2016-17,frequency_rate,claims per million hours worked,2.877224532722461,False,False,Table 2.2
occupation,11,2016-17,incidence_rate,"claims per 1,000 employees",6.289047792068214,False,False,Table 2.3
occupation,11,2016-17,median_compensation,AUD,26622.0,False,False,Table 2.4
occupation,11,2016-17,median_time_lost,weeks,9.5,False,False,Table 2.5
occupation,11,2017-18,claim_count,claims,613.0,False,False,Table 2.1
occupation,11,2017-18,frequency_rate,claims per million hours worked,2.962103589339608,False,False,Table 2.2
occupation,11,2017-18,incidence_rate,"claims per 1,000 employees",6.3767785268998365,False,False,Table 2.3
occupation,11,2017-18,median_compensation,AUD,31074.0,False,False,Table 2.4
occupation,11,2017-18,median_time_lost,weeks,11.4,False,False,Table 2.5
occupation,11,2018-19,claim_count,claims,509.0,False,False,Table 2.1
occupation,11,2018-19,frequency_rate,claims per million hours worked,2.320158857241128,False,False,Table 2.2
occupation,11,2018-19,incidence_rate,"claims per 1,000 employees",4.8521353112118035,False,False,Table 2.3
occupation,11,2018-19,median_compensation,AUD,39209.0,False,False,Table 2.4
occupation,11,2018-19,median_time_lost,weeks,14.0,False,False,Table 2.5
occupation,11,2019-20,claim_count,claims,682.0,False,False,Table 2.1
occupation,11,2019-20,frequency_rate,claims per million hours worked,3.7423686399361396,False,False,Table 2.2
occupation,11,2019-20,incidence_rate,"claims per 1,000 employees",7.702360716996404,False,False,Table 2.3
occupation,11,2019-20,median_compensation,AUD,39512.0,False,False,Table 2.4
occupation,11,2019-20,median_time_lost,weeks,15.205263157894738,False,False,Table 2.5
occupation,11,2020-21,claim_count,claims,825.0,False,False,Table 2.1
occupation,11,2020-21,frequency_rate,claims per million hours worked,4.0213436431080245,False,False,Table 2.2
occupation,11,2020-21,incidence_rate,"claims per 1,000 employees",8.112256947763811,False,False,Table 2.3
occupation,11,2020-21,median_compensation,AUD,37393.0,False,False,Table 2.4
occupation,11,2020-21,median_time_lost,weeks,15.594340637664528,False,False,Table 2.5
occupation,11,2021-22,claim_count,claims,880.0,False,False,Table 2.1
occupation,11,2021-22,frequency_rate,claims per million hours worked,3.424354556577977,False,False,Table 2.2
occupation,11,2021-22,incidence_rate,"claims per 1,000 employees",6.922837033745263,False,False,Table 2.3
occupation,11,2021-22,median_compensation,AUD,36072.0,False,False,Table 2.4
occupation,11,2021-22,median_time_lost,weeks,13.912467105263158,False,False,Table 2.5
occupation,11,2022-23,claim_count,claims,910.0,False,False,Table 2.1
occupation,11,2022-23,frequency_rate,claims per million hours worked,3.1275105778865098,False,False,Table 2.2
occupation,11,2022-23,incidence_rate,"claims per 1,000 employees",6.444368914030035,False,False,Table 2.3
occupation,11,2022-23,median_compensation,AUD,49155.0,False,False,Table 2.4
occupation,11,2022-23,median_time_lost,weeks,17.353534167622808,False,False,Table 2.5
occupation,11,2023-24,claim_count,claims,968.0,False,True,Table 2.1
occupation,11,2023-24,frequency_rate,claims per million hours worked,3.777686680194967,False,True,Table 2.2
occupation,11,2023-24,incidence_rate,"claims per 1,000 employees",7.542316053151688,False,True,Table 2.3
occupation,11,2023-24,median_compensation,AUD,,True,True,Table 2.4
occupation,11,2023-24,median_time_lost,weeks,,True,True,Table 2.5
occupation,12,2014-15,claim_count,claims,353.0,False,False,Table 2.1
occupation,12,2014-15,frequency_rate,claims per million hours worked,2.4638620290367346,False,False,Table 2.2
occupation,12,2014-15,incidence_rate,"claims per 1,000 employees",5.661049511746133,False,False,Table 2.3
occupation,12,2014-15,median_compensation,AUD,9662.5,False,False,Table 2.4
occupation,12,2014-15,median_time_lost,weeks,4.782608695652174,False,False,Table 2.5
occupation,12,2015-16,claim_count,claims,348.0,False,False,Table 2.1
occupation,12,2015-16,frequency_rate,claims per million hours worked,2.251055223910395,False,False,Table 2.2
occupation,12,2015-16,incidence_rate,"claims per 1,000 employees",5.367784588272584,False,False,Table 2.3
occupation,12,2015-16,median_compensation,AUD,10922.5,False,False,Table 2.4
occupation,12,2015-16,median_time_lost,weeks,5.4125,False,False,Table 2.5
occupation,12,2016-17,claim_count,claims,348.0,False,False,Table 2.1
occupation,12,2016-17,frequency_rate,claims per million hours worked,2.530469636051898,False,False,Table 2.2
occupation,12,2016-17,incidence_rate,"claims per 1,000 employees",6.223538551228119,False,False,Table 2.3
occupation,12,2016-17,median_compensation,AUD,16910.0,False,False,Table 2.4
occupation,12,2016-17,median_time_lost,weeks,7.0,False,False,Table 2.5
occupation,12,2017-18,claim_count,claims,379.0,False,False,Table 2.1
occupation,12,2017-18,frequency_rate,claims per million hours worked,2.4267116016588397,False,False,Table 2.2
occupation,12,2017-18,incidence_rate,"claims per 1,000 employees",5.579459615554145,False,False,Table 2.3
occupation,12,2017-18,median_compensation,AUD,14982.0,False,False,Table 2.4
occupation,12,2017-18,median_time_lost,weeks,6.6,False,False,Table 2.5
occupation,12,2018-19,claim_count,claims,466.0,False,False,Table 2.1
occupation,12,2018-19,frequency_rate,claims per million hours worked,3.149048627474997,False,False,Table 2.2
occupation,12,2018-19,incidence_rate,"claims per 1,000 employees",6.8058504149862955,False,False,Table 2.3
occupation,12,2018-19,median_compensation,AUD,15702.5,False,False,Table 2.4
occupation,12,2018-19,median_time_lost,weeks,6.3999999999999995,False,False,Table 2.5
occupation,12,2019-20,claim_count,claims,468.0,False,False,Table 2.1
occupation,12,2019-20,frequency_rate,claims per million hours worked,2.5403159659558288,False,False,Table 2.2
occupation,12,2019-20,incidence_rate,"claims per 1,000 employees",5.981393897802458,False,False,Table 2.3
occupation,12,2019-20,median_compensation,AUD,12445.0,False,False,Table 2.4
occupation,12,2019-20,median_time_lost,weeks,6.025439357894879,False,False,Table 2.5
occupation,12,2020-21,claim_count,claims,495.0,False,False,Table 2.1
occupation,12,2020-21,frequency_rate,claims per million hours worked,3.1029576784451773,False,False,Table 2.2
occupation,12,2020-21,incidence_rate,"claims per 1,000 employees",6.667582414932085,False,False,Table 2.3
occupation,12,2020-21,median_compensation,AUD,12962.5,False,False,Table 2.4
occupation,12,2020-21,median_time_lost,weeks,6.000073847062733,False,False,Table 2.5
occupation,12,2021-22,claim_count,claims,469.0,False,False,Table 2.1
occupation,12,2021-22,frequency_rate,claims per million hours worked,2.991354372285582,False,False,Table 2.2
occupation,12,2021-22,incidence_rate,"claims per 1,000 employees",6.565981914481044,False,False,Table 2.3
occupation,12,2021-22,median_compensation,AUD,15067.0,False,False,Table 2.4
occupation,12,2021-22,median_time_lost,weeks,7.200291538334939,False,False,Table 2.5
occupation,12,2022-23,claim_count,claims,428.0,False,False,Table 2.1
occupation,12,2022-23,frequency_rate,claims per million hours worked,3.023627718222555,False,False,Table 2.2
occupation,12,2022-23,incidence_rate,"claims per 1,000 employees",6.531386169343582,False,False,Table 2.3
occupation,12,2022-23,median_compensation,AUD,17898.0,False,False,Table 2.4
occupation,12,2022-23,median_time_lost,weeks,7.6000000000000005,False,False,Table 2.5
occupation,12,2023-24,claim_count,claims,463.0,False,True,Table 2.1
occupation,12,2023-24,frequency_rate,claims per million hours worked,2.7084046569557048,False,True,Table 2.2
occupation,12,2023-24,incidence_rate,"claims per 1,000 employees",6.2278847091193095,False,True,Table 2.3
occupation,12,2023-24,median_compensation,AUD,,True,True,Table 2.4
occupation,12,2023-24,median_time_lost,weeks,,True,True,Table 2.5
occupation,13,2014-15,claim_count,claims,2073.0,False,False,Table 2.1
occupation,13,2014-15,frequency_rate,claims per million hours worked,1.456473433079035,False,False,Table 2.2
occupation,13,2014-15,incidence_rate,"claims per 1,000 employees",3.074472598892247,False,False,Table 2.3
occupation,13,2014-15,median_compensation,AUD,19696.0,False,False,Table 2.4
occupation,13,2014-15,median_time_lost,weeks,7.1000000000000005,False,False,Table 2.5
occupation,13,2015-16,claim_count,claims,2040.0,False,False,Table 2.1
occupation,13,2015-16,frequency_rate,claims per million hours worked,1.4754442051281251,False,False,Table 2.2
occupation,13,2015-16,incidence_rate,"claims per 1,000 employees",3.0521928972982777,False,False,Table 2.3
occupation,13,2015-16,median_compensation,AUD,21033.5,False,False,Table 2.4
occupation,13,2015-16,median_time_lost,weeks,8.0,False,False,Table 2.5
occupation,13,2016-17,claim_count,claims,2101.0,False,False,Table 2.1
occupation,13,2016-17,frequency_rate,claims per million hours worked,1.4372473620499373,False,False,Table 2.2
occupation,13,2016-17,incidence_rate,"claims per 1,000 employees",2.943049360921046,False,False,Table 2.3
occupation,13,2016-17,median_compensation,AUD,23824.0,False,False,Table 2.4
occupation,13,2016-17,median_time_lost,weeks,8.722222222222221,False,False,Table 2.5
occupation,13,2017-18,claim_count,claims,2314.0,False,False,Table 2.1
occupation,13,2017-18,frequency_rate,claims per million hours worked,1.5248958814437443,False,False,Table 2.2
occupation,13,2017-18,incidence_rate,"claims per 1,000 employees",3.120968920490504,False,False,Table 2.3
occupation,13,2017-18,median_compensation,AUD,25096.0,False,False,Table 2.4
occupation,13,2017-18,median_time_lost,weeks,9.582894736842105,False,False,Table 2.5
occupation,13,2018-19,claim_count,claims,2955.0,False,False,Table 2.1
occupation,13,2018-19,frequency_rate,claims per million hours worked,1.962805918134049,False,False,Table 2.2
occupation,13,2018-19,incidence_rate,"claims per 1,000 employees",3.985392538769484,False,False,Table 2.3
occupation,13,2018-19,median_compensation,AUD,24935.0,False,False,Table 2.4
occupation,13,2018-19,median_time_lost,weeks,8.454884353741496,False,False,Table 2.5
occupation,13,2019-20,claim_count,claims,3059.0,False,False,Table 2.1
occupation,13,2019-20,frequency_rate,claims per million hours worked,1.9270202934253489,False,False,Table 2.2
occupation,13,2019-20,incidence_rate,"claims per 1,000 employees",3.877016809785038,False,False,Table 2.3
occupation,13,2019-20,median_compensation,AUD,24887.0,False,False,Table 2.4
occupation,13,2019-20,median_time_lost,weeks,8.4,False,False,Table 2.5
occupation,13,2020-21,claim_count,claims,3097.0,False,False,Table 2.1
occupation,13,2020-21,frequency_rate,claims per million hours worked,1.7906336688734859,False,False,Table 2.2
occupation,13,2020-21,incidence_rate,"claims per 1,000 employees",3.561909090009799,False,False,Table 2.3
occupation,13,2020-21,median_compensation,AUD,25189.0,False,False,Table 2.4
occupation,13,2020-21,median_time_lost,weeks,9.0,False,False,Table 2.5
occupation,13,2021-22,claim_count,claims,2695.0,False,False,Table 2.1
occupation,13,2021-22,frequency_rate,claims per million hours worked,1.563416608507763,False,False,Table 2.2
occupation,13,2021-22,incidence_rate,"claims per 1,000 employees",3.06439196228135,False,False,Table 2.3
occupation,13,2021-22,median_compensation,AUD,33167.0,False,False,Table 2.4
occupation,13,2021-22,median_time_lost,weeks,12.0,False,False,Table 2.5
occupation,13,2022-23,claim_count,claims,3299.0,False,False,Table 2.1
occupation,13,2022-23,frequency_rate,claims per million hours worked,1.7909270100805255,False,False,Table 2.2
occupation,13,2022-23,incidence_rate,"claims per 1,000 employees",3.5057892846982828,False,False,Table 2.3
occupation,13,2022-23,median_compensation,AUD,34748.0,False,False,Table 2.4
occupation,13,2022-23,median_time_lost,weeks,11.251763157894738,False,False,Table 2.5
occupation,13,2023-24,claim_count,claims,3565.0,False,True,Table 2.1
occupation,13,2023-24,frequency_rate,claims per million hours worked,1.9190753068405633,False,True,Table 2.2
occupation,13,2023-24,incidence_rate,"claims per 1,000 employees",3.748296187383467,False,True,Table 2.3
occupation,13,2023-24,median_compensation,AUD,,True,True,Table 2.4
occupation,13,2023-24,median_time_lost,weeks,,True,True,Table 2.5
occupation,14,2014-15,claim_count,claims,1574.0,False,False,Table 2.1
occupation,14,2014-15,frequency_rate,claims per million hours worked,1.7852901930247516,False,False,Table 2.2
occupation,14,2014-15,incidence_rate,"claims per 1,000 employees",3.5633783376550183,False,False,Table 2.3
occupation,14,2014-15,median_compensation,AUD,13184.5,False,False,Table 2.4
occupation,14,2014-15,median_time_lost,weeks,6.4,False,False,Table 2.5
occupation,14,2015-16,claim_count,claims,1535.0,False,False,Table 2.1
occupation,14,2015-16,frequency_rate,claims per million hours worked,1.7518496319306291,False,False,Table 2.2
occupation,14,2015-16,incidence_rate,"claims per 1,000 employees",3.490953181148244,False,False,Table 2.3
occupation,14,2015-16,median_compensation,AUD,14362.0,False,False,Table 2.4
occupation,14,2015-16,median_time_lost,weeks,7.029288702928871,False,False,Table 2.5
occupation,14,2016-17,claim_count,claims,1621.0,False,False,Table 2.1
occupation,14,2016-17,frequency_rate,claims per million hours worked,1.845064819347906,False,False,Table 2.2
occupation,14,2016-17,incidence_rate,"claims per 1,000 employees",3.6620583524907255,False,False,Table 2.3
occupation,14,2016-17,median_compensation,AUD,16557.0,False,False,Table 2.4
occupation,14,2016-17,median_time_lost,weeks,7.7894736842105265,False,False,Table 2.5
occupation,14,2017-18,claim_count,claims,1564.0,False,False,Table 2.1
occupation,14,2017-18,frequency_rate,claims per million hours worked,1.6663101914591738,False,False,Table 2.2
occupation,14,2017-18,incidence_rate,"claims per 1,000 employees",3.3013831735349384,False,False,Table 2.3
occupation,14,2017-18,median_compensation,AUD,17317.0,False,False,Table 2.4
occupation,14,2017-18,median_time_lost,weeks,8.343091810344827,False,False,Table 2.5
occupation,14,2018-19,claim_count,claims,1697.0,False,False,Table 2.1
occupation,14,2018-19,frequency_rate,claims per million hours worked,1.8705742749596745,False,False,Table 2.2
occupation,14,2018-19,incidence_rate,"claims per 1,000 employees",3.691908499297891,False,False,Table 2.3
occupation,14,2018-19,median_compensation,AUD,17844.0,False,False,Table 2.4
occupation,14,2018-19,median_time_lost,weeks,8.789473684210526,False,False,Table 2.5
occupation,14,2019-20,claim_count,claims,1815.0,False,False,Table 2.1
occupation,14,2019-20,frequency_rate,claims per million hours worked,2.179383491041178,False,False,Table 2.2
occupation,14,2019-20,incidence_rate,"claims per 1,000 employees",4.139746464979344,False,False,Table 2.3
occupation,14,2019-20,median_compensation,AUD,20183.0,False,False,Table 2.4
occupation,14,2019-20,median_time_lost,weeks,10.0,False,False,Table 2.5
occupation,14,2020-21,claim_count,claims,1787.0,False,False,Table 2.1
occupation,14,2020-21,frequency_rate,claims per million hours worked,2.1624930837834295,False,False,Table 2.2
occupation,14,2020-21,incidence_rate,"claims per 1,000 employees",4.004225357035072,False,False,Table 2.3
occupation,14,2020-21,median_compensation,AUD,20883.0,False,False,Table 2.4
occupation,14,2020-21,median_time_lost,weeks,9.778837837837838,False,False,Table 2.5
occupation,14,2021-22,claim_count,claims,1856.0,False,False,Table 2.1
occupation,14,2021-22,frequency_rate,claims per million hours worked,2.2417811174540314,False,False,Table 2.2
occupation,14,2021-22,incidence_rate,"claims per 1,000 employees",4.105809142638306,False,False,Table 2.3
occupation,14,2021-22,median_compensation,AUD,17568.0,False,False,Table 2.4
occupation,14,2021-22,median_time_lost,weeks,8.176094971062355,False,False,Table 2.5
occupation,14,2022-23,claim_count,claims,2089.0,False,False,Table 2.1
occupation,14,2022-23,frequency_rate,claims per million hours worked,2.2683140166170017,False,False,Table 2.2
occupation,14,2022-23,incidence_rate,"claims per 1,000 employees",4.162040351072221,False,False,Table 2.3
occupation,14,2022-23,median_compensation,AUD,21684.5,False,False,Table 2.4
occupation,14,2022-23,median_time_lost,weeks,10.0,False,False,Table 2.5
occupation,14,2023-24,claim_count,claims,2449.0,False,True,Table 2.1
occupation,14,2023-24,frequency_rate,claims per million hours worked,2.645063277780883,False,True,Table 2.2
occupation,14,2023-24,incidence_rate,"claims per 1,000 employees",4.872805517755438,False,True,Table 2.3
occupation,14,2023-24,median_compensation,AUD,,True,True,Table 2.4
occupation,14,2023-24,median_time_lost,weeks,,True,True,Table 2.5
occupation,2,2014-15,claim_count,claims,10865.0,False,False,Table 2.1
occupation,2,2014-15,frequency_rate,claims per million hours worked,2.457669246931301,False,False,Table 2.2
occupation,2,2014-15,incidence_rate,"claims per 1,000 employees",4.218149237033424,False,False,Table 2.3
occupation,2,2014-15,median_compensation,AUD,12770.0,False,False,Table 2.4
occupation,2,2014-15,median_time_lost,weeks,5.7,False,False,Table 2.5
occupation,2,2015-16,claim_count,claims,9677.0,False,False,Table 2.1
occupation,2,2015-16,frequency_rate,claims per million hours worked,2.1203995918072116,False,False,Table 2.2
occupation,2,2015-16,incidence_rate,"claims per 1,000 employees",3.631668214340977,False,False,Table 2.3
occupation,2,2015-16,median_compensation,AUD,14100.0,False,False,Table 2.4
occupation,2,2015-16,median_time_lost,weeks,6.0,False,False,Table 2.5
occupation,2,2016-17,claim_count,claims,10760.0,False,False,Table 2.1
occupation,2,2016-17,frequency_rate,claims per million hours worked,2.2784794661877403,False,False,Table 2.2
occupation,2,2016-17,incidence_rate,"claims per 1,000 employees",3.883415984132175,False,False,Table 2.3
occupation,2,2016-17,median_compensation,AUD,15411.0,False,False,Table 2.4
occupation,2,2016-17,median_time_lost,weeks,6.439205342344666,False,False,Table 2.5
occupation,2,2017-18,claim_count,claims,10860.0,False,False,Table 2.1
occupation,2,2017-18,frequency_rate,claims per million hours worked,2.196906567682833,False,False,Table 2.2
occupation,2,2017-18,incidence_rate,"claims per 1,000 employees",3.7543922743487164,False,False,Table 2.3
occupation,2,2017-18,median_compensation,AUD,16335.5,False,False,Table 2.4
occupation,2,2017-18,median_time_lost,weeks,7.0,False,False,Table 2.5
occupation,2,2018-19,claim_count,claims,12071.0,False,False,Table 2.1
occupation,2,2018-19,frequency_rate,claims per million hours worked,2.3855448197007245,False,False,Table 2.2
occupation,2,2018-19,incidence_rate,"claims per 1,000 employees",4.038076214193849,False,False,Table 2.3
occupation,2,2018-19,median_compensation,AUD,17341.0,False,False,Table 2.4
occupation,2,2018-19,median_time_lost,weeks,7.136000000000001,False,False,Table 2.5
occupation,2,2019-20,claim_count,claims,12297.0,False,False,Table 2.1
occupation,2,2019-20,frequency_rate,claims per million hours worked,2.3445839646299333,False,False,Table 2.2
occupation,2,2019-20,incidence_rate,"claims per 1,000 employees",3.9817781864347506,False,False,Table 2.3
occupation,2,2019-20,median_compensation,AUD,18345.5,False,False,Table 2.4
occupation,2,2019-20,median_time_lost,weeks,7.524675324675324,False,False,Table 2.5
occupation,2,2020-21,claim_count,claims,14507.0,False,False,Table 2.1
occupation,2,2020-21,frequency_rate,claims per million hours worked,2.6548198346241803,False,False,Table 2.2
occupation,2,2020-21,incidence_rate,"claims per 1,000 employees",4.490335669655808,False,False,Table 2.3
occupation,2,2020-21,median_compensation,AUD,19029.5,False,False,Table 2.4
occupation,2,2020-21,median_time_lost,weeks,8.2,False,False,Table 2.5
occupation,2,2021-22,claim_count,claims,14894.0,False,False,Table 2.1
occupation,2,2021-22,frequency_rate,claims per million hours worked,2.726356758826346,False,False,Table 2.2
occupation,2,2021-22,incidence_rate,"claims per 1,000 employees",4.579343592628413,False,False,Table 2.3
occupation,2,2021-22,median_compensation,AUD,15514.5,False,False,Table 2.4
occupation,2,2021-22,median_time_lost,weeks,6.37207269449703,False,False,Table 2.5
occupation,2,2022-23,claim_count,claims,17841.0,False,False,Table 2.1
occupation,2,2022-23,frequency_rate,claims per million hours worked,3.079249071225962,False,False,Table 2.2
occupation,2,2022-23,incidence_rate,"claims per 1,000 employees",5.144102709449413,False,False,Table 2.3
occupation,2,2022-23,median_compensation,AUD,16214.0,False,False,Table 2.4
occupation,2,2022-23,median_time_lost,weeks,6.516071428571428,False,False,Table 2.5
occupation,2,2023-24,claim_count,claims,17203.0,False,True,Table 2.1
occupation,2,2023-24,frequency_rate,claims per million hours worked,2.8694564941824288,False,True,Table 2.2
occupation,2,2023-24,incidence_rate,"claims per 1,000 employees",4.742942929253926,False,True,Table 2.3
occupation,2,2023-24,median_compensation,AUD,,True,True,Table 2.4
occupation,2,2023-24,median_time_lost,weeks,,True,True,Table 2.5
occupation,20,2014-15,claim_count,claims,,True,False,Table 2.1
occupation,20,2014-15,frequency_rate,claims per million hours worked,,True,False,Table 2.2
occupation,20,2014-15,incidence_rate,"claims per 1,000 employees",,True,False,Table 2.3
occupation,20,2014-15,median_compensation,AUD,,True,False,Table 2.4
occupation,20,2014-15,median_time_lost,weeks,,True,False,Table 2.5
occupation,20,2015-16,claim_count,claims,,True,False,Table 2.1
occupation,20,2015-16,frequency_rate,claims per million hours worked,,True,False,Table 2.2
occupation,20,2015-16,incidence_rate,"claims per 1,000 employees",,True,False,Table 2.3
occupation,20,2015-16,median_compensation,AUD,,True,False,Table 2.4
occupation,20,2015-16,median_time_lost,weeks,,True,False,Table 2.5
occupation,20,2016-17,claim_count,claims,,True,False,Table 2.1
occupation,20,2016-17,frequency_rate,claims per million hours worked,,True,False,Table 2.2
occupation,20,2016-17,incidence_rate,"claims per 1,000 employees",,True,False,Table 2.3
occupation,20,2016-17,median_compensation,AUD,,True,False,Table 2.4
occupation,20,2016-17,median_time_lost,weeks,,True,False,Table 2.5
occupation,20,2017-18,claim_count,claims,,True,False,Table 2.1
occupation,20,2017-18,frequency_rate,claims per million hours worked,,True,False,Table 2.2
occupation,20,2017-18,incidence_rate,"claims per 1,000 employees",,True,False,Table 2.3
occupation,20,2017-18,median_compensation,AUD,,True,False,Table 2.4
occupation,20,2017-18,median_time_lost,weeks,,True,False,Table 2.5
occupation,20,2018-19,claim_count,claims,,True,False,Table 2.1
occupation,20,2018-19,frequency_rate,claims per million hours worked,,True,False,Table 2.2
occupation,20,2018-19,incidence_rate,"claims per 1,000 employees",,True,False,Table 2.3
occupation,20,2018-19,median_compensation,AUD,,True,False,Table 2.4
occupation,20,2018-19,median_time_lost,weeks,,True,False,Table 2.5
occupation,20,2019-20,claim_count,claims,,True,False,Table 2.1
occupation,20,2019-20,frequency_rate,claims per million hours worked,,True,False,Table 2.2
occupation,20,2019-20,incidence_rate,"claims per 1,000 employees",,True,False,Table 2.3
occupation,20,2019-20,median_compensation,AUD,,True,False,Table 2.4
occupation,20,2019-20,median_time_lost,weeks,,True,False,Table 2.5
occupation,20,2020-21,claim_count,claims,,True,False,Table 2.1
occupation,20,2020-21,frequency_rate,claims per million hours worked,,True,False,Table 2.2
occupation,20,2020-21,incidence_rate,"claims per 1,000 employees",,True,False,Table 2.3
occupation,20,2020-21,median_compensation,AUD,,True,False,Table 2.4
occupation,20,2020-21,median_time_lost,weeks,,True,False,Table 2.5
occupation,20,2021-22,claim_count,claims,,True,False,Table 2.1
occupation,20,2021-22,frequency_rate,claims per million hours worked,,True,False,Table 2.2
occupation,20,2021-22,incidence_rate,"claims per 1,000 employees",,True,False,Table 2.3
occupation,20,2021-22,median_compensation,AUD,,True,False,Table 2.4
occupation,20,2021-22,median_time_lost,weeks,,True,False,Table 2.5
occupation,20,2022-23,claim_count,claims,,True,False,Table 2.1
occupation,20,2022-23,frequency_rate,claims per million hours worked,,True,False,Table 2.2
occupation,20,2022-23,incidence_rate,"claims per 1,000 employees",,True,False,Table 2.3
occupation,20,2022-23,median_compensation,AUD,,True,False,Table 2.4
occupation,20,2022-23,median_time_lost,weeks,,True,False,Table 2.5
occupation,20,2023-24,claim_count,claims,,True,True,Table 2.1
occupation,20,2023-24,frequency_rate,claims per million hours worked,,True,True,Table 2.2
occupation,20,2023-24,incidence_rate,"claims per 1,000 employees",,True,True,Table 2.3
occupation,20,2023-24,median_compensation,AUD,,True,True,Table 2.4
occupation,20,2023-24,median_time_lost,weeks,,True,True,Table 2.5
occupation,21,2014-15,claim_count,claims,271.0,False,False,Table 2.1
occupation,21,2014-15,frequency_rate,claims per million hours worked,2.6845020818798937,False,False,Table 2.2
occupation,21,2014-15,incidence_rate,"claims per 1,000 employees",4.488821131119108,False,False,Table 2.3
occupation,21,2014-15,median_compensation,AUD,11924.5,False,False,Table 2.4
occupation,21,2014-15,median_time_lost,weeks,6.333333333333333,False,False,Table 2.5
occupation,21,2015-16,claim_count,claims,265.0,False,False,Table 2.1
occupation,21,2015-16,frequency_rate,claims per million hours worked,2.2983924043653667,False,False,Table 2.2
occupation,21,2015-16,incidence_rate,"claims per 1,000 employees",3.7298639009682613,False,False,Table 2.3
occupation,21,2015-16,median_compensation,AUD,14958.0,False,False,Table 2.4
occupation,21,2015-16,median_time_lost,weeks,6.102631578947369,False,False,Table 2.5
occupation,21,2016-17,claim_count,claims,259.0,False,False,Table 2.1
occupation,21,2016-17,frequency_rate,claims per million hours worked,2.50230868592795,False,False,Table 2.2
occupation,21,2016-17,incidence_rate,"claims per 1,000 employees",3.896605764117411,False,False,Table 2.3
occupation,21,2016-17,median_compensation,AUD,20122.0,False,False,Table 2.4
occupation,21,2016-17,median_time_lost,weeks,8.714285714285714,False,False,Table 2.5
occupation,21,2017-18,claim_count,claims,272.0,False,False,Table 2.1
occupation,21,2017-18,frequency_rate,claims per million hours worked,2.495755790884271,False,False,Table 2.2
occupation,21,2017-18,incidence_rate,"claims per 1,000 employees",4.013954429200116,False,False,Table 2.3
occupation,21,2017-18,median_compensation,AUD,16216.5,False,False,Table 2.4
occupation,21,2017-18,median_time_lost,weeks,8.119908609031095,False,False,Table 2.5
occupation,21,2018-19,claim_count,claims,319.0,False,False,Table 2.1
occupation,21,2018-19,frequency_rate,claims per million hours worked,3.0460592210622464,False,False,Table 2.2
occupation,21,2018-19,incidence_rate,"claims per 1,000 employees",4.9133635826288256,False,False,Table 2.3
occupation,21,2018-19,median_compensation,AUD,21685.0,False,False,Table 2.4
occupation,21,2018-19,median_time_lost,weeks,9.4,False,False,Table 2.5
occupation,21,2019-20,claim_count,claims,309.0,False,False,Table 2.1
occupation,21,2019-20,frequency_rate,claims per million hours worked,2.721758644519668,False,False,Table 2.2
occupation,21,2019-20,incidence_rate,"claims per 1,000 employees",4.462517030663283,False,False,Table 2.3
occupation,21,2019-20,median_compensation,AUD,20265.5,False,False,Table 2.4
occupation,21,2019-20,median_time_lost,weeks,9.0,False,False,Table 2.5
occupation,21,2020-21,claim_count,claims,318.0,False,False,Table 2.1
occupation,21,2020-21,frequency_rate,claims per million hours worked,2.7346637118790795,False,False,Table 2.2
occupation,21,2020-21,incidence_rate,"claims per 1,000 employees",4.307615346179189,False,False,Table 2.3
occupation,21,2020-21,median_compensation,AUD,19992.5,False,False,Table 2.4
occupation,21,2020-21,median_time_lost,weeks,10.0,False,False,Table 2.5
occupation,21,2021-22,claim_count,claims,269.0,False,False,Table 2.1
occupation,21,2021-22,frequency_rate,claims per million hours worked,2.736651370411382,False,False,Table 2.2
occupation,21,2021-22,incidence_rate,"claims per 1,000 employees",4.27126344521515,False,False,Table 2.3
occupation,21,2021-22,median_compensation,AUD,20484.5,False,False,Table 2.4
occupation,21,2021-22,median_time_lost,weeks,9.2,False,False,Table 2.5
occupation,21,2022-23,claim_count,claims,295.0,False,False,Table 2.1
occupation,21,2022-23,frequency_rate,claims per million hours worked,2.9554023250870443,False,False,Table 2.2
occupation,21,2022-23,incidence_rate,"claims per 1,000 employees",4.431565787851817,False,False,Table 2.3
occupation,21,2022-23,median_compensation,AUD,25221.0,False,False,Table 2.4
occupation,21,2022-23,median_time_lost,weeks,10.200000000000001,False,False,Table 2.5
occupation,21,2023-24,claim_count,claims,313.0,False,True,Table 2.1
occupation,21,2023-24,frequency_rate,claims per million hours worked,2.7950029061737838,False,True,Table 2.2
occupation,21,2023-24,incidence_rate,"claims per 1,000 employees",4.166580938709026,False,True,Table 2.3
occupation,21,2023-24,median_compensation,AUD,,True,True,Table 2.4
occupation,21,2023-24,median_time_lost,weeks,,True,True,Table 2.5
occupation,22,2014-15,claim_count,claims,1378.0,False,False,Table 2.1
occupation,22,2014-15,frequency_rate,claims per million hours worked,1.2067643662599634,False,False,Table 2.2
occupation,22,2014-15,incidence_rate,"claims per 1,000 employees",2.2249365758556876,False,False,Table 2.3
occupation,22,2014-15,median_compensation,AUD,13568.0,False,False,Table 2.4
occupation,22,2014-15,median_time_lost,weeks,5.124997517378352,False,False,Table 2.5
occupation,22,2015-16,claim_count,claims,1220.0,False,False,Table 2.1
occupation,22,2015-16,frequency_rate,claims per million hours worked,1.0273572251848602,False,False,Table 2.2
occupation,22,2015-16,incidence_rate,"claims per 1,000 employees",1.8958493364750275,False,False,Table 2.3
occupation,22,2015-16,median_compensation,AUD,17258.0,False,False,Table 2.4
occupation,22,2015-16,median_time_lost,weeks,6.605263157894737,False,False,Table 2.5
occupation,22,2016-17,claim_count,claims,1429.0,False,False,Table 2.1
occupation,22,2016-17,frequency_rate,claims per million hours worked,1.1679322640886665,False,False,Table 2.2
occupation,22,2016-17,incidence_rate,"claims per 1,000 employees",2.103554182578956,False,False,Table 2.3
occupation,22,2016-17,median_compensation,AUD,17662.5,False,False,Table 2.4
occupation,22,2016-17,median_time_lost,weeks,6.6,False,False,Table 2.5
occupation,22,2017-18,claim_count,claims,1345.0,False,False,Table 2.1
occupation,22,2017-18,frequency_rate,claims per million hours worked,1.0541845055564687,False,False,Table 2.2
occupation,22,2017-18,incidence_rate,"claims per 1,000 employees",1.9336469726276273,False,False,Table 2.3
occupation,22,2017-18,median_compensation,AUD,20532.0,False,False,Table 2.4
occupation,22,2017-18,median_time_lost,weeks,7.819172413793104,False,False,Table 2.5
occupation,22,2018-19,claim_count,claims,1310.0,False,False,Table 2.1
occupation,22,2018-19,frequency_rate,claims per million hours worked,0.9911301918645935,False,False,Table 2.2
occupation,22,2018-19,incidence_rate,"claims per 1,000 employees",1.7782819501626794,False,False,Table 2.3
occupation,22,2018-19,median_compensation,AUD,22504.0,False,False,Table 2.4
occupation,22,2018-19,median_time_lost,weeks,8.7875,False,False,Table 2.5
occupation,22,2019-20,claim_count,claims,1220.0,False,False,Table 2.1
occupation,22,2019-20,frequency_rate,claims per million hours worked,0.9232599060182282,False,False,Table 2.2
occupation,22,2019-20,incidence_rate,"claims per 1,000 employees",1.6609004130697158,False,False,Table 2.3
occupation,22,2019-20,median_compensation,AUD,29272.5,False,False,Table 2.4
occupation,22,2019-20,median_time_lost,weeks,11.2,False,False,Table 2.5
occupation,22,2020-21,claim_count,claims,1795.0,False,False,Table 2.1
occupation,22,2020-21,frequency_rate,claims per million hours worked,1.2795881122459247,False,False,Table 2.2
occupation,22,2020-21,incidence_rate,"claims per 1,000 employees",2.3102093464865825,False,False,Table 2.3
occupation,22,2020-21,median_compensation,AUD,23626.5,False,False,Table 2.4
occupation,22,2020-21,median_time_lost,weeks,9.0,False,False,Table 2.5
occupation,22,2021-22,claim_count,claims,1602.0,False,False,Table 2.1
occupation,22,2021-22,frequency_rate,claims per million hours worked,1.13326013283372,False,False,Table 2.2
occupation,22,2021-22,incidence_rate,"claims per 1,000 employees",2.0256363041838834,False,False,Table 2.3
occupation,22,2021-22,median_compensation,AUD,20485.0,False,False,Table 2.4
occupation,22,2021-22,median_time_lost,weeks,8.0,False,False,Table 2.5
occupation,22,2022-23,claim_count,claims,2355.0,False,False,Table 2.1
occupation,22,2022-23,frequency_rate,claims per million hours worked,1.543818834241054,False,False,Table 2.2
occupation,22,2022-23,incidence_rate,"claims per 1,000 employees",2.758941846060015,False,False,Table 2.3
occupation,22,2022-23,median_compensation,AUD,24942.5,False,False,Table 2.4
occupation,22,2022-23,median_time_lost,weeks,9.25778272747838,False,False,Table 2.5
occupation,22,2023-24,claim_count,claims,1988.0,False,True,Table 2.1
occupation,22,2023-24,frequency_rate,claims per million hours worked,1.2298432798633656,False,True,Table 2.2
occupation,22,2023-24,incidence_rate,"claims per 1,000 employees",2.1961195389411503,False,True,Table 2.3
occupation,22,2023-24,median_compensation,AUD,,True,True,Table 2.4
occupation,22,2023-24,median_time_lost,weeks,,True,True,Table 2.5
occupation,23,2014-15,claim_count,claims,1392.0,False,False,Table 2.1
occupation,23,2014-15,frequency_rate,claims per million hours worked,1.9967156486919948,False,False,Table 2.2
occupation,23,2014-15,incidence_rate,"claims per 1,000 employees",3.767238187999462,False,False,Table 2.3
occupation,23,2014-15,median_compensation,AUD,14096.5,False,False,Table 2.4
occupation,23,2014-15,median_time_lost,weeks,6.394736842105263,False,False,Table 2.5
occupation,23,2015-16,claim_count,claims,1198.0,False,False,Table 2.1
occupation,23,2015-16,frequency_rate,claims per million hours worked,1.7742028444316136,False,False,Table 2.2
occupation,23,2015-16,incidence_rate,"claims per 1,000 employees",3.352813109936539,False,False,Table 2.3
occupation,23,2015-16,median_compensation,AUD,15483.0,False,False,Table 2.4
occupation,23,2015-16,median_time_lost,weeks,5.6000000000000005,False,False,Table 2.5
occupation,23,2016-17,claim_count,claims,1446.0,False,False,Table 2.1
occupation,23,2016-17,frequency_rate,claims per million hours worked,1.9398446100280822,False,False,Table 2.2
occupation,23,2016-17,incidence_rate,"claims per 1,000 employees",3.5915930393914937,False,False,Table 2.3
occupation,23,2016-17,median_compensation,AUD,16069.0,False,False,Table 2.4
occupation,23,2016-17,median_time_lost,weeks,6.2,False,False,Table 2.5
occupation,23,2017-18,claim_count,claims,1347.0,False,False,Table 2.1
occupation,23,2017-18,frequency_rate,claims per million hours worked,1.7864192635123235,False,False,Table 2.2
occupation,23,2017-18,incidence_rate,"claims per 1,000 employees",3.3277206776976027,False,False,Table 2.3
occupation,23,2017-18,median_compensation,AUD,17104.0,False,False,Table 2.4
occupation,23,2017-18,median_time_lost,weeks,7.2,False,False,Table 2.5
occupation,23,2018-19,claim_count,claims,1364.0,False,False,Table 2.1
occupation,23,2018-19,frequency_rate,claims per million hours worked,1.783631540188844,False,False,Table 2.2
occupation,23,2018-19,incidence_rate,"claims per 1,000 employees",3.2567493776515146,False,False,Table 2.3
occupation,23,2018-19,median_compensation,AUD,20944.0,False,False,Table 2.4
occupation,23,2018-19,median_time_lost,weeks,7.920495910133985,False,False,Table 2.5
occupation,23,2019-20,claim_count,claims,1302.0,False,False,Table 2.1
occupation,23,2019-20,frequency_rate,claims per million hours worked,1.6034244137798608,False,False,Table 2.2
occupation,23,2019-20,incidence_rate,"claims per 1,000 employees",2.930401217787485,False,False,Table 2.3
occupation,23,2019-20,median_compensation,AUD,16431.0,False,False,Table 2.4
occupation,23,2019-20,median_time_lost,weeks,6.021525490127187,False,False,Table 2.5
occupation,23,2020-21,claim_count,claims,1198.0,False,False,Table 2.1
occupation,23,2020-21,frequency_rate,claims per million hours worked,1.444006945963327,False,False,Table 2.2
occupation,23,2020-21,incidence_rate,"claims per 1,000 employees",2.6271031323589478,False,False,Table 2.3
occupation,23,2020-21,median_compensation,AUD,19054.0,False,False,Table 2.4
occupation,23,2020-21,median_time_lost,weeks,6.8,False,False,Table 2.5
occupation,23,2021-22,claim_count,claims,1303.0,False,False,Table 2.1
occupation,23,2021-22,frequency_rate,claims per million hours worked,1.6226728973175815,False,False,Table 2.2
occupation,23,2021-22,incidence_rate,"claims per 1,000 employees",2.9113687408698214,False,False,Table 2.3
occupation,23,2021-22,median_compensation,AUD,16817.5,False,False,Table 2.4
occupation,23,2021-22,median_time_lost,weeks,6.7894736842105265,False,False,Table 2.5
occupation,23,2022-23,claim_count,claims,1408.0,False,False,Table 2.1
occupation,23,2022-23,frequency_rate,claims per million hours worked,1.5949270127719368,False,False,Table 2.2
occupation,23,2022-23,incidence_rate,"claims per 1,000 employees",2.91550308727284,False,False,Table 2.3
occupation,23,2022-23,median_compensation,AUD,20860.0,False,False,Table 2.4
occupation,23,2022-23,median_time_lost,weeks,7.847368421052631,False,False,Table 2.5
occupation,23,2023-24,claim_count,claims,1496.0,False,True,Table 2.1
occupation,23,2023-24,frequency_rate,claims per million hours worked,1.6854117969150983,False,True,Table 2.2
occupation,23,2023-24,incidence_rate,"claims per 1,000 employees",3.0309679415267095,False,True,Table 2.3
occupation,23,2023-24,median_compensation,AUD,,True,True,Table 2.4
occupation,23,2023-24,median_time_lost,weeks,,True,True,Table 2.5
occupation,24,2014-15,claim_count,claims,3336.0,False,False,Table 2.1
occupation,24,2014-15,frequency_rate,claims per million hours worked,3.7593502268827885,False,False,Table 2.2
occupation,24,2014-15,incidence_rate,"claims per 1,000 employees",6.064978973979425,False,False,Table 2.3
occupation,24,2014-15,median_compensation,AUD,14118.0,False,False,Table 2.4
occupation,24,2014-15,median_time_lost,weeks,5.2,False,False,Table 2.5
occupation,24,2015-16,claim_count,claims,3052.0,False,False,Table 2.1
occupation,24,2015-16,frequency_rate,claims per million hours worked,3.4227556267128962,False,False,Table 2.2
occupation,24,2015-16,incidence_rate,"claims per 1,000 employees",5.4844355078529885,False,False,Table 2.3
occupation,24,2015-16,median_compensation,AUD,12974.0,False,False,Table 2.4
occupation,24,2015-16,median_time_lost,weeks,4.6571428571428575,False,False,Table 2.5
occupation,24,2016-17,claim_count,claims,3483.0,False,False,Table 2.1
occupation,24,2016-17,frequency_rate,claims per million hours worked,3.744743143580437,False,False,Table 2.2
occupation,24,2016-17,incidence_rate,"claims per 1,000 employees",6.074088643440391,False,False,Table 2.3
occupation,24,2016-17,median_compensation,AUD,15434.0,False,False,Table 2.4
occupation,24,2016-17,median_time_lost,weeks,5.6,False,False,Table 2.5
occupation,24,2017-18,claim_count,claims,3446.0,False,False,Table 2.1
occupation,24,2017-18,frequency_rate,claims per million hours worked,3.5299136053596336,False,False,Table 2.2
occupation,24,2017-18,incidence_rate,"claims per 1,000 employees",5.6699546162713865,False,False,Table 2.3
occupation,24,2017-18,median_compensation,AUD,17044.0,False,False,Table 2.4
occupation,24,2017-18,median_time_lost,weeks,6.0,False,False,Table 2.5
occupation,24,2018-19,claim_count,claims,3999.0,False,False,Table 2.1
occupation,24,2018-19,frequency_rate,claims per million hours worked,4.094371363749343,False,False,Table 2.2
occupation,24,2018-19,incidence_rate,"claims per 1,000 employees",6.615854051796609,False,False,Table 2.3
occupation,24,2018-19,median_compensation,AUD,17909.0,False,False,Table 2.4
occupation,24,2018-19,median_time_lost,weeks,6.394736842105263,False,False,Table 2.5
occupation,24,2019-20,claim_count,claims,4075.0,False,False,Table 2.1
occupation,24,2019-20,frequency_rate,claims per million hours worked,3.9884830119842345,False,False,Table 2.2
occupation,24,2019-20,incidence_rate,"claims per 1,000 employees",6.462251478551732,False,False,Table 2.3
occupation,24,2019-20,median_compensation,AUD,17598.0,False,False,Table 2.4
occupation,24,2019-20,median_time_lost,weeks,6.0,False,False,Table 2.5
occupation,24,2020-21,claim_count,claims,4583.0,False,False,Table 2.1
occupation,24,2020-21,frequency_rate,claims per million hours worked,4.478138047752898,False,False,Table 2.2
occupation,24,2020-21,incidence_rate,"claims per 1,000 employees",7.04960641572497,False,False,Table 2.3
occupation,24,2020-21,median_compensation,AUD,19747.0,False,False,Table 2.4
occupation,24,2020-21,median_time_lost,weeks,6.8,False,False,Table 2.5
occupation,24,2021-22,claim_count,claims,5136.0,False,False,Table 2.1
occupation,24,2021-22,frequency_rate,claims per million hours worked,4.878608558392069,False,False,Table 2.2
occupation,24,2021-22,incidence_rate,"claims per 1,000 employees",7.714076979967987,False,False,Table 2.3
occupation,24,2021-22,median_compensation,AUD,12053.0,False,False,Table 2.4
occupation,24,2021-22,median_time_lost,weeks,4.2,False,False,Table 2.5
occupation,24,2022-23,claim_count,claims,6680.0,False,False,Table 2.1
occupation,24,2022-23,frequency_rate,claims per million hours worked,6.50000590796099,False,False,Table 2.2
occupation,24,2022-23,incidence_rate,"claims per 1,000 employees",10.1589339433238,False,False,Table 2.3
occupation,24,2022-23,median_compensation,AUD,12985.0,False,False,Table 2.4
occupation,24,2022-23,median_time_lost,weeks,4.266666666666667,False,False,Table 2.5
occupation,24,2023-24,claim_count,claims,6120.0,False,True,Table 2.1
occupation,24,2023-24,frequency_rate,claims per million hours worked,5.949477939694978,False,True,Table 2.2
occupation,24,2023-24,incidence_rate,"claims per 1,000 employees",9.052749420848734,False,True,Table 2.3
occupation,24,2023-24,median_compensation,AUD,,True,True,Table 2.4
occupation,24,2023-24,median_time_lost,weeks,,True,True,Table 2.5
occupation,25,2014-15,claim_count,claims,3568.0,False,False,Table 2.1
occupation,25,2014-15,frequency_rate,claims per million hours worked,4.476742888690721,False,False,Table 2.2
occupation,25,2014-15,incidence_rate,"claims per 1,000 employees",6.747676249597657,False,False,Table 2.3
occupation,25,2014-15,median_compensation,AUD,10310.0,False,False,Table 2.4
occupation,25,2014-15,median_time_lost,weeks,5.748684210526315,False,False,Table 2.5
occupation,25,2015-16,claim_count,claims,3109.0,False,False,Table 2.1
occupation,25,2015-16,frequency_rate,claims per million hours worked,3.608489054211652,False,False,Table 2.2
occupation,25,2015-16,incidence_rate,"claims per 1,000 employees",5.443271247605737,False,False,Table 2.3
occupation,25,2015-16,median_compensation,AUD,12081.0,False,False,Table 2.4
occupation,25,2015-16,median_time_lost,weeks,6.498684210526315,False,False,Table 2.5
occupation,25,2016-17,claim_count,claims,3315.0,False,False,Table 2.1
occupation,25,2016-17,frequency_rate,claims per million hours worked,3.7785660952248703,False,False,Table 2.2
occupation,25,2016-17,incidence_rate,"claims per 1,000 employees",5.754636262297347,False,False,Table 2.3
occupation,25,2016-17,median_compensation,AUD,12652.0,False,False,Table 2.4
occupation,25,2016-17,median_time_lost,weeks,6.722222222222222,False,False,Table 2.5
occupation,25,2017-18,claim_count,claims,3572.0,False,False,Table 2.1
occupation,25,2017-18,frequency_rate,claims per million hours worked,3.8849053060521697,False,False,Table 2.2
occupation,25,2017-18,incidence_rate,"claims per 1,000 employees",5.873711706294903,False,False,Table 2.3
occupation,25,2017-18,median_compensation,AUD,12960.0,False,False,Table 2.4
occupation,25,2017-18,median_time_lost,weeks,7.002631578947368,False,False,Table 2.5
occupation,25,2018-19,claim_count,claims,4029.0,False,False,Table 2.1
occupation,25,2018-19,frequency_rate,claims per million hours worked,4.284894072263628,False,False,Table 2.2
occupation,25,2018-19,incidence_rate,"claims per 1,000 employees",6.463643287807071,False,False,Table 2.3
occupation,25,2018-19,median_compensation,AUD,13525.5,False,False,Table 2.4
occupation,25,2018-19,median_time_lost,weeks,6.584972972972973,False,False,Table 2.5
occupation,25,2019-20,claim_count,claims,4198.0,False,False,Table 2.1
occupation,25,2019-20,frequency_rate,claims per million hours worked,4.241479967239482,False,False,Table 2.2
occupation,25,2019-20,incidence_rate,"claims per 1,000 employees",6.4118934915293355,False,False,Table 2.3
occupation,25,2019-20,median_compensation,AUD,15030.0,False,False,Table 2.4
occupation,25,2019-20,median_time_lost,weeks,7.6000000000000005,False,False,Table 2.5
occupation,25,2020-21,claim_count,claims,5494.0,False,False,Table 2.1
occupation,25,2020-21,frequency_rate,claims per million hours worked,5.415179930487939,False,False,Table 2.2
occupation,25,2020-21,incidence_rate,"claims per 1,000 employees",8.101216431476626,False,False,Table 2.3
occupation,25,2020-21,median_compensation,AUD,15443.0,False,False,Table 2.4
occupation,25,2020-21,median_time_lost,weeks,8.215131578947368,False,False,Table 2.5
occupation,25,2021-22,claim_count,claims,5440.0,False,False,Table 2.1
occupation,25,2021-22,frequency_rate,claims per million hours worked,5.363622442846844,False,False,Table 2.2
occupation,25,2021-22,incidence_rate,"claims per 1,000 employees",8.050938589585995,False,False,Table 2.3
occupation,25,2021-22,median_compensation,AUD,14404.0,False,False,Table 2.4
occupation,25,2021-22,median_time_lost,weeks,7.113962752243117,False,False,Table 2.5
occupation,25,2022-23,claim_count,claims,5653.0,False,False,Table 2.1
occupation,25,2022-23,frequency_rate,claims per million hours worked,5.177837661167896,False,False,Table 2.2
occupation,25,2022-23,incidence_rate,"claims per 1,000 employees",7.605411775529352,False,False,Table 2.3
occupation,25,2022-23,median_compensation,AUD,13225.0,False,False,Table 2.4
occupation,25,2022-23,median_time_lost,weeks,6.5,False,False,Table 2.5
occupation,25,2023-24,claim_count,claims,5710.0,False,True,Table 2.1
occupation,25,2023-24,frequency_rate,claims per million hours worked,4.942612638428221,False,True,Table 2.2
occupation,25,2023-24,incidence_rate,"claims per 1,000 employees",7.206020514511522,False,True,Table 2.3
occupation,25,2023-24,median_compensation,AUD,,True,True,Table 2.4
occupation,25,2023-24,median_time_lost,weeks,,True,True,Table 2.5
occupation,26,2014-15,claim_count,claims,155.0,False,False,Table 2.1
occupation,26,2014-15,frequency_rate,claims per million hours worked,0.3476513756239096,False,False,Table 2.2
occupation,26,2014-15,incidence_rate,"claims per 1,000 employees",0.6636366039780401,False,False,Table 2.3
occupation,26,2014-15,median_compensation,AUD,12034.0,False,False,Table 2.4
occupation,26,2014-15,median_time_lost,weeks,3.4,False,False,Table 2.5
occupation,26,2015-16,claim_count,claims,145.0,False,False,Table 2.1
occupation,26,2015-16,frequency_rate,claims per million hours worked,0.3138399002851321,False,False,Table 2.2
occupation,26,2015-16,incidence_rate,"claims per 1,000 employees",0.5924825337838755,False,False,Table 2.3
occupation,26,2015-16,median_compensation,AUD,17171.0,False,False,Table 2.4
occupation,26,2015-16,median_time_lost,weeks,6.2,False,False,Table 2.5
occupation,26,2016-17,claim_count,claims,136.0,False,False,Table 2.1
occupation,26,2016-17,frequency_rate,claims per million hours worked,0.29252404950345257,False,False,Table 2.2
occupation,26,2016-17,incidence_rate,"claims per 1,000 employees",0.5562084732093928,False,False,Table 2.3
occupation,26,2016-17,median_compensation,AUD,21541.0,False,False,Table 2.4
occupation,26,2016-17,median_time_lost,weeks,8.780039473684209,False,False,Table 2.5
occupation,26,2017-18,claim_count,claims,134.0,False,False,Table 2.1
occupation,26,2017-18,frequency_rate,claims per million hours worked,0.2702317211956001,False,False,Table 2.2
occupation,26,2017-18,incidence_rate,"claims per 1,000 employees",0.5125738781373648,False,False,Table 2.3
occupation,26,2017-18,median_compensation,AUD,25731.5,False,False,Table 2.4
occupation,26,2017-18,median_time_lost,weeks,7.4526315789473685,False,False,Table 2.5
occupation,26,2018-19,claim_count,claims,152.0,False,False,Table 2.1
occupation,26,2018-19,frequency_rate,claims per million hours worked,0.268443272181598,False,False,Table 2.2
occupation,26,2018-19,incidence_rate,"claims per 1,000 employees",0.5060046568845369,False,False,Table 2.3
occupation,26,2018-19,median_compensation,AUD,24099.0,False,False,Table 2.4
occupation,26,2018-19,median_time_lost,weeks,7.894736842105264,False,False,Table 2.5
occupation,26,2019-20,claim_count,claims,179.0,False,False,Table 2.1
occupation,26,2019-20,frequency_rate,claims per million hours worked,0.30476314809465316,False,False,Table 2.2
occupation,26,2019-20,incidence_rate,"claims per 1,000 employees",0.5753358333847091,False,False,Table 2.3
occupation,26,2019-20,median_compensation,AUD,27848.0,False,False,Table 2.4
occupation,26,2019-20,median_time_lost,weeks,8.5,False,False,Table 2.5
occupation,26,2020-21,claim_count,claims,129.0,False,False,Table 2.1
occupation,26,2020-21,frequency_rate,claims per million hours worked,0.200953123149391,False,False,Table 2.2
occupation,26,2020-21,incidence_rate,"claims per 1,000 employees",0.3839970853392081,False,False,Table 2.3
occupation,26,2020-21,median_compensation,AUD,31237.5,False,False,Table 2.4
occupation,26,2020-21,median_time_lost,weeks,10.987113402061857,False,False,Table 2.5
occupation,26,2021-22,claim_count,claims,113.0,False,False,Table 2.1
occupation,26,2021-22,frequency_rate,claims per million hours worked,0.17458433887427863,False,False,Table 2.2
occupation,26,2021-22,incidence_rate,"claims per 1,000 employees",0.326201390753727,False,False,Table 2.3
occupation,26,2021-22,median_compensation,AUD,30995.5,False,False,Table 2.4
occupation,26,2021-22,median_time_lost,weeks,8.940342105263158,False,False,Table 2.5
occupation,26,2022-23,claim_count,claims,148.0,False,False,Table 2.1
occupation,26,2022-23,frequency_rate,claims per million hours worked,0.217054402038772,False,False,Table 2.2
occupation,26,2022-23,incidence_rate,"claims per 1,000 employees",0.40149186358373945,False,False,Table 2.3
occupation,26,2022-23,median_compensation,AUD,31626.0,False,False,Table 2.4
occupation,26,2022-23,median_time_lost,weeks,10.770382134831461,False,False,Table 2.5
occupation,26,2023-24,claim_count,claims,166.0,False,True,Table 2.1
occupation,26,2023-24,frequency_rate,claims per million hours worked,0.23403051561366583,False,True,Table 2.2
occupation,26,2023-24,incidence_rate,"claims per 1,000 employees",0.43117360051218373,False,True,Table 2.3
occupation,26,2023-24,median_compensation,AUD,,True,True,Table 2.4
occupation,26,2023-24,median_time_lost,weeks,,True,True,Table 2.5
occupation,27,2014-15,claim_count,claims,765.0,False,False,Table 2.1
occupation,27,2014-15,frequency_rate,claims per million hours worked,2.387699077040696,False,False,Table 2.2
occupation,27,2014-15,incidence_rate,"claims per 1,000 employees",3.912366902717163,False,False,Table 2.3
occupation,27,2014-15,median_compensation,AUD,15105.0,False,False,Table 2.4
occupation,27,2014-15,median_time_lost,weeks,8.521212121212121,False,False,Table 2.5
occupation,27,2015-16,claim_count,claims,685.0,False,False,Table 2.1
occupation,27,2015-16,frequency_rate,claims per million hours worked,2.080745640201061,False,False,Table 2.2
occupation,27,2015-16,incidence_rate,"claims per 1,000 employees",3.495532405652648,False,False,Table 2.3
occupation,27,2015-16,median_compensation,AUD,18945.0,False,False,Table 2.4
occupation,27,2015-16,median_time_lost,weeks,9.6,False,False,Table 2.5
occupation,27,2016-17,claim_count,claims,690.0,False,False,Table 2.1
occupation,27,2016-17,frequency_rate,claims per million hours worked,1.9998839037492715,False,False,Table 2.2
occupation,27,2016-17,incidence_rate,"claims per 1,000 employees",3.327033354780472,False,False,Table 2.3
occupation,27,2016-17,median_compensation,AUD,20932.0,False,False,Table 2.4
occupation,27,2016-17,median_time_lost,weeks,10.930837752349056,False,False,Table 2.5
occupation,27,2017-18,claim_count,claims,744.0,False,False,Table 2.1
occupation,27,2017-18,frequency_rate,claims per million hours worked,1.8799581033054247,False,False,Table 2.2
occupation,27,2017-18,incidence_rate,"claims per 1,000 employees",3.13241979773785,False,False,Table 2.3
occupation,27,2017-18,median_compensation,AUD,24852.0,False,False,Table 2.4
occupation,27,2017-18,median_time_lost,weeks,13.164147264549111,False,False,Table 2.5
occupation,27,2018-19,claim_count,claims,896.0,False,False,Table 2.1
occupation,27,2018-19,frequency_rate,claims per million hours worked,2.358340668447205,False,False,Table 2.2
occupation,27,2018-19,incidence_rate,"claims per 1,000 employees",3.7792183813201286,False,False,Table 2.3
occupation,27,2018-19,median_compensation,AUD,24568.5,False,False,Table 2.4
occupation,27,2018-19,median_time_lost,weeks,11.196153846153846,False,False,Table 2.5
occupation,27,2019-20,claim_count,claims,1011.0,False,False,Table 2.1
occupation,27,2019-20,frequency_rate,claims per million hours worked,2.593397480256216,False,False,Table 2.2
occupation,27,2019-20,incidence_rate,"claims per 1,000 employees",4.243844927475839,False,False,Table 2.3
occupation,27,2019-20,median_compensation,AUD,27799.0,False,False,Table 2.4
occupation,27,2019-20,median_time_lost,weeks,14.210526315789474,False,False,Table 2.5
occupation,27,2020-21,claim_count,claims,988.0,False,False,Table 2.1
occupation,27,2020-21,frequency_rate,claims per million hours worked,2.2828803479948223,False,False,Table 2.2
occupation,27,2020-21,incidence_rate,"claims per 1,000 employees",3.8352761511559557,False,False,Table 2.3
occupation,27,2020-21,median_compensation,AUD,34175.0,False,False,Table 2.4
occupation,27,2020-21,median_time_lost,weeks,16.38596052631579,False,False,Table 2.5
occupation,27,2021-22,claim_count,claims,1031.0,False,False,Table 2.1
occupation,27,2021-22,frequency_rate,claims per million hours worked,2.444071170651659,False,False,Table 2.2
occupation,27,2021-22,incidence_rate,"claims per 1,000 employees",4.025332478980973,False,False,Table 2.3
occupation,27,2021-22,median_compensation,AUD,31603.0,False,False,Table 2.4
occupation,27,2021-22,median_time_lost,weeks,16.522666666666666,False,False,Table 2.5
occupation,27,2022-23,claim_count,claims,1301.0,False,False,Table 2.1
occupation,27,2022-23,frequency_rate,claims per million hours worked,2.863812188555253,False,False,Table 2.2
occupation,27,2022-23,incidence_rate,"claims per 1,000 employees",4.705136215073989,False,False,Table 2.3
occupation,27,2022-23,median_compensation,AUD,35717.5,False,False,Table 2.4
occupation,27,2022-23,median_time_lost,weeks,16.973333333333333,False,False,Table 2.5
occupation,27,2023-24,claim_count,claims,1408.0,False,True,Table 2.1
occupation,27,2023-24,frequency_rate,claims per million hours worked,3.163794525131106,False,True,Table 2.2
occupation,27,2023-24,incidence_rate,"claims per 1,000 employees",5.130683637850829,False,True,Table 2.3
occupation,27,2023-24,median_compensation,AUD,,True,True,Table 2.4
occupation,27,2023-24,median_time_lost,weeks,,True,True,Table 2.5
occupation,3,2014-15,claim_count,claims,19303.0,False,False,Table 2.1
occupation,3,2014-15,frequency_rate,claims per million hours worked,6.926906038045657,False,False,Table 2.2
occupation,3,2014-15,incidence_rate,"claims per 1,000 employees",13.295745888776933,False,False,Table 2.3
occupation,3,2014-15,median_compensation,AUD,11799.5,False,False,Table 2.4
occupation,3,2014-15,median_time_lost,weeks,5.2,False,False,Table 2.5
occupation,3,2015-16,claim_count,claims,18491.0,False,False,Table 2.1
occupation,3,2015-16,frequency_rate,claims per million hours worked,6.636727430716995,False,False,Table 2.2
occupation,3,2015-16,incidence_rate,"claims per 1,000 employees",12.783908093327879,False,False,Table 2.3
occupation,3,2015-16,median_compensation,AUD,13339.0,False,False,Table 2.4
occupation,3,2015-16,median_time_lost,weeks,5.855903225806451,False,False,Table 2.5
occupation,3,2016-17,claim_count,claims,19232.0,False,False,Table 2.1
occupation,3,2016-17,frequency_rate,claims per million hours worked,6.978518209362499,False,False,Table 2.2
occupation,3,2016-17,incidence_rate,"claims per 1,000 employees",13.27660985568282,False,False,Table 2.3
occupation,3,2016-17,median_compensation,AUD,13984.0,False,False,Table 2.4
occupation,3,2016-17,median_time_lost,weeks,6.0207180045406385,False,False,Table 2.5
occupation,3,2017-18,claim_count,claims,19377.0,False,False,Table 2.1
occupation,3,2017-18,frequency_rate,claims per million hours worked,6.6285104550704315,False,False,Table 2.2
occupation,3,2017-18,incidence_rate,"claims per 1,000 employees",12.671589226385837,False,False,Table 2.3
occupation,3,2017-18,median_compensation,AUD,14493.0,False,False,Table 2.4
occupation,3,2017-18,median_time_lost,weeks,6.6,False,False,Table 2.5
occupation,3,2018-19,claim_count,claims,20555.0,False,False,Table 2.1
occupation,3,2018-19,frequency_rate,claims per million hours worked,6.943500015223735,False,False,Table 2.2
occupation,3,2018-19,incidence_rate,"claims per 1,000 employees",13.181619631314215,False,False,Table 2.3
occupation,3,2018-19,median_compensation,AUD,14786.5,False,False,Table 2.4
occupation,3,2018-19,median_time_lost,weeks,6.368421052631579,False,False,Table 2.5
occupation,3,2019-20,claim_count,claims,22050.0,False,False,Table 2.1
occupation,3,2019-20,frequency_rate,claims per million hours worked,7.746904586664428,False,False,Table 2.2
occupation,3,2019-20,incidence_rate,"claims per 1,000 employees",14.306551039769758,False,False,Table 2.3
occupation,3,2019-20,median_compensation,AUD,15330.0,False,False,Table 2.4
occupation,3,2019-20,median_time_lost,weeks,6.605263157894737,False,False,Table 2.5
occupation,3,2020-21,claim_count,claims,22405.0,False,False,Table 2.1
occupation,3,2020-21,frequency_rate,claims per million hours worked,7.909994506404015,False,False,Table 2.2
occupation,3,2020-21,incidence_rate,"claims per 1,000 employees",14.534321378735667,False,False,Table 2.3
occupation,3,2020-21,median_compensation,AUD,15588.0,False,False,Table 2.4
occupation,3,2020-21,median_time_lost,weeks,6.92634,False,False,Table 2.5
occupation,3,2021-22,claim_count,claims,21406.0,False,False,Table 2.1
occupation,3,2021-22,frequency_rate,claims per million hours worked,7.993210137028074,False,False,Table 2.2
occupation,3,2021-22,incidence_rate,"claims per 1,000 employees",14.537275245513289,False,False,Table 2.3
occupation,3,2021-22,median_compensation,AUD,16243.5,False,False,Table 2.4
occupation,3,2021-22,median_time_lost,weeks,7.0,False,False,Table 2.5
occupation,3,2022-23,claim_count,claims,22780.0,False,False,Table 2.1
occupation,3,2022-23,frequency_rate,claims per million hours worked,7.655560030499409,False,False,Table 2.2
occupation,3,2022-23,incidence_rate,"claims per 1,000 employees",14.432234822473967,False,False,Table 2.3
occupation,3,2022-23,median_compensation,AUD,17450.5,False,False,Table 2.4
occupation,3,2022-23,median_time_lost,weeks,7.2,False,False,Table 2.5
occupation,3,2023-24,claim_count,claims,24273.0,False,True,Table 2.1
occupation,3,2023-24,frequency_rate,claims per million hours worked,8.079562071061531,False,True,Table 2.2
occupation,3,2023-24,incidence_rate,"claims per 1,000 employees",14.947742419563873,False,True,Table 2.3
occupation,3,2023-24,median_compensation,AUD,,True,True,Table 2.4
occupation,3,2023-24,median_time_lost,weeks,,True,True,Table 2.5
occupation,30,2014-15,claim_count,claims,,True,False,Table 2.1
occupation,30,2014-15,frequency_rate,claims per million hours worked,,True,False,Table 2.2
occupation,30,2014-15,incidence_rate,"claims per 1,000 employees",,True,False,Table 2.3
occupation,30,2014-15,median_compensation,AUD,,True,False,Table 2.4
occupation,30,2014-15,median_time_lost,weeks,,True,False,Table 2.5
occupation,30,2015-16,claim_count,claims,,True,False,Table 2.1
occupation,30,2015-16,frequency_rate,claims per million hours worked,,True,False,Table 2.2
occupation,30,2015-16,incidence_rate,"claims per 1,000 employees",,True,False,Table 2.3
occupation,30,2015-16,median_compensation,AUD,,True,False,Table 2.4
occupation,30,2015-16,median_time_lost,weeks,,True,False,Table 2.5
occupation,30,2016-17,claim_count,claims,,True,False,Table 2.1
occupation,30,2016-17,frequency_rate,claims per million hours worked,,True,False,Table 2.2
occupation,30,2016-17,incidence_rate,"claims per 1,000 employees",,True,False,Table 2.3
occupation,30,2016-17,median_compensation,AUD,,True,False,Table 2.4
occupation,30,2016-17,median_time_lost,weeks,,True,False,Table 2.5
occupation,30,2017-18,claim_count,claims,,True,False,Table 2.1
occupation,30,2017-18,frequency_rate,claims per million hours worked,,True,False,Table 2.2
occupation,30,2017-18,incidence_rate,"claims per 1,000 employees",,True,False,Table 2.3
occupation,30,2017-18,median_compensation,AUD,,True,False,Table 2.4
occupation,30,2017-18,median_time_lost,weeks,,True,False,Table 2.5
occupation,30,2018-19,claim_count,claims,,True,False,Table 2.1
occupation,30,2018-19,frequency_rate,claims per million hours worked,,True,False,Table 2.2
occupation,30,2018-19,incidence_rate,"claims per 1,000 employees",,True,False,Table 2.3
occupation,30,2018-19,median_compensation,AUD,,True,False,Table 2.4
occupation,30,2018-19,median_time_lost,weeks,,True,False,Table 2.5
occupation,30,2019-20,claim_count,claims,7.0,False,False,Table 2.1
occupation,30,2019-20,frequency_rate,claims per million hours worked,1.3043715856002984,False,False,Table 2.2
occupation,30,2019-20,incidence_rate,"claims per 1,000 employees",2.6313114836202876,False,False,Table 2.3
occupation,30,2019-20,median_compensation,AUD,13554.0,False,False,Table 2.4
occupation,30,2019-20,median_time_lost,weeks,5.30130867486874,False,False,Table 2.5
occupation,30,2020-21,claim_count,claims,,True,False,Table 2.1
occupation,30,2020-21,frequency_rate,claims per million hours worked,,True,False,Table 2.2
occupation,30,2020-21,incidence_rate,"claims per 1,000 employees",,True,False,Table 2.3
occupation,30,2020-21,median_compensation,AUD,,True,False,Table 2.4
occupation,30,2020-21,median_time_lost,weeks,,True,False,Table 2.5
occupation,30,2021-22,claim_count,claims,,True,False,Table 2.1
occupation,30,2021-22,frequency_rate,claims per million hours worked,,True,False,Table 2.2
occupation,30,2021-22,incidence_rate,"claims per 1,000 employees",,True,False,Table 2.3
occupation,30,2021-22,median_compensation,AUD,,True,False,Table 2.4
occupation,30,2021-22,median_time_lost,weeks,,True,False,Table 2.5
occupation,30,2022-23,claim_count,claims,,True,False,Table 2.1
occupation,30,2022-23,frequency_rate,claims per million hours worked,,True,False,Table 2.2
occupation,30,2022-23,incidence_rate,"claims per 1,000 employees",,True,False,Table 2.3
occupation,30,2022-23,median_compensation,AUD,,True,False,Table 2.4
occupation,30,2022-23,median_time_lost,weeks,,True,False,Table 2.5
occupation,30,2023-24,claim_count,claims,,True,True,Table 2.1
occupation,30,2023-24,frequency_rate,claims per million hours worked,,True,True,Table 2.2
occupation,30,2023-24,incidence_rate,"claims per 1,000 employees",,True,True,Table 2.3
occupation,30,2023-24,median_compensation,AUD,,True,True,Table 2.4
occupation,30,2023-24,median_time_lost,weeks,,True,True,Table 2.5
occupation,31,2014-15,claim_count,claims,971.0,False,False,Table 2.1
occupation,31,2014-15,frequency_rate,claims per million hours worked,2.2254032841213265,False,False,Table 2.2
occupation,31,2014-15,incidence_rate,"claims per 1,000 employees",4.217591617038896,False,False,Table 2.3
occupation,31,2014-15,median_compensation,AUD,16047.0,False,False,Table 2.4
occupation,31,2014-15,median_time_lost,weeks,6.4,False,False,Table 2.5
occupation,31,2015-16,claim_count,claims,829.0,False,False,Table 2.1
occupation,31,2015-16,frequency_rate,claims per million hours worked,1.919315685929598,False,False,Table 2.2
occupation,31,2015-16,incidence_rate,"claims per 1,000 employees",3.6200021385756793,False,False,Table 2.3
occupation,31,2015-16,median_compensation,AUD,17533.0,False,False,Table 2.4
occupation,31,2015-16,median_time_lost,weeks,6.6000000000000005,False,False,Table 2.5
occupation,31,2016-17,claim_count,claims,944.0,False,False,Table 2.1
occupation,31,2016-17,frequency_rate,claims per million hours worked,2.1226279393381358,False,False,Table 2.2
occupation,31,2016-17,incidence_rate,"claims per 1,000 employees",3.9360473248548153,False,False,Table 2.3
occupation,31,2016-17,median_compensation,AUD,19900.5,False,False,Table 2.4
occupation,31,2016-17,median_time_lost,weeks,7.74244,False,False,Table 2.5
occupation,31,2017-18,claim_count,claims,978.0,False,False,Table 2.1
occupation,31,2017-18,frequency_rate,claims per million hours worked,2.190805942509474,False,False,Table 2.2
occupation,31,2017-18,incidence_rate,"claims per 1,000 employees",4.066610519685726,False,False,Table 2.3
occupation,31,2017-18,median_compensation,AUD,19761.0,False,False,Table 2.4
occupation,31,2017-18,median_time_lost,weeks,8.16780905752754,False,False,Table 2.5
occupation,31,2018-19,claim_count,claims,997.0,False,False,Table 2.1
occupation,31,2018-19,frequency_rate,claims per million hours worked,1.9797092781617807,False,False,Table 2.2
occupation,31,2018-19,incidence_rate,"claims per 1,000 employees",3.7374848038850548,False,False,Table 2.3
occupation,31,2018-19,median_compensation,AUD,20011.0,False,False,Table 2.4
occupation,31,2018-19,median_time_lost,weeks,7.2026315789473685,False,False,Table 2.5
occupation,31,2019-20,claim_count,claims,982.0,False,False,Table 2.1
occupation,31,2019-20,frequency_rate,claims per million hours worked,2.0083109302353117,False,False,Table 2.2
occupation,31,2019-20,incidence_rate,"claims per 1,000 employees",3.6460089037545136,False,False,Table 2.3
occupation,31,2019-20,median_compensation,AUD,22162.5,False,False,Table 2.4
occupation,31,2019-20,median_time_lost,weeks,8.520713426369856,False,False,Table 2.5
occupation,31,2020-21,claim_count,claims,998.0,False,False,Table 2.1
occupation,31,2020-21,frequency_rate,claims per million hours worked,1.9114734411555534,False,False,Table 2.2
occupation,31,2020-21,incidence_rate,"claims per 1,000 employees",3.531046884726687,False,False,Table 2.3
occupation,31,2020-21,median_compensation,AUD,20341.0,False,False,Table 2.4
occupation,31,2020-21,median_time_lost,weeks,8.370837808807735,False,False,Table 2.5
occupation,31,2021-22,claim_count,claims,1102.0,False,False,Table 2.1
occupation,31,2021-22,frequency_rate,claims per million hours worked,2.268063056918872,False,False,Table 2.2
occupation,31,2021-22,incidence_rate,"claims per 1,000 employees",4.142561283354716,False,False,Table 2.3
occupation,31,2021-22,median_compensation,AUD,21491.5,False,False,Table 2.4
occupation,31,2021-22,median_time_lost,weeks,9.0,False,False,Table 2.5
occupation,31,2022-23,claim_count,claims,1269.0,False,False,Table 2.1
occupation,31,2022-23,frequency_rate,claims per million hours worked,2.5194005123882595,False,False,Table 2.2
occupation,31,2022-23,incidence_rate,"claims per 1,000 employees",4.629914513462088,False,False,Table 2.3
occupation,31,2022-23,median_compensation,AUD,22147.0,False,False,Table 2.4
occupation,31,2022-23,median_time_lost,weeks,8.4,False,False,Table 2.5
occupation,31,2023-24,claim_count,claims,1306.0,False,True,Table 2.1
occupation,31,2023-24,frequency_rate,claims per million hours worked,2.4088060343227573,False,True,Table 2.2
occupation,31,2023-24,incidence_rate,"claims per 1,000 employees",4.433529439403867,False,True,Table 2.3
occupation,31,2023-24,median_compensation,AUD,,True,True,Table 2.4
occupation,31,2023-24,median_time_lost,weeks,,True,True,Table 2.5
occupation,32,2014-15,claim_count,claims,5332.0,False,False,Table 2.1
occupation,32,2014-15,frequency_rate,claims per million hours worked,7.339386256058767,False,False,Table 2.2
occupation,32,2014-15,incidence_rate,"claims per 1,000 employees",15.021115247649503,False,False,Table 2.3
occupation,32,2014-15,median_compensation,AUD,12541.0,False,False,Table 2.4
occupation,32,2014-15,median_time_lost,weeks,4.992105263157894,False,False,Table 2.5
occupation,32,2015-16,claim_count,claims,4901.0,False,False,Table 2.1
occupation,32,2015-16,frequency_rate,claims per million hours worked,7.1079866610846745,False,False,Table 2.2
occupation,32,2015-16,incidence_rate,"claims per 1,000 employees",14.818292304067153,False,False,Table 2.3
occupation,32,2015-16,median_compensation,AUD,14932.5,False,False,Table 2.4
occupation,32,2015-16,median_time_lost,weeks,5.8,False,False,Table 2.5
occupation,32,2016-17,claim_count,claims,4844.0,False,False,Table 2.1
occupation,32,2016-17,frequency_rate,claims per million hours worked,7.630514162002178,False,False,Table 2.2
occupation,32,2016-17,incidence_rate,"claims per 1,000 employees",15.50942457845546,False,False,Table 2.3
occupation,32,2016-17,median_compensation,AUD,14857.0,False,False,Table 2.4
occupation,32,2016-17,median_time_lost,weeks,5.8673245614035086,False,False,Table 2.5
occupation,32,2017-18,claim_count,claims,4862.0,False,False,Table 2.1
occupation,32,2017-18,frequency_rate,claims per million hours worked,6.92859959683568,False,False,Table 2.2
occupation,32,2017-18,incidence_rate,"claims per 1,000 employees",14.331523009148356,False,False,Table 2.3
occupation,32,2017-18,median_compensation,AUD,14992.0,False,False,Table 2.4
occupation,32,2017-18,median_time_lost,weeks,6.0,False,False,Table 2.5
occupation,32,2018-19,claim_count,claims,5168.0,False,False,Table 2.1
occupation,32,2018-19,frequency_rate,claims per million hours worked,7.396869507058828,False,False,Table 2.2
occupation,32,2018-19,incidence_rate,"claims per 1,000 employees",15.306948152814627,False,False,Table 2.3
occupation,32,2018-19,median_compensation,AUD,16138.0,False,False,Table 2.4
occupation,32,2018-19,median_time_lost,weeks,6.0,False,False,Table 2.5
occupation,32,2019-20,claim_count,claims,5556.0,False,False,Table 2.1
occupation,32,2019-20,frequency_rate,claims per million hours worked,8.332257307537894,False,False,Table 2.2
occupation,32,2019-20,incidence_rate,"claims per 1,000 employees",16.707512019427444,False,False,Table 2.3
occupation,32,2019-20,median_compensation,AUD,16413.0,False,False,Table 2.4
occupation,32,2019-20,median_time_lost,weeks,6.046461334699888,False,False,Table 2.5
occupation,32,2020-21,claim_count,claims,5404.0,False,False,Table 2.1
occupation,32,2020-21,frequency_rate,claims per million hours worked,8.062817388686426,False,False,Table 2.2
occupation,32,2020-21,incidence_rate,"claims per 1,000 employees",16.054419564574932,False,False,Table 2.3
occupation,32,2020-21,median_compensation,AUD,16348.0,False,False,Table 2.4
occupation,32,2020-21,median_time_lost,weeks,6.3999999999999995,False,False,Table 2.5
occupation,32,2021-22,claim_count,claims,5129.0,False,False,Table 2.1
occupation,32,2021-22,frequency_rate,claims per million hours worked,7.897902610092481,False,False,Table 2.2
occupation,32,2021-22,incidence_rate,"claims per 1,000 employees",15.819809159904016,False,False,Table 2.3
occupation,32,2021-22,median_compensation,AUD,18220.0,False,False,Table 2.4
occupation,32,2021-22,median_time_lost,weeks,6.88958286301954,False,False,Table 2.5
occupation,32,2022-23,claim_count,claims,5132.0,False,False,Table 2.1
occupation,32,2022-23,frequency_rate,claims per million hours worked,7.351570499217516,False,False,Table 2.2
occupation,32,2022-23,incidence_rate,"claims per 1,000 employees",15.218570578011658,False,False,Table 2.3
occupation,32,2022-23,median_compensation,AUD,19610.0,False,False,Table 2.4
occupation,32,2022-23,median_time_lost,weeks,7.0,False,False,Table 2.5
occupation,32,2023-24,claim_count,claims,5738.0,False,True,Table 2.1
occupation,32,2023-24,frequency_rate,claims per million hours worked,8.343288351855096,False,True,Table 2.2
occupation,32,2023-24,incidence_rate,"claims per 1,000 employees",16.959704272533624,False,True,Table 2.3
occupation,32,2023-24,median_compensation,AUD,,True,True,Table 2.4
occupation,32,2023-24,median_time_lost,weeks,,True,True,Table 2.5
occupation,33,2014-15,claim_count,claims,4688.0,False,False,Table 2.1
occupation,33,2014-15,frequency_rate,claims per million hours worked,9.967974704117,False,False,Table 2.2
occupation,33,2014-15,incidence_rate,"claims per 1,000 employees",19.876580171861804,False,False,Table 2.3
occupation,33,2014-15,median_compensation,AUD,12960.0,False,False,Table 2.4
occupation,33,2014-15,median_time_lost,weeks,6.1759763888888894,False,False,Table 2.5
occupation,33,2015-16,claim_count,claims,4713.0,False,False,Table 2.1
occupation,33,2015-16,frequency_rate,claims per million hours worked,9.384831629490838,False,False,Table 2.2
occupation,33,2015-16,incidence_rate,"claims per 1,000 employees",18.844202161558837,False,False,Table 2.3
occupation,33,2015-16,median_compensation,AUD,13650.0,False,False,Table 2.4
occupation,33,2015-16,median_time_lost,weeks,6.2105263157894735,False,False,Table 2.5
occupation,33,2016-17,claim_count,claims,5027.0,False,False,Table 2.1
occupation,33,2016-17,frequency_rate,claims per million hours worked,10.102295903110416,False,False,Table 2.2
occupation,33,2016-17,incidence_rate,"claims per 1,000 employees",20.08578246504695,False,False,Table 2.3
occupation,33,2016-17,median_compensation,AUD,14584.0,False,False,Table 2.4
occupation,33,2016-17,median_time_lost,weeks,6.605263157894737,False,False,Table 2.5
occupation,33,2017-18,claim_count,claims,5293.0,False,False,Table 2.1
occupation,33,2017-18,frequency_rate,claims per million hours worked,9.414965057749871,False,False,Table 2.2
occupation,33,2017-18,incidence_rate,"claims per 1,000 employees",18.970352000652493,False,False,Table 2.3
occupation,33,2017-18,median_compensation,AUD,14830.0,False,False,Table 2.4
occupation,33,2017-18,median_time_lost,weeks,7.2105263157894735,False,False,Table 2.5
occupation,33,2018-19,claim_count,claims,5346.0,False,False,Table 2.1
occupation,33,2018-19,frequency_rate,claims per million hours worked,9.537059990796411,False,False,Table 2.2
occupation,33,2018-19,incidence_rate,"claims per 1,000 employees",18.66347306598067,False,False,Table 2.3
occupation,33,2018-19,median_compensation,AUD,15908.0,False,False,Table 2.4
occupation,33,2018-19,median_time_lost,weeks,7.7894736842105265,False,False,Table 2.5
occupation,33,2019-20,claim_count,claims,5837.0,False,False,Table 2.1
occupation,33,2019-20,frequency_rate,claims per million hours worked,11.29134409832886,False,False,Table 2.2
occupation,33,2019-20,incidence_rate,"claims per 1,000 employees",21.466949175218325,False,False,Table 2.3
occupation,33,2019-20,median_compensation,AUD,16555.5,False,False,Table 2.4
occupation,33,2019-20,median_time_lost,weeks,7.842105263157895,False,False,Table 2.5
occupation,33,2020-21,claim_count,claims,5866.0,False,False,Table 2.1
occupation,33,2020-21,frequency_rate,claims per million hours worked,11.98793776378399,False,False,Table 2.2
occupation,33,2020-21,incidence_rate,"claims per 1,000 employees",22.96009608298401,False,False,Table 2.3
occupation,33,2020-21,median_compensation,AUD,16379.0,False,False,Table 2.4
occupation,33,2020-21,median_time_lost,weeks,7.800000000000001,False,False,Table 2.5
occupation,33,2021-22,claim_count,claims,5716.0,False,False,Table 2.1
occupation,33,2021-22,frequency_rate,claims per million hours worked,12.156721401614586,False,False,Table 2.2
occupation,33,2021-22,incidence_rate,"claims per 1,000 employees",23.19785157898661,False,False,Table 2.3
occupation,33,2021-22,median_compensation,AUD,16993.5,False,False,Table 2.4
occupation,33,2021-22,median_time_lost,weeks,8.0,False,False,Table 2.5
occupation,33,2022-23,claim_count,claims,6122.0,False,False,Table 2.1
occupation,33,2022-23,frequency_rate,claims per million hours worked,11.274393331065754,False,False,Table 2.2
occupation,33,2022-23,incidence_rate,"claims per 1,000 employees",21.961467495234142,False,False,Table 2.3
occupation,33,2022-23,median_compensation,AUD,17463.0,False,False,Table 2.4
occupation,33,2022-23,median_time_lost,weeks,8.0,False,False,Table 2.5
occupation,33,2023-24,claim_count,claims,6199.0,False,True,Table 2.1
occupation,33,2023-24,frequency_rate,claims per million hours worked,11.672032404393342,False,True,Table 2.2
occupation,33,2023-24,incidence_rate,"claims per 1,000 employees",22.303333142049453,False,True,Table 2.3
occupation,33,2023-24,median_compensation,AUD,,True,True,Table 2.4
occupation,33,2023-24,median_time_lost,weeks,,True,True,Table 2.5
occupation,34,2014-15,claim_count,claims,1985.0,False,False,Table 2.1
occupation,34,2014-15,frequency_rate,claims per million hours worked,4.726654015021677,False,False,Table 2.2
occupation,34,2014-15,incidence_rate,"claims per 1,000 employees",9.497706760618579,False,False,Table 2.3
occupation,34,2014-15,median_compensation,AUD,12963.0,False,False,Table 2.4
occupation,34,2014-15,median_time_lost,weeks,5.2105263157894735,False,False,Table 2.5
occupation,34,2015-16,claim_count,claims,1888.0,False,False,Table 2.1
occupation,34,2015-16,frequency_rate,claims per million hours worked,4.21380030943335,False,False,Table 2.2
occupation,34,2015-16,incidence_rate,"claims per 1,000 employees",8.476532830031669,False,False,Table 2.3
occupation,34,2015-16,median_compensation,AUD,14947.5,False,False,Table 2.4
occupation,34,2015-16,median_time_lost,weeks,5.794736842105263,False,False,Table 2.5
occupation,34,2016-17,claim_count,claims,2010.0,False,False,Table 2.1
occupation,34,2016-17,frequency_rate,claims per million hours worked,4.677005928040954,False,False,Table 2.2
occupation,34,2016-17,incidence_rate,"claims per 1,000 employees",9.316717100322254,False,False,Table 2.3
occupation,34,2016-17,median_compensation,AUD,15185.5,False,False,Table 2.4
occupation,34,2016-17,median_time_lost,weeks,6.197222222222223,False,False,Table 2.5
occupation,34,2017-18,claim_count,claims,2086.0,False,False,Table 2.1
occupation,34,2017-18,frequency_rate,claims per million hours worked,4.686889441274868,False,False,Table 2.2
occupation,34,2017-18,incidence_rate,"claims per 1,000 employees",9.477368088095936,False,False,Table 2.3
occupation,34,2017-18,median_compensation,AUD,16635.0,False,False,Table 2.4
occupation,34,2017-18,median_time_lost,weeks,6.602631578947369,False,False,Table 2.5
occupation,34,2018-19,claim_count,claims,2205.0,False,False,Table 2.1
occupation,34,2018-19,frequency_rate,claims per million hours worked,4.978282947109098,False,False,Table 2.2
occupation,34,2018-19,incidence_rate,"claims per 1,000 employees",10.071241941153954,False,False,Table 2.3
occupation,34,2018-19,median_compensation,AUD,15922.0,False,False,Table 2.4
occupation,34,2018-19,median_time_lost,weeks,6.2105263157894735,False,False,Table 2.5
occupation,34,2019-20,claim_count,claims,2341.0,False,False,Table 2.1
occupation,34,2019-20,frequency_rate,claims per million hours worked,5.241065979874099,False,False,Table 2.2
occupation,34,2019-20,incidence_rate,"claims per 1,000 employees",10.362667351416379,False,False,Table 2.3
occupation,34,2019-20,median_compensation,AUD,16180.0,False,False,Table 2.4
occupation,34,2019-20,median_time_lost,weeks,6.6,False,False,Table 2.5
occupation,34,2020-21,claim_count,claims,2435.0,False,False,Table 2.1
occupation,34,2020-21,frequency_rate,claims per million hours worked,5.435665551962084,False,False,Table 2.2
occupation,34,2020-21,incidence_rate,"claims per 1,000 employees",10.487726784920717,False,False,Table 2.3
occupation,34,2020-21,median_compensation,AUD,16709.0,False,False,Table 2.4
occupation,34,2020-21,median_time_lost,weeks,6.800076640937209,False,False,Table 2.5
occupation,34,2021-22,claim_count,claims,2239.0,False,False,Table 2.1
occupation,34,2021-22,frequency_rate,claims per million hours worked,5.795791908123678,False,False,Table 2.2
occupation,34,2021-22,incidence_rate,"claims per 1,000 employees",11.09703521449531,False,False,Table 2.3
occupation,34,2021-22,median_compensation,AUD,16566.5,False,False,Table 2.4
occupation,34,2021-22,median_time_lost,weeks,6.605263157894737,False,False,Table 2.5
occupation,34,2022-23,claim_count,claims,2342.0,False,False,Table 2.1
occupation,34,2022-23,frequency_rate,claims per million hours worked,5.08647205129515,False,False,Table 2.2
occupation,34,2022-23,incidence_rate,"claims per 1,000 employees",10.154911052264604,False,False,Table 2.3
occupation,34,2022-23,median_compensation,AUD,18899.0,False,False,Table 2.4
occupation,34,2022-23,median_time_lost,weeks,7.307493732712768,False,False,Table 2.5
occupation,34,2023-24,claim_count,claims,2619.0,False,True,Table 2.1
occupation,34,2023-24,frequency_rate,claims per million hours worked,5.635681547890857,False,True,Table 2.2
occupation,34,2023-24,incidence_rate,"claims per 1,000 employees",11.066933344621269,False,True,Table 2.3
occupation,34,2023-24,median_compensation,AUD,,True,True,Table 2.4
occupation,34,2023-24,median_time_lost,weeks,,True,True,Table 2.5
occupation,35,2014-15,claim_count,claims,2358.0,False,False,Table 2.1
occupation,35,2014-15,frequency_rate,claims per million hours worked,7.685481519160949,False,False,Table 2.2
occupation,35,2014-15,incidence_rate,"claims per 1,000 employees",14.312326448390339,False,False,Table 2.3
occupation,35,2014-15,median_compensation,AUD,6425.0,False,False,Table 2.4
occupation,35,2014-15,median_time_lost,weeks,3.958059210526316,False,False,Table 2.5
occupation,35,2015-16,claim_count,claims,2265.0,False,False,Table 2.1
occupation,35,2015-16,frequency_rate,claims per million hours worked,7.4744780452431225,False,False,Table 2.2
occupation,35,2015-16,incidence_rate,"claims per 1,000 employees",13.342897261546259,False,False,Table 2.3
occupation,35,2015-16,median_compensation,AUD,8716.0,False,False,Table 2.4
occupation,35,2015-16,median_time_lost,weeks,4.607142857142857,False,False,Table 2.5
occupation,35,2016-17,claim_count,claims,2284.0,False,False,Table 2.1
occupation,35,2016-17,frequency_rate,claims per million hours worked,7.327778551863827,False,False,Table 2.2
occupation,35,2016-17,incidence_rate,"claims per 1,000 employees",13.189960802681037,False,False,Table 2.3
occupation,35,2016-17,median_compensation,AUD,9878.0,False,False,Table 2.4
occupation,35,2016-17,median_time_lost,weeks,5.0,False,False,Table 2.5
occupation,35,2017-18,claim_count,claims,2172.0,False,False,Table 2.1
occupation,35,2017-18,frequency_rate,claims per million hours worked,6.417369755680478,False,False,Table 2.2
occupation,35,2017-18,incidence_rate,"claims per 1,000 employees",11.380413075126338,False,False,Table 2.3
occupation,35,2017-18,median_compensation,AUD,9765.5,False,False,Table 2.4
occupation,35,2017-18,median_time_lost,weeks,5.0,False,False,Table 2.5
occupation,35,2018-19,claim_count,claims,2341.0,False,False,Table 2.1
occupation,35,2018-19,frequency_rate,claims per million hours worked,7.121331201437972,False,False,Table 2.2
occupation,35,2018-19,incidence_rate,"claims per 1,000 employees",12.488423135272459,False,False,Table 2.3
occupation,35,2018-19,median_compensation,AUD,9746.0,False,False,Table 2.4
occupation,35,2018-19,median_time_lost,weeks,4.8,False,False,Table 2.5
occupation,35,2019-20,claim_count,claims,2327.0,False,False,Table 2.1
occupation,35,2019-20,frequency_rate,claims per million hours worked,7.798727876484178,False,False,Table 2.2
occupation,35,2019-20,incidence_rate,"claims per 1,000 employees",12.93189514429611,False,False,Table 2.3
occupation,35,2019-20,median_compensation,AUD,10768.0,False,False,Table 2.4
occupation,35,2019-20,median_time_lost,weeks,5.000052516871045,False,False,Table 2.5
occupation,35,2020-21,claim_count,claims,2424.0,False,False,Table 2.1
occupation,35,2020-21,frequency_rate,claims per million hours worked,8.591977902144752,False,False,Table 2.2
occupation,35,2020-21,incidence_rate,"claims per 1,000 employees",14.102613544531197,False,False,Table 2.3
occupation,35,2020-21,median_compensation,AUD,10733.0,False,False,Table 2.4
occupation,35,2020-21,median_time_lost,weeks,5.401697499999999,False,False,Table 2.5
occupation,35,2021-22,claim_count,claims,2413.0,False,False,Table 2.1
occupation,35,2021-22,frequency_rate,claims per million hours worked,8.292098039102342,False,False,Table 2.2
occupation,35,2021-22,incidence_rate,"claims per 1,000 employees",13.42981268508229,False,False,Table 2.3
occupation,35,2021-22,median_compensation,AUD,9880.0,False,False,Table 2.4
occupation,35,2021-22,median_time_lost,weeks,5.02077056778679,False,False,Table 2.5
occupation,35,2022-23,claim_count,claims,2749.0,False,False,Table 2.1
occupation,35,2022-23,frequency_rate,claims per million hours worked,8.260564698450988,False,False,Table 2.2
occupation,35,2022-23,incidence_rate,"claims per 1,000 employees",14.380223681871481,False,False,Table 2.3
occupation,35,2022-23,median_compensation,AUD,12134.0,False,False,Table 2.4
occupation,35,2022-23,median_time_lost,weeks,5.605263157894737,False,False,Table 2.5
occupation,35,2023-24,claim_count,claims,2806.0,False,True,Table 2.1
occupation,35,2023-24,frequency_rate,claims per million hours worked,8.037787317101484,False,True,Table 2.2
occupation,35,2023-24,incidence_rate,"claims per 1,000 employees",13.482747499759492,False,True,Table 2.3
occupation,35,2023-24,median_compensation,AUD,,True,True,Table 2.4
occupation,35,2023-24,median_time_lost,weeks,,True,True,Table 2.5
occupation,36,2014-15,claim_count,claims,1771.0,False,False,Table 2.1
occupation,36,2014-15,frequency_rate,claims per million hours worked,11.663879220305233,False,False,Table 2.2
occupation,36,2014-15,incidence_rate,"claims per 1,000 employees",18.597041681054105,False,False,Table 2.3
occupation,36,2014-15,median_compensation,AUD,9561.0,False,False,Table 2.4
occupation,36,2014-15,median_time_lost,weeks,5.388888888888889,False,False,Table 2.5
occupation,36,2015-16,claim_count,claims,1847.0,False,False,Table 2.1
occupation,36,2015-16,frequency_rate,claims per million hours worked,12.543161546121734,False,False,Table 2.2
occupation,36,2015-16,incidence_rate,"claims per 1,000 employees",20.47223410640738,False,False,Table 2.3
occupation,36,2015-16,median_compensation,AUD,10299.0,False,False,Table 2.4
occupation,36,2015-16,median_time_lost,weeks,5.4,False,False,Table 2.5
occupation,36,2016-17,claim_count,claims,1848.0,False,False,Table 2.1
occupation,36,2016-17,frequency_rate,claims per million hours worked,11.242630426817124,False,False,Table 2.2
occupation,36,2016-17,incidence_rate,"claims per 1,000 employees",18.184099366170464,False,False,Table 2.3
occupation,36,2016-17,median_compensation,AUD,10689.0,False,False,Table 2.4
occupation,36,2016-17,median_time_lost,weeks,5.8,False,False,Table 2.5
occupation,36,2017-18,claim_count,claims,1813.0,False,False,Table 2.1
occupation,36,2017-18,frequency_rate,claims per million hours worked,10.483170105058244,False,False,Table 2.2
occupation,36,2017-18,incidence_rate,"claims per 1,000 employees",16.792207854074494,False,False,Table 2.3
occupation,36,2017-18,median_compensation,AUD,11334.0,False,False,Table 2.4
occupation,36,2017-18,median_time_lost,weeks,6.2,False,False,Table 2.5
occupation,36,2018-19,claim_count,claims,1994.0,False,False,Table 2.1
occupation,36,2018-19,frequency_rate,claims per million hours worked,12.880998834964558,False,False,Table 2.2
occupation,36,2018-19,incidence_rate,"claims per 1,000 employees",19.34955825571701,False,False,Table 2.3
occupation,36,2018-19,median_compensation,AUD,11447.0,False,False,Table 2.4
occupation,36,2018-19,median_time_lost,weeks,5.829031471827355,False,False,Table 2.5
occupation,36,2019-20,claim_count,claims,2313.0,False,False,Table 2.1
occupation,36,2019-20,frequency_rate,claims per million hours worked,12.766007997444339,False,False,Table 2.2
occupation,36,2019-20,incidence_rate,"claims per 1,000 employees",20.527259868248763,False,False,Table 2.3
occupation,36,2019-20,median_compensation,AUD,11813.0,False,False,Table 2.4
occupation,36,2019-20,median_time_lost,weeks,6.0,False,False,Table 2.5
occupation,36,2020-21,claim_count,claims,2489.0,False,False,Table 2.1
occupation,36,2020-21,frequency_rate,claims per million hours worked,15.1533903314542,False,False,Table 2.2
occupation,36,2020-21,incidence_rate,"claims per 1,000 employees",22.708052956217337,False,False,Table 2.3
occupation,36,2020-21,median_compensation,AUD,13397.5,False,False,Table 2.4
occupation,36,2020-21,median_time_lost,weeks,6.682575799111793,False,False,Table 2.5
occupation,36,2021-22,claim_count,claims,2421.0,False,False,Table 2.1
occupation,36,2021-22,frequency_rate,claims per million hours worked,14.650146587554488,False,False,Table 2.2
occupation,36,2021-22,incidence_rate,"claims per 1,000 employees",22.57090681704341,False,False,Table 2.3
occupation,36,2021-22,median_compensation,AUD,13464.5,False,False,Table 2.4
occupation,36,2021-22,median_time_lost,weeks,7.0,False,False,Table 2.5
occupation,36,2022-23,claim_count,claims,2583.0,False,False,Table 2.1
occupation,36,2022-23,frequency_rate,claims per million hours worked,14.306630275602444,False,False,Table 2.2
occupation,36,2022-23,incidence_rate,"claims per 1,000 employees",22.612212870464035,False,False,Table 2.3
occupation,36,2022-23,median_compensation,AUD,14251.0,False,False,Table 2.4
occupation,36,2022-23,median_time_lost,weeks,7.02687918044608,False,False,Table 2.5
occupation,36,2023-24,claim_count,claims,2799.0,False,True,Table 2.1
occupation,36,2023-24,frequency_rate,claims per million hours worked,15.18372806490826,False,True,Table 2.2
occupation,36,2023-24,incidence_rate,"claims per 1,000 employees",23.53198443386328,False,True,Table 2.3
occupation,36,2023-24,median_compensation,AUD,,True,True,Table 2.4
occupation,36,2023-24,median_time_lost,weeks,,True,True,Table 2.5
occupation,39,2014-15,claim_count,claims,2197.0,False,False,Table 2.1
occupation,39,2014-15,frequency_rate,claims per million hours worked,8.469455658543309,False,False,Table 2.2
occupation,39,2014-15,incidence_rate,"claims per 1,000 employees",14.244779088544892,False,False,Table 2.3
occupation,39,2014-15,median_compensation,AUD,12619.5,False,False,Table 2.4
occupation,39,2014-15,median_time_lost,weeks,5.7894736842105265,False,False,Table 2.5
occupation,39,2015-16,claim_count,claims,2046.0,False,False,Table 2.1
occupation,39,2015-16,frequency_rate,claims per million hours worked,8.38702688289395,False,False,Table 2.2
occupation,39,2015-16,incidence_rate,"claims per 1,000 employees",14.220731938843448,False,False,Table 2.3
occupation,39,2015-16,median_compensation,AUD,14809.0,False,False,Table 2.4
occupation,39,2015-16,median_time_lost,weeks,6.0,False,False,Table 2.5
occupation,39,2016-17,claim_count,claims,2274.0,False,False,Table 2.1
occupation,39,2016-17,frequency_rate,claims per million hours worked,8.907166499619217,False,False,Table 2.2
occupation,39,2016-17,incidence_rate,"claims per 1,000 employees",15.540822580669685,False,False,Table 2.3
occupation,39,2016-17,median_compensation,AUD,14845.0,False,False,Table 2.4
occupation,39,2016-17,median_time_lost,weeks,6.103245996351105,False,False,Table 2.5
occupation,39,2017-18,claim_count,claims,2171.0,False,False,Table 2.1
occupation,39,2017-18,frequency_rate,claims per million hours worked,8.7958398552932,False,False,Table 2.2
occupation,39,2017-18,incidence_rate,"claims per 1,000 employees",14.803023731882352,False,False,Table 2.3
occupation,39,2017-18,median_compensation,AUD,16929.5,False,False,Table 2.4
occupation,39,2017-18,median_time_lost,weeks,7.6,False,False,Table 2.5
occupation,39,2018-19,claim_count,claims,2501.0,False,False,Table 2.1
occupation,39,2018-19,frequency_rate,claims per million hours worked,9.37243616823233,False,False,Table 2.2
occupation,39,2018-19,incidence_rate,"claims per 1,000 employees",15.926458782027186,False,False,Table 2.3
occupation,39,2018-19,median_compensation,AUD,14195.5,False,False,Table 2.4
occupation,39,2018-19,median_time_lost,weeks,6.378612716763005,False,False,Table 2.5
occupation,39,2019-20,claim_count,claims,2687.0,False,False,Table 2.1
occupation,39,2019-20,frequency_rate,claims per million hours worked,11.104152372875136,False,False,Table 2.2
occupation,39,2019-20,incidence_rate,"claims per 1,000 employees",18.369446008440466,False,False,Table 2.3
occupation,39,2019-20,median_compensation,AUD,15952.0,False,False,Table 2.4
occupation,39,2019-20,median_time_lost,weeks,7.0,False,False,Table 2.5
occupation,39,2020-21,claim_count,claims,2786.0,False,False,Table 2.1
occupation,39,2020-21,frequency_rate,claims per million hours worked,11.180536931552407,False,False,Table 2.2
occupation,39,2020-21,incidence_rate,"claims per 1,000 employees",18.667885794214982,False,False,Table 2.3
occupation,39,2020-21,median_compensation,AUD,16587.0,False,False,Table 2.4
occupation,39,2020-21,median_time_lost,weeks,7.205298366063031,False,False,Table 2.5
occupation,39,2021-22,claim_count,claims,2382.0,False,False,Table 2.1
occupation,39,2021-22,frequency_rate,claims per million hours worked,10.736058307831511,False,False,Table 2.2
occupation,39,2021-22,incidence_rate,"claims per 1,000 employees",16.69328570784188,False,False,Table 2.3
occupation,39,2021-22,median_compensation,AUD,18687.5,False,False,Table 2.4
occupation,39,2021-22,median_time_lost,weeks,8.0,False,False,Table 2.5
occupation,39,2022-23,claim_count,claims,2582.0,False,False,Table 2.1
occupation,39,2022-23,frequency_rate,claims per million hours worked,10.540009917979472,False,False,Table 2.2
occupation,39,2022-23,incidence_rate,"claims per 1,000 employees",17.665874616751953,False,False,Table 2.3
occupation,39,2022-23,median_compensation,AUD,19677.0,False,False,Table 2.4
occupation,39,2022-23,median_time_lost,weeks,8.0,False,False,Table 2.5
occupation,39,2023-24,claim_count,claims,2805.0,False,True,Table 2.1
occupation,39,2023-24,frequency_rate,claims per million hours worked,12.100245190363314,False,True,Table 2.2
occupation,39,2023-24,incidence_rate,"claims per 1,000 employees",19.703474771432955,False,True,Table 2.3
occupation,39,2023-24,median_compensation,AUD,,True,True,Table 2.4
occupation,39,2023-24,median_time_lost,weeks,,True,True,Table 2.5
occupation,4,2014-15,claim_count,claims,18312.0,False,False,Table 2.1
occupation,4,2014-15,frequency_rate,claims per million hours worked,12.038310195171446,False,False,Table 2.2
occupation,4,2014-15,incidence_rate,"claims per 1,000 employees",15.49964537792468,False,False,Table 2.3
occupation,4,2014-15,median_compensation,AUD,8514.0,False,False,Table 2.4
occupation,4,2014-15,median_time_lost,weeks,5.619047619047619,False,False,Table 2.5
occupation,4,2015-16,claim_count,claims,16800.0,False,False,Table 2.1
occupation,4,2015-16,frequency_rate,claims per million hours worked,10.443806126001673,False,False,Table 2.2
occupation,4,2015-16,incidence_rate,"claims per 1,000 employees",13.386681449548952,False,False,Table 2.3
occupation,4,2015-16,median_compensation,AUD,9899.0,False,False,Table 2.4
occupation,4,2015-16,median_time_lost,weeks,6.314667014069828,False,False,Table 2.5
occupation,4,2016-17,claim_count,claims,17667.0,False,False,Table 2.1
occupation,4,2016-17,frequency_rate,claims per million hours worked,10.765034151324189,False,False,Table 2.2
occupation,4,2016-17,incidence_rate,"claims per 1,000 employees",13.84415022701416,False,False,Table 2.3
occupation,4,2016-17,median_compensation,AUD,11049.0,False,False,Table 2.4
occupation,4,2016-17,median_time_lost,weeks,6.371052631578947,False,False,Table 2.5
occupation,4,2017-18,claim_count,claims,18536.0,False,False,Table 2.1
occupation,4,2017-18,frequency_rate,claims per million hours worked,10.8610726128065,False,False,Table 2.2
occupation,4,2017-18,incidence_rate,"claims per 1,000 employees",13.855096504479532,False,False,Table 2.3
occupation,4,2017-18,median_compensation,AUD,12132.0,False,False,Table 2.4
occupation,4,2017-18,median_time_lost,weeks,7.0,False,False,Table 2.5
occupation,4,2018-19,claim_count,claims,22207.0,False,False,Table 2.1
occupation,4,2018-19,frequency_rate,claims per million hours worked,12.534459045291202,False,False,Table 2.2
occupation,4,2018-19,incidence_rate,"claims per 1,000 employees",16.017927967335968,False,False,Table 2.3
occupation,4,2018-19,median_compensation,AUD,12921.0,False,False,Table 2.4
occupation,4,2018-19,median_time_lost,weeks,7.0,False,False,Table 2.5
occupation,4,2019-20,claim_count,claims,23731.0,False,False,Table 2.1
occupation,4,2019-20,frequency_rate,claims per million hours worked,14.06966299817978,False,False,Table 2.2
occupation,4,2019-20,incidence_rate,"claims per 1,000 employees",17.606076762985253,False,False,Table 2.3
occupation,4,2019-20,median_compensation,AUD,13057.0,False,False,Table 2.4
occupation,4,2019-20,median_time_lost,weeks,7.17638888888889,False,False,Table 2.5
occupation,4,2020-21,claim_count,claims,26678.0,False,False,Table 2.1
occupation,4,2020-21,frequency_rate,claims per million hours worked,15.424248353509658,False,False,Table 2.2
occupation,4,2020-21,incidence_rate,"claims per 1,000 employees",19.52749691575533,False,False,Table 2.3
occupation,4,2020-21,median_compensation,AUD,14687.5,False,False,Table 2.4
occupation,4,2020-21,median_time_lost,weeks,8.200000000000001,False,False,Table 2.5
occupation,4,2021-22,claim_count,claims,29523.0,False,False,Table 2.1
occupation,4,2021-22,frequency_rate,claims per million hours worked,16.663027437911555,False,False,Table 2.2
occupation,4,2021-22,incidence_rate,"claims per 1,000 employees",20.913143231107487,False,False,Table 2.3
occupation,4,2021-22,median_compensation,AUD,10997.0,False,False,Table 2.4
occupation,4,2021-22,median_time_lost,weeks,6.2,False,False,Table 2.5
occupation,4,2022-23,claim_count,claims,32139.0,False,False,Table 2.1
occupation,4,2022-23,frequency_rate,claims per million hours worked,16.189259536074083,False,False,Table 2.2
occupation,4,2022-23,incidence_rate,"claims per 1,000 employees",20.887062369582875,False,False,Table 2.3
occupation,4,2022-23,median_compensation,AUD,12537.0,False,False,Table 2.4
occupation,4,2022-23,median_time_lost,weeks,6.6000000000000005,False,False,Table 2.5
occupation,4,2023-24,claim_count,claims,31913.0,False,True,Table 2.1
occupation,4,2023-24,frequency_rate,claims per million hours worked,15.335844246480576,False,True,Table 2.2
occupation,4,2023-24,incidence_rate,"claims per 1,000 employees",19.522768828449472,False,True,Table 2.3
occupation,4,2023-24,median_compensation,AUD,,True,True,Table 2.4
occupation,4,2023-24,median_time_lost,weeks,,True,True,Table 2.5
occupation,40,2014-15,claim_count,claims,,True,False,Table 2.1
occupation,40,2014-15,frequency_rate,claims per million hours worked,,True,False,Table 2.2
occupation,40,2014-15,incidence_rate,"claims per 1,000 employees",,True,False,Table 2.3
occupation,40,2014-15,median_compensation,AUD,,True,False,Table 2.4
occupation,40,2014-15,median_time_lost,weeks,,True,False,Table 2.5
occupation,40,2015-16,claim_count,claims,,True,False,Table 2.1
occupation,40,2015-16,frequency_rate,claims per million hours worked,,True,False,Table 2.2
occupation,40,2015-16,incidence_rate,"claims per 1,000 employees",,True,False,Table 2.3
occupation,40,2015-16,median_compensation,AUD,,True,False,Table 2.4
occupation,40,2015-16,median_time_lost,weeks,,True,False,Table 2.5
occupation,40,2016-17,claim_count,claims,,True,False,Table 2.1
occupation,40,2016-17,frequency_rate,claims per million hours worked,,True,False,Table 2.2
occupation,40,2016-17,incidence_rate,"claims per 1,000 employees",,True,False,Table 2.3
occupation,40,2016-17,median_compensation,AUD,,True,False,Table 2.4
occupation,40,2016-17,median_time_lost,weeks,,True,False,Table 2.5
occupation,40,2017-18,claim_count,claims,,True,False,Table 2.1
occupation,40,2017-18,frequency_rate,claims per million hours worked,,True,False,Table 2.2
occupation,40,2017-18,incidence_rate,"claims per 1,000 employees",,True,False,Table 2.3
occupation,40,2017-18,median_compensation,AUD,,True,False,Table 2.4
occupation,40,2017-18,median_time_lost,weeks,,True,False,Table 2.5
occupation,40,2018-19,claim_count,claims,,True,False,Table 2.1
occupation,40,2018-19,frequency_rate,claims per million hours worked,,True,False,Table 2.2
occupation,40,2018-19,incidence_rate,"claims per 1,000 employees",,True,False,Table 2.3
occupation,40,2018-19,median_compensation,AUD,,True,False,Table 2.4
occupation,40,2018-19,median_time_lost,weeks,,True,False,Table 2.5
occupation,40,2019-20,claim_count,claims,,True,False,Table 2.1
occupation,40,2019-20,frequency_rate,claims per million hours worked,,True,False,Table 2.2
occupation,40,2019-20,incidence_rate,"claims per 1,000 employees",,True,False,Table 2.3
occupation,40,2019-20,median_compensation,AUD,,True,False,Table 2.4
occupation,40,2019-20,median_time_lost,weeks,,True,False,Table 2.5
occupation,40,2020-21,claim_count,claims,,True,False,Table 2.1
occupation,40,2020-21,frequency_rate,claims per million hours worked,,True,False,Table 2.2
occupation,40,2020-21,incidence_rate,"claims per 1,000 employees",,True,False,Table 2.3
occupation,40,2020-21,median_compensation,AUD,,True,False,Table 2.4
occupation,40,2020-21,median_time_lost,weeks,,True,False,Table 2.5
occupation,40,2021-22,claim_count,claims,,True,False,Table 2.1
occupation,40,2021-22,frequency_rate,claims per million hours worked,,True,False,Table 2.2
occupation,40,2021-22,incidence_rate,"claims per 1,000 employees",,True,False,Table 2.3
occupation,40,2021-22,median_compensation,AUD,,True,False,Table 2.4
occupation,40,2021-22,median_time_lost,weeks,,True,False,Table 2.5
occupation,40,2022-23,claim_count,claims,,True,False,Table 2.1
occupation,40,2022-23,frequency_rate,claims per million hours worked,,True,False,Table 2.2
occupation,40,2022-23,incidence_rate,"claims per 1,000 employees",,True,False,Table 2.3
occupation,40,2022-23,median_compensation,AUD,,True,False,Table 2.4
occupation,40,2022-23,median_time_lost,weeks,,True,False,Table 2.5
occupation,40,2023-24,claim_count,claims,,True,True,Table 2.1
occupation,40,2023-24,frequency_rate,claims per million hours worked,,True,True,Table 2.2
occupation,40,2023-24,incidence_rate,"claims per 1,000 employees",,True,True,Table 2.3
occupation,40,2023-24,median_compensation,AUD,,True,True,Table 2.4
occupation,40,2023-24,median_time_lost,weeks,,True,True,Table 2.5
occupation,41,2014-15,claim_count,claims,3568.0,False,False,Table 2.1
occupation,41,2014-15,frequency_rate,claims per million hours worked,21.364966384480702,False,False,Table 2.2
occupation,41,2014-15,incidence_rate,"claims per 1,000 employees",32.148657827741296,False,False,Table 2.3
occupation,41,2014-15,median_compensation,AUD,9043.5,False,False,Table 2.4
occupation,41,2014-15,median_time_lost,weeks,6.0,False,False,Table 2.5
occupation,41,2015-16,claim_count,claims,2703.0,False,False,Table 2.1
occupation,41,2015-16,frequency_rate,claims per million hours worked,13.949726992210135,False,False,Table 2.2
occupation,41,2015-16,incidence_rate,"claims per 1,000 employees",20.541140689023365,False,False,Table 2.3
occupation,41,2015-16,median_compensation,AUD,10248.5,False,False,Table 2.4
occupation,41,2015-16,median_time_lost,weeks,7.0,False,False,Table 2.5
occupation,41,2016-17,claim_count,claims,2832.0,False,False,Table 2.1
occupation,41,2016-17,frequency_rate,claims per million hours worked,15.72328600948121,False,False,Table 2.2
occupation,41,2016-17,incidence_rate,"claims per 1,000 employees",23.59240623708019,False,False,Table 2.3
occupation,41,2016-17,median_compensation,AUD,11172.0,False,False,Table 2.4
occupation,41,2016-17,median_time_lost,weeks,6.855458226676285,False,False,Table 2.5
occupation,41,2017-18,claim_count,claims,3085.0,False,False,Table 2.1
occupation,41,2017-18,frequency_rate,claims per million hours worked,17.627791021994422,False,False,Table 2.2
occupation,41,2017-18,incidence_rate,"claims per 1,000 employees",26.68070489219876,False,False,Table 2.3
occupation,41,2017-18,median_compensation,AUD,12774.0,False,False,Table 2.4
occupation,41,2017-18,median_time_lost,weeks,7.7894736842105265,False,False,Table 2.5
occupation,41,2018-19,claim_count,claims,3944.0,False,False,Table 2.1
occupation,41,2018-19,frequency_rate,claims per million hours worked,19.10528000928786,False,False,Table 2.2
occupation,41,2018-19,incidence_rate,"claims per 1,000 employees",29.01072266161605,False,False,Table 2.3
occupation,41,2018-19,median_compensation,AUD,13188.0,False,False,Table 2.4
occupation,41,2018-19,median_time_lost,weeks,7.566440789473685,False,False,Table 2.5
occupation,41,2019-20,claim_count,claims,4256.0,False,False,Table 2.1
occupation,41,2019-20,frequency_rate,claims per million hours worked,21.889219288970157,False,False,Table 2.2
occupation,41,2019-20,incidence_rate,"claims per 1,000 employees",32.28803747340127,False,False,Table 2.3
occupation,41,2019-20,median_compensation,AUD,13722.0,False,False,Table 2.4
occupation,41,2019-20,median_time_lost,weeks,7.397368421052631,False,False,Table 2.5
occupation,41,2020-21,claim_count,claims,4678.0,False,False,Table 2.1
occupation,41,2020-21,frequency_rate,claims per million hours worked,22.684350890366883,False,False,Table 2.2
occupation,41,2020-21,incidence_rate,"claims per 1,000 employees",33.13859822236505,False,False,Table 2.3
occupation,41,2020-21,median_compensation,AUD,15824.0,False,False,Table 2.4
occupation,41,2020-21,median_time_lost,weeks,8.77484649122807,False,False,Table 2.5
occupation,41,2021-22,claim_count,claims,4808.0,False,False,Table 2.1
occupation,41,2021-22,frequency_rate,claims per million hours worked,22.31901298386398,False,False,Table 2.2
occupation,41,2021-22,incidence_rate,"claims per 1,000 employees",33.11110961992416,False,False,Table 2.3
occupation,41,2021-22,median_compensation,AUD,15427.0,False,False,Table 2.4
occupation,41,2021-22,median_time_lost,weeks,8.530126048258477,False,False,Table 2.5
occupation,41,2022-23,claim_count,claims,5137.0,False,False,Table 2.1
occupation,41,2022-23,frequency_rate,claims per million hours worked,22.633266988380633,False,False,Table 2.2
occupation,41,2022-23,incidence_rate,"claims per 1,000 employees",33.819686723682125,False,False,Table 2.3
occupation,41,2022-23,median_compensation,AUD,15000.0,False,False,Table 2.4
occupation,41,2022-23,median_time_lost,weeks,8.200000000000001,False,False,Table 2.5
occupation,41,2023-24,claim_count,claims,5686.0,False,True,Table 2.1
occupation,41,2023-24,frequency_rate,claims per million hours worked,22.05629016497834,False,True,Table 2.2
occupation,41,2023-24,incidence_rate,"claims per 1,000 employees",33.29250650725902,False,True,Table 2.3
occupation,41,2023-24,median_compensation,AUD,,True,True,Table 2.4
occupation,41,2023-24,median_time_lost,weeks,,True,True,Table 2.5
occupation,42,2014-15,claim_count,claims,7348.0,False,False,Table 2.1
occupation,42,2014-15,frequency_rate,claims per million hours worked,12.224987649944348,False,False,Table 2.2
occupation,42,2014-15,incidence_rate,"claims per 1,000 employees",15.284332225231912,False,False,Table 2.3
occupation,42,2014-15,median_compensation,AUD,6762.5,False,False,Table 2.4
occupation,42,2014-15,median_time_lost,weeks,4.800000000000001,False,False,Table 2.5
occupation,42,2015-16,claim_count,claims,6997.0,False,False,Table 2.1
occupation,42,2015-16,frequency_rate,claims per million hours worked,10.839089811814839,False,False,Table 2.2
occupation,42,2015-16,incidence_rate,"claims per 1,000 employees",13.710086013559314,False,False,Table 2.3
occupation,42,2015-16,median_compensation,AUD,7742.0,False,False,Table 2.4
occupation,42,2015-16,median_time_lost,weeks,5.3269230769230775,False,False,Table 2.5
occupation,42,2016-17,claim_count,claims,7712.0,False,False,Table 2.1
occupation,42,2016-17,frequency_rate,claims per million hours worked,11.405036610851294,False,False,Table 2.2
occupation,42,2016-17,incidence_rate,"claims per 1,000 employees",14.378024060643039,False,False,Table 2.3
occupation,42,2016-17,median_compensation,AUD,8124.0,False,False,Table 2.4
occupation,42,2016-17,median_time_lost,weeks,5.6000000000000005,False,False,Table 2.5
occupation,42,2017-18,claim_count,claims,7782.0,False,False,Table 2.1
occupation,42,2017-18,frequency_rate,claims per million hours worked,10.856359610167706,False,False,Table 2.2
occupation,42,2017-18,incidence_rate,"claims per 1,000 employees",13.769317182623483,False,False,Table 2.3
occupation,42,2017-18,median_compensation,AUD,8808.0,False,False,Table 2.4
occupation,42,2017-18,median_time_lost,weeks,6.0,False,False,Table 2.5
occupation,42,2018-19,claim_count,claims,9074.0,False,False,Table 2.1
occupation,42,2018-19,frequency_rate,claims per million hours worked,12.332250425380954,False,False,Table 2.2
occupation,42,2018-19,incidence_rate,"claims per 1,000 employees",15.607544532255778,False,False,Table 2.3
occupation,42,2018-19,median_compensation,AUD,9190.0,False,False,Table 2.4
occupation,42,2018-19,median_time_lost,weeks,6.085084708441702,False,False,Table 2.5
occupation,42,2019-20,claim_count,claims,9885.0,False,False,Table 2.1
occupation,42,2019-20,frequency_rate,claims per million hours worked,13.03812447973021,False,False,Table 2.2
occupation,42,2019-20,incidence_rate,"claims per 1,000 employees",16.272248081871286,False,False,Table 2.3
occupation,42,2019-20,median_compensation,AUD,9072.5,False,False,Table 2.4
occupation,42,2019-20,median_time_lost,weeks,6.005263157894737,False,False,Table 2.5
occupation,42,2020-21,claim_count,claims,11954.0,False,False,Table 2.1
occupation,42,2020-21,frequency_rate,claims per million hours worked,15.720427288465,False,False,Table 2.2
occupation,42,2020-21,incidence_rate,"claims per 1,000 employees",19.831069524672515,False,False,Table 2.3
occupation,42,2020-21,median_compensation,AUD,10209.0,False,False,Table 2.4
occupation,42,2020-21,median_time_lost,weeks,7.0,False,False,Table 2.5
occupation,42,2021-22,claim_count,claims,11004.0,False,False,Table 2.1
occupation,42,2021-22,frequency_rate,claims per million hours worked,13.455052188784956,False,False,Table 2.2
occupation,42,2021-22,incidence_rate,"claims per 1,000 employees",16.967164384253152,False,False,Table 2.3
occupation,42,2021-22,median_compensation,AUD,9071.5,False,False,Table 2.4
occupation,42,2021-22,median_time_lost,weeks,6.159828947368421,False,False,Table 2.5
occupation,42,2022-23,claim_count,claims,12532.0,False,False,Table 2.1
occupation,42,2022-23,frequency_rate,claims per million hours worked,14.005383697870291,False,False,Table 2.2
occupation,42,2022-23,incidence_rate,"claims per 1,000 employees",17.994840363422067,False,False,Table 2.3
occupation,42,2022-23,median_compensation,AUD,9297.0,False,False,Table 2.4
occupation,42,2022-23,median_time_lost,weeks,5.925632347702173,False,False,Table 2.5
occupation,42,2023-24,claim_count,claims,13281.0,False,True,Table 2.1
occupation,42,2023-24,frequency_rate,claims per million hours worked,13.51766083546864,False,True,Table 2.2
occupation,42,2023-24,incidence_rate,"claims per 1,000 employees",17.165364642252772,False,True,Table 2.3
occupation,42,2023-24,median_compensation,AUD,,True,True,Table 2.4
occupation,42,2023-24,median_time_lost,weeks,,True,True,Table 2.5
occupation,43,2014-15,claim_count,claims,1672.0,False,False,Table 2.1
occupation,43,2014-15,frequency_rate,claims per million hours worked,5.370442215250102,False,False,Table 2.2
occupation,43,2014-15,incidence_rate,"claims per 1,000 employees",5.859730926306064,False,False,Table 2.3
occupation,43,2014-15,median_compensation,AUD,5017.0,False,False,Table 2.4
occupation,43,2014-15,median_time_lost,weeks,4.796551724137931,False,False,Table 2.5
occupation,43,2015-16,claim_count,claims,1672.0,False,False,Table 2.1
occupation,43,2015-16,frequency_rate,claims per million hours worked,5.135385620865504,False,False,Table 2.2
occupation,43,2015-16,incidence_rate,"claims per 1,000 employees",5.544107205320484,False,False,Table 2.3
occupation,43,2015-16,median_compensation,AUD,5759.0,False,False,Table 2.4
occupation,43,2015-16,median_time_lost,weeks,5.519177110627346,False,False,Table 2.5
occupation,43,2016-17,claim_count,claims,1590.0,False,False,Table 2.1
occupation,43,2016-17,frequency_rate,claims per million hours worked,4.795552502319763,False,False,Table 2.2
occupation,43,2016-17,incidence_rate,"claims per 1,000 employees",5.212352463023207,False,False,Table 2.3
occupation,43,2016-17,median_compensation,AUD,7051.0,False,False,Table 2.4
occupation,43,2016-17,median_time_lost,weeks,4.3180384239294405,False,False,Table 2.5
occupation,43,2017-18,claim_count,claims,1820.0,False,False,Table 2.1
occupation,43,2017-18,frequency_rate,claims per million hours worked,5.45090766086453,False,False,Table 2.2
occupation,43,2017-18,incidence_rate,"claims per 1,000 employees",5.663962980157438,False,False,Table 2.3
occupation,43,2017-18,median_compensation,AUD,7882.0,False,False,Table 2.4
occupation,43,2017-18,median_time_lost,weeks,4.889788102562113,False,False,Table 2.5
occupation,43,2018-19,claim_count,claims,1928.0,False,False,Table 2.1
occupation,43,2018-19,frequency_rate,claims per million hours worked,5.714528472695408,False,False,Table 2.2
occupation,43,2018-19,incidence_rate,"claims per 1,000 employees",5.975046403055356,False,False,Table 2.3
occupation,43,2018-19,median_compensation,AUD,8314.0,False,False,Table 2.4
occupation,43,2018-19,median_time_lost,weeks,5.21750451411159,False,False,Table 2.5
occupation,43,2019-20,claim_count,claims,1968.0,False,False,Table 2.1
occupation,43,2019-20,frequency_rate,claims per million hours worked,6.850992539934763,False,False,Table 2.2
occupation,43,2019-20,incidence_rate,"claims per 1,000 employees",6.838212735855084,False,False,Table 2.3
occupation,43,2019-20,median_compensation,AUD,7002.5,False,False,Table 2.4
occupation,43,2019-20,median_time_lost,weeks,4.8,False,False,Table 2.5
occupation,43,2020-21,claim_count,claims,2002.0,False,False,Table 2.1
occupation,43,2020-21,frequency_rate,claims per million hours worked,6.348960107024394,False,False,Table 2.2
occupation,43,2020-21,incidence_rate,"claims per 1,000 employees",6.741158512539932,False,False,Table 2.3
occupation,43,2020-21,median_compensation,AUD,7880.0,False,False,Table 2.4
occupation,43,2020-21,median_time_lost,weeks,5.116788574438556,False,False,Table 2.5
occupation,43,2021-22,claim_count,claims,2653.0,False,False,Table 2.1
occupation,43,2021-22,frequency_rate,claims per million hours worked,9.20862152886438,False,False,Table 2.2
occupation,43,2021-22,incidence_rate,"claims per 1,000 employees",8.79834160612193,False,False,Table 2.3
occupation,43,2021-22,median_compensation,AUD,3024.0,False,False,Table 2.4
occupation,43,2021-22,median_time_lost,weeks,2.4,False,False,Table 2.5
occupation,43,2022-23,claim_count,claims,2358.0,False,False,Table 2.1
occupation,43,2022-23,frequency_rate,claims per million hours worked,6.488143542149131,False,False,Table 2.2
occupation,43,2022-23,incidence_rate,"claims per 1,000 employees",6.9215327861433265,False,False,Table 2.3
occupation,43,2022-23,median_compensation,AUD,8392.0,False,False,Table 2.4
occupation,43,2022-23,median_time_lost,weeks,5.2050833333333335,False,False,Table 2.5
occupation,43,2023-24,claim_count,claims,2232.0,False,True,Table 2.1
occupation,43,2023-24,frequency_rate,claims per million hours worked,6.234969821475258,False,True,Table 2.2
occupation,43,2023-24,incidence_rate,"claims per 1,000 employees",6.454770501049474,False,True,Table 2.3
occupation,43,2023-24,median_compensation,AUD,,True,True,Table 2.4
occupation,43,2023-24,median_time_lost,weeks,,True,True,Table 2.5
occupation,44,2014-15,claim_count,claims,4472.0,False,False,Table 2.1
occupation,44,2014-15,frequency_rate,claims per million hours worked,18.59311170703368,False,False,Table 2.2
occupation,44,2014-15,incidence_rate,"claims per 1,000 employees",32.274757974216804,False,False,Table 2.3
occupation,44,2014-15,median_compensation,AUD,14434.0,False,False,Table 2.4
occupation,44,2014-15,median_time_lost,weeks,7.8,False,False,Table 2.5
occupation,44,2015-16,claim_count,claims,4300.0,False,False,Table 2.1
occupation,44,2015-16,frequency_rate,claims per million hours worked,17.29674110524548,False,False,Table 2.2
occupation,44,2015-16,incidence_rate,"claims per 1,000 employees",30.061036746024136,False,False,Table 2.3
occupation,44,2015-16,median_compensation,AUD,17837.0,False,False,Table 2.4
occupation,44,2015-16,median_time_lost,weeks,8.4,False,False,Table 2.5
occupation,44,2016-17,claim_count,claims,4310.0,False,False,Table 2.1
occupation,44,2016-17,frequency_rate,claims per million hours worked,16.783650530617507,False,False,Table 2.2
occupation,44,2016-17,incidence_rate,"claims per 1,000 employees",28.756752744954724,False,False,Table 2.3
occupation,44,2016-17,median_compensation,AUD,21418.5,False,False,Table 2.4
occupation,44,2016-17,median_time_lost,weeks,8.355263157894736,False,False,Table 2.5
occupation,44,2017-18,claim_count,claims,4618.0,False,False,Table 2.1
occupation,44,2017-18,frequency_rate,claims per million hours worked,17.294685491242014,False,False,Table 2.2
occupation,44,2017-18,incidence_rate,"claims per 1,000 employees",29.658427816875744,False,False,Table 2.3
occupation,44,2017-18,median_compensation,AUD,23678.0,False,False,Table 2.4
occupation,44,2017-18,median_time_lost,weeks,8.798684210526314,False,False,Table 2.5
occupation,44,2018-19,claim_count,claims,5752.0,False,False,Table 2.1
occupation,44,2018-19,frequency_rate,claims per million hours worked,21.357770327543754,False,False,Table 2.2
occupation,44,2018-19,incidence_rate,"claims per 1,000 employees",37.200942889091344,False,False,Table 2.3
occupation,44,2018-19,median_compensation,AUD,26682.0,False,False,Table 2.4
occupation,44,2018-19,median_time_lost,weeks,9.377142857142857,False,False,Table 2.5
occupation,44,2019-20,claim_count,claims,6108.0,False,False,Table 2.1
occupation,44,2019-20,frequency_rate,claims per million hours worked,23.715639119207893,False,False,Table 2.2
occupation,44,2019-20,incidence_rate,"claims per 1,000 employees",39.97133924319903,False,False,Table 2.3
occupation,44,2019-20,median_compensation,AUD,28141.5,False,False,Table 2.4
occupation,44,2019-20,median_time_lost,weeks,9.8,False,False,Table 2.5
occupation,44,2020-21,claim_count,claims,6743.0,False,False,Table 2.1
occupation,44,2020-21,frequency_rate,claims per million hours worked,23.8912353698106,False,False,Table 2.2
occupation,44,2020-21,incidence_rate,"claims per 1,000 employees",41.14428909307876,False,False,Table 2.3
occupation,44,2020-21,median_compensation,AUD,32201.0,False,False,Table 2.4
occupation,44,2020-21,median_time_lost,weeks,12.0,False,False,Table 2.5
occupation,44,2021-22,claim_count,claims,9607.0,False,False,Table 2.1
occupation,44,2021-22,frequency_rate,claims per million hours worked,32.53340070757981,False,False,Table 2.2
occupation,44,2021-22,incidence_rate,"claims per 1,000 employees",56.79606961328345,False,False,Table 2.3
occupation,44,2021-22,median_compensation,AUD,16952.0,False,False,Table 2.4
occupation,44,2021-22,median_time_lost,weeks,6.2,False,False,Table 2.5
occupation,44,2022-23,claim_count,claims,10430.0,False,False,Table 2.1
occupation,44,2022-23,frequency_rate,claims per million hours worked,36.66492127795539,False,False,Table 2.2
occupation,44,2022-23,incidence_rate,"claims per 1,000 employees",64.78943699402453,False,False,Table 2.3
occupation,44,2022-23,median_compensation,AUD,20831.0,False,False,Table 2.4
occupation,44,2022-23,median_time_lost,weeks,7.048054919908466,False,False,Table 2.5
occupation,44,2023-24,claim_count,claims,8912.0,False,True,Table 2.1
occupation,44,2023-24,frequency_rate,claims per million hours worked,31.166975098838186,False,True,Table 2.2
occupation,44,2023-24,incidence_rate,"claims per 1,000 employees",55.9349631556599,False,True,Table 2.3
occupation,44,2023-24,median_compensation,AUD,,True,True,Table 2.4
occupation,44,2023-24,median_time_lost,weeks,,True,True,Table 2.5
occupation,45,2014-15,claim_count,claims,1252.0,False,False,Table 2.1
occupation,45,2014-15,frequency_rate,claims per million hours worked,6.221909284390528,False,False,Table 2.2
occupation,45,2014-15,incidence_rate,"claims per 1,000 employees",7.5507841992565785,False,False,Table 2.3
occupation,45,2014-15,median_compensation,AUD,9732.0,False,False,Table 2.4
occupation,45,2014-15,median_time_lost,weeks,5.7894736842105265,False,False,Table 2.5
occupation,45,2015-16,claim_count,claims,1128.0,False,False,Table 2.1
occupation,45,2015-16,frequency_rate,claims per million hours worked,5.7810001319361115,False,False,Table 2.2
occupation,45,2015-16,incidence_rate,"claims per 1,000 employees",6.6978941845044915,False,False,Table 2.3
occupation,45,2015-16,median_compensation,AUD,11191.0,False,False,Table 2.4
occupation,45,2015-16,median_time_lost,weeks,7.0,False,False,Table 2.5
occupation,45,2016-17,claim_count,claims,1223.0,False,False,Table 2.1
occupation,45,2016-17,frequency_rate,claims per million hours worked,6.224411653452735,False,False,Table 2.2
occupation,45,2016-17,incidence_rate,"claims per 1,000 employees",7.421140203140818,False,False,Table 2.3
occupation,45,2016-17,median_compensation,AUD,13288.0,False,False,Table 2.4
occupation,45,2016-17,median_time_lost,weeks,8.0,False,False,Table 2.5
occupation,45,2017-18,claim_count,claims,1231.0,False,False,Table 2.1
occupation,45,2017-18,frequency_rate,claims per million hours worked,5.75462141632996,False,False,Table 2.2
occupation,45,2017-18,incidence_rate,"claims per 1,000 employees",6.8383252463233735,False,False,Table 2.3
occupation,45,2017-18,median_compensation,AUD,14197.0,False,False,Table 2.4
occupation,45,2017-18,median_time_lost,weeks,8.605263157894736,False,False,Table 2.5
occupation,45,2018-19,claim_count,claims,1508.0,False,False,Table 2.1
occupation,45,2018-19,frequency_rate,claims per million hours worked,6.770091783106756,False,False,Table 2.2
occupation,45,2018-19,incidence_rate,"claims per 1,000 employees",7.864251891052444,False,False,Table 2.3
occupation,45,2018-19,median_compensation,AUD,13935.0,False,False,Table 2.4
occupation,45,2018-19,median_time_lost,weeks,7.7894736842105265,False,False,Table 2.5
occupation,45,2019-20,claim_count,claims,1514.0,False,False,Table 2.1
occupation,45,2019-20,frequency_rate,claims per million hours worked,7.99895952106593,False,False,Table 2.2
occupation,45,2019-20,incidence_rate,"claims per 1,000 employees",9.012259609402145,False,False,Table 2.3
occupation,45,2019-20,median_compensation,AUD,15185.0,False,False,Table 2.4
occupation,45,2019-20,median_time_lost,weeks,8.8,False,False,Table 2.5
occupation,45,2020-21,claim_count,claims,1301.0,False,False,Table 2.1
occupation,45,2020-21,frequency_rate,claims per million hours worked,7.86500576366413,False,False,Table 2.2
occupation,45,2020-21,incidence_rate,"claims per 1,000 employees",8.063132347896074,False,False,Table 2.3
occupation,45,2020-21,median_compensation,AUD,16838.0,False,False,Table 2.4
occupation,45,2020-21,median_time_lost,weeks,9.789473684210526,False,False,Table 2.5
occupation,45,2021-22,claim_count,claims,1451.0,False,False,Table 2.1
occupation,45,2021-22,frequency_rate,claims per million hours worked,9.354647169682854,False,False,Table 2.2
occupation,45,2021-22,incidence_rate,"claims per 1,000 employees",9.85488115960616,False,False,Table 2.3
occupation,45,2021-22,median_compensation,AUD,14480.5,False,False,Table 2.4
occupation,45,2021-22,median_time_lost,weeks,9.210526315789474,False,False,Table 2.5
occupation,45,2022-23,claim_count,claims,1682.0,False,False,Table 2.1
occupation,45,2022-23,frequency_rate,claims per million hours worked,7.808187363867232,False,False,Table 2.2
occupation,45,2022-23,incidence_rate,"claims per 1,000 employees",8.917382416979304,False,False,Table 2.3
occupation,45,2022-23,median_compensation,AUD,15609.0,False,False,Table 2.4
occupation,45,2022-23,median_time_lost,weeks,9.061093010795048,False,False,Table 2.5
occupation,45,2023-24,claim_count,claims,1802.0,False,True,Table 2.1
occupation,45,2023-24,frequency_rate,claims per million hours worked,9.161803328463813,False,True,Table 2.2
occupation,45,2023-24,incidence_rate,"claims per 1,000 employees",9.74045024228794,False,True,Table 2.3
occupation,45,2023-24,median_compensation,AUD,,True,True,Table 2.4
occupation,45,2023-24,median_time_lost,weeks,,True,True,Table 2.5
occupation,5,2014-15,claim_count,claims,5620.0,False,False,Table 2.1
occupation,5,2014-15,frequency_rate,claims per million hours worked,2.2423393298494334,False,False,Table 2.2
occupation,5,2014-15,incidence_rate,"claims per 1,000 employees",3.428506735143578,False,False,Table 2.3
occupation,5,2014-15,median_compensation,AUD,15792.5,False,False,Table 2.4
occupation,5,2014-15,median_time_lost,weeks,7.0,False,False,Table 2.5
occupation,5,2015-16,claim_count,claims,5079.0,False,False,Table 2.1
occupation,5,2015-16,frequency_rate,claims per million hours worked,1.9877317553083234,False,False,Table 2.2
occupation,5,2015-16,incidence_rate,"claims per 1,000 employees",3.065343149408105,False,False,Table 2.3
occupation,5,2015-16,median_compensation,AUD,16669.0,False,False,Table 2.4
occupation,5,2015-16,median_time_lost,weeks,7.3999999999999995,False,False,Table 2.5
occupation,5,2016-17,claim_count,claims,4856.0,False,False,Table 2.1
occupation,5,2016-17,frequency_rate,claims per million hours worked,1.9260887812547254,False,False,Table 2.2
occupation,5,2016-17,incidence_rate,"claims per 1,000 employees",2.9404911220139502,False,False,Table 2.3
occupation,5,2016-17,median_compensation,AUD,18853.0,False,False,Table 2.4
occupation,5,2016-17,median_time_lost,weeks,8.0,False,False,Table 2.5
occupation,5,2017-18,claim_count,claims,5264.0,False,False,Table 2.1
occupation,5,2017-18,frequency_rate,claims per million hours worked,2.0837109851401805,False,False,Table 2.2
occupation,5,2017-18,incidence_rate,"claims per 1,000 employees",3.224099024273555,False,False,Table 2.3
occupation,5,2017-18,median_compensation,AUD,19482.5,False,False,Table 2.4
occupation,5,2017-18,median_time_lost,weeks,8.391926244181883,False,False,Table 2.5
occupation,5,2018-19,claim_count,claims,5554.0,False,False,Table 2.1
occupation,5,2018-19,frequency_rate,claims per million hours worked,2.0293131924544823,False,False,Table 2.2
occupation,5,2018-19,incidence_rate,"claims per 1,000 employees",3.1262592014127963,False,False,Table 2.3
occupation,5,2018-19,median_compensation,AUD,20403.0,False,False,Table 2.4
occupation,5,2018-19,median_time_lost,weeks,8.934650492994292,False,False,Table 2.5
occupation,5,2019-20,claim_count,claims,5666.0,False,False,Table 2.1
occupation,5,2019-20,frequency_rate,claims per million hours worked,2.1150390495143365,False,False,Table 2.2
occupation,5,2019-20,incidence_rate,"claims per 1,000 employees",3.237564129421506,False,False,Table 2.3
occupation,5,2019-20,median_compensation,AUD,22269.5,False,False,Table 2.4
occupation,5,2019-20,median_time_lost,weeks,9.548484992101105,False,False,Table 2.5
occupation,5,2020-21,claim_count,claims,5872.0,False,False,Table 2.1
occupation,5,2020-21,frequency_rate,claims per million hours worked,2.209179723970969,False,False,Table 2.2
occupation,5,2020-21,incidence_rate,"claims per 1,000 employees",3.3861157052237703,False,False,Table 2.3
occupation,5,2020-21,median_compensation,AUD,22721.0,False,False,Table 2.4
occupation,5,2020-21,median_time_lost,weeks,10.0,False,False,Table 2.5
occupation,5,2021-22,claim_count,claims,5250.0,False,False,Table 2.1
occupation,5,2021-22,frequency_rate,claims per million hours worked,1.989975866412846,False,False,Table 2.2
occupation,5,2021-22,incidence_rate,"claims per 1,000 employees",3.056542579821067,False,False,Table 2.3
occupation,5,2021-22,median_compensation,AUD,23614.0,False,False,Table 2.4
occupation,5,2021-22,median_time_lost,weeks,10.600000000000001,False,False,Table 2.5
occupation,5,2022-23,claim_count,claims,5651.0,False,False,Table 2.1
occupation,5,2022-23,frequency_rate,claims per million hours worked,2.097509129439005,False,False,Table 2.2
occupation,5,2022-23,incidence_rate,"claims per 1,000 employees",3.229739948987301,False,False,Table 2.3
occupation,5,2022-23,median_compensation,AUD,24169.0,False,False,Table 2.4
occupation,5,2022-23,median_time_lost,weeks,10.026213333333333,False,False,Table 2.5
occupation,5,2023-24,claim_count,claims,5915.0,False,True,Table 2.1
occupation,5,2023-24,frequency_rate,claims per million hours worked,2.090699568265049,False,True,Table 2.2
occupation,5,2023-24,incidence_rate,"claims per 1,000 employees",3.2136511007640003,False,True,Table 2.3
occupation,5,2023-24,median_compensation,AUD,,True,True,Table 2.4
occupation,5,2023-24,median_time_lost,weeks,,True,True,Table 2.5
occupation,50,2014-15,claim_count,claims,,True,False,Table 2.1
occupation,50,2014-15,frequency_rate,claims per million hours worked,,True,False,Table 2.2
occupation,50,2014-15,incidence_rate,"claims per 1,000 employees",,True,False,Table 2.3
occupation,50,2014-15,median_compensation,AUD,,True,False,Table 2.4
occupation,50,2014-15,median_time_lost,weeks,,True,False,Table 2.5
occupation,50,2015-16,claim_count,claims,,True,False,Table 2.1
occupation,50,2015-16,frequency_rate,claims per million hours worked,,True,False,Table 2.2
occupation,50,2015-16,incidence_rate,"claims per 1,000 employees",,True,False,Table 2.3
occupation,50,2015-16,median_compensation,AUD,,True,False,Table 2.4
occupation,50,2015-16,median_time_lost,weeks,,True,False,Table 2.5
occupation,50,2016-17,claim_count,claims,,True,False,Table 2.1
occupation,50,2016-17,frequency_rate,claims per million hours worked,,True,False,Table 2.2
occupation,50,2016-17,incidence_rate,"claims per 1,000 employees",,True,False,Table 2.3
occupation,50,2016-17,median_compensation,AUD,,True,False,Table 2.4
occupation,50,2016-17,median_time_lost,weeks,,True,False,Table 2.5
occupation,50,2017-18,claim_count,claims,,True,False,Table 2.1
occupation,50,2017-18,frequency_rate,claims per million hours worked,,True,False,Table 2.2
occupation,50,2017-18,incidence_rate,"claims per 1,000 employees",,True,False,Table 2.3
occupation,50,2017-18,median_compensation,AUD,,True,False,Table 2.4
occupation,50,2017-18,median_time_lost,weeks,,True,False,Table 2.5
occupation,50,2018-19,claim_count,claims,,True,False,Table 2.1
occupation,50,2018-19,frequency_rate,claims per million hours worked,,True,False,Table 2.2
occupation,50,2018-19,incidence_rate,"claims per 1,000 employees",,True,False,Table 2.3
occupation,50,2018-19,median_compensation,AUD,,True,False,Table 2.4
occupation,50,2018-19,median_time_lost,weeks,,True,False,Table 2.5
occupation,50,2019-20,claim_count,claims,,True,False,Table 2.1
occupation,50,2019-20,frequency_rate,claims per million hours worked,,True,False,Table 2.2
occupation,50,2019-20,incidence_rate,"claims per 1,000 employees",,True,False,Table 2.3
occupation,50,2019-20,median_compensation,AUD,,True,False,Table 2.4
occupation,50,2019-20,median_time_lost,weeks,,True,False,Table 2.5
occupation,50,2020-21,claim_count,claims,,True,False,Table 2.1
occupation,50,2020-21,frequency_rate,claims per million hours worked,,True,False,Table 2.2
occupation,50,2020-21,incidence_rate,"claims per 1,000 employees",,True,False,Table 2.3
occupation,50,2020-21,median_compensation,AUD,,True,False,Table 2.4
occupation,50,2020-21,median_time_lost,weeks,,True,False,Table 2.5
occupation,50,2021-22,claim_count,claims,,True,False,Table 2.1
occupation,50,2021-22,frequency_rate,claims per million hours worked,,True,False,Table 2.2
occupation,50,2021-22,incidence_rate,"claims per 1,000 employees",,True,False,Table 2.3
occupation,50,2021-22,median_compensation,AUD,,True,False,Table 2.4
occupation,50,2021-22,median_time_lost,weeks,,True,False,Table 2.5
occupation,50,2022-23,claim_count,claims,,True,False,Table 2.1
occupation,50,2022-23,frequency_rate,claims per million hours worked,,True,False,Table 2.2
occupation,50,2022-23,incidence_rate,"claims per 1,000 employees",,True,False,Table 2.3
occupation,50,2022-23,median_compensation,AUD,,True,False,Table 2.4
occupation,50,2022-23,median_time_lost,weeks,,True,False,Table 2.5
occupation,50,2023-24,claim_count,claims,,True,True,Table 2.1
occupation,50,2023-24,frequency_rate,claims per million hours worked,,True,True,Table 2.2
occupation,50,2023-24,incidence_rate,"claims per 1,000 employees",,True,True,Table 2.3
occupation,50,2023-24,median_compensation,AUD,,True,True,Table 2.4
occupation,50,2023-24,median_time_lost,weeks,,True,True,Table 2.5
occupation,51,2014-15,claim_count,claims,400.0,False,False,Table 2.1
occupation,51,2014-15,frequency_rate,claims per million hours worked,0.874019710708994,False,False,Table 2.2
occupation,51,2014-15,incidence_rate,"claims per 1,000 employees",1.4863388739228238,False,False,Table 2.3
occupation,51,2014-15,median_compensation,AUD,19467.5,False,False,Table 2.4
occupation,51,2014-15,median_time_lost,weeks,7.2,False,False,Table 2.5
occupation,51,2015-16,claim_count,claims,389.0,False,False,Table 2.1
occupation,51,2015-16,frequency_rate,claims per million hours worked,0.7984184858339958,False,False,Table 2.2
occupation,51,2015-16,incidence_rate,"claims per 1,000 employees",1.3581928794148006,False,False,Table 2.3
occupation,51,2015-16,median_compensation,AUD,21840.5,False,False,Table 2.4
occupation,51,2015-16,median_time_lost,weeks,6.7999286047724965,False,False,Table 2.5
occupation,51,2016-17,claim_count,claims,381.0,False,False,Table 2.1
occupation,51,2016-17,frequency_rate,claims per million hours worked,0.8383709345459242,False,False,Table 2.2
occupation,51,2016-17,incidence_rate,"claims per 1,000 employees",1.4139065255363656,False,False,Table 2.3
occupation,51,2016-17,median_compensation,AUD,26494.5,False,False,Table 2.4
occupation,51,2016-17,median_time_lost,weeks,9.2,False,False,Table 2.5
occupation,51,2017-18,claim_count,claims,422.0,False,False,Table 2.1
occupation,51,2017-18,frequency_rate,claims per million hours worked,0.99210618550331,False,False,Table 2.2
occupation,51,2017-18,incidence_rate,"claims per 1,000 employees",1.676501974000821,False,False,Table 2.3
occupation,51,2017-18,median_compensation,AUD,29247.0,False,False,Table 2.4
occupation,51,2017-18,median_time_lost,weeks,10.0,False,False,Table 2.5
occupation,51,2018-19,claim_count,claims,466.0,False,False,Table 2.1
occupation,51,2018-19,frequency_rate,claims per million hours worked,0.8838486449466282,False,False,Table 2.2
occupation,51,2018-19,incidence_rate,"claims per 1,000 employees",1.4973804510571624,False,False,Table 2.3
occupation,51,2018-19,median_compensation,AUD,28461.0,False,False,Table 2.4
occupation,51,2018-19,median_time_lost,weeks,12.0,False,False,Table 2.5
occupation,51,2019-20,claim_count,claims,440.0,False,False,Table 2.1
occupation,51,2019-20,frequency_rate,claims per million hours worked,0.8371523665008399,False,False,Table 2.2
occupation,51,2019-20,incidence_rate,"claims per 1,000 employees",1.4332922609577363,False,False,Table 2.3
occupation,51,2019-20,median_compensation,AUD,28386.0,False,False,Table 2.4
occupation,51,2019-20,median_time_lost,weeks,10.034722222222221,False,False,Table 2.5
occupation,51,2020-21,claim_count,claims,451.0,False,False,Table 2.1
occupation,51,2020-21,frequency_rate,claims per million hours worked,0.9291530126253662,False,False,Table 2.2
occupation,51,2020-21,incidence_rate,"claims per 1,000 employees",1.57400231597434,False,False,Table 2.3
occupation,51,2020-21,median_compensation,AUD,28322.0,False,False,Table 2.4
occupation,51,2020-21,median_time_lost,weeks,10.330478682631567,False,False,Table 2.5
occupation,51,2021-22,claim_count,claims,415.0,False,False,Table 2.1
occupation,51,2021-22,frequency_rate,claims per million hours worked,0.8047397485115501,False,False,Table 2.2
occupation,51,2021-22,incidence_rate,"claims per 1,000 employees",1.3595877429570284,False,False,Table 2.3
occupation,51,2021-22,median_compensation,AUD,43847.0,False,False,Table 2.4
occupation,51,2021-22,median_time_lost,weeks,18.125,False,False,Table 2.5
occupation,51,2022-23,claim_count,claims,456.0,False,False,Table 2.1
occupation,51,2022-23,frequency_rate,claims per million hours worked,0.9105254289209097,False,False,Table 2.2
occupation,51,2022-23,incidence_rate,"claims per 1,000 employees",1.5236023191489005,False,False,Table 2.3
occupation,51,2022-23,median_compensation,AUD,42688.0,False,False,Table 2.4
occupation,51,2022-23,median_time_lost,weeks,15.205263157894738,False,False,Table 2.5
occupation,51,2023-24,claim_count,claims,509.0,False,True,Table 2.1
occupation,51,2023-24,frequency_rate,claims per million hours worked,0.9870582364111746,False,True,Table 2.2
occupation,51,2023-24,incidence_rate,"claims per 1,000 employees",1.6330904947814449,False,True,Table 2.3
occupation,51,2023-24,median_compensation,AUD,,True,True,Table 2.4
occupation,51,2023-24,median_time_lost,weeks,,True,True,Table 2.5
occupation,52,2014-15,claim_count,claims,154.0,False,False,Table 2.1
occupation,52,2014-15,frequency_rate,claims per million hours worked,0.9485679568910196,False,False,Table 2.2
occupation,52,2014-15,incidence_rate,"claims per 1,000 employees",1.4248928240271512,False,False,Table 2.3
occupation,52,2014-15,median_compensation,AUD,17446.0,False,False,Table 2.4
occupation,52,2014-15,median_time_lost,weeks,6.836662389772654,False,False,Table 2.5
occupation,52,2015-16,claim_count,claims,140.0,False,False,Table 2.1
occupation,52,2015-16,frequency_rate,claims per million hours worked,0.9627047648638024,False,False,Table 2.2
occupation,52,2015-16,incidence_rate,"claims per 1,000 employees",1.4463221528517611,False,False,Table 2.3
occupation,52,2015-16,median_compensation,AUD,20427.0,False,False,Table 2.4
occupation,52,2015-16,median_time_lost,weeks,10.18157894736842,False,False,Table 2.5
occupation,52,2016-17,claim_count,claims,161.0,False,False,Table 2.1
occupation,52,2016-17,frequency_rate,claims per million hours worked,1.120262169386473,False,False,Table 2.2
occupation,52,2016-17,incidence_rate,"claims per 1,000 employees",1.73161020615766,False,False,Table 2.3
occupation,52,2016-17,median_compensation,AUD,22536.0,False,False,Table 2.4
occupation,52,2016-17,median_time_lost,weeks,10.278947368421052,False,False,Table 2.5
occupation,52,2017-18,claim_count,claims,163.0,False,False,Table 2.1
occupation,52,2017-18,frequency_rate,claims per million hours worked,1.1147742969712544,False,False,Table 2.2
occupation,52,2017-18,incidence_rate,"claims per 1,000 employees",1.7202722942779392,False,False,Table 2.3
occupation,52,2017-18,median_compensation,AUD,21577.0,False,False,Table 2.4
occupation,52,2017-18,median_time_lost,weeks,7.894780062839189,False,False,Table 2.5
occupation,52,2018-19,claim_count,claims,132.0,False,False,Table 2.1
occupation,52,2018-19,frequency_rate,claims per million hours worked,0.9846633068536766,False,False,Table 2.2
occupation,52,2018-19,incidence_rate,"claims per 1,000 employees",1.4449503578385647,False,False,Table 2.3
occupation,52,2018-19,median_compensation,AUD,17024.0,False,False,Table 2.4
occupation,52,2018-19,median_time_lost,weeks,7.852078947368421,False,False,Table 2.5
occupation,52,2019-20,claim_count,claims,147.0,False,False,Table 2.1
occupation,52,2019-20,frequency_rate,claims per million hours worked,1.1607281428272316,False,False,Table 2.2
occupation,52,2019-20,incidence_rate,"claims per 1,000 employees",1.7041957986774352,False,False,Table 2.3
occupation,52,2019-20,median_compensation,AUD,20497.0,False,False,Table 2.4
occupation,52,2019-20,median_time_lost,weeks,10.143960939269625,False,False,Table 2.5
occupation,52,2020-21,claim_count,claims,125.0,False,False,Table 2.1
occupation,52,2020-21,frequency_rate,claims per million hours worked,1.0004531457737584,False,False,Table 2.2
occupation,52,2020-21,incidence_rate,"claims per 1,000 employees",1.5209420952572514,False,False,Table 2.3
occupation,52,2020-21,median_compensation,AUD,25144.0,False,False,Table 2.4
occupation,52,2020-21,median_time_lost,weeks,9.726315789473684,False,False,Table 2.5
occupation,52,2021-22,claim_count,claims,124.0,False,False,Table 2.1
occupation,52,2021-22,frequency_rate,claims per million hours worked,0.921305480018444,False,False,Table 2.2
occupation,52,2021-22,incidence_rate,"claims per 1,000 employees",1.4537864479293001,False,False,Table 2.3
occupation,52,2021-22,median_compensation,AUD,28630.0,False,False,Table 2.4
occupation,52,2021-22,median_time_lost,weeks,12.811666666666667,False,False,Table 2.5
occupation,52,2022-23,claim_count,claims,129.0,False,False,Table 2.1
occupation,52,2022-23,frequency_rate,claims per million hours worked,0.9724344093107944,False,False,Table 2.2
occupation,52,2022-23,incidence_rate,"claims per 1,000 employees",1.5111541434107376,False,False,Table 2.3
occupation,52,2022-23,median_compensation,AUD,30972.0,False,False,Table 2.4
occupation,52,2022-23,median_time_lost,weeks,15.052631578947368,False,False,Table 2.5
occupation,52,2023-24,claim_count,claims,139.0,False,True,Table 2.1
occupation,52,2023-24,frequency_rate,claims per million hours worked,1.013419291409989,False,True,Table 2.2
occupation,52,2023-24,incidence_rate,"claims per 1,000 employees",1.5954809819670654,False,True,Table 2.3
occupation,52,2023-24,median_compensation,AUD,,True,True,Table 2.4
occupation,52,2023-24,median_time_lost,weeks,,True,True,Table 2.5
occupation,53,2014-15,claim_count,claims,955.0,False,False,Table 2.1
occupation,53,2014-15,frequency_rate,claims per million hours worked,2.301022908107387,False,False,Table 2.2
occupation,53,2014-15,incidence_rate,"claims per 1,000 employees",3.295097059537842,False,False,Table 2.3
occupation,53,2014-15,median_compensation,AUD,12456.0,False,False,Table 2.4
occupation,53,2014-15,median_time_lost,weeks,6.333333333333333,False,False,Table 2.5
occupation,53,2015-16,claim_count,claims,828.0,False,False,Table 2.1
occupation,53,2015-16,frequency_rate,claims per million hours worked,1.9542403208417092,False,False,Table 2.2
occupation,53,2015-16,incidence_rate,"claims per 1,000 employees",2.8051224275655797,False,False,Table 2.3
occupation,53,2015-16,median_compensation,AUD,12782.0,False,False,Table 2.4
occupation,53,2015-16,median_time_lost,weeks,7.821820175438597,False,False,Table 2.5
occupation,53,2016-17,claim_count,claims,655.0,False,False,Table 2.1
occupation,53,2016-17,frequency_rate,claims per million hours worked,1.5315053128797191,False,False,Table 2.2
occupation,53,2016-17,incidence_rate,"claims per 1,000 employees",2.1649560407474198,False,False,Table 2.3
occupation,53,2016-17,median_compensation,AUD,12640.0,False,False,Table 2.4
occupation,53,2016-17,median_time_lost,weeks,7.842105263157895,False,False,Table 2.5
occupation,53,2017-18,claim_count,claims,561.0,False,False,Table 2.1
occupation,53,2017-18,frequency_rate,claims per million hours worked,1.3051010646696837,False,False,Table 2.2
occupation,53,2017-18,incidence_rate,"claims per 1,000 employees",1.9122802536708452,False,False,Table 2.3
occupation,53,2017-18,median_compensation,AUD,12898.5,False,False,Table 2.4
occupation,53,2017-18,median_time_lost,weeks,7.5,False,False,Table 2.5
occupation,53,2018-19,claim_count,claims,640.0,False,False,Table 2.1
occupation,53,2018-19,frequency_rate,claims per million hours worked,1.2654133727335273,False,False,Table 2.2
occupation,53,2018-19,incidence_rate,"claims per 1,000 employees",1.87872738317528,False,False,Table 2.3
occupation,53,2018-19,median_compensation,AUD,17082.0,False,False,Table 2.4
occupation,53,2018-19,median_time_lost,weeks,8.1,False,False,Table 2.5
occupation,53,2019-20,claim_count,claims,701.0,False,False,Table 2.1
occupation,53,2019-20,frequency_rate,claims per million hours worked,1.3973243834883906,False,False,Table 2.2
occupation,53,2019-20,incidence_rate,"claims per 1,000 employees",2.0431859383826416,False,False,Table 2.3
occupation,53,2019-20,median_compensation,AUD,21533.0,False,False,Table 2.4
occupation,53,2019-20,median_time_lost,weeks,10.2,False,False,Table 2.5
occupation,53,2020-21,claim_count,claims,726.0,False,False,Table 2.1
occupation,53,2020-21,frequency_rate,claims per million hours worked,1.3836862363863194,False,False,Table 2.2
occupation,53,2020-21,incidence_rate,"claims per 1,000 employees",2.009310136544953,False,False,Table 2.3
occupation,53,2020-21,median_compensation,AUD,19938.0,False,False,Table 2.4
occupation,53,2020-21,median_time_lost,weeks,10.346666666666668,False,False,Table 2.5
occupation,53,2021-22,claim_count,claims,637.0,False,False,Table 2.1
occupation,53,2021-22,frequency_rate,claims per million hours worked,1.33221467748599,False,False,Table 2.2
occupation,53,2021-22,incidence_rate,"claims per 1,000 employees",1.8956606199399801,False,False,Table 2.3
occupation,53,2021-22,median_compensation,AUD,20393.0,False,False,Table 2.4
occupation,53,2021-22,median_time_lost,weeks,10.799999999999999,False,False,Table 2.5
occupation,53,2022-23,claim_count,claims,679.0,False,False,Table 2.1
occupation,53,2022-23,frequency_rate,claims per million hours worked,1.344686682856264,False,False,Table 2.2
occupation,53,2022-23,incidence_rate,"claims per 1,000 employees",2.0181989511785283,False,False,Table 2.3
occupation,53,2022-23,median_compensation,AUD,18175.0,False,False,Table 2.4
occupation,53,2022-23,median_time_lost,weeks,8.399999999999999,False,False,Table 2.5
occupation,53,2023-24,claim_count,claims,745.0,False,True,Table 2.1
occupation,53,2023-24,frequency_rate,claims per million hours worked,1.560745774830872,False,True,Table 2.2
occupation,53,2023-24,incidence_rate,"claims per 1,000 employees",2.2525531438341373,False,True,Table 2.3
occupation,53,2023-24,median_compensation,AUD,,True,True,Table 2.4
occupation,53,2023-24,median_time_lost,weeks,,True,True,Table 2.5
occupation,54,2014-15,claim_count,claims,544.0,False,False,Table 2.1
occupation,54,2014-15,frequency_rate,claims per million hours worked,1.3400993100377088,False,False,Table 2.2
occupation,54,2014-15,incidence_rate,"claims per 1,000 employees",1.8640396018199032,False,False,Table 2.3
occupation,54,2014-15,median_compensation,AUD,14367.5,False,False,Table 2.4
occupation,54,2014-15,median_time_lost,weeks,7.410152173913044,False,False,Table 2.5
occupation,54,2015-16,claim_count,claims,522.0,False,False,Table 2.1
occupation,54,2015-16,frequency_rate,claims per million hours worked,1.2503049695978803,False,False,Table 2.2
occupation,54,2015-16,incidence_rate,"claims per 1,000 employees",1.7967036619508576,False,False,Table 2.3
occupation,54,2015-16,median_compensation,AUD,14431.0,False,False,Table 2.4
occupation,54,2015-16,median_time_lost,weeks,8.030820157465454,False,False,Table 2.5
occupation,54,2016-17,claim_count,claims,487.0,False,False,Table 2.1
occupation,54,2016-17,frequency_rate,claims per million hours worked,1.1937524320000823,False,False,Table 2.2
occupation,54,2016-17,incidence_rate,"claims per 1,000 employees",1.6480931298951806,False,False,Table 2.3
occupation,54,2016-17,median_compensation,AUD,15173.5,False,False,Table 2.4
occupation,54,2016-17,median_time_lost,weeks,8.210526315789474,False,False,Table 2.5
occupation,54,2017-18,claim_count,claims,530.0,False,False,Table 2.1
occupation,54,2017-18,frequency_rate,claims per million hours worked,1.329871102078169,False,False,Table 2.2
occupation,54,2017-18,incidence_rate,"claims per 1,000 employees",1.8526475584531246,False,False,Table 2.3
occupation,54,2017-18,median_compensation,AUD,18588.0,False,False,Table 2.4
occupation,54,2017-18,median_time_lost,weeks,9.667978070175439,False,False,Table 2.5
occupation,54,2018-19,claim_count,claims,535.0,False,False,Table 2.1
occupation,54,2018-19,frequency_rate,claims per million hours worked,1.2138161638877516,False,False,Table 2.2
occupation,54,2018-19,incidence_rate,"claims per 1,000 employees",1.6856194286783417,False,False,Table 2.3
occupation,54,2018-19,median_compensation,AUD,17502.0,False,False,Table 2.4
occupation,54,2018-19,median_time_lost,weeks,12.0,False,False,Table 2.5
occupation,54,2019-20,claim_count,claims,528.0,False,False,Table 2.1
occupation,54,2019-20,frequency_rate,claims per million hours worked,1.2192929580913545,False,False,Table 2.2
occupation,54,2019-20,incidence_rate,"claims per 1,000 employees",1.6710630145098904,False,False,Table 2.3
occupation,54,2019-20,median_compensation,AUD,17134.5,False,False,Table 2.4
occupation,54,2019-20,median_time_lost,weeks,11.393333333333334,False,False,Table 2.5
occupation,54,2020-21,claim_count,claims,566.0,False,False,Table 2.1
occupation,54,2020-21,frequency_rate,claims per million hours worked,1.393536291991892,False,False,Table 2.2
occupation,54,2020-21,incidence_rate,"claims per 1,000 employees",1.9153245517463435,False,False,Table 2.3
occupation,54,2020-21,median_compensation,AUD,18408.0,False,False,Table 2.4
occupation,54,2020-21,median_time_lost,weeks,10.766304347826086,False,False,Table 2.5
occupation,54,2021-22,claim_count,claims,534.0,False,False,Table 2.1
occupation,54,2021-22,frequency_rate,claims per million hours worked,1.3289241850942815,False,False,Table 2.2
occupation,54,2021-22,incidence_rate,"claims per 1,000 employees",1.838251918971883,False,False,Table 2.3
occupation,54,2021-22,median_compensation,AUD,18567.0,False,False,Table 2.4
occupation,54,2021-22,median_time_lost,weeks,11.175883256528419,False,False,Table 2.5
occupation,54,2022-23,claim_count,claims,499.0,False,False,Table 2.1
occupation,54,2022-23,frequency_rate,claims per million hours worked,1.1668303779219893,False,False,Table 2.2
occupation,54,2022-23,incidence_rate,"claims per 1,000 employees",1.5772737042570937,False,False,Table 2.3
occupation,54,2022-23,median_compensation,AUD,17942.0,False,False,Table 2.4
occupation,54,2022-23,median_time_lost,weeks,9.58,False,False,Table 2.5
occupation,54,2023-24,claim_count,claims,575.0,False,True,Table 2.1
occupation,54,2023-24,frequency_rate,claims per million hours worked,1.3472725675473158,False,True,Table 2.2
occupation,54,2023-24,incidence_rate,"claims per 1,000 employees",1.8552757221126026,False,True,Table 2.3
occupation,54,2023-24,median_compensation,AUD,,True,True,Table 2.4
occupation,54,2023-24,median_time_lost,weeks,,True,True,Table 2.5
occupation,55,2014-15,claim_count,claims,496.0,False,False,Table 2.1
occupation,55,2014-15,frequency_rate,claims per million hours worked,0.9326931782752156,False,False,Table 2.2
occupation,55,2014-15,incidence_rate,"claims per 1,000 employees",1.379416658419312,False,False,Table 2.3
occupation,55,2014-15,median_compensation,AUD,17241.0,False,False,Table 2.4
occupation,55,2014-15,median_time_lost,weeks,7.253513157894737,False,False,Table 2.5
occupation,55,2015-16,claim_count,claims,448.0,False,False,Table 2.1
occupation,55,2015-16,frequency_rate,claims per million hours worked,0.8601471173141496,False,False,Table 2.2
occupation,55,2015-16,incidence_rate,"claims per 1,000 employees",1.2535193912227063,False,False,Table 2.3
occupation,55,2015-16,median_compensation,AUD,17673.0,False,False,Table 2.4
occupation,55,2015-16,median_time_lost,weeks,8.25079744816587,False,False,Table 2.5
occupation,55,2016-17,claim_count,claims,397.0,False,False,Table 2.1
occupation,55,2016-17,frequency_rate,claims per million hours worked,0.7203862778587332,False,False,Table 2.2
occupation,55,2016-17,incidence_rate,"claims per 1,000 employees",1.0854057201746932,False,False,Table 2.3
occupation,55,2016-17,median_compensation,AUD,21767.0,False,False,Table 2.4
occupation,55,2016-17,median_time_lost,weeks,9.256460631706211,False,False,Table 2.5
occupation,55,2017-18,claim_count,claims,419.0,False,False,Table 2.1
occupation,55,2017-18,frequency_rate,claims per million hours worked,0.7586819521261134,False,False,Table 2.2
occupation,55,2017-18,incidence_rate,"claims per 1,000 employees",1.134797746175253,False,False,Table 2.3
occupation,55,2017-18,median_compensation,AUD,24621.0,False,False,Table 2.4
occupation,55,2017-18,median_time_lost,weeks,11.092105263157896,False,False,Table 2.5
occupation,55,2018-19,claim_count,claims,462.0,False,False,Table 2.1
occupation,55,2018-19,frequency_rate,claims per million hours worked,0.8384278039787854,False,False,Table 2.2
occupation,55,2018-19,incidence_rate,"claims per 1,000 employees",1.2455408515143849,False,False,Table 2.3
occupation,55,2018-19,median_compensation,AUD,26146.0,False,False,Table 2.4
occupation,55,2018-19,median_time_lost,weeks,10.114309210526315,False,False,Table 2.5
occupation,55,2019-20,claim_count,claims,457.0,False,False,Table 2.1
occupation,55,2019-20,frequency_rate,claims per million hours worked,0.8443384095241716,False,False,Table 2.2
occupation,55,2019-20,incidence_rate,"claims per 1,000 employees",1.2402577986248915,False,False,Table 2.3
occupation,55,2019-20,median_compensation,AUD,25269.0,False,False,Table 2.4
occupation,55,2019-20,median_time_lost,weeks,12.200000000000001,False,False,Table 2.5
occupation,55,2020-21,claim_count,claims,390.0,False,False,Table 2.1
occupation,55,2020-21,frequency_rate,claims per million hours worked,0.6765621340360569,False,False,Table 2.2
occupation,55,2020-21,incidence_rate,"claims per 1,000 employees",1.0189916158402916,False,False,Table 2.3
occupation,55,2020-21,median_compensation,AUD,32699.0,False,False,Table 2.4
occupation,55,2020-21,median_time_lost,weeks,15.50263157894737,False,False,Table 2.5
occupation,55,2021-22,claim_count,claims,331.0,False,False,Table 2.1
occupation,55,2021-22,frequency_rate,claims per million hours worked,0.6016226998749112,False,False,Table 2.2
occupation,55,2021-22,incidence_rate,"claims per 1,000 employees",0.9190819653573903,False,False,Table 2.3
occupation,55,2021-22,median_compensation,AUD,34165.0,False,False,Table 2.4
occupation,55,2021-22,median_time_lost,weeks,16.2,False,False,Table 2.5
occupation,55,2022-23,claim_count,claims,335.0,False,False,Table 2.1
occupation,55,2022-23,frequency_rate,claims per million hours worked,0.6052993438204495,False,False,Table 2.2
occupation,55,2022-23,incidence_rate,"claims per 1,000 employees",0.9161705006793726,False,False,Table 2.3
occupation,55,2022-23,median_compensation,AUD,36545.0,False,False,Table 2.4
occupation,55,2022-23,median_time_lost,weeks,14.74736842105263,False,False,Table 2.5
occupation,55,2023-24,claim_count,claims,393.0,False,True,Table 2.1
occupation,55,2023-24,frequency_rate,claims per million hours worked,0.6360627382864901,False,True,Table 2.2
occupation,55,2023-24,incidence_rate,"claims per 1,000 employees",0.9715780808435586,False,True,Table 2.3
occupation,55,2023-24,median_compensation,AUD,,True,True,Table 2.4
occupation,55,2023-24,median_time_lost,weeks,,True,True,Table 2.5
occupation,56,2014-15,claim_count,claims,1086.0,False,False,Table 2.1
occupation,56,2014-15,frequency_rate,claims per million hours worked,7.619936610167081,False,False,Table 2.2
occupation,56,2014-15,incidence_rate,"claims per 1,000 employees",11.831161056636256,False,False,Table 2.3
occupation,56,2014-15,median_compensation,AUD,15523.5,False,False,Table 2.4
occupation,56,2014-15,median_time_lost,weeks,7.21028393443445,False,False,Table 2.5
occupation,56,2015-16,claim_count,claims,836.0,False,False,Table 2.1
occupation,56,2015-16,frequency_rate,claims per million hours worked,6.13427004124982,False,False,Table 2.2
occupation,56,2015-16,incidence_rate,"claims per 1,000 employees",9.683338270588697,False,False,Table 2.3
occupation,56,2015-16,median_compensation,AUD,14517.0,False,False,Table 2.4
occupation,56,2015-16,median_time_lost,weeks,6.599867424242424,False,False,Table 2.5
occupation,56,2016-17,claim_count,claims,980.0,False,False,Table 2.1
occupation,56,2016-17,frequency_rate,claims per million hours worked,7.878778723304678,False,False,Table 2.2
occupation,56,2016-17,incidence_rate,"claims per 1,000 employees",12.197515160007123,False,False,Table 2.3
occupation,56,2016-17,median_compensation,AUD,17800.5,False,False,Table 2.4
occupation,56,2016-17,median_time_lost,weeks,8.0,False,False,Table 2.5
occupation,56,2017-18,claim_count,claims,1032.0,False,False,Table 2.1
occupation,56,2017-18,frequency_rate,claims per million hours worked,8.077478455003545,False,False,Table 2.2
occupation,56,2017-18,incidence_rate,"claims per 1,000 employees",13.068157661416514,False,False,Table 2.3
occupation,56,2017-18,median_compensation,AUD,16097.0,False,False,Table 2.4
occupation,56,2017-18,median_time_lost,weeks,8.0,False,False,Table 2.5
occupation,56,2018-19,claim_count,claims,1235.0,False,False,Table 2.1
occupation,56,2018-19,frequency_rate,claims per million hours worked,9.344464466513688,False,False,Table 2.2
occupation,56,2018-19,incidence_rate,"claims per 1,000 employees",14.395120252745398,False,False,Table 2.3
occupation,56,2018-19,median_compensation,AUD,15739.5,False,False,Table 2.4
occupation,56,2018-19,median_time_lost,weeks,6.989696798831278,False,False,Table 2.5
occupation,56,2019-20,claim_count,claims,1323.0,False,False,Table 2.1
occupation,56,2019-20,frequency_rate,claims per million hours worked,11.1299556120539,False,False,Table 2.2
occupation,56,2019-20,incidence_rate,"claims per 1,000 employees",17.64907900953126,False,False,Table 2.3
occupation,56,2019-20,median_compensation,AUD,18779.0,False,False,Table 2.4
occupation,56,2019-20,median_time_lost,weeks,8.600000000000001,False,False,Table 2.5
occupation,56,2020-21,claim_count,claims,1493.0,False,False,Table 2.1
occupation,56,2020-21,frequency_rate,claims per million hours worked,12.768003190944103,False,False,Table 2.2
occupation,56,2020-21,incidence_rate,"claims per 1,000 employees",19.90812774775084,False,False,Table 2.3
occupation,56,2020-21,median_compensation,AUD,17364.0,False,False,Table 2.4
occupation,56,2020-21,median_time_lost,weeks,7.7894736842105265,False,False,Table 2.5
occupation,56,2021-22,claim_count,claims,1359.0,False,False,Table 2.1
occupation,56,2021-22,frequency_rate,claims per million hours worked,10.930931649973807,False,False,Table 2.2
occupation,56,2021-22,incidence_rate,"claims per 1,000 employees",16.344074324834164,False,False,Table 2.3
occupation,56,2021-22,median_compensation,AUD,17449.0,False,False,Table 2.4
occupation,56,2021-22,median_time_lost,weeks,8.2,False,False,Table 2.5
occupation,56,2022-23,claim_count,claims,1352.0,False,False,Table 2.1
occupation,56,2022-23,frequency_rate,claims per million hours worked,12.414731140409236,False,False,Table 2.2
occupation,56,2022-23,incidence_rate,"claims per 1,000 employees",18.932326540125224,False,False,Table 2.3
occupation,56,2022-23,median_compensation,AUD,20219.5,False,False,Table 2.4
occupation,56,2022-23,median_time_lost,weeks,8.719783357674743,False,False,Table 2.5
occupation,56,2023-24,claim_count,claims,1436.0,False,True,Table 2.1
occupation,56,2023-24,frequency_rate,claims per million hours worked,12.303935440014182,False,True,Table 2.2
occupation,56,2023-24,incidence_rate,"claims per 1,000 employees",18.89576716356324,False,True,Table 2.3
occupation,56,2023-24,median_compensation,AUD,,True,True,Table 2.4
occupation,56,2023-24,median_time_lost,weeks,,True,True,Table 2.5
occupation,59,2014-15,claim_count,claims,1985.0,False,False,Table 2.1
occupation,59,2014-15,frequency_rate,claims per million hours worked,5.08138319785933,False,False,Table 2.2
occupation,59,2014-15,incidence_rate,"claims per 1,000 employees",8.677299873137938,False,False,Table 2.3
occupation,59,2014-15,median_compensation,AUD,16752.5,False,False,Table 2.4
occupation,59,2014-15,median_time_lost,weeks,6.956,False,False,Table 2.5
occupation,59,2015-16,claim_count,claims,1916.0,False,False,Table 2.1
occupation,59,2015-16,frequency_rate,claims per million hours worked,4.524749067038354,False,False,Table 2.2
occupation,59,2015-16,incidence_rate,"claims per 1,000 employees",7.855741801119939,False,False,Table 2.3
occupation,59,2015-16,median_compensation,AUD,19234.0,False,False,Table 2.4
occupation,59,2015-16,median_time_lost,weeks,7.397368421052631,False,False,Table 2.5
occupation,59,2016-17,claim_count,claims,1795.0,False,False,Table 2.1
occupation,59,2016-17,frequency_rate,claims per million hours worked,4.375401632004734,False,False,Table 2.2
occupation,59,2016-17,incidence_rate,"claims per 1,000 employees",7.356387529859918,False,False,Table 2.3
occupation,59,2016-17,median_compensation,AUD,19909.5,False,False,Table 2.4
occupation,59,2016-17,median_time_lost,weeks,7.413333333333333,False,False,Table 2.5
occupation,59,2017-18,claim_count,claims,2137.0,False,False,Table 2.1
occupation,59,2017-18,frequency_rate,claims per million hours worked,4.78864996051884,False,False,Table 2.2
occupation,59,2017-18,incidence_rate,"claims per 1,000 employees",8.263929858846701,False,False,Table 2.3
occupation,59,2017-18,median_compensation,AUD,20747.0,False,False,Table 2.4
occupation,59,2017-18,median_time_lost,weeks,8.185726569217541,False,False,Table 2.5
occupation,59,2018-19,claim_count,claims,2084.0,False,False,Table 2.1
occupation,59,2018-19,frequency_rate,claims per million hours worked,4.67397053683043,False,False,Table 2.2
occupation,59,2018-19,incidence_rate,"claims per 1,000 employees",8.038934485923333,False,False,Table 2.3
occupation,59,2018-19,median_compensation,AUD,23045.0,False,False,Table 2.4
occupation,59,2018-19,median_time_lost,weeks,9.0,False,False,Table 2.5
occupation,59,2019-20,claim_count,claims,2070.0,False,False,Table 2.1
occupation,59,2019-20,frequency_rate,claims per million hours worked,4.7934095357642335,False,False,Table 2.2
occupation,59,2019-20,incidence_rate,"claims per 1,000 employees",8.138502191504418,False,False,Table 2.3
occupation,59,2019-20,median_compensation,AUD,25331.0,False,False,Table 2.4
occupation,59,2019-20,median_time_lost,weeks,8.602631578947367,False,False,Table 2.5
occupation,59,2020-21,claim_count,claims,2120.0,False,False,Table 2.1
occupation,59,2020-21,frequency_rate,claims per million hours worked,5.013638250864014,False,False,Table 2.2
occupation,59,2020-21,incidence_rate,"claims per 1,000 employees",8.460528548265156,False,False,Table 2.3
occupation,59,2020-21,median_compensation,AUD,27047.5,False,False,Table 2.4
occupation,59,2020-21,median_time_lost,weeks,11.0,False,False,Table 2.5
occupation,59,2021-22,claim_count,claims,1850.0,False,False,Table 2.1
occupation,59,2021-22,frequency_rate,claims per million hours worked,4.269658670616145,False,False,Table 2.2
occupation,59,2021-22,incidence_rate,"claims per 1,000 employees",7.192445627131605,False,False,Table 2.3
occupation,59,2021-22,median_compensation,AUD,27806.0,False,False,Table 2.4
occupation,59,2021-22,median_time_lost,weeks,11.242640324214793,False,False,Table 2.5
occupation,59,2022-23,claim_count,claims,2201.0,False,False,Table 2.1
occupation,59,2022-23,frequency_rate,claims per million hours worked,4.726453390500319,False,False,Table 2.2
occupation,59,2022-23,incidence_rate,"claims per 1,000 employees",8.001593963150938,False,False,Table 2.3
occupation,59,2022-23,median_compensation,AUD,26412.5,False,False,Table 2.4
occupation,59,2022-23,median_time_lost,weeks,9.781578947368422,False,False,Table 2.5
occupation,59,2023-24,claim_count,claims,2118.0,False,True,Table 2.1
occupation,59,2023-24,frequency_rate,claims per million hours worked,3.942034972167122,False,True,Table 2.2
occupation,59,2023-24,incidence_rate,"claims per 1,000 employees",6.609623917278802,False,True,Table 2.3
occupation,59,2023-24,median_compensation,AUD,,True,True,Table 2.4
occupation,59,2023-24,median_time_lost,weeks,,True,True,Table 2.5
occupation,6,2014-15,claim_count,claims,5429.0,False,False,Table 2.1
occupation,6,2014-15,frequency_rate,claims per million hours worked,3.8107031494574004,False,False,Table 2.2
occupation,6,2014-15,incidence_rate,"claims per 1,000 employees",4.920624791371993,False,False,Table 2.3
occupation,6,2014-15,median_compensation,AUD,10509.0,False,False,Table 2.4
occupation,6,2014-15,median_time_lost,weeks,6.267552631578948,False,False,Table 2.5
occupation,6,2015-16,claim_count,claims,5301.0,False,False,Table 2.1
occupation,6,2015-16,frequency_rate,claims per million hours worked,3.691126842811639,False,False,Table 2.2
occupation,6,2015-16,incidence_rate,"claims per 1,000 employees",4.665311362049544,False,False,Table 2.3
occupation,6,2015-16,median_compensation,AUD,11270.0,False,False,Table 2.4
occupation,6,2015-16,median_time_lost,weeks,6.8,False,False,Table 2.5
occupation,6,2016-17,claim_count,claims,5101.0,False,False,Table 2.1
occupation,6,2016-17,frequency_rate,claims per million hours worked,3.6086620272678918,False,False,Table 2.2
occupation,6,2016-17,incidence_rate,"claims per 1,000 employees",4.628046151458836,False,False,Table 2.3
occupation,6,2016-17,median_compensation,AUD,12143.0,False,False,Table 2.4
occupation,6,2016-17,median_time_lost,weeks,7.2,False,False,Table 2.5
occupation,6,2017-18,claim_count,claims,4819.0,False,False,Table 2.1
occupation,6,2017-18,frequency_rate,claims per million hours worked,3.2601105889453694,False,False,Table 2.2
occupation,6,2017-18,incidence_rate,"claims per 1,000 employees",4.189044805816459,False,False,Table 2.3
occupation,6,2017-18,median_compensation,AUD,12837.0,False,False,Table 2.4
occupation,6,2017-18,median_time_lost,weeks,8.202742835067726,False,False,Table 2.5
occupation,6,2018-19,claim_count,claims,5050.0,False,False,Table 2.1
occupation,6,2018-19,frequency_rate,claims per million hours worked,3.556974580729762,False,False,Table 2.2
occupation,6,2018-19,incidence_rate,"claims per 1,000 employees",4.472819455912583,False,False,Table 2.3
occupation,6,2018-19,median_compensation,AUD,13084.0,False,False,Table 2.4
occupation,6,2018-19,median_time_lost,weeks,9.225113815789474,False,False,Table 2.5
occupation,6,2019-20,claim_count,claims,5135.0,False,False,Table 2.1
occupation,6,2019-20,frequency_rate,claims per million hours worked,3.765852855356221,False,False,Table 2.2
occupation,6,2019-20,incidence_rate,"claims per 1,000 employees",4.740667122538726,False,False,Table 2.3
occupation,6,2019-20,median_compensation,AUD,14026.0,False,False,Table 2.4
occupation,6,2019-20,median_time_lost,weeks,9.5,False,False,Table 2.5
occupation,6,2020-21,claim_count,claims,4892.0,False,False,Table 2.1
occupation,6,2020-21,frequency_rate,claims per million hours worked,3.6137479124977885,False,False,Table 2.2
occupation,6,2020-21,incidence_rate,"claims per 1,000 employees",4.484547584651631,False,False,Table 2.3
occupation,6,2020-21,median_compensation,AUD,14605.0,False,False,Table 2.4
occupation,6,2020-21,median_time_lost,weeks,10.0,False,False,Table 2.5
occupation,6,2021-22,claim_count,claims,4512.0,False,False,Table 2.1
occupation,6,2021-22,frequency_rate,claims per million hours worked,3.3748730888405944,False,False,Table 2.2
occupation,6,2021-22,incidence_rate,"claims per 1,000 employees",4.161362574799089,False,False,Table 2.3
occupation,6,2021-22,median_compensation,AUD,12817.0,False,False,Table 2.4
occupation,6,2021-22,median_time_lost,weeks,8.807894736842105,False,False,Table 2.5
occupation,6,2022-23,claim_count,claims,5068.0,False,False,Table 2.1
occupation,6,2022-23,frequency_rate,claims per million hours worked,3.6221656274526173,False,False,Table 2.2
occupation,6,2022-23,incidence_rate,"claims per 1,000 employees",4.489817874799811,False,False,Table 2.3
occupation,6,2022-23,median_compensation,AUD,14789.0,False,False,Table 2.4
occupation,6,2022-23,median_time_lost,weeks,9.657894736842106,False,False,Table 2.5
occupation,6,2023-24,claim_count,claims,5365.0,False,True,Table 2.1
occupation,6,2023-24,frequency_rate,claims per million hours worked,3.831843991645132,False,True,Table 2.2
occupation,6,2023-24,incidence_rate,"claims per 1,000 employees",4.722676038666147,False,True,Table 2.3
occupation,6,2023-24,median_compensation,AUD,,True,True,Table 2.4
occupation,6,2023-24,median_time_lost,weeks,,True,True,Table 2.5
occupation,60,2014-15,claim_count,claims,,True,False,Table 2.1
occupation,60,2014-15,frequency_rate,claims per million hours worked,,True,False,Table 2.2
occupation,60,2014-15,incidence_rate,"claims per 1,000 employees",,True,False,Table 2.3
occupation,60,2014-15,median_compensation,AUD,,True,False,Table 2.4
occupation,60,2014-15,median_time_lost,weeks,,True,False,Table 2.5
occupation,60,2015-16,claim_count,claims,,True,False,Table 2.1
occupation,60,2015-16,frequency_rate,claims per million hours worked,,True,False,Table 2.2
occupation,60,2015-16,incidence_rate,"claims per 1,000 employees",,True,False,Table 2.3
occupation,60,2015-16,median_compensation,AUD,,True,False,Table 2.4
occupation,60,2015-16,median_time_lost,weeks,,True,False,Table 2.5
occupation,60,2016-17,claim_count,claims,,True,False,Table 2.1
occupation,60,2016-17,frequency_rate,claims per million hours worked,,True,False,Table 2.2
occupation,60,2016-17,incidence_rate,"claims per 1,000 employees",,True,False,Table 2.3
occupation,60,2016-17,median_compensation,AUD,,True,False,Table 2.4
occupation,60,2016-17,median_time_lost,weeks,,True,False,Table 2.5
occupation,60,2017-18,claim_count,claims,,True,False,Table 2.1
occupation,60,2017-18,frequency_rate,claims per million hours worked,,True,False,Table 2.2
occupation,60,2017-18,incidence_rate,"claims per 1,000 employees",,True,False,Table 2.3
occupation,60,2017-18,median_compensation,AUD,,True,False,Table 2.4
occupation,60,2017-18,median_time_lost,weeks,,True,False,Table 2.5
occupation,60,2018-19,claim_count,claims,,True,False,Table 2.1
occupation,60,2018-19,frequency_rate,claims per million hours worked,,True,False,Table 2.2
occupation,60,2018-19,incidence_rate,"claims per 1,000 employees",,True,False,Table 2.3
occupation,60,2018-19,median_compensation,AUD,,True,False,Table 2.4
occupation,60,2018-19,median_time_lost,weeks,,True,False,Table 2.5
occupation,60,2019-20,claim_count,claims,,True,False,Table 2.1
occupation,60,2019-20,frequency_rate,claims per million hours worked,,True,False,Table 2.2
occupation,60,2019-20,incidence_rate,"claims per 1,000 employees",,True,False,Table 2.3
occupation,60,2019-20,median_compensation,AUD,,True,False,Table 2.4
occupation,60,2019-20,median_time_lost,weeks,,True,False,Table 2.5
occupation,60,2020-21,claim_count,claims,,True,False,Table 2.1
occupation,60,2020-21,frequency_rate,claims per million hours worked,,True,False,Table 2.2
occupation,60,2020-21,incidence_rate,"claims per 1,000 employees",,True,False,Table 2.3
occupation,60,2020-21,median_compensation,AUD,,True,False,Table 2.4
occupation,60,2020-21,median_time_lost,weeks,,True,False,Table 2.5
occupation,60,2021-22,claim_count,claims,,True,False,Table 2.1
occupation,60,2021-22,frequency_rate,claims per million hours worked,,True,False,Table 2.2
occupation,60,2021-22,incidence_rate,"claims per 1,000 employees",,True,False,Table 2.3
occupation,60,2021-22,median_compensation,AUD,,True,False,Table 2.4
occupation,60,2021-22,median_time_lost,weeks,,True,False,Table 2.5
occupation,60,2022-23,claim_count,claims,,True,False,Table 2.1
occupation,60,2022-23,frequency_rate,claims per million hours worked,,True,False,Table 2.2
occupation,60,2022-23,incidence_rate,"claims per 1,000 employees",,True,False,Table 2.3
occupation,60,2022-23,median_compensation,AUD,,True,False,Table 2.4
occupation,60,2022-23,median_time_lost,weeks,,True,False,Table 2.5
occupation,60,2023-24,claim_count,claims,,True,True,Table 2.1
occupation,60,2023-24,frequency_rate,claims per million hours worked,,True,True,Table 2.2
occupation,60,2023-24,incidence_rate,"claims per 1,000 employees",,True,True,Table 2.3
occupation,60,2023-24,median_compensation,AUD,,True,True,Table 2.4
occupation,60,2023-24,median_time_lost,weeks,,True,True,Table 2.5
occupation,61,2014-15,claim_count,claims,613.0,False,False,Table 2.1
occupation,61,2014-15,frequency_rate,claims per million hours worked,1.7276480185995533,False,False,Table 2.2
occupation,61,2014-15,incidence_rate,"claims per 1,000 employees",3.3819877632846644,False,False,Table 2.3
occupation,61,2014-15,median_compensation,AUD,16629.0,False,False,Table 2.4
occupation,61,2014-15,median_time_lost,weeks,6.6,False,False,Table 2.5
occupation,61,2015-16,claim_count,claims,612.0,False,False,Table 2.1
occupation,61,2015-16,frequency_rate,claims per million hours worked,1.6894974386377195,False,False,Table 2.2
occupation,61,2015-16,incidence_rate,"claims per 1,000 employees",3.2268229644466278,False,False,Table 2.3
occupation,61,2015-16,median_compensation,AUD,18311.0,False,False,Table 2.4
occupation,61,2015-16,median_time_lost,weeks,7.824561403508772,False,False,Table 2.5
occupation,61,2016-17,claim_count,claims,594.0,False,False,Table 2.1
occupation,61,2016-17,frequency_rate,claims per million hours worked,1.6740510442545262,False,False,Table 2.2
occupation,61,2016-17,incidence_rate,"claims per 1,000 employees",3.229055503751459,False,False,Table 2.3
occupation,61,2016-17,median_compensation,AUD,19858.5,False,False,Table 2.4
occupation,61,2016-17,median_time_lost,weeks,8.702631578947368,False,False,Table 2.5
occupation,61,2017-18,claim_count,claims,638.0,False,False,Table 2.1
occupation,61,2017-18,frequency_rate,claims per million hours worked,1.7138744817907952,False,False,Table 2.2
occupation,61,2017-18,incidence_rate,"claims per 1,000 employees",3.258414836529693,False,False,Table 2.3
occupation,61,2017-18,median_compensation,AUD,20739.0,False,False,Table 2.4
occupation,61,2017-18,median_time_lost,weeks,8.076546525019952,False,False,Table 2.5
occupation,61,2018-19,claim_count,claims,749.0,False,False,Table 2.1
occupation,61,2018-19,frequency_rate,claims per million hours worked,2.1539331124511087,False,False,Table 2.2
occupation,61,2018-19,incidence_rate,"claims per 1,000 employees",4.043408958893768,False,False,Table 2.3
occupation,61,2018-19,median_compensation,AUD,21241.0,False,False,Table 2.4
occupation,61,2018-19,median_time_lost,weeks,8.400453333333333,False,False,Table 2.5
occupation,61,2019-20,claim_count,claims,730.0,False,False,Table 2.1
occupation,61,2019-20,frequency_rate,claims per million hours worked,2.1223732681951297,False,False,Table 2.2
occupation,61,2019-20,incidence_rate,"claims per 1,000 employees",3.9702281710069904,False,False,Table 2.3
occupation,61,2019-20,median_compensation,AUD,25303.0,False,False,Table 2.4
occupation,61,2019-20,median_time_lost,weeks,10.210526315789474,False,False,Table 2.5
occupation,61,2020-21,claim_count,claims,638.0,False,False,Table 2.1
occupation,61,2020-21,frequency_rate,claims per million hours worked,2.0016383761566345,False,False,Table 2.2
occupation,61,2020-21,incidence_rate,"claims per 1,000 employees",3.769292329366125,False,False,Table 2.3
occupation,61,2020-21,median_compensation,AUD,26914.0,False,False,Table 2.4
occupation,61,2020-21,median_time_lost,weeks,11.153333333333332,False,False,Table 2.5
occupation,61,2021-22,claim_count,claims,544.0,False,False,Table 2.1
occupation,61,2021-22,frequency_rate,claims per million hours worked,1.667337471757322,False,False,Table 2.2
occupation,61,2021-22,incidence_rate,"claims per 1,000 employees",3.0489709330743797,False,False,Table 2.3
occupation,61,2021-22,median_compensation,AUD,27335.5,False,False,Table 2.4
occupation,61,2021-22,median_time_lost,weeks,13.0,False,False,Table 2.5
occupation,61,2022-23,claim_count,claims,647.0,False,False,Table 2.1
occupation,61,2022-23,frequency_rate,claims per million hours worked,2.078584781672344,False,False,Table 2.2
occupation,61,2022-23,incidence_rate,"claims per 1,000 employees",3.8955482150243306,False,False,Table 2.3
occupation,61,2022-23,median_compensation,AUD,28123.0,False,False,Table 2.4
occupation,61,2022-23,median_time_lost,weeks,11.0,False,False,Table 2.5
occupation,61,2023-24,claim_count,claims,704.0,False,True,Table 2.1
occupation,61,2023-24,frequency_rate,claims per million hours worked,2.055888262042105,False,True,Table 2.2
occupation,61,2023-24,incidence_rate,"claims per 1,000 employees",3.8521149958153766,False,True,Table 2.3
occupation,61,2023-24,median_compensation,AUD,,True,True,Table 2.4
occupation,61,2023-24,median_time_lost,weeks,,True,True,Table 2.5
occupation,62,2014-15,claim_count,claims,4140.0,False,False,Table 2.1
occupation,62,2014-15,frequency_rate,claims per million hours worked,4.749289680094601,False,False,Table 2.2
occupation,62,2014-15,incidence_rate,"claims per 1,000 employees",5.662180698334888,False,False,Table 2.3
occupation,62,2014-15,median_compensation,AUD,9777.0,False,False,Table 2.4
occupation,62,2014-15,median_time_lost,weeks,6.2,False,False,Table 2.5
occupation,62,2015-16,claim_count,claims,4082.0,False,False,Table 2.1
occupation,62,2015-16,frequency_rate,claims per million hours worked,4.562571220127456,False,False,Table 2.2
occupation,62,2015-16,incidence_rate,"claims per 1,000 employees",5.328413587147578,False,False,Table 2.3
occupation,62,2015-16,median_compensation,AUD,10311.5,False,False,Table 2.4
occupation,62,2015-16,median_time_lost,weeks,6.714167763157895,False,False,Table 2.5
occupation,62,2016-17,claim_count,claims,3832.0,False,False,Table 2.1
occupation,62,2016-17,frequency_rate,claims per million hours worked,4.470365674800097,False,False,Table 2.2
occupation,62,2016-17,incidence_rate,"claims per 1,000 employees",5.307412119714721,False,False,Table 2.3
occupation,62,2016-17,median_compensation,AUD,10866.0,False,False,Table 2.4
occupation,62,2016-17,median_time_lost,weeks,7.0,False,False,Table 2.5
occupation,62,2017-18,claim_count,claims,3593.0,False,False,Table 2.1
occupation,62,2017-18,frequency_rate,claims per million hours worked,4.096700404460523,False,False,Table 2.2
occupation,62,2017-18,incidence_rate,"claims per 1,000 employees",4.915937856301365,False,False,Table 2.3
occupation,62,2017-18,median_compensation,AUD,11500.5,False,False,Table 2.4
occupation,62,2017-18,median_time_lost,weeks,8.200000000000001,False,False,Table 2.5
occupation,62,2018-19,claim_count,claims,3707.0,False,False,Table 2.1
occupation,62,2018-19,frequency_rate,claims per million hours worked,4.409189113188712,False,False,Table 2.2
occupation,62,2018-19,incidence_rate,"claims per 1,000 employees",5.205642620789526,False,False,Table 2.3
occupation,62,2018-19,median_compensation,AUD,11335.0,False,False,Table 2.4
occupation,62,2018-19,median_time_lost,weeks,9.6,False,False,Table 2.5
occupation,62,2019-20,claim_count,claims,3859.0,False,False,Table 2.1
occupation,62,2019-20,frequency_rate,claims per million hours worked,4.896755202783171,False,False,Table 2.2
occupation,62,2019-20,incidence_rate,"claims per 1,000 employees",5.764452923642484,False,False,Table 2.3
occupation,62,2019-20,median_compensation,AUD,12389.5,False,False,Table 2.4
occupation,62,2019-20,median_time_lost,weeks,9.200000000000001,False,False,Table 2.5
occupation,62,2020-21,claim_count,claims,3665.0,False,False,Table 2.1
occupation,62,2020-21,frequency_rate,claims per million hours worked,4.339457153091572,False,False,Table 2.2
occupation,62,2020-21,incidence_rate,"claims per 1,000 employees",5.066078932323204,False,False,Table 2.3
occupation,62,2020-21,median_compensation,AUD,12767.0,False,False,Table 2.4
occupation,62,2020-21,median_time_lost,weeks,9.841320440619134,False,False,Table 2.5
occupation,62,2021-22,claim_count,claims,3533.0,False,False,Table 2.1
occupation,62,2021-22,frequency_rate,claims per million hours worked,4.289568012805712,False,False,Table 2.2
occupation,62,2021-22,incidence_rate,"claims per 1,000 employees",4.923313883993032,False,False,Table 2.3
occupation,62,2021-22,median_compensation,AUD,11099.0,False,False,Table 2.4
occupation,62,2021-22,median_time_lost,weeks,8.089,False,False,Table 2.5
occupation,62,2022-23,claim_count,claims,3849.0,False,False,Table 2.1
occupation,62,2022-23,frequency_rate,claims per million hours worked,4.281062570658638,False,False,Table 2.2
occupation,62,2022-23,incidence_rate,"claims per 1,000 employees",4.9769727922213765,False,False,Table 2.3
occupation,62,2022-23,median_compensation,AUD,13183.0,False,False,Table 2.4
occupation,62,2022-23,median_time_lost,weeks,9.0,False,False,Table 2.5
occupation,62,2023-24,claim_count,claims,4144.0,False,True,Table 2.1
occupation,62,2023-24,frequency_rate,claims per million hours worked,4.848510635661675,False,True,Table 2.2
occupation,62,2023-24,incidence_rate,"claims per 1,000 employees",5.510838418258102,False,True,Table 2.3
occupation,62,2023-24,median_compensation,AUD,,True,True,Table 2.4
occupation,62,2023-24,median_time_lost,weeks,,True,True,Table 2.5
occupation,63,2014-15,claim_count,claims,673.0,False,False,Table 2.1
occupation,63,2014-15,frequency_rate,claims per million hours worked,3.409501204879799,False,False,Table 2.2
occupation,63,2014-15,incidence_rate,"claims per 1,000 employees",3.5436464880966323,False,False,Table 2.3
occupation,63,2014-15,median_compensation,AUD,11562.0,False,False,Table 2.4
occupation,63,2014-15,median_time_lost,weeks,6.4,False,False,Table 2.5
occupation,63,2015-16,claim_count,claims,606.0,False,False,Table 2.1
occupation,63,2015-16,frequency_rate,claims per million hours worked,3.3851418409215497,False,False,Table 2.2
occupation,63,2015-16,incidence_rate,"claims per 1,000 employees",3.3602210050968306,False,False,Table 2.3
occupation,63,2015-16,median_compensation,AUD,12084.0,False,False,Table 2.4
occupation,63,2015-16,median_time_lost,weeks,6.60921052631579,False,False,Table 2.5
occupation,63,2016-17,claim_count,claims,675.0,False,False,Table 2.1
occupation,63,2016-17,frequency_rate,claims per million hours worked,3.379186566670204,False,False,Table 2.2
occupation,63,2016-17,incidence_rate,"claims per 1,000 employees",3.460162696100495,False,False,Table 2.3
occupation,63,2016-17,median_compensation,AUD,12882.5,False,False,Table 2.4
occupation,63,2016-17,median_time_lost,weeks,7.2,False,False,Table 2.5
occupation,63,2017-18,claim_count,claims,588.0,False,False,Table 2.1
occupation,63,2017-18,frequency_rate,claims per million hours worked,2.5762548206118345,False,False,Table 2.2
occupation,63,2017-18,incidence_rate,"claims per 1,000 employees",2.6362458482000366,False,False,Table 2.3
occupation,63,2017-18,median_compensation,AUD,16072.0,False,False,Table 2.4
occupation,63,2017-18,median_time_lost,weeks,8.553723684210526,False,False,Table 2.5
occupation,63,2018-19,claim_count,claims,594.0,False,False,Table 2.1
occupation,63,2018-19,frequency_rate,claims per million hours worked,2.5766990287726124,False,False,Table 2.2
occupation,63,2018-19,incidence_rate,"claims per 1,000 employees",2.573197745229554,False,False,Table 2.3
occupation,63,2018-19,median_compensation,AUD,13462.0,False,False,Table 2.4
occupation,63,2018-19,median_time_lost,weeks,8.410526315789474,False,False,Table 2.5
occupation,63,2019-20,claim_count,claims,546.0,False,False,Table 2.1
occupation,63,2019-20,frequency_rate,claims per million hours worked,2.364891477968312,False,False,Table 2.2
occupation,63,2019-20,incidence_rate,"claims per 1,000 employees",2.382805777262149,False,False,Table 2.3
occupation,63,2019-20,median_compensation,AUD,17686.0,False,False,Table 2.4
occupation,63,2019-20,median_time_lost,weeks,9.96860902255639,False,False,Table 2.5
occupation,63,2020-21,claim_count,claims,589.0,False,False,Table 2.1
occupation,63,2020-21,frequency_rate,claims per million hours worked,3.0981741860322547,False,False,Table 2.2
occupation,63,2020-21,incidence_rate,"claims per 1,000 employees",2.979679337919602,False,False,Table 2.3
occupation,63,2020-21,median_compensation,AUD,19002.0,False,False,Table 2.4
occupation,63,2020-21,median_time_lost,weeks,10.38888888888889,False,False,Table 2.5
occupation,63,2021-22,claim_count,claims,435.0,False,False,Table 2.1
occupation,63,2021-22,frequency_rate,claims per million hours worked,2.3354981523373826,False,False,Table 2.2
occupation,63,2021-22,incidence_rate,"claims per 1,000 employees",2.322535132842806,False,False,Table 2.3
occupation,63,2021-22,median_compensation,AUD,16855.0,False,False,Table 2.4
occupation,63,2021-22,median_time_lost,weeks,10.647110452837433,False,False,Table 2.5
occupation,63,2022-23,claim_count,claims,572.0,False,False,Table 2.1
occupation,63,2022-23,frequency_rate,claims per million hours worked,3.0329832252960185,False,False,Table 2.2
occupation,63,2022-23,incidence_rate,"claims per 1,000 employees",3.0293729128656834,False,False,Table 2.3
occupation,63,2022-23,median_compensation,AUD,18971.0,False,False,Table 2.4
occupation,63,2022-23,median_time_lost,weeks,11.60758714827364,False,False,Table 2.5
occupation,63,2023-24,claim_count,claims,517.0,False,True,Table 2.1
occupation,63,2023-24,frequency_rate,claims per million hours worked,2.5510444927078573,False,True,Table 2.2
occupation,63,2023-24,incidence_rate,"claims per 1,000 employees",2.576622674766487,False,True,Table 2.3
occupation,63,2023-24,median_compensation,AUD,,True,True,Table 2.4
occupation,63,2023-24,median_time_lost,weeks,,True,True,Table 2.5
occupation,7,2014-15,claim_count,claims,15665.0,False,False,Table 2.1
occupation,7,2014-15,frequency_rate,claims per million hours worked,11.146038701084686,False,False,Table 2.2
occupation,7,2014-15,incidence_rate,"claims per 1,000 employees",21.89912719502704,False,False,Table 2.3
occupation,7,2014-15,median_compensation,AUD,14449.0,False,False,Table 2.4
occupation,7,2014-15,median_time_lost,weeks,6.6,False,False,Table 2.5
occupation,7,2015-16,claim_count,claims,14656.0,False,False,Table 2.1
occupation,7,2015-16,frequency_rate,claims per million hours worked,10.952303662371225,False,False,Table 2.2
occupation,7,2015-16,incidence_rate,"claims per 1,000 employees",21.193678370126158,False,False,Table 2.3
occupation,7,2015-16,median_compensation,AUD,16490.0,False,False,Table 2.4
occupation,7,2015-16,median_time_lost,weeks,7.285714285714286,False,False,Table 2.5
occupation,7,2016-17,claim_count,claims,14908.0,False,False,Table 2.1
occupation,7,2016-17,frequency_rate,claims per million hours worked,10.741063372502273,False,False,Table 2.2
occupation,7,2016-17,incidence_rate,"claims per 1,000 employees",20.977993607878034,False,False,Table 2.3
occupation,7,2016-17,median_compensation,AUD,16969.5,False,False,Table 2.4
occupation,7,2016-17,median_time_lost,weeks,7.6,False,False,Table 2.5
occupation,7,2017-18,claim_count,claims,14697.0,False,False,Table 2.1
occupation,7,2017-18,frequency_rate,claims per million hours worked,9.951082386652882,False,False,Table 2.2
occupation,7,2017-18,incidence_rate,"claims per 1,000 employees",19.49858726229202,False,False,Table 2.3
occupation,7,2017-18,median_compensation,AUD,18090.0,False,False,Table 2.4
occupation,7,2017-18,median_time_lost,weeks,8.276577222449816,False,False,Table 2.5
occupation,7,2018-19,claim_count,claims,16102.0,False,False,Table 2.1
occupation,7,2018-19,frequency_rate,claims per million hours worked,10.533097894823115,False,False,Table 2.2
occupation,7,2018-19,incidence_rate,"claims per 1,000 employees",20.15664008503869,False,False,Table 2.3
occupation,7,2018-19,median_compensation,AUD,19049.5,False,False,Table 2.4
occupation,7,2018-19,median_time_lost,weeks,8.2,False,False,Table 2.5
occupation,7,2019-20,claim_count,claims,16206.0,False,False,Table 2.1
occupation,7,2019-20,frequency_rate,claims per million hours worked,11.177869399741006,False,False,Table 2.2
occupation,7,2019-20,incidence_rate,"claims per 1,000 employees",20.83956598739607,False,False,Table 2.3
occupation,7,2019-20,median_compensation,AUD,20401.5,False,False,Table 2.4
occupation,7,2019-20,median_time_lost,weeks,8.8,False,False,Table 2.5
occupation,7,2020-21,claim_count,claims,16638.0,False,False,Table 2.1
occupation,7,2020-21,frequency_rate,claims per million hours worked,11.674713358973044,False,False,Table 2.2
occupation,7,2020-21,incidence_rate,"claims per 1,000 employees",21.90137204534974,False,False,Table 2.3
occupation,7,2020-21,median_compensation,AUD,21118.0,False,False,Table 2.4
occupation,7,2020-21,median_time_lost,weeks,9.48040970656631,False,False,Table 2.5
occupation,7,2021-22,claim_count,claims,17120.0,False,False,Table 2.1
occupation,7,2021-22,frequency_rate,claims per million hours worked,12.126232082795662,False,False,Table 2.2
occupation,7,2021-22,incidence_rate,"claims per 1,000 employees",22.49811700562848,False,False,Table 2.3
occupation,7,2021-22,median_compensation,AUD,17708.5,False,False,Table 2.4
occupation,7,2021-22,median_time_lost,weeks,8.4,False,False,Table 2.5
occupation,7,2022-23,claim_count,claims,17633.0,False,False,Table 2.1
occupation,7,2022-23,frequency_rate,claims per million hours worked,11.806633809114162,False,False,Table 2.2
occupation,7,2022-23,incidence_rate,"claims per 1,000 employees",22.41215237318576,False,False,Table 2.3
occupation,7,2022-23,median_compensation,AUD,21902.5,False,False,Table 2.4
occupation,7,2022-23,median_time_lost,weeks,9.4,False,False,Table 2.5
occupation,7,2023-24,claim_count,claims,18326.0,False,True,Table 2.1
occupation,7,2023-24,frequency_rate,claims per million hours worked,12.068138692877037,False,True,Table 2.2
occupation,7,2023-24,incidence_rate,"claims per 1,000 employees",22.5202189044813,False,True,Table 2.3
occupation,7,2023-24,median_compensation,AUD,,True,True,Table 2.4
occupation,7,2023-24,median_time_lost,weeks,,True,True,Table 2.5
occupation,70,2014-15,claim_count,claims,,True,False,Table 2.1
occupation,70,2014-15,frequency_rate,claims per million hours worked,,True,False,Table 2.2
occupation,70,2014-15,incidence_rate,"claims per 1,000 employees",,True,False,Table 2.3
occupation,70,2014-15,median_compensation,AUD,,True,False,Table 2.4
occupation,70,2014-15,median_time_lost,weeks,,True,False,Table 2.5
occupation,70,2015-16,claim_count,claims,,True,False,Table 2.1
occupation,70,2015-16,frequency_rate,claims per million hours worked,,True,False,Table 2.2
occupation,70,2015-16,incidence_rate,"claims per 1,000 employees",,True,False,Table 2.3
occupation,70,2015-16,median_compensation,AUD,,True,False,Table 2.4
occupation,70,2015-16,median_time_lost,weeks,,True,False,Table 2.5
occupation,70,2016-17,claim_count,claims,,True,False,Table 2.1
occupation,70,2016-17,frequency_rate,claims per million hours worked,,True,False,Table 2.2
occupation,70,2016-17,incidence_rate,"claims per 1,000 employees",,True,False,Table 2.3
occupation,70,2016-17,median_compensation,AUD,,True,False,Table 2.4
occupation,70,2016-17,median_time_lost,weeks,,True,False,Table 2.5
occupation,70,2017-18,claim_count,claims,,True,False,Table 2.1
occupation,70,2017-18,frequency_rate,claims per million hours worked,,True,False,Table 2.2
occupation,70,2017-18,incidence_rate,"claims per 1,000 employees",,True,False,Table 2.3
occupation,70,2017-18,median_compensation,AUD,,True,False,Table 2.4
occupation,70,2017-18,median_time_lost,weeks,,True,False,Table 2.5
occupation,70,2018-19,claim_count,claims,5.0,False,False,Table 2.1
occupation,70,2018-19,frequency_rate,claims per million hours worked,1.2991334481591124,False,False,Table 2.2
occupation,70,2018-19,incidence_rate,"claims per 1,000 employees",2.6710670541390455,False,False,Table 2.3
occupation,70,2018-19,median_compensation,AUD,11197.0,False,False,Table 2.4
occupation,70,2018-19,median_time_lost,weeks,6.985463931531043,False,False,Table 2.5
occupation,70,2019-20,claim_count,claims,,True,False,Table 2.1
occupation,70,2019-20,frequency_rate,claims per million hours worked,,True,False,Table 2.2
occupation,70,2019-20,incidence_rate,"claims per 1,000 employees",,True,False,Table 2.3
occupation,70,2019-20,median_compensation,AUD,,True,False,Table 2.4
occupation,70,2019-20,median_time_lost,weeks,,True,False,Table 2.5
occupation,70,2020-21,claim_count,claims,,True,False,Table 2.1
occupation,70,2020-21,frequency_rate,claims per million hours worked,,True,False,Table 2.2
occupation,70,2020-21,incidence_rate,"claims per 1,000 employees",,True,False,Table 2.3
occupation,70,2020-21,median_compensation,AUD,,True,False,Table 2.4
occupation,70,2020-21,median_time_lost,weeks,,True,False,Table 2.5
occupation,70,2021-22,claim_count,claims,,True,False,Table 2.1
occupation,70,2021-22,frequency_rate,claims per million hours worked,,True,False,Table 2.2
occupation,70,2021-22,incidence_rate,"claims per 1,000 employees",,True,False,Table 2.3
occupation,70,2021-22,median_compensation,AUD,,True,False,Table 2.4
occupation,70,2021-22,median_time_lost,weeks,,True,False,Table 2.5
occupation,70,2022-23,claim_count,claims,,True,False,Table 2.1
occupation,70,2022-23,frequency_rate,claims per million hours worked,,True,False,Table 2.2
occupation,70,2022-23,incidence_rate,"claims per 1,000 employees",,True,False,Table 2.3
occupation,70,2022-23,median_compensation,AUD,,True,False,Table 2.4
occupation,70,2022-23,median_time_lost,weeks,,True,False,Table 2.5
occupation,70,2023-24,claim_count,claims,,True,True,Table 2.1
occupation,70,2023-24,frequency_rate,claims per million hours worked,,True,True,Table 2.2
occupation,70,2023-24,incidence_rate,"claims per 1,000 employees",,True,True,Table 2.3
occupation,70,2023-24,median_compensation,AUD,,True,True,Table 2.4
occupation,70,2023-24,median_time_lost,weeks,,True,True,Table 2.5
occupation,71,2014-15,claim_count,claims,3321.0,False,False,Table 2.1
occupation,71,2014-15,frequency_rate,claims per million hours worked,10.448274488899786,False,False,Table 2.2
occupation,71,2014-15,incidence_rate,"claims per 1,000 employees",21.6303686796073,False,False,Table 2.3
occupation,71,2014-15,median_compensation,AUD,18598.0,False,False,Table 2.4
occupation,71,2014-15,median_time_lost,weeks,7.0,False,False,Table 2.5
occupation,71,2015-16,claim_count,claims,3022.0,False,False,Table 2.1
occupation,71,2015-16,frequency_rate,claims per million hours worked,9.584276032943853,False,False,Table 2.2
occupation,71,2015-16,incidence_rate,"claims per 1,000 employees",19.607059413615683,False,False,Table 2.3
occupation,71,2015-16,median_compensation,AUD,20961.0,False,False,Table 2.4
occupation,71,2015-16,median_time_lost,weeks,7.8,False,False,Table 2.5
occupation,71,2016-17,claim_count,claims,3023.0,False,False,Table 2.1
occupation,71,2016-17,frequency_rate,claims per million hours worked,9.589026544905652,False,False,Table 2.2
occupation,71,2016-17,incidence_rate,"claims per 1,000 employees",19.512851639113624,False,False,Table 2.3
occupation,71,2016-17,median_compensation,AUD,22222.0,False,False,Table 2.4
occupation,71,2016-17,median_time_lost,weeks,8.228571428571428,False,False,Table 2.5
occupation,71,2017-18,claim_count,claims,3072.0,False,False,Table 2.1
occupation,71,2017-18,frequency_rate,claims per million hours worked,9.566686718741193,False,False,Table 2.2
occupation,71,2017-18,incidence_rate,"claims per 1,000 employees",19.419902631749004,False,False,Table 2.3
occupation,71,2017-18,median_compensation,AUD,22759.0,False,False,Table 2.4
occupation,71,2017-18,median_time_lost,weeks,8.6,False,False,Table 2.5
occupation,71,2018-19,claim_count,claims,3457.0,False,False,Table 2.1
occupation,71,2018-19,frequency_rate,claims per million hours worked,9.62139222111582,False,False,Table 2.2
occupation,71,2018-19,incidence_rate,"claims per 1,000 employees",19.85362562379453,False,False,Table 2.3
occupation,71,2018-19,median_compensation,AUD,23906.5,False,False,Table 2.4
occupation,71,2018-19,median_time_lost,weeks,8.857142857142858,False,False,Table 2.5
occupation,71,2019-20,claim_count,claims,3633.0,False,False,Table 2.1
occupation,71,2019-20,frequency_rate,claims per million hours worked,10.512922305705768,False,False,Table 2.2
occupation,71,2019-20,incidence_rate,"claims per 1,000 employees",20.949386365627458,False,False,Table 2.3
occupation,71,2019-20,median_compensation,AUD,24246.0,False,False,Table 2.4
occupation,71,2019-20,median_time_lost,weeks,9.142857142857142,False,False,Table 2.5
occupation,71,2020-21,claim_count,claims,3709.0,False,False,Table 2.1
occupation,71,2020-21,frequency_rate,claims per million hours worked,11.227356627530352,False,False,Table 2.2
occupation,71,2020-21,incidence_rate,"claims per 1,000 employees",22.490042601247183,False,False,Table 2.3
occupation,71,2020-21,median_compensation,AUD,25460.5,False,False,Table 2.4
occupation,71,2020-21,median_time_lost,weeks,9.789473684210526,False,False,Table 2.5
occupation,71,2021-22,claim_count,claims,3445.0,False,False,Table 2.1
occupation,71,2021-22,frequency_rate,claims per million hours worked,10.04084540607068,False,False,Table 2.2
occupation,71,2021-22,incidence_rate,"claims per 1,000 employees",20.37802141948142,False,False,Table 2.3
occupation,71,2021-22,median_compensation,AUD,25611.0,False,False,Table 2.4
occupation,71,2021-22,median_time_lost,weeks,10.205882352941176,False,False,Table 2.5
occupation,71,2022-23,claim_count,claims,3835.0,False,False,Table 2.1
occupation,71,2022-23,frequency_rate,claims per million hours worked,10.749887622705575,False,False,Table 2.2
occupation,71,2022-23,incidence_rate,"claims per 1,000 employees",22.039070912413532,False,False,Table 2.3
occupation,71,2022-23,median_compensation,AUD,27649.0,False,False,Table 2.4
occupation,71,2022-23,median_time_lost,weeks,10.2,False,False,Table 2.5
occupation,71,2023-24,claim_count,claims,4064.0,False,True,Table 2.1
occupation,71,2023-24,frequency_rate,claims per million hours worked,10.900635374804898,False,True,Table 2.2
occupation,71,2023-24,incidence_rate,"claims per 1,000 employees",22.68659855472811,False,True,Table 2.3
occupation,71,2023-24,median_compensation,AUD,,True,True,Table 2.4
occupation,71,2023-24,median_time_lost,weeks,,True,True,Table 2.5
occupation,72,2014-15,claim_count,claims,2175.0,False,False,Table 2.1
occupation,72,2014-15,frequency_rate,claims per million hours worked,8.483552475154895,False,False,Table 2.2
occupation,72,2014-15,incidence_rate,"claims per 1,000 employees",17.003435376701507,False,False,Table 2.3
occupation,72,2014-15,median_compensation,AUD,13128.5,False,False,Table 2.4
occupation,72,2014-15,median_time_lost,weeks,6.023684210526316,False,False,Table 2.5
occupation,72,2015-16,claim_count,claims,2037.0,False,False,Table 2.1
occupation,72,2015-16,frequency_rate,claims per million hours worked,8.766179916875437,False,False,Table 2.2
occupation,72,2015-16,incidence_rate,"claims per 1,000 employees",17.319483354105785,False,False,Table 2.3
occupation,72,2015-16,median_compensation,AUD,15507.0,False,False,Table 2.4
occupation,72,2015-16,median_time_lost,weeks,6.696875,False,False,Table 2.5
occupation,72,2016-17,claim_count,claims,2089.0,False,False,Table 2.1
occupation,72,2016-17,frequency_rate,claims per million hours worked,8.635465163819296,False,False,Table 2.2
occupation,72,2016-17,incidence_rate,"claims per 1,000 employees",17.253392522897833,False,False,Table 2.3
occupation,72,2016-17,median_compensation,AUD,15830.0,False,False,Table 2.4
occupation,72,2016-17,median_time_lost,weeks,6.863605263157895,False,False,Table 2.5
occupation,72,2017-18,claim_count,claims,1939.0,False,False,Table 2.1
occupation,72,2017-18,frequency_rate,claims per million hours worked,7.207242121438257,False,False,Table 2.2
occupation,72,2017-18,incidence_rate,"claims per 1,000 employees",14.902656877415378,False,False,Table 2.3
occupation,72,2017-18,median_compensation,AUD,16590.0,False,False,Table 2.4
occupation,72,2017-18,median_time_lost,weeks,7.394736842105263,False,False,Table 2.5
occupation,72,2018-19,claim_count,claims,2183.0,False,False,Table 2.1
occupation,72,2018-19,frequency_rate,claims per million hours worked,7.198432730671634,False,False,Table 2.2
occupation,72,2018-19,incidence_rate,"claims per 1,000 employees",14.44499891069005,False,False,Table 2.3
occupation,72,2018-19,median_compensation,AUD,21076.0,False,False,Table 2.4
occupation,72,2018-19,median_time_lost,weeks,8.159727197940716,False,False,Table 2.5
occupation,72,2019-20,claim_count,claims,2186.0,False,False,Table 2.1
occupation,72,2019-20,frequency_rate,claims per million hours worked,7.917888745163362,False,False,Table 2.2
occupation,72,2019-20,incidence_rate,"claims per 1,000 employees",15.559832811460364,False,False,Table 2.3
occupation,72,2019-20,median_compensation,AUD,21888.0,False,False,Table 2.4
occupation,72,2019-20,median_time_lost,weeks,8.631977935485182,False,False,Table 2.5
occupation,72,2020-21,claim_count,claims,2081.0,False,False,Table 2.1
occupation,72,2020-21,frequency_rate,claims per million hours worked,8.026868220295958,False,False,Table 2.2
occupation,72,2020-21,incidence_rate,"claims per 1,000 employees",15.625349789287934,False,False,Table 2.3
occupation,72,2020-21,median_compensation,AUD,21904.0,False,False,Table 2.4
occupation,72,2020-21,median_time_lost,weeks,9.2,False,False,Table 2.5
occupation,72,2021-22,claim_count,claims,2105.0,False,False,Table 2.1
occupation,72,2021-22,frequency_rate,claims per million hours worked,8.46527903409533,False,False,Table 2.2
occupation,72,2021-22,incidence_rate,"claims per 1,000 employees",16.40124160005429,False,False,Table 2.3
occupation,72,2021-22,median_compensation,AUD,22111.5,False,False,Table 2.4
occupation,72,2021-22,median_time_lost,weeks,9.394736842105264,False,False,Table 2.5
occupation,72,2022-23,claim_count,claims,2282.0,False,False,Table 2.1
occupation,72,2022-23,frequency_rate,claims per million hours worked,8.450195425265832,False,False,Table 2.2
occupation,72,2022-23,incidence_rate,"claims per 1,000 employees",16.730260450656818,False,False,Table 2.3
occupation,72,2022-23,median_compensation,AUD,23570.5,False,False,Table 2.4
occupation,72,2022-23,median_time_lost,weeks,9.602729577872541,False,False,Table 2.5
occupation,72,2023-24,claim_count,claims,2467.0,False,True,Table 2.1
occupation,72,2023-24,frequency_rate,claims per million hours worked,8.724261198642974,False,True,Table 2.2
occupation,72,2023-24,incidence_rate,"claims per 1,000 employees",16.998844521135542,False,True,Table 2.3
occupation,72,2023-24,median_compensation,AUD,,True,True,Table 2.4
occupation,72,2023-24,median_time_lost,weeks,,True,True,Table 2.5
occupation,73,2014-15,claim_count,claims,7339.0,False,False,Table 2.1
occupation,73,2014-15,frequency_rate,claims per million hours worked,12.435967057641495,False,False,Table 2.2
occupation,73,2014-15,incidence_rate,"claims per 1,000 employees",24.99933954830298,False,False,Table 2.3
occupation,73,2014-15,median_compensation,AUD,15022.5,False,False,Table 2.4
occupation,73,2014-15,median_time_lost,weeks,7.2,False,False,Table 2.5
occupation,73,2015-16,claim_count,claims,7013.0,False,False,Table 2.1
occupation,73,2015-16,frequency_rate,claims per million hours worked,12.22885560271286,False,False,Table 2.2
occupation,73,2015-16,incidence_rate,"claims per 1,000 employees",24.21562561980449,False,False,Table 2.3
occupation,73,2015-16,median_compensation,AUD,17406.0,False,False,Table 2.4
occupation,73,2015-16,median_time_lost,weeks,8.210526315789474,False,False,Table 2.5
occupation,73,2016-17,claim_count,claims,7226.0,False,False,Table 2.1
occupation,73,2016-17,frequency_rate,claims per million hours worked,11.909925323011114,False,False,Table 2.2
occupation,73,2016-17,incidence_rate,"claims per 1,000 employees",23.918594141743935,False,False,Table 2.3
occupation,73,2016-17,median_compensation,AUD,18071.5,False,False,Table 2.4
occupation,73,2016-17,median_time_lost,weeks,8.369223613993082,False,False,Table 2.5
occupation,73,2017-18,claim_count,claims,7051.0,False,False,Table 2.1
occupation,73,2017-18,frequency_rate,claims per million hours worked,10.803893375992317,False,False,Table 2.2
occupation,73,2017-18,incidence_rate,"claims per 1,000 employees",21.476655790914542,False,False,Table 2.3
occupation,73,2017-18,median_compensation,AUD,19415.0,False,False,Table 2.4
occupation,73,2017-18,median_time_lost,weeks,9.4,False,False,Table 2.5
occupation,73,2018-19,claim_count,claims,7380.0,False,False,Table 2.1
occupation,73,2018-19,frequency_rate,claims per million hours worked,11.696467059426164,False,False,Table 2.2
occupation,73,2018-19,incidence_rate,"claims per 1,000 employees",22.24638668082143,False,False,Table 2.3
occupation,73,2018-19,median_compensation,AUD,19773.0,False,False,Table 2.4
occupation,73,2018-19,median_time_lost,weeks,9.0,False,False,Table 2.5
occupation,73,2019-20,claim_count,claims,7318.0,False,False,Table 2.1
occupation,73,2019-20,frequency_rate,claims per million hours worked,12.22596511340124,False,False,Table 2.2
occupation,73,2019-20,incidence_rate,"claims per 1,000 employees",22.636086072089373,False,False,Table 2.3
occupation,73,2019-20,median_compensation,AUD,21764.0,False,False,Table 2.4
occupation,73,2019-20,median_time_lost,weeks,9.966852290575915,False,False,Table 2.5
occupation,73,2020-21,claim_count,claims,7502.0,False,False,Table 2.1
occupation,73,2020-21,frequency_rate,claims per million hours worked,12.677009172614639,False,False,Table 2.2
occupation,73,2020-21,incidence_rate,"claims per 1,000 employees",23.902071191503065,False,False,Table 2.3
occupation,73,2020-21,median_compensation,AUD,23204.0,False,False,Table 2.4
occupation,73,2020-21,median_time_lost,weeks,10.800223684210525,False,False,Table 2.5
occupation,73,2021-22,claim_count,claims,7554.0,False,False,Table 2.1
occupation,73,2021-22,frequency_rate,claims per million hours worked,13.48169314896216,False,False,Table 2.2
occupation,73,2021-22,incidence_rate,"claims per 1,000 employees",25.18643000624929,False,False,Table 2.3
occupation,73,2021-22,median_compensation,AUD,21553.0,False,False,Table 2.4
occupation,73,2021-22,median_time_lost,weeks,10.2,False,False,Table 2.5
occupation,73,2022-23,claim_count,claims,7927.0,False,False,Table 2.1
occupation,73,2022-23,frequency_rate,claims per million hours worked,13.410534656179104,False,False,Table 2.2
occupation,73,2022-23,incidence_rate,"claims per 1,000 employees",25.649102248131374,False,False,Table 2.3
occupation,73,2022-23,median_compensation,AUD,24765.5,False,False,Table 2.4
occupation,73,2022-23,median_time_lost,weeks,11.0,False,False,Table 2.5
occupation,73,2023-24,claim_count,claims,8127.0,False,True,Table 2.1
occupation,73,2023-24,frequency_rate,claims per million hours worked,14.08363040050866,False,True,Table 2.2
occupation,73,2023-24,incidence_rate,"claims per 1,000 employees",26.106828761385735,False,True,Table 2.3
occupation,73,2023-24,median_compensation,AUD,,True,True,Table 2.4
occupation,73,2023-24,median_time_lost,weeks,,True,True,Table 2.5
occupation,74,2014-15,claim_count,claims,2827.0,False,False,Table 2.1
occupation,74,2014-15,frequency_rate,claims per million hours worked,12.340440270081599,False,False,Table 2.2
occupation,74,2014-15,incidence_rate,"claims per 1,000 employees",20.983497466863753,False,False,Table 2.3
occupation,74,2014-15,median_compensation,AUD,10540.0,False,False,Table 2.4
occupation,74,2014-15,median_time_lost,weeks,4.8,False,False,Table 2.5
occupation,74,2015-16,claim_count,claims,2580.0,False,False,Table 2.1
occupation,74,2015-16,frequency_rate,claims per million hours worked,12.561844713674754,False,False,Table 2.2
occupation,74,2015-16,incidence_rate,"claims per 1,000 employees",20.875846643364078,False,False,Table 2.3
occupation,74,2015-16,median_compensation,AUD,11471.0,False,False,Table 2.4
occupation,74,2015-16,median_time_lost,weeks,5.222004093567252,False,False,Table 2.5
occupation,74,2016-17,claim_count,claims,2568.0,False,False,Table 2.1
occupation,74,2016-17,frequency_rate,claims per million hours worked,12.007644291449619,False,False,Table 2.2
occupation,74,2016-17,incidence_rate,"claims per 1,000 employees",20.168669751328586,False,False,Table 2.3
occupation,74,2016-17,median_compensation,AUD,11617.0,False,False,Table 2.4
occupation,74,2016-17,median_time_lost,weeks,5.559229166666666,False,False,Table 2.5
occupation,74,2017-18,claim_count,claims,2634.0,False,False,Table 2.1
occupation,74,2017-18,frequency_rate,claims per million hours worked,11.63019667020908,False,False,Table 2.2
occupation,74,2017-18,incidence_rate,"claims per 1,000 employees",19.748432196001698,False,False,Table 2.3
occupation,74,2017-18,median_compensation,AUD,12758.0,False,False,Table 2.4
occupation,74,2017-18,median_time_lost,weeks,6.2,False,False,Table 2.5
occupation,74,2018-19,claim_count,claims,3077.0,False,False,Table 2.1
occupation,74,2018-19,frequency_rate,claims per million hours worked,13.301194172549007,False,False,Table 2.2
occupation,74,2018-19,incidence_rate,"claims per 1,000 employees",21.981249738601925,False,False,Table 2.3
occupation,74,2018-19,median_compensation,AUD,12742.0,False,False,Table 2.4
occupation,74,2018-19,median_time_lost,weeks,6.072222222222222,False,False,Table 2.5
occupation,74,2019-20,claim_count,claims,3067.0,False,False,Table 2.1
occupation,74,2019-20,frequency_rate,claims per million hours worked,13.586379743784773,False,False,Table 2.2
occupation,74,2019-20,incidence_rate,"claims per 1,000 employees",22.21817746479149,False,False,Table 2.3
occupation,74,2019-20,median_compensation,AUD,14039.0,False,False,Table 2.4
occupation,74,2019-20,median_time_lost,weeks,6.386862006021382,False,False,Table 2.5
occupation,74,2020-21,claim_count,claims,3344.0,False,False,Table 2.1
occupation,74,2020-21,frequency_rate,claims per million hours worked,13.896128026808189,False,False,Table 2.2
occupation,74,2020-21,incidence_rate,"claims per 1,000 employees",22.883618221748076,False,False,Table 2.3
occupation,74,2020-21,median_compensation,AUD,13374.0,False,False,Table 2.4
occupation,74,2020-21,median_time_lost,weeks,7.00007281730139,False,False,Table 2.5
occupation,74,2021-22,claim_count,claims,4014.0,False,False,Table 2.1
occupation,74,2021-22,frequency_rate,claims per million hours worked,15.758978167923742,False,False,Table 2.2
occupation,74,2021-22,incidence_rate,"claims per 1,000 employees",24.902025782762138,False,False,Table 2.3
occupation,74,2021-22,median_compensation,AUD,6566.0,False,False,Table 2.4
occupation,74,2021-22,median_time_lost,weeks,4.0,False,False,Table 2.5
occupation,74,2022-23,claim_count,claims,3585.0,False,False,Table 2.1
occupation,74,2022-23,frequency_rate,claims per million hours worked,13.434443714171307,False,False,Table 2.2
occupation,74,2022-23,incidence_rate,"claims per 1,000 employees",22.005896965622597,False,False,Table 2.3
occupation,74,2022-23,median_compensation,AUD,11762.0,False,False,Table 2.4
occupation,74,2022-23,median_time_lost,weeks,6.2,False,False,Table 2.5
occupation,74,2023-24,claim_count,claims,3667.0,False,True,Table 2.1
occupation,74,2023-24,frequency_rate,claims per million hours worked,13.318708028061504,False,True,Table 2.2
occupation,74,2023-24,incidence_rate,"claims per 1,000 employees",21.18511589018086,False,True,Table 2.3
occupation,74,2023-24,median_compensation,AUD,,True,True,Table 2.4
occupation,74,2023-24,median_time_lost,weeks,,True,True,Table 2.5
occupation,8,2014-15,claim_count,claims,26224.0,False,False,Table 2.1
occupation,8,2014-15,frequency_rate,claims per million hours worked,17.800881274149216,False,False,Table 2.2
occupation,8,2014-15,incidence_rate,"claims per 1,000 employees",25.47931627479036,False,False,Table 2.3
occupation,8,2014-15,median_compensation,AUD,10296.0,False,False,Table 2.4
occupation,8,2014-15,median_time_lost,weeks,5.6,False,False,Table 2.5
occupation,8,2015-16,claim_count,claims,25856.0,False,False,Table 2.1
occupation,8,2015-16,frequency_rate,claims per million hours worked,17.480749294646532,False,False,Table 2.2
occupation,8,2015-16,incidence_rate,"claims per 1,000 employees",24.92515456088388,False,False,Table 2.3
occupation,8,2015-16,median_compensation,AUD,11787.0,False,False,Table 2.4
occupation,8,2015-16,median_time_lost,weeks,6.0,False,False,Table 2.5
occupation,8,2016-17,claim_count,claims,25734.0,False,False,Table 2.1
occupation,8,2016-17,frequency_rate,claims per million hours worked,16.244085171160865,False,False,Table 2.2
occupation,8,2016-17,incidence_rate,"claims per 1,000 employees",23.182668673097275,False,False,Table 2.3
occupation,8,2016-17,median_compensation,AUD,12791.5,False,False,Table 2.4
occupation,8,2016-17,median_time_lost,weeks,6.4,False,False,Table 2.5
occupation,8,2017-18,claim_count,claims,26536.0,False,False,Table 2.1
occupation,8,2017-18,frequency_rate,claims per million hours worked,16.487944118599586,False,False,Table 2.2
occupation,8,2017-18,incidence_rate,"claims per 1,000 employees",23.64292240773598,False,False,Table 2.3
occupation,8,2017-18,median_compensation,AUD,13456.5,False,False,Table 2.4
occupation,8,2017-18,median_time_lost,weeks,7.0,False,False,Table 2.5
occupation,8,2018-19,claim_count,claims,27599.0,False,False,Table 2.1
occupation,8,2018-19,frequency_rate,claims per million hours worked,16.806052520793834,False,False,Table 2.2
occupation,8,2018-19,incidence_rate,"claims per 1,000 employees",24.253557165187758,False,False,Table 2.3
occupation,8,2018-19,median_compensation,AUD,13793.5,False,False,Table 2.4
occupation,8,2018-19,median_time_lost,weeks,7.0,False,False,Table 2.5
occupation,8,2019-20,claim_count,claims,28419.0,False,False,Table 2.1
occupation,8,2019-20,frequency_rate,claims per million hours worked,18.06459799361349,False,False,Table 2.2
occupation,8,2019-20,incidence_rate,"claims per 1,000 employees",24.94299811213019,False,False,Table 2.3
occupation,8,2019-20,median_compensation,AUD,13713.0,False,False,Table 2.4
occupation,8,2019-20,median_time_lost,weeks,7.0,False,False,Table 2.5
occupation,8,2020-21,claim_count,claims,32899.0,False,False,Table 2.1
occupation,8,2020-21,frequency_rate,claims per million hours worked,21.563904591011692,False,False,Table 2.2
occupation,8,2020-21,incidence_rate,"claims per 1,000 employees",29.95081259584891,False,False,Table 2.3
occupation,8,2020-21,median_compensation,AUD,13702.0,False,False,Table 2.4
occupation,8,2020-21,median_time_lost,weeks,7.0,False,False,Table 2.5
occupation,8,2021-22,claim_count,claims,34927.0,False,False,Table 2.1
occupation,8,2021-22,frequency_rate,claims per million hours worked,24.99475377617589,False,False,Table 2.2
occupation,8,2021-22,incidence_rate,"claims per 1,000 employees",33.73739438929371,False,False,Table 2.3
occupation,8,2021-22,median_compensation,AUD,13475.0,False,False,Table 2.4
occupation,8,2021-22,median_time_lost,weeks,6.6,False,False,Table 2.5
occupation,8,2022-23,claim_count,claims,36140.0,False,False,Table 2.1
occupation,8,2022-23,frequency_rate,claims per million hours worked,23.360143281170195,False,False,Table 2.2
occupation,8,2022-23,incidence_rate,"claims per 1,000 employees",33.070733799107444,False,False,Table 2.3
occupation,8,2022-23,median_compensation,AUD,14386.0,False,False,Table 2.4
occupation,8,2022-23,median_time_lost,weeks,6.8,False,False,Table 2.5
occupation,8,2023-24,claim_count,claims,35304.0,False,True,Table 2.1
occupation,8,2023-24,frequency_rate,claims per million hours worked,23.12359546831794,False,True,Table 2.2
occupation,8,2023-24,incidence_rate,"claims per 1,000 employees",32.03135245378591,False,True,Table 2.3
occupation,8,2023-24,median_compensation,AUD,,True,True,Table 2.4
occupation,8,2023-24,median_time_lost,weeks,,True,True,Table 2.5
occupation,80,2014-15,claim_count,claims,6.0,False,False,Table 2.1
occupation,80,2014-15,frequency_rate,claims per million hours worked,0.3411872478247632,False,False,Table 2.2
occupation,80,2014-15,incidence_rate,"claims per 1,000 employees",0.5760739417493134,False,False,Table 2.3
occupation,80,2014-15,median_compensation,AUD,9189.0,False,False,Table 2.4
occupation,80,2014-15,median_time_lost,weeks,31.30263157894737,False,False,Table 2.5
occupation,80,2015-16,claim_count,claims,19.0,False,False,Table 2.1
occupation,80,2015-16,frequency_rate,claims per million hours worked,1.1037199922599175,False,False,Table 2.2
occupation,80,2015-16,incidence_rate,"claims per 1,000 employees",1.752796474081381,False,False,Table 2.3
occupation,80,2015-16,median_compensation,AUD,22999.0,False,False,Table 2.4
occupation,80,2015-16,median_time_lost,weeks,10.480532411046482,False,False,Table 2.5
occupation,80,2016-17,claim_count,claims,11.0,False,False,Table 2.1
occupation,80,2016-17,frequency_rate,claims per million hours worked,0.6343731733281628,False,False,Table 2.2
occupation,80,2016-17,incidence_rate,"claims per 1,000 employees",0.9878161188928494,False,False,Table 2.3
occupation,80,2016-17,median_compensation,AUD,133217.0,False,False,Table 2.4
occupation,80,2016-17,median_time_lost,weeks,68.31668724915097,False,False,Table 2.5
occupation,80,2017-18,claim_count,claims,6.0,False,False,Table 2.1
occupation,80,2017-18,frequency_rate,claims per million hours worked,0.5233581552169678,False,False,Table 2.2
occupation,80,2017-18,incidence_rate,"claims per 1,000 employees",0.9334390339821459,False,False,Table 2.3
occupation,80,2017-18,median_compensation,AUD,20037.0,False,False,Table 2.4
occupation,80,2017-18,median_time_lost,weeks,10.305555555555555,False,False,Table 2.5
occupation,80,2018-19,claim_count,claims,10.0,False,False,Table 2.1
occupation,80,2018-19,frequency_rate,claims per million hours worked,2.0872106787149933,False,False,Table 2.2
occupation,80,2018-19,incidence_rate,"claims per 1,000 employees",3.3482778574891356,False,False,Table 2.3
occupation,80,2018-19,median_compensation,AUD,30024.0,False,False,Table 2.4
occupation,80,2018-19,median_time_lost,weeks,17.5294283286973,False,False,Table 2.5
occupation,80,2019-20,claim_count,claims,6.0,False,False,Table 2.1
occupation,80,2019-20,frequency_rate,claims per million hours worked,0.865834050486031,False,False,Table 2.2
occupation,80,2019-20,incidence_rate,"claims per 1,000 employees",1.406156181806852,False,False,Table 2.3
occupation,80,2019-20,median_compensation,AUD,53343.5,False,False,Table 2.4
occupation,80,2019-20,median_time_lost,weeks,22.93337124574641,False,False,Table 2.5
occupation,80,2020-21,claim_count,claims,8.0,False,False,Table 2.1
occupation,80,2020-21,frequency_rate,claims per million hours worked,1.6276475790635445,False,False,Table 2.2
occupation,80,2020-21,incidence_rate,"claims per 1,000 employees",2.7000774581840847,False,False,Table 2.3
occupation,80,2020-21,median_compensation,AUD,17467.0,False,False,Table 2.4
occupation,80,2020-21,median_time_lost,weeks,15.897869674185463,False,False,Table 2.5
occupation,80,2021-22,claim_count,claims,,True,False,Table 2.1
occupation,80,2021-22,frequency_rate,claims per million hours worked,,True,False,Table 2.2
occupation,80,2021-22,incidence_rate,"claims per 1,000 employees",,True,False,Table 2.3
occupation,80,2021-22,median_compensation,AUD,,True,False,Table 2.4
occupation,80,2021-22,median_time_lost,weeks,,True,False,Table 2.5
occupation,80,2022-23,claim_count,claims,,True,False,Table 2.1
occupation,80,2022-23,frequency_rate,claims per million hours worked,,True,False,Table 2.2
occupation,80,2022-23,incidence_rate,"claims per 1,000 employees",,True,False,Table 2.3
occupation,80,2022-23,median_compensation,AUD,,True,False,Table 2.4
occupation,80,2022-23,median_time_lost,weeks,,True,False,Table 2.5
occupation,80,2023-24,claim_count,claims,,True,True,Table 2.1
occupation,80,2023-24,frequency_rate,claims per million hours worked,,True,True,Table 2.2
occupation,80,2023-24,incidence_rate,"claims per 1,000 employees",,True,True,Table 2.3
occupation,80,2023-24,median_compensation,AUD,,True,True,Table 2.4
occupation,80,2023-24,median_time_lost,weeks,,True,True,Table 2.5
occupation,81,2014-15,claim_count,claims,3570.0,False,False,Table 2.1
occupation,81,2014-15,frequency_rate,claims per million hours worked,13.535733536365646,False,False,Table 2.2
occupation,81,2014-15,incidence_rate,"claims per 1,000 employees",15.883352325132787,False,False,Table 2.3
occupation,81,2014-15,median_compensation,AUD,9469.5,False,False,Table 2.4
occupation,81,2014-15,median_time_lost,weeks,6.720394736842104,False,False,Table 2.5
occupation,81,2015-16,claim_count,claims,3442.0,False,False,Table 2.1
occupation,81,2015-16,frequency_rate,claims per million hours worked,12.590221510101575,False,False,Table 2.2
occupation,81,2015-16,incidence_rate,"claims per 1,000 employees",14.700498294931991,False,False,Table 2.3
occupation,81,2015-16,median_compensation,AUD,10447.0,False,False,Table 2.4
occupation,81,2015-16,median_time_lost,weeks,7.3918128654970765,False,False,Table 2.5
occupation,81,2016-17,claim_count,claims,3485.0,False,False,Table 2.1
occupation,81,2016-17,frequency_rate,claims per million hours worked,11.935646767811512,False,False,Table 2.2
occupation,81,2016-17,incidence_rate,"claims per 1,000 employees",14.106569271784563,False,False,Table 2.3
occupation,81,2016-17,median_compensation,AUD,10983.0,False,False,Table 2.4
occupation,81,2016-17,median_time_lost,weeks,7.511627906976744,False,False,Table 2.5
occupation,81,2017-18,claim_count,claims,3558.0,False,False,Table 2.1
occupation,81,2017-18,frequency_rate,claims per million hours worked,12.097869308974893,False,False,Table 2.2
occupation,81,2017-18,incidence_rate,"claims per 1,000 employees",14.651413306827605,False,False,Table 2.3
occupation,81,2017-18,median_compensation,AUD,11102.0,False,False,Table 2.4
occupation,81,2017-18,median_time_lost,weeks,8.294258373205743,False,False,Table 2.5
occupation,81,2018-19,claim_count,claims,3871.0,False,False,Table 2.1
occupation,81,2018-19,frequency_rate,claims per million hours worked,12.652450232700241,False,False,Table 2.2
occupation,81,2018-19,incidence_rate,"claims per 1,000 employees",15.414593012655644,False,False,Table 2.3
occupation,81,2018-19,median_compensation,AUD,11555.0,False,False,Table 2.4
occupation,81,2018-19,median_time_lost,weeks,8.02,False,False,Table 2.5
occupation,81,2019-20,claim_count,claims,3788.0,False,False,Table 2.1
occupation,81,2019-20,frequency_rate,claims per million hours worked,13.113478417085934,False,False,Table 2.2
occupation,81,2019-20,incidence_rate,"claims per 1,000 employees",15.031575763549485,False,False,Table 2.3
occupation,81,2019-20,median_compensation,AUD,12097.0,False,False,Table 2.4
occupation,81,2019-20,median_time_lost,weeks,9.0,False,False,Table 2.5
occupation,81,2020-21,claim_count,claims,4021.0,False,False,Table 2.1
occupation,81,2020-21,frequency_rate,claims per million hours worked,14.485248284990334,False,False,Table 2.2
occupation,81,2020-21,incidence_rate,"claims per 1,000 employees",16.891595085395128,False,False,Table 2.3
occupation,81,2020-21,median_compensation,AUD,14143.5,False,False,Table 2.4
occupation,81,2020-21,median_time_lost,weeks,10.210526315789474,False,False,Table 2.5
occupation,81,2021-22,claim_count,claims,3684.0,False,False,Table 2.1
occupation,81,2021-22,frequency_rate,claims per million hours worked,13.14889281361272,False,False,Table 2.2
occupation,81,2021-22,incidence_rate,"claims per 1,000 employees",15.728783455573046,False,False,Table 2.3
occupation,81,2021-22,median_compensation,AUD,12706.5,False,False,Table 2.4
occupation,81,2021-22,median_time_lost,weeks,9.2470875,False,False,Table 2.5
occupation,81,2022-23,claim_count,claims,4097.0,False,False,Table 2.1
occupation,81,2022-23,frequency_rate,claims per million hours worked,13.615209860156494,False,False,Table 2.2
occupation,81,2022-23,incidence_rate,"claims per 1,000 employees",17.06032755405325,False,False,Table 2.3
occupation,81,2022-23,median_compensation,AUD,14580.5,False,False,Table 2.4
occupation,81,2022-23,median_time_lost,weeks,10.196672916583555,False,False,Table 2.5
occupation,81,2023-24,claim_count,claims,4108.0,False,True,Table 2.1
occupation,81,2023-24,frequency_rate,claims per million hours worked,14.003502358322141,False,True,Table 2.2
occupation,81,2023-24,incidence_rate,"claims per 1,000 employees",17.663434830797886,False,True,Table 2.3
occupation,81,2023-24,median_compensation,AUD,,True,True,Table 2.4
occupation,81,2023-24,median_time_lost,weeks,,True,True,Table 2.5
occupation,82,2014-15,claim_count,claims,3455.0,False,False,Table 2.1
occupation,82,2014-15,frequency_rate,claims per million hours worked,12.900315501122584,False,False,Table 2.2
occupation,82,2014-15,incidence_rate,"claims per 1,000 employees",25.864423348043456,False,False,Table 2.3
occupation,82,2014-15,median_compensation,AUD,16233.0,False,False,Table 2.4
occupation,82,2014-15,median_time_lost,weeks,7.015924301869374,False,False,Table 2.5
occupation,82,2015-16,claim_count,claims,3456.0,False,False,Table 2.1
occupation,82,2015-16,frequency_rate,claims per million hours worked,12.46612782946993,False,False,Table 2.2
occupation,82,2015-16,incidence_rate,"claims per 1,000 employees",25.028997672013958,False,False,Table 2.3
occupation,82,2015-16,median_compensation,AUD,18314.0,False,False,Table 2.4
occupation,82,2015-16,median_time_lost,weeks,7.6000000000000005,False,False,Table 2.5
occupation,82,2016-17,claim_count,claims,3381.0,False,False,Table 2.1
occupation,82,2016-17,frequency_rate,claims per million hours worked,11.663002420689187,False,False,Table 2.2
occupation,82,2016-17,incidence_rate,"claims per 1,000 employees",22.585439419161805,False,False,Table 2.3
occupation,82,2016-17,median_compensation,AUD,17826.0,False,False,Table 2.4
occupation,82,2016-17,median_time_lost,weeks,7.999308545044944,False,False,Table 2.5
occupation,82,2017-18,claim_count,claims,3622.0,False,False,Table 2.1
occupation,82,2017-18,frequency_rate,claims per million hours worked,11.187169524469299,False,False,Table 2.2
occupation,82,2017-18,incidence_rate,"claims per 1,000 employees",22.223422875418073,False,False,Table 2.3
occupation,82,2017-18,median_compensation,AUD,18569.0,False,False,Table 2.4
occupation,82,2017-18,median_time_lost,weeks,8.200000000000001,False,False,Table 2.5
occupation,82,2018-19,claim_count,claims,4209.0,False,False,Table 2.1
occupation,82,2018-19,frequency_rate,claims per million hours worked,12.71992414741652,False,False,Table 2.2
occupation,82,2018-19,incidence_rate,"claims per 1,000 employees",25.44063238218135,False,False,Table 2.3
occupation,82,2018-19,median_compensation,AUD,19914.5,False,False,Table 2.4
occupation,82,2018-19,median_time_lost,weeks,8.79980414472117,False,False,Table 2.5
occupation,82,2019-20,claim_count,claims,4423.0,False,False,Table 2.1
occupation,82,2019-20,frequency_rate,claims per million hours worked,14.489585361280906,False,False,Table 2.2
occupation,82,2019-20,incidence_rate,"claims per 1,000 employees",27.165453607577557,False,False,Table 2.3
occupation,82,2019-20,median_compensation,AUD,20659.5,False,False,Table 2.4
occupation,82,2019-20,median_time_lost,weeks,8.4,False,False,Table 2.5
occupation,82,2020-21,claim_count,claims,4260.0,False,False,Table 2.1
occupation,82,2020-21,frequency_rate,claims per million hours worked,14.8763486047332,False,False,Table 2.2
occupation,82,2020-21,incidence_rate,"claims per 1,000 employees",28.55369740000309,False,False,Table 2.3
occupation,82,2020-21,median_compensation,AUD,19644.0,False,False,Table 2.4
occupation,82,2020-21,median_time_lost,weeks,8.461373214285715,False,False,Table 2.5
occupation,82,2021-22,claim_count,claims,4377.0,False,False,Table 2.1
occupation,82,2021-22,frequency_rate,claims per million hours worked,19.743569373251034,False,False,Table 2.2
occupation,82,2021-22,incidence_rate,"claims per 1,000 employees",35.954821036137304,False,False,Table 2.3
occupation,82,2021-22,median_compensation,AUD,19427.5,False,False,Table 2.4
occupation,82,2021-22,median_time_lost,weeks,8.4,False,False,Table 2.5
occupation,82,2022-23,claim_count,claims,4333.0,False,False,Table 2.1
occupation,82,2022-23,frequency_rate,claims per million hours worked,14.50435327290551,False,False,Table 2.2
occupation,82,2022-23,incidence_rate,"claims per 1,000 employees",29.096117625011328,False,False,Table 2.3
occupation,82,2022-23,median_compensation,AUD,21053.0,False,False,Table 2.4
occupation,82,2022-23,median_time_lost,weeks,9.2,False,False,Table 2.5
occupation,82,2023-24,claim_count,claims,4805.0,False,True,Table 2.1
occupation,82,2023-24,frequency_rate,claims per million hours worked,16.581327133668342,False,True,Table 2.2
occupation,82,2023-24,incidence_rate,"claims per 1,000 employees",31.991277247638074,False,True,Table 2.3
occupation,82,2023-24,median_compensation,AUD,,True,True,Table 2.4
occupation,82,2023-24,median_time_lost,weeks,,True,True,Table 2.5
occupation,83,2014-15,claim_count,claims,4574.0,False,False,Table 2.1
occupation,83,2014-15,frequency_rate,claims per million hours worked,13.067918001148215,False,False,Table 2.2
occupation,83,2014-15,incidence_rate,"claims per 1,000 employees",22.359774337931576,False,False,Table 2.3
occupation,83,2014-15,median_compensation,AUD,10168.5,False,False,Table 2.4
occupation,83,2014-15,median_time_lost,weeks,4.746052631578947,False,False,Table 2.5
occupation,83,2015-16,claim_count,claims,4373.0,False,False,Table 2.1
occupation,83,2015-16,frequency_rate,claims per million hours worked,13.172052514433036,False,False,Table 2.2
occupation,83,2015-16,incidence_rate,"claims per 1,000 employees",22.122548082567768,False,False,Table 2.3
occupation,83,2015-16,median_compensation,AUD,11913.0,False,False,Table 2.4
occupation,83,2015-16,median_time_lost,weeks,5.421428571428572,False,False,Table 2.5
occupation,83,2016-17,claim_count,claims,4198.0,False,False,Table 2.1
occupation,83,2016-17,frequency_rate,claims per million hours worked,11.974864356614745,False,False,Table 2.2
occupation,83,2016-17,incidence_rate,"claims per 1,000 employees",20.626710068725927,False,False,Table 2.3
occupation,83,2016-17,median_compensation,AUD,13198.0,False,False,Table 2.4
occupation,83,2016-17,median_time_lost,weeks,6.0,False,False,Table 2.5
occupation,83,2017-18,claim_count,claims,4239.0,False,False,Table 2.1
occupation,83,2017-18,frequency_rate,claims per million hours worked,12.09236890245441,False,False,Table 2.2
occupation,83,2017-18,incidence_rate,"claims per 1,000 employees",20.620723629714053,False,False,Table 2.3
occupation,83,2017-18,median_compensation,AUD,12888.0,False,False,Table 2.4
occupation,83,2017-18,median_time_lost,weeks,6.6000000000000005,False,False,Table 2.5
occupation,83,2018-19,claim_count,claims,4714.0,False,False,Table 2.1
occupation,83,2018-19,frequency_rate,claims per million hours worked,12.86759734405988,False,False,Table 2.2
occupation,83,2018-19,incidence_rate,"claims per 1,000 employees",22.466046226281307,False,False,Table 2.3
occupation,83,2018-19,median_compensation,AUD,13512.0,False,False,Table 2.4
occupation,83,2018-19,median_time_lost,weeks,6.2,False,False,Table 2.5
occupation,83,2019-20,claim_count,claims,4747.0,False,False,Table 2.1
occupation,83,2019-20,frequency_rate,claims per million hours worked,13.84353195391033,False,False,Table 2.2
occupation,83,2019-20,incidence_rate,"claims per 1,000 employees",23.21316073310603,False,False,Table 2.3
occupation,83,2019-20,median_compensation,AUD,12925.0,False,False,Table 2.4
occupation,83,2019-20,median_time_lost,weeks,6.0,False,False,Table 2.5
occupation,83,2020-21,claim_count,claims,5118.0,False,False,Table 2.1
occupation,83,2020-21,frequency_rate,claims per million hours worked,15.521026609212823,False,False,Table 2.2
occupation,83,2020-21,incidence_rate,"claims per 1,000 employees",25.54682635049376,False,False,Table 2.3
occupation,83,2020-21,median_compensation,AUD,13969.5,False,False,Table 2.4
occupation,83,2020-21,median_time_lost,weeks,7.0,False,False,Table 2.5
occupation,83,2021-22,claim_count,claims,5027.0,False,False,Table 2.1
occupation,83,2021-22,frequency_rate,claims per million hours worked,16.61116484396698,False,False,Table 2.2
occupation,83,2021-22,incidence_rate,"claims per 1,000 employees",26.892507056106165,False,False,Table 2.3
occupation,83,2021-22,median_compensation,AUD,13623.5,False,False,Table 2.4
occupation,83,2021-22,median_time_lost,weeks,6.9999269192823474,False,False,Table 2.5
occupation,83,2022-23,claim_count,claims,5180.0,False,False,Table 2.1
occupation,83,2022-23,frequency_rate,claims per million hours worked,17.557083566128718,False,False,Table 2.2
occupation,83,2022-23,incidence_rate,"claims per 1,000 employees",28.434658499605717,False,False,Table 2.3
occupation,83,2022-23,median_compensation,AUD,14628.0,False,False,Table 2.4
occupation,83,2022-23,median_time_lost,weeks,7.157894736842105,False,False,Table 2.5
occupation,83,2023-24,claim_count,claims,5531.0,False,True,Table 2.1
occupation,83,2023-24,frequency_rate,claims per million hours worked,18.669816066922152,False,True,Table 2.2
occupation,83,2023-24,incidence_rate,"claims per 1,000 employees",29.714483431782284,False,True,Table 2.3
occupation,83,2023-24,median_compensation,AUD,,True,True,Table 2.4
occupation,83,2023-24,median_time_lost,weeks,,True,True,Table 2.5
occupation,84,2014-15,claim_count,claims,2540.0,False,False,Table 2.1
occupation,84,2014-15,frequency_rate,claims per million hours worked,16.506431362300454,False,False,Table 2.2
occupation,84,2014-15,incidence_rate,"claims per 1,000 employees",27.493526388292118,False,False,Table 2.3
occupation,84,2014-15,median_compensation,AUD,9724.0,False,False,Table 2.4
occupation,84,2014-15,median_time_lost,weeks,5.599776315789473,False,False,Table 2.5
occupation,84,2015-16,claim_count,claims,2555.0,False,False,Table 2.1
occupation,84,2015-16,frequency_rate,claims per million hours worked,15.008028784853924,False,False,Table 2.2
occupation,84,2015-16,incidence_rate,"claims per 1,000 employees",24.956466363160807,False,False,Table 2.3
occupation,84,2015-16,median_compensation,AUD,11982.0,False,False,Table 2.4
occupation,84,2015-16,median_time_lost,weeks,6.2105263157894735,False,False,Table 2.5
occupation,84,2016-17,claim_count,claims,2497.0,False,False,Table 2.1
occupation,84,2016-17,frequency_rate,claims per million hours worked,14.647374967274517,False,False,Table 2.2
occupation,84,2016-17,incidence_rate,"claims per 1,000 employees",24.27587708631208,False,False,Table 2.3
occupation,84,2016-17,median_compensation,AUD,12499.0,False,False,Table 2.4
occupation,84,2016-17,median_time_lost,weeks,6.6,False,False,Table 2.5
occupation,84,2017-18,claim_count,claims,2717.0,False,False,Table 2.1
occupation,84,2017-18,frequency_rate,claims per million hours worked,15.902402073015324,False,False,Table 2.2
occupation,84,2017-18,incidence_rate,"claims per 1,000 employees",27.30859872560343,False,False,Table 2.3
occupation,84,2017-18,median_compensation,AUD,12903.0,False,False,Table 2.4
occupation,84,2017-18,median_time_lost,weeks,7.0,False,False,Table 2.5
occupation,84,2018-19,claim_count,claims,2944.0,False,False,Table 2.1
occupation,84,2018-19,frequency_rate,claims per million hours worked,17.525531360502338,False,False,Table 2.2
occupation,84,2018-19,incidence_rate,"claims per 1,000 employees",29.137651441412956,False,False,Table 2.3
occupation,84,2018-19,median_compensation,AUD,12150.0,False,False,Table 2.4
occupation,84,2018-19,median_time_lost,weeks,6.4,False,False,Table 2.5
occupation,84,2019-20,claim_count,claims,3140.0,False,False,Table 2.1
occupation,84,2019-20,frequency_rate,claims per million hours worked,19.036861527252345,False,False,Table 2.2
occupation,84,2019-20,incidence_rate,"claims per 1,000 employees",31.068265872860636,False,False,Table 2.3
occupation,84,2019-20,median_compensation,AUD,12025.5,False,False,Table 2.4
occupation,84,2019-20,median_time_lost,weeks,6.2105263157894735,False,False,Table 2.5
occupation,84,2020-21,claim_count,claims,3128.0,False,False,Table 2.1
occupation,84,2020-21,frequency_rate,claims per million hours worked,19.552317553926834,False,False,Table 2.2
occupation,84,2020-21,incidence_rate,"claims per 1,000 employees",31.76027970521581,False,False,Table 2.3
occupation,84,2020-21,median_compensation,AUD,11698.0,False,False,Table 2.4
occupation,84,2020-21,median_time_lost,weeks,6.4,False,False,Table 2.5
occupation,84,2021-22,claim_count,claims,2848.0,False,False,Table 2.1
occupation,84,2021-22,frequency_rate,claims per million hours worked,21.031986884870896,False,False,Table 2.2
occupation,84,2021-22,incidence_rate,"claims per 1,000 employees",33.39772006402959,False,False,Table 2.3
occupation,84,2021-22,median_compensation,AUD,13258.0,False,False,Table 2.4
occupation,84,2021-22,median_time_lost,weeks,7.003448275862069,False,False,Table 2.5
occupation,84,2022-23,claim_count,claims,2902.0,False,False,Table 2.1
occupation,84,2022-23,frequency_rate,claims per million hours worked,18.834130749605762,False,False,Table 2.2
occupation,84,2022-23,incidence_rate,"claims per 1,000 employees",30.18781041842387,False,False,Table 2.3
occupation,84,2022-23,median_compensation,AUD,14104.0,False,False,Table 2.4
occupation,84,2022-23,median_time_lost,weeks,6.834547407012216,False,False,Table 2.5
occupation,84,2023-24,claim_count,claims,2966.0,False,True,Table 2.1
occupation,84,2023-24,frequency_rate,claims per million hours worked,19.544056694970006,False,True,Table 2.2
occupation,84,2023-24,incidence_rate,"claims per 1,000 employees",31.389596735252972,False,True,Table 2.3
occupation,84,2023-24,median_compensation,AUD,,True,True,Table 2.4
occupation,84,2023-24,median_time_lost,weeks,,True,True,Table 2.5
occupation,85,2014-15,claim_count,claims,1747.0,False,False,Table 2.1
occupation,85,2014-15,frequency_rate,claims per million hours worked,10.662958839597799,False,False,Table 2.2
occupation,85,2014-15,incidence_rate,"claims per 1,000 employees",10.00017077127906,False,False,Table 2.3
occupation,85,2014-15,median_compensation,AUD,4887.0,False,False,Table 2.4
occupation,85,2014-15,median_time_lost,weeks,4.0,False,False,Table 2.5
occupation,85,2015-16,claim_count,claims,1580.0,False,False,Table 2.1
occupation,85,2015-16,frequency_rate,claims per million hours worked,9.778619265821561,False,False,Table 2.2
occupation,85,2015-16,incidence_rate,"claims per 1,000 employees",9.183534046304944,False,False,Table 2.3
occupation,85,2015-16,median_compensation,AUD,5395.5,False,False,Table 2.4
occupation,85,2015-16,median_time_lost,weeks,4.4,False,False,Table 2.5
occupation,85,2016-17,claim_count,claims,1611.0,False,False,Table 2.1
occupation,85,2016-17,frequency_rate,claims per million hours worked,9.28289139732594,False,False,Table 2.2
occupation,85,2016-17,incidence_rate,"claims per 1,000 employees",8.675137075972955,False,False,Table 2.3
occupation,85,2016-17,median_compensation,AUD,6163.0,False,False,Table 2.4
occupation,85,2016-17,median_time_lost,weeks,4.541236842105263,False,False,Table 2.5
occupation,85,2017-18,claim_count,claims,1445.0,False,False,Table 2.1
occupation,85,2017-18,frequency_rate,claims per million hours worked,7.986166781027286,False,False,Table 2.2
occupation,85,2017-18,incidence_rate,"claims per 1,000 employees",7.486841204974505,False,False,Table 2.3
occupation,85,2017-18,median_compensation,AUD,6512.0,False,False,Table 2.4
occupation,85,2017-18,median_time_lost,weeks,4.775868421052632,False,False,Table 2.5
occupation,85,2018-19,claim_count,claims,1672.0,False,False,Table 2.1
occupation,85,2018-19,frequency_rate,claims per million hours worked,9.133828120345724,False,False,Table 2.2
occupation,85,2018-19,incidence_rate,"claims per 1,000 employees",8.539669250250906,False,False,Table 2.3
occupation,85,2018-19,median_compensation,AUD,6918.0,False,False,Table 2.4
occupation,85,2018-19,median_time_lost,weeks,5.0,False,False,Table 2.5
occupation,85,2019-20,claim_count,claims,1747.0,False,False,Table 2.1
occupation,85,2019-20,frequency_rate,claims per million hours worked,9.517189225965025,False,False,Table 2.2
occupation,85,2019-20,incidence_rate,"claims per 1,000 employees",8.89473638560931,False,False,Table 2.3
occupation,85,2019-20,median_compensation,AUD,7116.0,False,False,Table 2.4
occupation,85,2019-20,median_time_lost,weeks,4.935167147198628,False,False,Table 2.5
occupation,85,2020-21,claim_count,claims,1845.0,False,False,Table 2.1
occupation,85,2020-21,frequency_rate,claims per million hours worked,10.746040776673762,False,False,Table 2.2
occupation,85,2020-21,incidence_rate,"claims per 1,000 employees",9.863745505900813,False,False,Table 2.3
occupation,85,2020-21,median_compensation,AUD,6716.0,False,False,Table 2.4
occupation,85,2020-21,median_time_lost,weeks,5.09915,False,False,Table 2.5
occupation,85,2021-22,claim_count,claims,1604.0,False,False,Table 2.1
occupation,85,2021-22,frequency_rate,claims per million hours worked,8.450877255841077,False,False,Table 2.2
occupation,85,2021-22,incidence_rate,"claims per 1,000 employees",7.774134136183192,False,False,Table 2.3
occupation,85,2021-22,median_compensation,AUD,6521.0,False,False,Table 2.4
occupation,85,2021-22,median_time_lost,weeks,5.0,False,False,Table 2.5
occupation,85,2022-23,claim_count,claims,1607.0,False,False,Table 2.1
occupation,85,2022-23,frequency_rate,claims per million hours worked,8.177251930931034,False,False,Table 2.2
occupation,85,2022-23,incidence_rate,"claims per 1,000 employees",7.7203506256104335,False,False,Table 2.3
occupation,85,2022-23,median_compensation,AUD,9707.0,False,False,Table 2.4
occupation,85,2022-23,median_time_lost,weeks,6.0,False,False,Table 2.5
occupation,85,2023-24,claim_count,claims,1642.0,False,True,Table 2.1
occupation,85,2023-24,frequency_rate,claims per million hours worked,8.734253216876205,False,True,Table 2.2
occupation,85,2023-24,incidence_rate,"claims per 1,000 employees",7.949333722728306,False,True,Table 2.3
occupation,85,2023-24,median_compensation,AUD,,True,True,Table 2.4
occupation,85,2023-24,median_time_lost,weeks,,True,True,Table 2.5
occupation,89,2014-15,claim_count,claims,10332.0,False,False,Table 2.1
occupation,89,2014-15,frequency_rate,claims per million hours worked,40.31284401001805,False,False,Table 2.2
occupation,89,2014-15,incidence_rate,"claims per 1,000 employees",54.718585523736145,False,False,Table 2.3
occupation,89,2014-15,median_compensation,AUD,10192.5,False,False,Table 2.4
occupation,89,2014-15,median_time_lost,weeks,5.4,False,False,Table 2.5
occupation,89,2015-16,claim_count,claims,10431.0,False,False,Table 2.1
occupation,89,2015-16,frequency_rate,claims per million hours worked,42.150514789176434,False,False,Table 2.2
occupation,89,2015-16,incidence_rate,"claims per 1,000 employees",57.25427051681753,False,False,Table 2.3
occupation,89,2015-16,median_compensation,AUD,11563.0,False,False,Table 2.4
occupation,89,2015-16,median_time_lost,weeks,5.79946875,False,False,Table 2.5
occupation,89,2016-17,claim_count,claims,10551.0,False,False,Table 2.1
occupation,89,2016-17,frequency_rate,claims per million hours worked,36.33177395105882,False,False,Table 2.2
occupation,89,2016-17,incidence_rate,"claims per 1,000 employees",50.22216270461613,False,False,Table 2.3
occupation,89,2016-17,median_compensation,AUD,12955.0,False,False,Table 2.4
occupation,89,2016-17,median_time_lost,weeks,6.0,False,False,Table 2.5
occupation,89,2017-18,claim_count,claims,10949.0,False,False,Table 2.1
occupation,89,2017-18,frequency_rate,claims per million hours worked,39.42111039014699,False,False,Table 2.2
occupation,89,2017-18,incidence_rate,"claims per 1,000 employees",51.63518960124062,False,False,Table 2.3
occupation,89,2017-18,median_compensation,AUD,14158.0,False,False,Table 2.4
occupation,89,2017-18,median_time_lost,weeks,6.8,False,False,Table 2.5
occupation,89,2018-19,claim_count,claims,10179.0,False,False,Table 2.1
occupation,89,2018-19,frequency_rate,claims per million hours worked,35.94505254298594,False,False,Table 2.2
occupation,89,2018-19,incidence_rate,"claims per 1,000 employees",48.077114695392396,False,False,Table 2.3
occupation,89,2018-19,median_compensation,AUD,14577.0,False,False,Table 2.4
occupation,89,2018-19,median_time_lost,weeks,7.0,False,False,Table 2.5
occupation,89,2019-20,claim_count,claims,10568.0,False,False,Table 2.1
occupation,89,2019-20,frequency_rate,claims per million hours worked,37.64452777302364,False,False,Table 2.2
occupation,89,2019-20,incidence_rate,"claims per 1,000 employees",48.41070753608844,False,False,Table 2.3
occupation,89,2019-20,median_compensation,AUD,14191.0,False,False,Table 2.4
occupation,89,2019-20,median_time_lost,weeks,6.937508248232522,False,False,Table 2.5
occupation,89,2020-21,claim_count,claims,14519.0,False,False,Table 2.1
occupation,89,2020-21,frequency_rate,claims per million hours worked,49.15620874777197,False,False,Table 2.2
occupation,89,2020-21,incidence_rate,"claims per 1,000 employees",65.2958860549786,False,False,Table 2.3
occupation,89,2020-21,median_compensation,AUD,13643.0,False,False,Table 2.4
occupation,89,2020-21,median_time_lost,weeks,6.377464788732395,False,False,Table 2.5
occupation,89,2021-22,claim_count,claims,17386.0,False,False,Table 2.1
occupation,89,2021-22,frequency_rate,claims per million hours worked,67.70563281571458,False,False,Table 2.2
occupation,89,2021-22,incidence_rate,"claims per 1,000 employees",89.51871341710125,False,False,Table 2.3
occupation,89,2021-22,median_compensation,AUD,13082.5,False,False,Table 2.4
occupation,89,2021-22,median_time_lost,weeks,5.898996631750264,False,False,Table 2.5
occupation,89,2022-23,claim_count,claims,18017.0,False,False,Table 2.1
occupation,89,2022-23,frequency_rate,claims per million hours worked,61.948236668404675,False,False,Table 2.2
occupation,89,2022-23,incidence_rate,"claims per 1,000 employees",85.6795287560909,False,False,Table 2.3
occupation,89,2022-23,median_compensation,AUD,13614.0,False,False,Table 2.4
occupation,89,2022-23,median_time_lost,weeks,5.7684066169538015,False,False,Table 2.5
occupation,89,2023-24,claim_count,claims,16249.0,False,True,Table 2.1
occupation,89,2023-24,frequency_rate,claims per million hours worked,54.240973106152744,False,True,Table 2.2
occupation,89,2023-24,incidence_rate,"claims per 1,000 employees",71.88150607279871,False,True,Table 2.3
occupation,89,2023-24,median_compensation,AUD,,True,True,Table 2.4
occupation,89,2023-24,median_time_lost,weeks,,True,True,Table 2.5
occupation,TOTAL,2014-15,claim_count,claims,106496.0,False,False,Table 2.1
occupation,TOTAL,2014-15,frequency_rate,claims per million hours worked,5.815315804518712,False,False,Table 2.2
occupation,TOTAL,2014-15,incidence_rate,"claims per 1,000 employees",9.656808994196638,False,False,Table 2.3
occupation,TOTAL,2014-15,median_compensation,AUD,11541.0,False,False,Table 2.4
occupation,TOTAL,2014-15,median_time_lost,weeks,5.814017857142858,False,False,Table 2.5
occupation,TOTAL,2015-16,claim_count,claims,102509.0,False,False,Table 2.1
occupation,TOTAL,2015-16,frequency_rate,claims per million hours worked,5.522815753543892,False,False,Table 2.2
occupation,TOTAL,2015-16,incidence_rate,"claims per 1,000 employees",9.122817261090017,False,False,Table 2.3
occupation,TOTAL,2015-16,median_compensation,AUD,12968.0,False,False,Table 2.4
occupation,TOTAL,2015-16,median_time_lost,weeks,6.333333333333333,False,False,Table 2.5
occupation,TOTAL,2016-17,claim_count,claims,104378.0,False,False,Table 2.1
occupation,TOTAL,2016-17,frequency_rate,claims per million hours worked,5.545029643969183,False,False,Table 2.2
occupation,TOTAL,2016-17,incidence_rate,"claims per 1,000 employees",9.13173178839468,False,False,Table 2.3
occupation,TOTAL,2016-17,median_compensation,AUD,14026.0,False,False,Table 2.4
occupation,TOTAL,2016-17,median_time_lost,weeks,6.628838355478434,False,False,Table 2.5
occupation,TOTAL,2017-18,claim_count,claims,107889.0,False,False,Table 2.1
occupation,TOTAL,2017-18,frequency_rate,claims per million hours worked,5.532935030198052,False,False,Table 2.2
occupation,TOTAL,2017-18,incidence_rate,"claims per 1,000 employees",9.13840393886296,False,False,Table 2.3
occupation,TOTAL,2017-18,median_compensation,AUD,14700.0,False,False,Table 2.4
occupation,TOTAL,2017-18,median_time_lost,weeks,7.2,False,False,Table 2.5
occupation,TOTAL,2018-19,claim_count,claims,116814.0,False,False,Table 2.1
occupation,TOTAL,2018-19,frequency_rate,claims per million hours worked,5.869266326331508,False,False,Table 2.2
occupation,TOTAL,2018-19,incidence_rate,"claims per 1,000 employees",9.611565761278847,False,False,Table 2.3
occupation,TOTAL,2018-19,median_compensation,AUD,15290.0,False,False,Table 2.4
occupation,TOTAL,2018-19,median_time_lost,weeks,7.2,False,False,Table 2.5
occupation,TOTAL,2019-20,claim_count,claims,121208.0,False,False,Table 2.1
occupation,TOTAL,2019-20,frequency_rate,claims per million hours worked,6.173924989608339,False,False,Table 2.2
occupation,TOTAL,2019-20,incidence_rate,"claims per 1,000 employees",9.99809367202966,False,False,Table 2.3
occupation,TOTAL,2019-20,median_compensation,AUD,15787.0,False,False,Table 2.4
occupation,TOTAL,2019-20,median_time_lost,weeks,7.496276315789473,False,False,Table 2.5
occupation,TOTAL,2020-21,claim_count,claims,131639.0,False,False,Table 2.1
occupation,TOTAL,2020-21,frequency_rate,claims per million hours worked,6.611688167153683,False,False,Table 2.2
occupation,TOTAL,2020-21,incidence_rate,"claims per 1,000 employees",10.690698510018272,False,False,Table 2.3
occupation,TOTAL,2020-21,median_compensation,AUD,16363.0,False,False,Table 2.4
occupation,TOTAL,2020-21,median_time_lost,weeks,8.0,False,False,Table 2.5
occupation,TOTAL,2021-22,claim_count,claims,134346.0,False,False,Table 2.1
occupation,TOTAL,2021-22,frequency_rate,claims per million hours worked,6.831005295971515,False,False,Table 2.2
occupation,TOTAL,2021-22,incidence_rate,"claims per 1,000 employees",10.950847268301995,False,False,Table 2.3
occupation,TOTAL,2021-22,median_compensation,AUD,14797.5,False,False,Table 2.4
occupation,TOTAL,2021-22,median_time_lost,weeks,7.0000514035013754,False,False,Table 2.5
occupation,TOTAL,2022-23,claim_count,claims,145001.0,False,False,Table 2.1
occupation,TOTAL,2022-23,frequency_rate,claims per million hours worked,6.875848087582022,False,False,Table 2.2
occupation,TOTAL,2022-23,incidence_rate,"claims per 1,000 employees",11.157514134214827,False,False,Table 2.3
occupation,TOTAL,2022-23,median_compensation,AUD,16304.0,False,False,Table 2.4
occupation,TOTAL,2022-23,median_time_lost,weeks,7.4,False,False,Table 2.5
occupation,TOTAL,2023-24,claim_count,claims,146700.0,False,True,Table 2.1
occupation,TOTAL,2023-24,frequency_rate,claims per million hours worked,6.800147512626573,False,True,Table 2.2
occupation,TOTAL,2023-24,incidence_rate,"claims per 1,000 employees",10.916191337825925,False,True,Table 2.3
occupation,TOTAL,2023-24,median_compensation,AUD,,True,True,Table 2.4
occupation,TOTAL,2023-24,median_time_lost,weeks,,True,True,Table 2.5
