occupation_code,occupation_title,anzsco_level,task_order,task_text
1111,Chief Executives and Managing Directors,4,1,"Determining objectives, strategies, policies and programs for organisations"
1111,Chief Executives and Managing Directors,4,2,Providing overall direction and management to organisations
1111,Chief Executives and Managing Directors,4,3,"Authorising material, human and financial resources to implement organisational policies and programs"
1111,Chief Executives and Managing Directors,4,4,Monitoring and evaluating performance of organisations against organisational objectives and strategies
1111,Chief Executives and Managing Directors,4,5,Consulting with senior subordinate staff and reviewing recommendations and reports
1111,Chief Executives and Managing Directors,4,6,"Preparing, or arranging for the preparation of, reports, budgets and forecasts and presenting them to governing bodies"
1111,Chief Executives and Managing Directors,4,7,"Representing the organisation at official occasions, in negotiations, at conventions, seminars, public hearings and forums, and liaising between areas of responsibility"
1111,Chief Executives and Managing Directors,4,8,Selecting and approving the selection of senior staff
1111,Chief Executives and Managing Directors,4,9,Ensuring the organisation complies with company laws and other relevant legislation
1112,General Managers,4,1,"Planning policy, and setting standards and objectives for organisations"
1112,General Managers,4,2,"Providing day-to-day direction and management of organisations, and directing and endorsing policy to fulfil objectives, achieve specific goals, and maximise profit and efficiency"
1112,General Managers,4,3,Assessing changing situations and responding accordingly by issuing commands and directives to subordinate staff
1112,General Managers,4,4,"Consulting with immediate subordinates and departmental heads on matters such as methods of operation, equipment requirements, finance, sales and human resources"
1112,General Managers,4,5,Authorising the funding of major policy implementation programs
1112,General Managers,4,6,"Representing the organisation at official occasions, in negotiations, at conventions, seminars, public hearings and forums, and liaising between areas of responsibility"
1112,General Managers,4,7,"Preparing, or arranging for the preparation of, reports, budgets and forecasts, and presenting them to governing bodies"
1112,General Managers,4,8,Selecting and managing the performance of senior staff
1112,General Managers,4,9,"May undertake responsibility for some or all of accounting, sales, marketing, human resources and other specialist operations"
1113,Legislators,4,1,"Developing national, state, territory or local government policy, and formulating, amending and repealing legislation and by-laws"
1113,Legislators,4,2,Helping constituents with a range of problems particularly with regard to matters concerning government and local agencies
1113,Legislators,4,3,Investigating matters of concern to the public and to particular persons and groups
1113,Legislators,4,4,Introducing proposals for government action and representing public and electoral interests
1113,Legislators,4,5,Issuing policy directions to government departments and exercising control over local government authorities
1113,Legislators,4,6,"Attending community functions and meetings of local groups to provide service to the community, gauge public opinion and provide information on government plans"
1113,Legislators,4,7,May serve as a member on parliamentary committees and inquiries
1113,Legislators,4,8,May present petitions on behalf of concerned groups
1211,Aquaculture Farmers,4,1,"Planning and coordinating the operation of hatcheries to produce fish fry, seed oysters, crayfish, marron and prawns taking into account environmental and market factors"
1211,Aquaculture Farmers,4,2,Monitoring the environment to maintain optimal growing conditions
1211,Aquaculture Farmers,4,3,Identifying and controlling environmental toxins and diseases
1211,Aquaculture Farmers,4,4,Monitoring stock growth rates to determine when to harvest
1211,Aquaculture Farmers,4,5,"Transporting fish, crayfish, marron, prawns and sticks of seed oysters to new tanks, ponds, cages and floating net pens"
1211,Aquaculture Farmers,4,6,"Directing and overseeing the harvesting, grading and packaging of fish, oysters and other aquatic stock"
1211,Aquaculture Farmers,4,7,"Organising the sale, purchase and transportation of fish stock"
1211,Aquaculture Farmers,4,8,"Maintaining and evaluating records of farming activities, monitoring market activity and planning production accordingly"
1211,Aquaculture Farmers,4,9,"Managing business capital including budgeting, taxation, debt and loan management"
1211,Aquaculture Farmers,4,10,"May select, train and supervise staff and contractors"
1212,Crop Farmers,4,1,"Planning and coordinating the production and marketing of crops, such as grain, cotton, sugar cane, fruit and nuts, vegetables, turf and flowers, from soil preparation to harvest taking into account environmental and market factors"
1212,Crop Farmers,4,2,"Selecting and planting seeds, seedlings and bulbs, and grafting new varieties to root stocks"
1212,Crop Farmers,4,3,"Maintaining crop production by cultivating, de-budding and pruning, and maintaining optimal growing conditions"
1212,Crop Farmers,4,4,"Organising and conducting farming operations, such as collecting, storing, grading and packaging produce, and organising the sale, purchase and despatch of produce"
1212,Crop Farmers,4,5,Directing and overseeing general farming activities such as fertilising and pest and weed control
1212,Crop Farmers,4,6,"Maintaining farm buildings, fences, equipment and water supply systems"
1212,Crop Farmers,4,7,"Maintaining and evaluating records of farming activities, monitoring market activity, and planning crop preparation and production to meet contract requirements and market demand"
1212,Crop Farmers,4,8,"Managing business capital including budgeting, taxation, debt and loan management"
1212,Crop Farmers,4,9,"May select, train and supervise staff and contractors"
1213,Livestock Farmers,4,1,"Breeding and raising livestock for the production of honey, meat, milk, skins, eggs and wool"
1213,Livestock Farmers,4,2,Monitoring and maintaining the health and condition of livestock
1213,Livestock Farmers,4,3,Providing pastures and fodder to maintain appropriate nutritional levels
1213,Livestock Farmers,4,4,Moving livestock to optimise feeding opportunities
1213,Livestock Farmers,4,5,"Organising and conducting farming operations such as catching, drenching and milking livestock, sterilising machines, and collecting, grading and packaging produce"
1213,Livestock Farmers,4,6,"Directing and overseeing general farming activities such as maintaining pens, sheds and cages, fertilising, controlling pests and weeds, and growing fodder"
1213,Livestock Farmers,4,7,"Maintaining fences, equipment and water supply systems"
1213,Livestock Farmers,4,8,"Organising the sale, purchase and transportation of livestock and produce"
1213,Livestock Farmers,4,9,"Maintaining and evaluating records of farming activities, monitoring market activity and planning production accordingly"
1213,Livestock Farmers,4,10,"Managing business capital including budgeting, taxation, debt and loan management"
1213,Livestock Farmers,4,11,"May select, train and supervise staff and contractors"
1214,Mixed Crop and Livestock Farmers,4,1,Planning and coordinating the production and marketing of crops and livestock
1214,Mixed Crop and Livestock Farmers,4,2,"Breeding and raising livestock for the production of meat, wool, skins, milk or eggs, and growing grain, seed crops, vegetables, fruit or nuts"
1214,Mixed Crop and Livestock Farmers,4,3,Monitoring and maintaining the health and condition of livestock
1214,Mixed Crop and Livestock Farmers,4,4,Providing pastures and fodder to maintain appropriate nutritional levels
1214,Mixed Crop and Livestock Farmers,4,5,"Selecting and purchasing seed for planting, planning and implementing breeding programs"
1214,Mixed Crop and Livestock Farmers,4,6,"Directing and overseeing general farming activities such as fertilising, and pest and weed control"
1214,Mixed Crop and Livestock Farmers,4,7,"Maintaining farm buildings, fences, equipment and water supply systems"
1214,Mixed Crop and Livestock Farmers,4,8,"Organising the sale, purchase and transportation of livestock and produce"
1214,Mixed Crop and Livestock Farmers,4,9,"Maintaining and evaluating records of farming activities, monitoring market activity and planning production accordingly"
1214,Mixed Crop and Livestock Farmers,4,10,"Managing business capital, monitoring market activity and planning production accordingly"
1214,Mixed Crop and Livestock Farmers,4,11,"May select, train and supervise staff and contractors"
1311,"Advertising, Public Relations and Sales Manager",4,1,"Formulating and implementing policies and plans for advertising, public relations, sales and marketing in consultation with other managers"
1311,"Advertising, Public Relations and Sales Manager",4,2,"Directing the development of initiatives for new products, marketing and advertising campaigns"
1311,"Advertising, Public Relations and Sales Manager",4,3,"Organising and controlling sales activities by setting product mix, geographical sales areas and customer service standards"
1311,"Advertising, Public Relations and Sales Manager",4,4,"Directing merchandising methods and distribution policy by coordinating the work of salespersons, and organising agents and distributors"
1311,"Advertising, Public Relations and Sales Manager",4,5,Directing sales methods and arrangements by setting prices and credit arrangements
1321,Corporate Services Managers,4,1,"Providing high level administrative, strategic planning and operational support, research and advice to senior management on administrative matters such as staff management, financial planning, facility management and information services"
1321,Corporate Services Managers,4,2,"Developing and managing the organisation's administrative, financial, physical and staff resources"
1321,Corporate Services Managers,4,3,"Developing and implementing administrative, financial and operational procedural statements and guidelines for use by staff in the organisation"
1321,Corporate Services Managers,4,4,"Analysing complex resource management issues and initiatives that affect the organisation, and preparing associated reports, correspondence and submissions"
1321,Corporate Services Managers,4,5,Providing information and support for the preparation of financial reports and budgets
1321,Corporate Services Managers,4,6,"Leading, managing and developing administrative staff to ensure smooth business operations and the provision of accurate and timely information"
1321,Corporate Services Managers,4,7,"Representing the organisation in negotiations, and at conventions, seminars, public hearings and forums, and promoting existing and new programs and policies"
1322,Finance Managers,4,1,"Determining, implementing, monitoring, reviewing and evaluating budgetary and accounting strategies, policies and plans in consultation with other managers"
1322,Finance Managers,4,2,Providing financial information and interpreting the implications for business performance and funding needs
1322,Finance Managers,4,3,"Coordinating the development, implementation and monitoring of accounting systems"
1322,Finance Managers,4,4,"Directing the preparation of financial reports summarising and forecasting the organisation's financial position such as income statements, balance sheets and analyses of future earnings and income"
1322,Finance Managers,4,5,Assessing capital finance proposals and the financial status of operational projects
1322,Finance Managers,4,6,"Advising on investment strategies, sources of funds and the distribution of earnings"
1322,Finance Managers,4,7,"Delivering long range profit forecasts, budgeting and financial reporting"
1322,Finance Managers,4,8,Ensuring compliance with financial legislation and standards
1323,Human Resource Managers,4,1,"Determining, implementing, monitoring, reviewing and evaluating human resource management strategies, policies and plans to meet business needs"
1323,Human Resource Managers,4,2,"Advising and assisting other managers in applying sound recruitment and selection practices, and appropriate induction, training and development programs"
1323,Human Resource Managers,4,3,"Developing and implementing performance management systems to plan, appraise and improve individual and team performance"
1323,Human Resource Managers,4,4,Representing the organisation in negotiations with unions and employees to determine remuneration and other conditions of employment
1323,Human Resource Managers,4,5,"Developing and implementing occupational health and safety programs and equal employment opportunity programs, and ensuring compliance with related statutory requirements"
1323,Human Resource Managers,4,6,Overseeing the application of redundancy and other employee retrenchment policies
1323,Human Resource Managers,4,7,Monitoring employment costs and productivity levels
1323,Human Resource Managers,4,8,May train and advise other managers in personnel and workplace relations matters
1324,Policy and Planning Managers,4,1,"Developing, implementing and monitoring strategic plans, programs, policies, processes, systems and procedures to achieve goals, objectives and work standards"
1324,Policy and Planning Managers,4,2,"Developing, implementing, administering and participating in policy research and analysis"
1324,Policy and Planning Managers,4,3,Coordinating the implementation of policies and practices
1324,Policy and Planning Managers,4,4,Establishing activity measures and measurements of accountability
1324,Policy and Planning Managers,4,5,Overseeing and participating in the development of policy documents and reports
1324,Policy and Planning Managers,4,6,"Consulting with and providing expert advice to government officials and board members on policy, program and legislative issues"
1324,Policy and Planning Managers,4,7,"Representing the organisation in negotiations, and at conventions, seminars, public hearings and forums convened to discuss policy issues"
1325,Research and Development Managers,4,1,"Determining, implementing and monitoring research and development strategies, policies and plans"
1325,Research and Development Managers,4,2,"Developing and implementing research projects, priorities and targets to support commercial and policy developments"
1325,Research and Development Managers,4,3,Leading major research projects and coordinating activities of other research workers
1325,Research and Development Managers,4,4,Assessing the benefits and monitoring the costs and effectiveness of research and development activities
1325,Research and Development Managers,4,5,Interpreting results of research projects and recommending associated product and service development innovations
1325,Research and Development Managers,4,6,Providing advice on research and development options available to the organisation
1325,Research and Development Managers,4,7,Monitoring leading-edge developments in relevant disciplines and assessing implications for the organisation
1325,Research and Development Managers,4,8,May publish results of significant research projects
1331,Construction Managers,4,1,Interpreting architectural drawings and specifications
1331,Construction Managers,4,2,"Coordinating labour resources, and procurement and delivery of materials, plant and equipment"
1331,Construction Managers,4,3,"Consulting with architects, engineering professionals and other professionals, and technical and trades workers"
1331,Construction Managers,4,4,"Negotiating with building owners, property developers and subcontractors involved in the construction process to ensure projects are completed on time and within budget"
1331,Construction Managers,4,5,Preparing tenders and contract bids
1331,Construction Managers,4,6,Operating and implementing coordinated work programs for sites
1331,Construction Managers,4,7,"Ensuring adherence to building legislation and standards of performance, quality, cost and safety"
1331,Construction Managers,4,8,Arranging submission of plans to local authorities
1331,Construction Managers,4,9,"Building under contract, or subcontracting specialised building services"
1331,Construction Managers,4,10,Overseeing the standard and progress of subcontractors' work
1331,Construction Managers,4,11,Arranging building inspections by local authorities
1332,Engineering Managers,4,1,"Determining, implementing and monitoring engineering strategies, policies and plans"
1332,Engineering Managers,4,2,"Interpreting plans, drawings and specifications, and providing advice on engineering methods and procedures to achieve construction and production requirements"
1332,Engineering Managers,4,3,Establishing project schedules and budgets
1332,Engineering Managers,4,4,"Ensuring conformity with specifications and plans, and with laws, regulations and safety standards"
1332,Engineering Managers,4,5,"Ensuring engineering standards of quality, cost, safety, timeliness and performance are observed"
1332,Engineering Managers,4,6,Overseeing maintenance requirements to optimise efficiency
1332,Engineering Managers,4,7,"Liaising with marketing, research and manufacturing managers regarding engineering aspects of new construction and product design"
1332,Engineering Managers,4,8,May contribute to research and development projects
1333,"Importers, Exporters and Wholesalers",4,1,Identifying local and overseas business opportunities
1333,"Importers, Exporters and Wholesalers",4,2,"Developing and implementing business plans, and marketing, operating, human resource, pricing and credit policies and procedures"
1333,"Importers, Exporters and Wholesalers",4,3,Determining the mix of products and services to be provided and negotiating conditions of trade
1333,"Importers, Exporters and Wholesalers",4,4,Liaising with local and overseas suppliers and distributors about orders and products
1333,"Importers, Exporters and Wholesalers",4,5,"Researching regulatory and statutory requirements affecting the importing, exporting, wholesaling and distribution of goods"
1333,"Importers, Exporters and Wholesalers",4,6,"Monitoring business performance and preparing estimates, financial statements and reports of operations"
1333,"Importers, Exporters and Wholesalers",4,7,Appointing agents and distributors
1333,"Importers, Exporters and Wholesalers",4,8,Arranging the shipping of goods into and out of the country
1333,"Importers, Exporters and Wholesalers",4,9,Overseeing the display and sale of merchandise and preparation of product information for customer service staff and customers
1333,"Importers, Exporters and Wholesalers",4,10,Implementing after-sales service procedures
1334,Manufacturers,4,1,"Identifying business opportunities, devising new manufacturing processes and determining products to be manufactured"
1334,Manufacturers,4,2,"Developing business plans and implementing operational, marketing, human resource and pricing procedures"
1334,Manufacturers,4,3,Researching and implementing regulatory and statutory requirements affecting manufacturing operations and the environment
1334,Manufacturers,4,4,"Directing the activities of production, warehouse, distribution and other operating units"
1334,Manufacturers,4,5,"Maintaining quality control systems for manufacturing, waste disposal, delivery and other procedures"
1334,Manufacturers,4,6,"Coordinating orders for raw materials, supplies and equipment, and arranging packaging, delivery and wholesaling of products"
1334,Manufacturers,4,7,Overseeing the coordination of after-sales service
1334,Manufacturers,4,8,Overseeing the provision of quotes for the manufacture of specialised goods and arranging contracts with customers
1334,Manufacturers,4,9,May devise and oversee the implementation of production run schedules
1335,Production Managers,4,1,"Determining, implementing and monitoring production strategies, policies and plans"
1335,Production Managers,4,2,"Planning details of production activities in terms of output quality and quantity, cost, time available and labour requirements"
1335,Production Managers,4,3,"Controlling the operation of production plant and quality procedures through planning of maintenance, designation of operating hours and supply of parts and tools"
1335,Production Managers,4,4,"Monitoring production output and costs, and adjusting processes and resources to minimise costs"
1335,Production Managers,4,5,Informing other managers about production matters
1335,Production Managers,4,6,Overseeing the acquisition and installation of new plant and equipment
1335,Production Managers,4,7,"Directing research into production methods, and recommending and implementing initiatives"
1335,Production Managers,4,8,Controlling the preparation of production records and reports
1335,Production Managers,4,9,Coordinating the implementation of occupational health and safety requirements
1335,Production Managers,4,10,Directing staff activities and monitoring their performance
1336,"Supply, Distribution and Procurement Managers",4,1,"Determining, implementing and monitoring purchasing, storage and distribution strategies, policies and plans"
1336,"Supply, Distribution and Procurement Managers",4,2,Preparing and implementing plans to maintain required stock levels at minimum cost
1336,"Supply, Distribution and Procurement Managers",4,3,"Negotiating contracts with suppliers to meet quality, cost and delivery requirements"
1336,"Supply, Distribution and Procurement Managers",4,4,Monitoring and reviewing storage and inventory systems to meet supply requirements and control stock levels
1336,"Supply, Distribution and Procurement Managers",4,5,"Operating recording systems to track all movements of supplies and finished goods, and ensuring re-ordering and re-stocking at optimal times"
1336,"Supply, Distribution and Procurement Managers",4,6,Liaising with other departments and customers concerning requirements for outward goods and associated forwarding transportation
1336,"Supply, Distribution and Procurement Managers",4,7,"Overseeing the recording of purchase, storage and distribution transactions"
1336,"Supply, Distribution and Procurement Managers",4,8,Directing staff activities and monitoring their performance
1341,Child Care Centre Managers,4,1,"Developing and implementing programs to enhance the physical, social, emotional and intellectual development of young children"
1341,Child Care Centre Managers,4,2,"Providing care for children in before-school, after-school, day, and vacation care centres"
1341,Child Care Centre Managers,4,3,Directing and supervising child carers in providing care and supervision for young children
1341,Child Care Centre Managers,4,4,"Ensuring the centre is a safe area for children, staff and visitors"
1341,Child Care Centre Managers,4,5,Complying with relevant government requirements and standards
1341,Child Care Centre Managers,4,6,Liaising with parents
1341,Child Care Centre Managers,4,7,Maintaining records and accounts for the centre
1341,Child Care Centre Managers,4,8,Recruiting staff and coordinating professional development
1342,Health and Welfare Services Managers,4,1,"Providing overall direction and management for the service, facility, organisation or centre"
1342,Health and Welfare Services Managers,4,2,"Developing, implementing and monitoring procedures, policies and standards for medical, nursing, allied health and administrative staff"
1342,Health and Welfare Services Managers,4,3,Coordinating and administering health and welfare programs and clinical services
1342,Health and Welfare Services Managers,4,4,"Monitoring and evaluating resources devoted to health, welfare, recreation, housing, employment, training and other community facilities and centres"
1342,Health and Welfare Services Managers,4,5,"Controlling administrative operations such as budget planning, report preparation, expenditure on supplies, equipment and services"
1342,Health and Welfare Services Managers,4,6,"Liaising with other health and welfare providers, boards and funding bodies to discuss areas of health and welfare service cooperation and coordination"
1342,Health and Welfare Services Managers,4,7,Advising government bodies about measures to improve health and welfare services and facilities
1342,Health and Welfare Services Managers,4,8,"Representing the organisation in negotiations, and at conventions, seminars, public hearings and forums"
1342,Health and Welfare Services Managers,4,9,"Controlling selection, training and supervision of staff"
1343,School Principals,4,1,Determining educational programs based on curricula set by educational authorities
1343,School Principals,4,2,Implementing systems and procedures to monitor school performance and student enrolments
1343,School Principals,4,3,Directing administrative and clerical activities concerning student admissions and educational services
1343,School Principals,4,4,Preparing school budgets and maintaining budgetary controls
1343,School Principals,4,5,"Promoting the educational program, and representing schools in the wider community"
1343,School Principals,4,6,Supervising the maintenance of school facilities
1343,School Principals,4,7,Enforcing a disciplinary code to create a safe and conducive environment for students and teachers
1343,School Principals,4,8,Organising and implementing methods of raising additional funds in conjunction with parent groups
1343,School Principals,4,9,"Controlling selection, training and supervision of staff"
1343,School Principals,4,10,May teach students
1344,Other Education Managers,4,1,"Coordinating the educational, administrative and financial affairs of an educational institution or department within the institution"
1344,Other Education Managers,4,2,"Researching, developing, implementing, reviewing and evaluating educational and administrative policy"
1344,Other Education Managers,4,3,"Liaising between educational institutions, parents and the wider community"
1344,Other Education Managers,4,4,Providing advice on policy and procedures to staff and students
1344,Other Education Managers,4,5,Consulting with academic and administrative staff to coordinate educational programs
1344,Other Education Managers,4,6,Identifying and addressing present and future needs for student and staff development
1344,Other Education Managers,4,7,Researching educational systems and monitoring and evaluating new developments
1344,Other Education Managers,4,8,Researching and reporting on students' needs arising from curriculum implementation
1344,Other Education Managers,4,9,Developing and delivering training programs for teachers
1351,ICT Managers,4,1,Analysing information needs and specifying technology to meet those needs
1351,ICT Managers,4,2,"Formulating and directing information and communication technology (ict) strategies, policies and plans"
1351,ICT Managers,4,3,Directing the selection and installation of ict resources and the provision of user training
1351,ICT Managers,4,4,"Directing ict operations and setting priorities between system developments, maintenance and operations"
1351,ICT Managers,4,5,Overseeing the security of ict systems
1391,Commissioned Officers (Management),4,1,Establishing administrative and operational procedures by taking account of the organisation's operating environment
1391,Commissioned Officers (Management),4,2,"Making policy decisions and accepting responsibility for operations, performance of staff, achievement of targets and adherence to budgets, standards and procedures"
1391,Commissioned Officers (Management),4,3,Establishing lines of control and delegating responsibilities to subordinate staff
1391,Commissioned Officers (Management),4,4,Representing the organisation in dealings with other organisations and the public
1391,Commissioned Officers (Management),4,5,Controlling the collection and interpretation of management information to monitor performance
1391,Commissioned Officers (Management),4,6,"Controlling the use of, and accounting for, the assets and facilities of the organisation"
1391,Commissioned Officers (Management),4,7,Preparing budgets and other management plans
1391,Commissioned Officers (Management),4,8,"Preparing reports, authorising the release of information, and handling public relations activities"
1392,Senior Non-Commissioned Defence Force Officers,4,1,Supervising a small group of subordinates
1392,Senior Non-Commissioned Defence Force Officers,4,2,Maintaining discipline of subordinates
1392,Senior Non-Commissioned Defence Force Officers,4,3,"Monitoring the morale, welfare and behaviour of subordinates, and advising commanding officers accordingly"
1392,Senior Non-Commissioned Defence Force Officers,4,4,"Instructing subordinates in dress, deportment, demeanour, behaviour, drill and devotion to duty to maintain military standards"
1392,Senior Non-Commissioned Defence Force Officers,4,5,Conducting military drills and inspections
1392,Senior Non-Commissioned Defence Force Officers,4,6,Teaching military traditions and customs
1399,Other Specialist Managers,4,1,"Plans, organises, directs, controls, coordinates and promotes artistic and cultural policies, programs, projects and services"
1399,Other Specialist Managers,4,2,"Plans, organises, directs, controls and coordinates the development and implementation of an environmental management system within an organisation by identifying, solving and alleviating environmental issues, such as pollution and waste treatment, in compliance with environmental legislation and to ensure corporate sustainable development."
1399,Other Specialist Managers,4,3,"Plans, organises, directs, controls and coordinates the operations of a research or production laboratory"
1399,Other Specialist Managers,4,4,"Plans, organises, directs, controls and coordinates the deployment of quality systems and certification processes within an organisation"
1399,Other Specialist Managers,4,5,"Plans, organises, directs, controls, coordinates and promotes sport and recreational activities, and develops related policies"
1411,Cafe and Restaurant Managers,4,1,Planning menus in consultation with chefs
1411,Cafe and Restaurant Managers,4,2,Planning and organising special functions
1411,Cafe and Restaurant Managers,4,3,Arranging the purchasing and pricing of goods according to budget
1411,Cafe and Restaurant Managers,4,4,Maintaining records of stock levels and financial transactions
1411,Cafe and Restaurant Managers,4,5,"Ensuring dining facilities comply with health regulations and are clean, functional and of suitable appearance"
1411,Cafe and Restaurant Managers,4,6,Conferring with customers to assess their satisfaction with meals and service
1411,Cafe and Restaurant Managers,4,7,"Selecting, training and supervising waiting and kitchen staff"
1411,Cafe and Restaurant Managers,4,8,"May take reservations, greet guests and assist in taking orders"
1412,Caravan Park and Camping Ground Managers,4,1,"Taking reservations, registering guests, assigning accommodation and collecting payments"
1412,Caravan Park and Camping Ground Managers,4,2,"Arranging cleaning and maintenance of caravans, cabins, amenities blocks, recreation facilities and grounds"
1412,Caravan Park and Camping Ground Managers,4,3,Informing guests of local tourist attractions and recreational facilities
1412,Caravan Park and Camping Ground Managers,4,4,Attending to complaints lodged by customers
1412,Caravan Park and Camping Ground Managers,4,5,"Liaising with local government to ensure compliance with laws, regulations and ordinances"
1412,Caravan Park and Camping Ground Managers,4,6,"May operate an on-site shop, cafe or restaurant for guests"
1412,Caravan Park and Camping Ground Managers,4,7,"May sign, supervise and enforce terms of tenancy agreements in accordance with legislation and may obtain enforcement orders where tenants are in breach of requirements"
1412,Caravan Park and Camping Ground Managers,4,8,May act as licensee for the purchase and sale of liquor
1413,Hotel and Motel Managers,4,1,"Directing and overseeing reservation, reception, room service and housekeeping activities"
1413,Hotel and Motel Managers,4,2,"Supervising security arrangements, and garden and property maintenance"
1413,Hotel and Motel Managers,4,3,"Planning and supervising bar, restaurant, function and conference activities"
1413,Hotel and Motel Managers,4,4,"Observing liquor, gaming, and other laws and regulations"
1413,Hotel and Motel Managers,4,5,Assessing and reviewing customer satisfaction
1413,Hotel and Motel Managers,4,6,Overseeing accounting and purchasing activities
1413,Hotel and Motel Managers,4,7,Ensuring compliance with occupational health and safety regulations
1413,Hotel and Motel Managers,4,8,"May provide guests with local tourism information, and arrange tours and transportation"
1414,Licensed Club Managers,4,1,"Planning and supervising bar, restaurant and function services"
1414,Licensed Club Managers,4,2,"Planning, booking and supervising sporting, gaming and entertainment activities"
1414,Licensed Club Managers,4,3,Supervising security arrangements and property maintenance
1414,Licensed Club Managers,4,4,Arranging member subscriptions
1414,Licensed Club Managers,4,5,"Observing liquor, gaming, health and other laws and regulations"
1414,Licensed Club Managers,4,6,Ensuring compliance with occupational health and safety regulations
1414,Licensed Club Managers,4,7,Compiling and organising distribution of newsletters and other information to keep members informed of forthcoming events and facilities available
1414,Licensed Club Managers,4,8,Assessing and reviewing member satisfaction and preferences
1414,Licensed Club Managers,4,9,Liaising with community groups sponsored and assisted by the club
1414,Licensed Club Managers,4,10,"Selecting, training and supervising staff"
1419,Other Accommodation and Hospitality Managers,4,1,"Organises and controls the operations of a bed and breakfast to provide a short term, highly personalised accommodation and leisure service for guests including breakfast ensures guests' needs, wants and comfort are satisfied during their stay.  registration or licensing may be required."
1421,Retail Managers,4,1,"Determining product mix, stock levels and service standards"
1421,Retail Managers,4,2,"Formulating and implementing purchasing and marketing policies, and setting prices"
1421,Retail Managers,4,3,Promoting and advertising the establishment's goods and services
1421,Retail Managers,4,4,Selling goods and services to customers and advising them on product use
1421,Retail Managers,4,5,Maintaining records of stock levels and financial transactions
1421,Retail Managers,4,6,Undertaking budgeting for the establishment
1421,Retail Managers,4,7,"Controlling selection, training and supervision of staff"
1421,Retail Managers,4,8,Ensuring compliance with occupational health and safety regulations
1491,"Amusement, Fitness and Sports Centre Managers",4,1,"Planning and organising the range and mix of entertainment, attractions, amusement machines and fitness programs to be offered by the centre"
1491,"Amusement, Fitness and Sports Centre Managers",4,2,Organising publicity to promote facilities and attract clients
1491,"Amusement, Fitness and Sports Centre Managers",4,3,Scheduling games and competitions
1491,"Amusement, Fitness and Sports Centre Managers",4,4,"Selecting, training and supervising staff"
1491,"Amusement, Fitness and Sports Centre Managers",4,5,Ensuring facilities are properly maintained and conform to safety standards
1491,"Amusement, Fitness and Sports Centre Managers",4,6,"May undertake coaching, fitness instruction and training of clients"
1491,"Amusement, Fitness and Sports Centre Managers",4,7,May plan and organise catering facilities
1492,"Call, Contact Centre and Customer Service Managers",4,1,"Developing and reviewing policies, programs and procedures concerning customer relations and goods and services provided"
1492,"Call, Contact Centre and Customer Service Managers",4,2,Ensuring operational efficiency within a call centre
1492,"Call, Contact Centre and Customer Service Managers",4,3,Providing direction and feedback to team members and assisting with recruitment
1492,"Call, Contact Centre and Customer Service Managers",4,4,"Managing, motivating and developing staff providing customer services"
1492,"Call, Contact Centre and Customer Service Managers",4,5,"Planning and implementing after-sales services to follow up customer satisfaction, ensure performance of goods purchased, and modify and improve services provided"
1492,"Call, Contact Centre and Customer Service Managers",4,6,"Liaising with other organisational units, service agents and customers to identify and respond to customer expectations"
1492,"Call, Contact Centre and Customer Service Managers",4,7,May work in a call centre
1493,Conference and Event Organisers,4,1,"Promoting conferences, conventions and trade shows to potential customers"
1493,Conference and Event Organisers,4,2,"Responding to inquiries concerning services provided and costs for room and equipment hire, catering and related services"
1493,Conference and Event Organisers,4,3,Meeting with clients to discuss their needs and outlining package options to meet these needs
1493,Conference and Event Organisers,4,4,"Arranging and coordinating services, such as conference facilities, catering, signage, displays, audiovisual equipment, accommodation, transport and social events, for participants"
1493,Conference and Event Organisers,4,5,Organising registration of participants
1493,Conference and Event Organisers,4,6,Negotiating the type and costs of services to be provided within budget
1493,Conference and Event Organisers,4,7,Overseeing work by contractors and reporting on variations to work orders
1494,Transport Services Managers,4,1,"Organising the purchase and maintenance of transport vehicles, equipment and fuel"
1494,Transport Services Managers,4,2,"Liaising with clients to determine requirements and providing customers with advice and information regarding vehicle type, purchase or hire rates and obligations and handling complaints"
1494,Transport Services Managers,4,3,"Receiving orders and bookings, and planning and implementing transportation schedules"
1494,Transport Services Managers,4,4,Ensuring goods are stored and transported in conditions that will maintain their quality
1494,Transport Services Managers,4,5,Arranging collection and delivery of vehicles and goods
1494,Transport Services Managers,4,6,Maintaining business records and preparing operational statements and reports
1494,Transport Services Managers,4,7,"Coordinating activities associated with the arrival, departure, loading and unloading of trains"
1494,Transport Services Managers,4,8,Ensuring compliance with occupational health and safety regulations
1499,"Other Hospitality, Retail and Service Managers",4,1,Organises and controls the operations of an establishment which offers temporary boarding for dogs and cats
1499,"Other Hospitality, Retail and Service Managers",4,2,Organises and controls the operations of a cinema or theatre registration or licensing may be required
1499,"Other Hospitality, Retail and Service Managers",4,3,"Organises, controls and coordinates the strategic and operational management of facilities in a public or private organisation"
1499,"Other Hospitality, Retail and Service Managers",4,4,"Organises and controls the general operational activities of a branch of a bank, building society, credit union or similar financial institution"
2111,"Actors, Dancers and Other Entertainers",4,1,"Reading scripts and undertaking research to gain understanding of parts, themes and characterisations"
2111,"Actors, Dancers and Other Entertainers",4,2,"Learning lines and cues, rehearsing parts, and applying vocal and movement skills to the development of characterisation"
2111,"Actors, Dancers and Other Entertainers",4,3,Preparing for performances through rehearsals under the instruction and guidance of production directors
2111,"Actors, Dancers and Other Entertainers",4,4,"Acting parts and portraying roles as developed in rehearsals in film, television, radio and stage productions"
2111,"Actors, Dancers and Other Entertainers",4,5,Practising dance routines and interpreting the choreographic content of the production
2111,"Actors, Dancers and Other Entertainers",4,6,"Performing dances for audience entertainment, coordinating body movements and facial expression, usually with musical accompaniment"
2111,"Actors, Dancers and Other Entertainers",4,7,Composing and notating ballet compositions and other dance routines
2111,"Actors, Dancers and Other Entertainers",4,8,Creating and performing individual performance routines
2111,"Actors, Dancers and Other Entertainers",4,9,"Rehearsing, auditioning and travelling between entertainment venues"
2112,Music Professionals,4,1,"Creating melodic, harmonic and rhythmic structures to express ideas and emotions in musical form"
2112,Music Professionals,4,2,Translating ideas and concepts into standard musical signs and symbols for reproduction and performance
2112,Music Professionals,4,3,"Undertaking research and liaising with clients when composing musical backing for television commercials, popular recordings, and radio, television and film productions"
2112,Music Professionals,4,4,Auditioning and selecting musicians and singers
2112,Music Professionals,4,5,Selecting music for performances and assigning instrumental parts to musicians
2112,Music Professionals,4,6,"Directing musical groups at rehearsals and performances to achieve desired effects such as tonal and harmonic balance, rhythm and tempo"
2112,Music Professionals,4,7,Studying and rehearsing repertoire and musical scores prior to performances
2112,Music Professionals,4,8,"Playing music in recital, as an accompanist, or as a member of an orchestra, band or other musical group, from score and by memory"
2112,Music Professionals,4,9,"Performing music and songs according to interpretation, direction and style of presentation, using highly developed aural skills to reproduce music"
2113,Photographers,4,1,Consulting with clients to determine objectives of photographic assignments
2113,Photographers,4,2,"Studying requirements of assignment and selecting type of camera, film, filter and lighting"
2113,Photographers,4,3,"Working from a studio, and transporting and setting up equipment at assigned locations"
2113,Photographers,4,4,Measuring light levels and determining exposure
2113,Photographers,4,5,"Adjusting camera angles, aperture settings and subjects to achieve desired composition"
2113,Photographers,4,6,Adjusting lighting and filters to accentuate highlights and colours
2113,Photographers,4,7,"Mixing photographic chemicals, processing film and developing prints"
2113,Photographers,4,8,Manipulating images using digital imaging techniques and creative darkroom techniques such as adjusting exposure and development times
2113,Photographers,4,9,"May make enlarged prints, and mount and frame prints"
2114,Visual Arts and Crafts Professionals,4,1,"Conceiving and developing ideas, designs and styles for paintings, drawings, pottery pieces and sculptures"
2114,Visual Arts and Crafts Professionals,4,2,"Arranging objects, positioning models, and selecting landscapes and other visual forms according to chosen subject matter"
2114,Visual Arts and Crafts Professionals,4,3,"Selecting artistic media, method and materials"
2114,Visual Arts and Crafts Professionals,4,4,Applying media to surfaces using appropriate techniques
2114,Visual Arts and Crafts Professionals,4,5,"Moulding clay into functional and artistic articles by wheel-throwing, moulding and hand-building"
2114,Visual Arts and Crafts Professionals,4,6,Mixing glazing materials and applying glazes to dried pottery by dipping and painting
2114,Visual Arts and Crafts Professionals,4,7,Placing finished and decorated pieces in kilns
2114,Visual Arts and Crafts Professionals,4,8,"Sketching designs of proposed sculptures, and making wax and plaster models"
2114,Visual Arts and Crafts Professionals,4,9,"Devising forms from metal using welding and metalworking equipment, and from stone using masonry tools"
2114,Visual Arts and Crafts Professionals,4,10,Carving and forming materials to desired shape using hand and power tools
2121,"Artistic Directors, Media Producers and Presenters",4,1,"Managing artistic and media productions to meet quality, cost and timing specifications"
2121,"Artistic Directors, Media Producers and Presenters",4,2,Formulating and developing organisations' artistic policies and selecting and planning organisations' artistic programs
2121,"Artistic Directors, Media Producers and Presenters",4,3,Hiring and managing artistic staff
2121,"Artistic Directors, Media Producers and Presenters",4,4,"Controlling the use of media production facilities such as studios and editing equipment, stage and film equipment and rehearsal time"
2121,"Artistic Directors, Media Producers and Presenters",4,5,"Directing the formulation of media production strategies, policies and plans"
2121,"Artistic Directors, Media Producers and Presenters",4,6,"Introducing programs, music, entertainment items, guests and celebrities"
2121,"Artistic Directors, Media Producers and Presenters",4,7,"Preparing and reading news bulletins, making special announcements and providing commentary for sports and other events"
2121,"Artistic Directors, Media Producers and Presenters",4,8,"Presenting opinions on sports, politics, and social and economic matters"
2121,"Artistic Directors, Media Producers and Presenters",4,9,"Researching, investigating and compiling stories and programs"
2122,"Authors, and Book and Script Editors",4,1,"Creating and developing ideas and themes for written works, such as novels, plays, musicals, screen productions, educational texts, information texts and multimedia products"
2122,"Authors, and Book and Script Editors",4,2,"Researching subject matter through original and secondary materials, interviews and other media"
2122,"Authors, and Book and Script Editors",4,3,"Planning, organising and writing material"
2122,"Authors, and Book and Script Editors",4,4,"Reviewing and evaluating manuscripts of novels, biographies, short stories, poems, educational texts and other books, and ensuring coherence of style and development of theme, plot and characterisation"
2122,"Authors, and Book and Script Editors",4,5,Advising publishers about potential of works for publication and conditions of publication contract
2122,"Authors, and Book and Script Editors",4,6,"Negotiating publication details such as royalties, publication dates and numbers of copies to be printed"
2122,"Authors, and Book and Script Editors",4,7,"Reviewing and assessing stories and other material for film, television, radio and stage productions"
2122,"Authors, and Book and Script Editors",4,8,"Directing the preparation of scripts to be read by announcers to introduce and connect parts of musicals, news, sports and special events programs"
2123,"Film, Television, Radio and Stage Directors",4,1,Studying scripts and scenarios to determine theme and setting
2123,"Film, Television, Radio and Stage Directors",4,2,Assessing locations and staging requirements for productions in association with specialist designers
2123,"Film, Television, Radio and Stage Directors",4,3,"Overseeing creative aspects of film, television, radio and stage productions"
2123,"Film, Television, Radio and Stage Directors",4,4,"Determining lighting, film, shutter angles, filter factors, camera distance, depth of field and focus, angles of view and other variables to achieve desired mood and effect"
2123,"Film, Television, Radio and Stage Directors",4,5,Viewing film and video tape to evaluate and select scenes and determine which scenes need to be re-shot
2123,"Film, Television, Radio and Stage Directors",4,6,Planning and organising the preparation and presentation of programs
2123,"Film, Television, Radio and Stage Directors",4,7,"Supervising the positioning of scenery, props and lighting and sound equipment"
2123,"Film, Television, Radio and Stage Directors",4,8,"Assessing technical requirements of productions by studying scripts and discussing program content, set locations and stage directions with production team"
2123,"Film, Television, Radio and Stage Directors",4,9,"Creating, planning, writing scripts for, recording, videotaping and editing programs"
2124,Journalists and Other Writers,4,1,"Determining advertising approach by consulting clients and management, and studying products to establish principal selling features"
2124,Journalists and Other Writers,4,2,"Writing advertisements for press, radio, television, cinema screens, billboards, catalogues and shop displays"
2124,Journalists and Other Writers,4,3,Making decisions about the specific content of publications in conjunction with other senior editors and in accordance with editorial policies and guidelines
2124,Journalists and Other Writers,4,4,"Reviewing copy for publication to ensure conformity with accepted rules of grammar, style and format, coherence of story, and accuracy, legality and probity of content"
2124,Journalists and Other Writers,4,5,"Collecting and analysing facts about newsworthy events from interviews, printed matter, investigations and observations"
2124,Journalists and Other Writers,4,6,"Writing news reports, commentaries, articles and feature stories for newspapers, magazines, journals, television and radio on topics of public interest"
2124,Journalists and Other Writers,4,7,"Researching and writing technical, information-based material and documentation for manuals, text books, handbooks and multimedia products"
2124,Journalists and Other Writers,4,8,"Critically discussing daily news topics in the editorial columns of newspapers and reviewing books, films and plays"
2211,Accountants,4,1,Assisting in formulating budgetary and accounting policies
2211,Accountants,4,2,"Preparing financial statements for presentation to boards of directors, management, shareholders, and governing and statutory bodies"
2211,Accountants,4,3,"Conducting financial investigations, preparing reports, undertaking audits and advising on matters such as the purchase and sale of businesses, mergers, capital financing, suspected fraud, insolvency and taxation"
2211,Accountants,4,4,Examining operating costs and organisations' income and expenditure
2211,Accountants,4,5,Providing assurance about the accuracy of information contained in financial reports and their compliance with statutory requirements
2211,Accountants,4,6,"Providing financial and taxation advice on business structures, plans and operations"
2211,Accountants,4,7,Preparing taxation returns for individuals and organisations
2211,Accountants,4,8,Liaising with financial institutions and brokers to establish funds management arrangements
2211,Accountants,4,9,"Introducing and maintaining accounting systems, and advising on the selection and application of computer-based accounting systems"
2211,Accountants,4,10,Maintaining internal control systems
2211,Accountants,4,11,May appraise cash flow and financial risk of capital investment projects
2212,"Auditors, Company Secretaries and Corporate Treasurers",4,1,"Arranging, giving notice of and attending meetings of directors and shareholders"
2212,"Auditors, Company Secretaries and Corporate Treasurers",4,2,"Advising organisations' governing boards on matters concerning compliance with stock exchange listing rules, relevant legislation and corporation practice"
2212,"Auditors, Company Secretaries and Corporate Treasurers",4,3,"Supervising organisations' share capital by preparing documents and share issues, and handling share transfers"
2212,"Auditors, Company Secretaries and Corporate Treasurers",4,4,Controlling treasury and treasury systems and establishing and reviewing risk management objectives and treasury policies
2212,"Auditors, Company Secretaries and Corporate Treasurers",4,5,"Identifying, managing and reporting on financial risks"
2212,"Auditors, Company Secretaries and Corporate Treasurers",4,6,"Assisting with equity management, debt management, securities and taxation planning issues"
2212,"Auditors, Company Secretaries and Corporate Treasurers",4,7,"Collecting, analysing and interpreting information on the financial standing, cost structures and trading effectiveness of organisations"
2212,"Auditors, Company Secretaries and Corporate Treasurers",4,8,"Devising, re-organising and establishing budgetary cost control and other accounting systems such as computer-based systems"
2212,"Auditors, Company Secretaries and Corporate Treasurers",4,9,"Conducting audits and investigations and preparing financial statements and reports for management, shareholders, and governing and statutory bodies"
2212,"Auditors, Company Secretaries and Corporate Treasurers",4,10,"Evaluating the cost effectiveness and risks of operational processes, activities, policies and systems"
2212,"Auditors, Company Secretaries and Corporate Treasurers",4,11,Reporting to management on the existence and effectiveness of the system of internal controls
2212,"Auditors, Company Secretaries and Corporate Treasurers",4,12,"Establishing audit objectives, and designing and implementing audit methodologies, processes and audit report criteria"
2221,Financial Brokers,4,1,"Monitoring commodity prices, trends and other factors affecting the supply and demand for commodities"
2221,Financial Brokers,4,2,"Negotiating the purchase and sale of commodities such as grains, wool, minerals and metals"
2221,Financial Brokers,4,3,"Determining the specific financial and insurance requirements of clients, and researching and reviewing available finance and insurance products for suitability to meet clients' requirements"
2221,Financial Brokers,4,4,"Analysing clients' financial status, discussing financial options and developing financial strategies"
2221,Financial Brokers,4,5,Recommending loan combinations that meet clients' needs
2221,Financial Brokers,4,6,"Interviewing prospective clients to explain insurance policy conditions, risks covered, premium rates and benefits, and to make recommendations on the amount and type of cover"
2221,Financial Brokers,4,7,"Arranging insurance, home loan mortgages and other types of finance for clients through banks, lenders, financiers and insurance companies"
2221,Financial Brokers,4,8,"Preparing documents which set out the conditions of finance, repayments and loan periods"
2221,Financial Brokers,4,9,Identifying and advising on significant risk changes to clients' insurance
2221,Financial Brokers,4,10,"Broking complex and commercial leases, equipment finance, commercial finance, project finance and finance for property developers"
2222,Financial Dealers,4,1,"Obtaining information on securities, market conditions, government regulations and financial circumstances of clients"
2222,Financial Dealers,4,2,"Interpreting data from securities reports, financial periodicals and stock-quotation viewer screens"
2222,Financial Dealers,4,3,Analysing financial markets and financial market products
2222,Financial Dealers,4,4,"Providing information and offering advice on financial market matters, market conditions and the history and prospects of corporations"
2222,Financial Dealers,4,5,Executing buy and sell orders in the market place on behalf of clients
2222,Financial Dealers,4,6,Relaying trade information to clients such as the number of contracts bought and sold and the price
2222,Financial Dealers,4,7,"Monitoring futures prices and market changes, and bidding for commodity futures contracts"
2222,Financial Dealers,4,8,Recording and transmitting buy and sell orders
2222,Financial Dealers,4,9,Calculating and recording costs of transactions
2223,Financial Investment Advisers and Managers,4,1,"Interviewing prospective clients to determine financial status and objectives, discussing financial options and developing financial plans and investment strategies"
2223,Financial Investment Advisers and Managers,4,2,"Monitoring investment performance, and reviewing and revising investment plans based on modified needs and changes in markets"
2223,Financial Investment Advisers and Managers,4,3,Recommending and arranging insurance cover for clients
2223,Financial Investment Advisers and Managers,4,4,Arranging to buy and sell stocks and bonds for clients
2223,Financial Investment Advisers and Managers,4,5,"Advising on investment strategies, sources of funds and the distribution of earnings"
2223,Financial Investment Advisers and Managers,4,6,"Setting financial objectives, and developing and implementing strategies for achieving the financial objectives"
2223,Financial Investment Advisers and Managers,4,7,Managing funds raised from personal superannuation savings policies and unit trusts
2223,Financial Investment Advisers and Managers,4,8,Assisting in meeting superannuation compliance requirements
2223,Financial Investment Advisers and Managers,4,9,"Directing the collection of financial, accounting and investment information and the preparation of budgets, reports, forecasts and statutory returns"
2223,Financial Investment Advisers and Managers,4,10,May refer clients to other organisations to obtain services outlined in financial plans
2231,Human Resource Professionals,4,1,"Arranging for advertising of job vacancies, interviewing and testing of applicants, and selection of staff"
2231,Human Resource Professionals,4,2,Maintaining personnel records and associated human resource information systems
2231,Human Resource Professionals,4,3,"Providing advice and information to management on workplace relations policies and procedures, staff performance and disciplinary matters"
2231,Human Resource Professionals,4,4,"Arranging the induction of staff and providing information on conditions of service, salaries and promotional opportunities"
2231,Human Resource Professionals,4,5,"Receiving and recording job vacancy information from employers such as details about job description, wages and conditions of employment"
2231,Human Resource Professionals,4,6,Providing information on current job vacancies in the organisation to employers and job seekers
2231,Human Resource Professionals,4,7,"Undertaking negotiations on terms and conditions of employment, and examining and resolving disputes and grievances"
2231,Human Resource Professionals,4,8,"Studying and interpreting legislation, awards, collective agreements and employment contracts, wage payment systems and dispute settlement procedures"
2231,Human Resource Professionals,4,9,"Developing, planning and formulating enterprise agreements or collective contracts such as productivity-based wage adjustment procedures, workplace relations policies and programs, and procedures for their implementation"
2231,Human Resource Professionals,4,10,Overseeing the formation and conduct of workplace consultative committees and employee participation initiatives
2232,ICT Trainers,4,1,Identifying technical training needs and requirements of individuals and organisations
2232,ICT Trainers,4,2,Setting human resource development objectives and evaluating learning outcomes
2232,ICT Trainers,4,3,"Preparing and developing instructional training material and aids such as handbooks, visual aids, online tutorials, demonstration models, and supporting training reference documentation"
2232,ICT Trainers,4,4,"Designing, coordinating, scheduling and conducting ict training and development programs that can be delivered in the form of individual and group instruction, and facilitating workshops, meetings, demonstrations and conferences"
2232,ICT Trainers,4,5,Liaising with external training providers to arrange delivery of specific training and development programs
2232,ICT Trainers,4,6,"Promoting internal and external training and development, and evaluating these promotional activities"
2232,ICT Trainers,4,7,"Monitoring and performing ongoing evaluation and assessment of training quality and effectiveness, and reviewing and modifying training objectives, methods and course deliverables"
2232,ICT Trainers,4,8,"Gathering, investigating and researching background materials to gain a full understanding of the ict subject matter and systems"
2232,ICT Trainers,4,9,"Keeping up-to-date with new product version releases, advances in programming languages, application development software, and general information technology trends"
2232,ICT Trainers,4,10,"Writing end user products and materials such as user training, tutorial and instruction manuals, online help, and operating and maintenance instructions"
2233,Training and Development Professionals,4,1,Identifying training needs and requirements of individuals and organisations
2233,Training and Development Professionals,4,2,Setting human resource development objectives and evaluating learning outcomes
2233,Training and Development Professionals,4,3,"Preparing and developing instructional training material and aids such as handbooks, visual aids, online tutorials, demonstration models, and supporting training reference documentation"
2233,Training and Development Professionals,4,4,"Designing, coordinating, scheduling and conducting training and development programs that can be delivered in the form of individual and group instruction, and facilitating workshops, meetings, demonstrations and conferences"
2233,Training and Development Professionals,4,5,Liaising with external training providers to arrange delivery of specific training and development programs
2233,Training and Development Professionals,4,6,"Promoting internal and external training and development, and evaluating these promotional activities"
2233,Training and Development Professionals,4,7,"Monitoring and performing ongoing evaluation and assessment of training quality and effectiveness, and reviewing and modifying training objectives, methods and course deliverables"
2233,Training and Development Professionals,4,8,"Gathering, investigating and researching background materials to gain an understanding of various subject matters and systems"
2233,Training and Development Professionals,4,9,"Advising management on the development and placement of staff, and providing career counselling for employees"
2241,"Actuaries, Mathematicians and Statisticians",4,1,"Defining, analysing and solving complex financial and business problems relating to areas such as insurance premiums, annuities, superannuation funds, pensions and dividends"
2241,"Actuaries, Mathematicians and Statisticians",4,2,"Examining financial projections for general insurance companies, finance companies, government and other organisations"
2241,"Actuaries, Mathematicians and Statisticians",4,3,"Designing new types of policies, assessing risks and analysing investments in life insurance, superannuation funds, health insurance, friendly societies, financial markets and other areas"
2241,"Actuaries, Mathematicians and Statisticians",4,4,Formulating mathematical models to simulate processes
2241,"Actuaries, Mathematicians and Statisticians",4,5,"Applying models to experimental observations, and adjusting and recasting the models"
2241,"Actuaries, Mathematicians and Statisticians",4,6,Using numerical analysis methods to develop algorithms and perform computations
2241,"Actuaries, Mathematicians and Statisticians",4,7,Liaising with management and clients to determine the subject or area to be surveyed or examined
2241,"Actuaries, Mathematicians and Statisticians",4,8,"Specifying the data to be collected, and the methodology to be used in collection and analysis"
2241,"Actuaries, Mathematicians and Statisticians",4,9,Evaluating and describing the reliability and utility of source information
2241,"Actuaries, Mathematicians and Statisticians",4,10,"Analysing and interpreting data, and producing relevant statistics to describe and infer particular trends and patterns"
2242,"Archivists, Curators and Records Managers",4,1,"Evaluating and preserving records for administrative, historical, legal, evidential and other purposes"
2242,"Archivists, Curators and Records Managers",4,2,"Preparing record-keeping systems, indexes, guides and procedures for archival research and for the retention and destruction of records"
2242,"Archivists, Curators and Records Managers",4,3,"Identifying and classifying specimens and objects, and arranging restoration work"
2242,"Archivists, Curators and Records Managers",4,4,Examining items and arranging examinations to determine condition and authenticity
2242,"Archivists, Curators and Records Managers",4,5,Designing and revising medical record forms
2242,"Archivists, Curators and Records Managers",4,6,Managing organisations' central records systems
2242,"Archivists, Curators and Records Managers",4,7,"Analysing the record-keeping needs of organisations, and translating these needs into record management systems"
2242,"Archivists, Curators and Records Managers",4,8,"Maintaining computerised and other record management systems and record forms, and advising on their usage"
2242,"Archivists, Curators and Records Managers",4,9,"Controlling access to confidential information, and recommending codes of practice and procedures for accessing records"
2242,"Archivists, Curators and Records Managers",4,10,"Developing record cataloguing, coding and classification systems, and monitoring their use"
2243,Economists,4,1,"Analysing interrelationships between economic variables and studying the effects of government fiscal and monetary policies, expenditure, taxation and other budgetary policies on the economy and the community"
2243,Economists,4,2,"Researching, analysing and assessing the effects of labour market programs and industry policies and programs on economic growth, welfare, education and training"
2243,Economists,4,3,"Investigating international and national economic situations, and particular features such as industries, regions and socioeconomic groups"
2243,Economists,4,4,"Studying workplace issues such as enterprise bargaining and wage fixation, and the effect of workplace policies on productivity and economic growth"
2243,Economists,4,5,"Analysing trends and advising on economic issues such as taxation levels, prices, employment and unemployment, imports and exports, and interest and exchange rates"
2243,Economists,4,6,"Forecasting changes in the economic environment for short-term budgeting, long-term planning and investment evaluation"
2243,Economists,4,7,"Formulating recommendations, policies and plans for the economy, corporate strategies and investment, and undertaking feasibility studies for projects"
2243,Economists,4,8,Preparing reports on research findings
2244,Intelligence and Policy Analysts,4,1,Determining organisational and client intelligence requirements
2244,Intelligence and Policy Analysts,4,2,"Organising, collecting, collating and analysing data, and developing intelligence information such as electronic surveillance"
2244,Intelligence and Policy Analysts,4,3,"Compiling and disseminating intelligence information using briefings, maps, charts, reports and other methods"
2244,Intelligence and Policy Analysts,4,4,Ascertaining the accuracy of data collected and reliability of sources
2244,Intelligence and Policy Analysts,4,5,Conducting threat and risk assessments and developing responses
2244,Intelligence and Policy Analysts,4,6,Liaising and consulting with program administrators and other interested parties to identify policy needs
2244,Intelligence and Policy Analysts,4,7,Reviewing existing policies and legislation to identify anomalies and out-of-date provisions
2244,Intelligence and Policy Analysts,4,8,"Researching social, economic and industrial trends, and client expectations of programs and services provided"
2244,Intelligence and Policy Analysts,4,9,"Formulating and analysing policy options, preparing briefing papers and recommendations for policy changes, and advising on preferred options"
2244,Intelligence and Policy Analysts,4,10,"Assessing impacts, financial implications, interactions with other programs and political and administrative feasibility of policies"
2245,Land Economists and Valuers,4,1,Providing advice on land and property financing and valuation matters
2245,Land Economists and Valuers,4,2,Researching and advising on the administration and use of land and property
2245,Land Economists and Valuers,4,3,Developing and implementing sales and leasing proposals for commercial land and property
2245,Land Economists and Valuers,4,4,Providing asset management services for the administration and use of land and property
2245,Land Economists and Valuers,4,5,Analysing land and property investments
2245,Land Economists and Valuers,4,6,Managing land and property portfolios and commercial property developments
2245,Land Economists and Valuers,4,7,"Calculating values by considering market demand, condition of items, future trends and other factors"
2245,Land Economists and Valuers,4,8,"Examining property, selecting methods of valuation, and submitting written assessments"
2245,Land Economists and Valuers,4,9,"Giving evidence in legal proceedings, mediating on valuation matters and providing rental determinations for arbitration purposes"
2246,Librarians,4,1,Developing and implementing library and information policies and services
2246,Librarians,4,2,"Examining publications and materials, interviewing publishers' representatives, and consulting with others to select library materials"
2246,Librarians,4,3,"Reviewing, evaluating and modifying services in response to user needs"
2246,Librarians,4,4,Providing assistance to clients in accessing library resources
2246,Librarians,4,5,"Managing library systems for recording and organising library holdings, acquisitions and purchases, reader registrations and loan transactions, and supervising indexing, filing and retrieval activities"
2246,Librarians,4,6,Managing inter-library loan systems and information networks
2246,Librarians,4,7,Undertaking information research activities on behalf of clients
2246,Librarians,4,8,"Selecting, ordering, classifying and cataloguing library and information resources"
2246,Librarians,4,9,Monitoring collection development and culling programs
2246,Librarians,4,10,Supervising and training other library staff
2246,Librarians,4,11,May plan and direct library promotion and outreach activities
2247,Management and Organisation Analysts,4,1,"Assisting and encouraging the development of objectives, strategies and plans aimed at achieving customer satisfaction and the efficient use of organisations' resources"
2247,Management and Organisation Analysts,4,2,Discussing business and organisational shortcomings with clients
2247,Management and Organisation Analysts,4,3,Analysing and evaluating current systems and structures
2247,Management and Organisation Analysts,4,4,Discussing current systems with staff and observing systems at all levels of organisation
2247,Management and Organisation Analysts,4,5,Directing clients towards more efficient organisation and developing solutions to organisational problems
2247,Management and Organisation Analysts,4,6,Undertaking and reviewing work studies by analysing existing and proposed methods and procedures such as administrative and clerical procedures
2247,Management and Organisation Analysts,4,7,"Recording and analysing organisations' work flow charts, records, reports, manuals and job descriptions"
2247,Management and Organisation Analysts,4,8,"Preparing and recommending proposals to revise methods and procedures, alter work flows, redefine job functions and resolve organisational problems"
2247,Management and Organisation Analysts,4,9,"Assisting in implementing approved recommendations, issuing revised instructions and procedure manuals, and drafting other documentation"
2247,Management and Organisation Analysts,4,10,Reviewing operating procedures and advising of departures from procedures and standards
2249,Other Information and Organisation Professionals,4,1,"Manages the electorate office of a politician, and liaises with constituents and the media on their behalf"
2249,Other Information and Organisation Professionals,4,2,"Establishes and facilitates communication between different community groups, organisations and governments"
2249,Other Information and Organisation Professionals,4,3,"Provides information and advice to potential migrants, prepares and lodges visa applications, and acts as an intermediary to legally represent clients during visa processing and before review bodies liaises with legal professionals in relation to judicial review matters. registration or licensing may be required"
2249,Other Information and Organisation Professionals,4,4,Investigates and reports on patent applications to assess their compliance with the requirements of the patents act
2251,Advertising and Marketing Professionals,4,1,"Planning, developing and organising advertising policies and campaigns to support sales objectives"
2251,Advertising and Marketing Professionals,4,2,"Advising executives and clients on advertising strategies and campaigns to reach target markets, creating consumer awareness and effectively promoting the attributes of goods and services"
2251,Advertising and Marketing Professionals,4,3,"Coordinating production of advertising campaigns involving specialised activities, such as artwork, copywriting, media scripting, television and film production and media placement, within time and budget constraints"
2251,Advertising and Marketing Professionals,4,4,Analysing data regarding consumer patterns and preferences
2251,Advertising and Marketing Professionals,4,5,Interpreting and predicting current and future consumer trends
2251,Advertising and Marketing Professionals,4,6,Researching potential demand and market characteristics for new goods and services and collecting and analysing data and other statistical information
2251,Advertising and Marketing Professionals,4,7,"Supporting business growth and development through the preparation and execution of marketing objectives, policies and programs"
2251,Advertising and Marketing Professionals,4,8,Commissioning and undertaking market research to identify market opportunities for new and existing goods and services
2251,Advertising and Marketing Professionals,4,9,"Advising on all elements of marketing such as product mix, pricing, advertising and sales promotion, selling, and distribution channels"
2252,ICT Sales Professionals,4,1,Compiling lists of prospective client businesses using trade directories and other sources
2252,ICT Sales Professionals,4,2,"Acquiring and updating knowledge of employer's and competitors' goods and services, and market conditions"
2252,ICT Sales Professionals,4,3,Visiting regular and prospective client businesses to establish and act on selling opportunities
2252,ICT Sales Professionals,4,4,Assessing customers' needs and explaining the goods and services which meet their needs
2252,ICT Sales Professionals,4,5,Promoting employers' ict goods and services to existing and prospective clients
2252,ICT Sales Professionals,4,6,"Quoting and negotiating prices and credit terms, and completing contracts and recording orders"
2252,ICT Sales Professionals,4,7,"Arranging delivery of goods, installation of equipment and the provision of services"
2252,ICT Sales Professionals,4,8,Reporting to sales management on sales made and the marketability of ict goods and services
2252,ICT Sales Professionals,4,9,"Following up with clients to ensure satisfaction with ict goods and services purchased, arranging modifications and resolving any problems arising"
2252,ICT Sales Professionals,4,10,"Preparing sales reports, and maintaining and submitting records of business expenses incurred"
2253,Public Relations Professionals,4,1,Planning and organising publicity campaigns and communication strategies
2253,Public Relations Professionals,4,2,"Advising executives on the public relations implications of their policies, programs and practices"
2253,Public Relations Professionals,4,3,Preparing and controlling the issue of news and press releases
2253,Public Relations Professionals,4,4,"Undertaking and commissioning public opinion research, analysing the findings and planning public relations and promotional campaigns"
2253,Public Relations Professionals,4,5,"Organising special events, seminars, entertainment, competitions and social functions to promote goodwill and favourable publicity"
2253,Public Relations Professionals,4,6,Representing organisations and arranging executive interviews with publicity media
2253,Public Relations Professionals,4,7,"Attending business, social and other functions to promote the organisation"
2253,Public Relations Professionals,4,8,Commissioning and obtaining photographs and other illustrative material
2253,Public Relations Professionals,4,9,"Selecting, appraising and revising material submitted by publicity writers, photographers, illustrators and others to create favourable publicity"
2254,Technical Sales Representatives,4,1,Compiling lists of prospective client businesses using directories and other sources
2254,Technical Sales Representatives,4,2,"Acquiring and updating knowledge of employers' and competitors' goods and services, and market conditions"
2254,Technical Sales Representatives,4,3,Visiting regular and prospective client businesses to establish and act on selling opportunities
2254,Technical Sales Representatives,4,4,Assessing customers' needs and recommending and explaining goods and services to them
2254,Technical Sales Representatives,4,5,"Monitoring customers' changing needs and competitor activity, and reporting these developments to sales management"
2254,Technical Sales Representatives,4,6,"Quoting and negotiating prices and credit terms, and completing contracts and recording orders"
2254,Technical Sales Representatives,4,7,"Arranging delivery of goods, installation of equipment and the provision of services"
2254,Technical Sales Representatives,4,8,Reporting to sales management on sales made and the marketability of goods and services
2254,Technical Sales Representatives,4,9,"Following up with clients to ensure satisfaction with goods and services purchased, and resolving any problems arising"
2254,Technical Sales Representatives,4,10,Preparing sales reports and maintaining and submitting records of business expenses incurred
2311,Air Transport Professionals,4,1,Preparing and submitting flight plans giving consideration to factors such as weather conditions and aircraft performance
2311,Air Transport Professionals,4,2,Flying aircraft in accordance with established air traffic control and aircraft operating procedures
2311,Air Transport Professionals,4,3,Providing flight information for flight crews and air traffic services staff
2311,Air Transport Professionals,4,4,"Controlling aircraft movements, and directing aircraft taxiing, take-offs and landings by radio"
2311,Air Transport Professionals,4,5,Providing pre-flight briefings and aeronautical information services
2311,Air Transport Professionals,4,6,Completing cockpit preparations and external inspections to determine that aircraft are acceptable for flight
2311,Air Transport Professionals,4,7,Monitoring aircraft performance and reporting on mechanical condition
2311,Air Transport Professionals,4,8,"Giving in-flight instruction, supervising solo flights, accompanying students on training flights and demonstrating techniques for controlling aircraft"
2312,Marine Transport Professionals,4,1,"Directing fishing operations by using knowledge about the species sought, fishing areas, seasons and the capabilities of the vessel and crew"
2312,Marine Transport Professionals,4,2,"Directing crew in catching fish, molluscs and crustacea at varying depths using nets, lines, poles, pots and traps"
2312,Marine Transport Professionals,4,3,"Planning, controlling and coordinating the operational and maintenance requirements of a ship's propulsion and domestic plant and equipment"
2312,Marine Transport Professionals,4,4,"Operating plant and equipment and performing routine maintenance on ship's systems including mechanical, electrical, hydraulic, pneumatic, steam generating, and fire prevention and control systems"
2312,Marine Transport Professionals,4,5,Controlling and directing shipping operations to ensure the safe and efficient loading and transport of cargo and passengers
2312,Marine Transport Professionals,4,6,Ensuring compliance with regulations pertaining to safety at sea and protection of the marine environment
2312,Marine Transport Professionals,4,7,"Directing the activities of the deck crew for navigational support tasks, berthing and unberthing, maintenance, cleaning and painting of superstructures, and repair and replacement of defective deck gear and equipment"
2312,Marine Transport Professionals,4,8,Navigating a ship by supervising the ship's course and speed according to predetermined passage plans and safety procedures
2312,Marine Transport Professionals,4,9,"Examining and approving design plans of hulls and equipment such as main propulsion engines, auxiliary boilers and turbines, electrical power generating plant, refrigeration and airconditioning plant and pumping systems"
2312,Marine Transport Professionals,4,10,Conducting periodic surveys throughout a ship's life to ensure standards are maintained
2321,Architects and Landscape Architects,4,1,"Obtaining advice from clients and management to determine type, style and size of planned buildings and alterations to existing buildings"
2321,Architects and Landscape Architects,4,2,"Providing information regarding designs, materials and estimated building times"
2321,Architects and Landscape Architects,4,3,"Preparing project documentation, including sketches and scale drawings, and integrating structural, mechanical and aesthetic elements in final designs"
2321,Architects and Landscape Architects,4,4,Writing specifications and contract documents for use by builders and calling tenders on behalf of clients
2321,Architects and Landscape Architects,4,5,"Consulting with professionals and clients about external area designs, costs and construction"
2321,Architects and Landscape Architects,4,6,"Compiling and analysing site and community data about geographical and ecological features, landforms, soils, vegetation, site hydrology, visual characteristics and human-made structures, to formulate land use and development recommendations, and for preparing environmental impact statements"
2321,Architects and Landscape Architects,4,7,"Preparing reports, site plans, working drawings, specifications and cost estimates for land development, showing location and details of proposals, including ground modelling, structures, vegetation and access"
2321,Architects and Landscape Architects,4,8,"Inspecting construction work in progress to ensure compliance with plans, specifications and quality standards"
2322,Surveyors and Spatial Scientists,4,1,"Designing and compiling map manuscripts using digital and graphical source material, including aerial photographs, satellite imagery, survey documents, existing maps and records, reports and statistics"
2322,Surveyors and Spatial Scientists,4,2,"Advising surveyors and other professionals on the data requirements for map production, and on the aesthetic, technical and economic considerations of scales, details to be illustrated, place names and reproduction techniques"
2322,Surveyors and Spatial Scientists,4,3,Supervising and coordinating the work of cartographic technicians in the production and reproduction of maps
2322,Surveyors and Spatial Scientists,4,4,"Determining the position of points of interest on the earth's surface including marine floors, and preparing the final product data in digital form"
2322,Surveyors and Spatial Scientists,4,5,"Supervising the preparation of plans, maps, charts and drawings to give pictorial representations and managing automated spatial information systems"
2322,Surveyors and Spatial Scientists,4,6,"Undertaking research and development of surveying and photogrammetric measurement systems, cadastral systems and land information systems"
2322,Surveyors and Spatial Scientists,4,7,Planning and designing land subdivision projects and negotiating details with local governments and other authorities
2322,Surveyors and Spatial Scientists,4,8,"Advising architects, engineering professionals, environmental and other scientists or other relevant professionals on the technical requirements of surveying, mapping and spatial information systems"
2322,Surveyors and Spatial Scientists,4,9,"Compiling and evaluating data, interpreting codes of practice, and writing reports concerning survey measurement, land use and tenure"
2322,Surveyors and Spatial Scientists,4,10,Preparing site plans and survey reports required for conveyancing and land ownership matters
2323,"Fashion, Industrial and Jewellery Designers",4,1,Determining the objectives and constraints of the design brief by consulting with clients and stakeholders
2323,"Fashion, Industrial and Jewellery Designers",4,2,"Undertaking product research and analysing functional, commercial, cultural and aesthetic requirements"
2323,"Fashion, Industrial and Jewellery Designers",4,3,"Formulating design concepts for clothing, textiles, industrial, commercial and consumer products, and jewellery"
2323,"Fashion, Industrial and Jewellery Designers",4,4,"Preparing sketches, diagrams, illustrations, plans, samples and models to communicate design concepts"
2323,"Fashion, Industrial and Jewellery Designers",4,5,"Negotiating design solutions with clients, management, and sales and manufacturing staff"
2323,"Fashion, Industrial and Jewellery Designers",4,6,"Selecting, specifying and recommending functional and aesthetic materials, production methods and finishes for manufacture"
2323,"Fashion, Industrial and Jewellery Designers",4,7,Detailing and documenting the selected design for production
2323,"Fashion, Industrial and Jewellery Designers",4,8,Preparing and commissioning prototypes and samples
2323,"Fashion, Industrial and Jewellery Designers",4,9,"Supervising the preparation of patterns, programs and tooling, and the manufacture process"
2324,"Graphic and Web Designers, and Illustrators",4,1,Determining the objectives and constraints of the design brief by consulting with clients and stakeholders
2324,"Graphic and Web Designers, and Illustrators",4,2,Undertaking research and analysing functional communication requirements
2324,"Graphic and Web Designers, and Illustrators",4,3,Formulating design concepts for the subject to be communicated
2324,"Graphic and Web Designers, and Illustrators",4,4,"Preparing sketches, diagrams, illustrations and layouts to communicate design concepts"
2324,"Graphic and Web Designers, and Illustrators",4,5,"Negotiating design solutions with clients, management, sales and production staff"
2324,"Graphic and Web Designers, and Illustrators",4,6,"Selecting, specifying or recommending functional and aesthetic materials and media for publication, delivery or display"
2324,"Graphic and Web Designers, and Illustrators",4,7,Detailing and documenting the selected design for production
2324,"Graphic and Web Designers, and Illustrators",4,8,Supervising or carrying out production in the chosen media
2324,"Graphic and Web Designers, and Illustrators",4,9,May archive information for future client use
2325,Interior Designers,4,1,Determining the objectives and constraints of the design brief by consulting with clients and stakeholders
2325,Interior Designers,4,2,"Researching and analysing spatial, functional, efficiency, safety and aesthetic requirements"
2325,Interior Designers,4,3,Formulating design concepts for building interiors
2325,Interior Designers,4,4,"Preparing sketches, diagrams, illustrations and plans to communicate design concepts"
2325,Interior Designers,4,5,"Negotiating design solutions with clients, management, suppliers and construction staff"
2325,Interior Designers,4,6,"Selecting, specifying and recommending functional and aesthetic materials, furniture and products for interiors"
2325,Interior Designers,4,7,Detailing and documenting selected design for construction
2325,Interior Designers,4,8,Supervising the construction of interiors
2326,Urban and Regional Planners,4,1,"Compiling and analysing data on economic, legal, political, cultural, demographic, sociological, physical and environmental factors affecting land use"
2326,Urban and Regional Planners,4,2,"Conferring with government authorities, communities, architects, social scientists, legal professionals, and planning, development and environmental specialists"
2326,Urban and Regional Planners,4,3,"Devising and recommending use and development of land, and presenting narrative and graphic plans, programs and designs to groups and individuals"
2326,Urban and Regional Planners,4,4,Advising governments and organisations on urban and regional planning and resource planning
2326,Urban and Regional Planners,4,5,Reviewing and evaluating environmental impact reports
2326,Urban and Regional Planners,4,6,"Staying up-to-date with changes in building and zoning codes, regulations and other legal issues"
2326,Urban and Regional Planners,4,7,May serve as mediators in disputes over planning proposals and projects
2326,Urban and Regional Planners,4,8,May speak at public meetings and appear before government to explain planning proposals
2331,Chemical and Materials Engineers,4,1,"Preparing designs for chemical process systems and planning control systems for processes such as those used to remove and separate components, effect chemical changes, test and evaluate fuels, transfer heat, and control the storing and handling of solids,liquids and gases"
2331,Chemical and Materials Engineers,4,2,Monitoring the operation and maintenance of equipment to achieve maximum efficiency under safe operating conditions
2331,Chemical and Materials Engineers,4,3,Ensuring correct materials and equipment are used and that they conform to specifications
2331,Chemical and Materials Engineers,4,4,Diagnosing malfunctions in chemical plants and instituting remedial action
2331,Chemical and Materials Engineers,4,5,Studying product utilisation and pollution control problems
2331,Chemical and Materials Engineers,4,6,"Reviewing plans for new products and submitting material selection recommendations in accordance with design specifications and factors such as strength, weight and cost"
2331,Chemical and Materials Engineers,4,7,Planning and implementing laboratory operations to develop new materials and fabrication procedures for new materials to fulfil production cost and performance standards
2331,Chemical and Materials Engineers,4,8,"Conferring with producers of materials, such as metals, ceramics, polymers, cements and elastomers, during the investigation and evaluation of materials suitable for specific product applications"
2331,Chemical and Materials Engineers,4,9,"Reviewing product failure data and implementing laboratory tests to establish or reject possible causes, and advising on ways to overcome any problems"
2332,Civil Engineering Professionals,4,1,"Determining construction methods, materials and quality standards, and drafting and interpreting specifications, drawings, plans, construction methods and procedures"
2332,Civil Engineering Professionals,4,2,"Organising and directing site labour and the delivery of construction materials, plant and equipment, and establishing detailed programs for the coordination of site activities"
2332,Civil Engineering Professionals,4,3,"Obtaining soil and rock samples at different depths across sites and testing samples to determine strength, compressibility and other factors that affect the behaviour of soil and rock when a structure is imposed and determining the safe loading for the soil"
2332,Civil Engineering Professionals,4,4,"Studying architectural and engineering drawings and specifications to estimate total costs, and preparing detailed cost plans and estimates as tools to assist in budgetary control"
2332,Civil Engineering Professionals,4,5,"Monitoring changes to designs, assessing effects on cost, and measuring, valuing and negotiating variations to designs"
2332,Civil Engineering Professionals,4,6,Analysing structural systems for both static and dynamic loads
2332,Civil Engineering Professionals,4,7,"Designing structures to ensure they do not collapse, bend, twist or vibrate in undesirable ways"
2332,Civil Engineering Professionals,4,8,Assessing present and future travel flow patterns taking into account population increase and needs change
2332,Civil Engineering Professionals,4,9,"Designing the physical aspects of transportation systems such as highways, railroads, urban transit, air transportation, logistical supply systems and their terminals"
2333,Electrical Engineers,4,1,Planning and designing power stations and power generation equipment
2333,Electrical Engineers,4,2,"Determining the type and arrangement of circuits, transformers, circuit-breakers, transmission lines and other equipment"
2333,Electrical Engineers,4,3,"Developing products such as electric motors, components, equipment and appliances"
2333,Electrical Engineers,4,4,"Interpreting specifications, drawings, standards and regulations relating to electric power equipment and use"
2333,Electrical Engineers,4,5,"Organising and managing resources used in the supply of electrical components, machines, appliances and equipment"
2333,Electrical Engineers,4,6,"Establishing delivery and installation schedules for machines, switchgear, cables and fittings"
2333,Electrical Engineers,4,7,"Supervising the operation and maintenance of power stations, transmission and distribution systems and industrial plants"
2333,Electrical Engineers,4,8,"Designing and installing control and signalling equipment for road, rail and air traffic"
2333,Electrical Engineers,4,9,"May specialise in research in areas such as power generation and transmission systems, transformers, switchgear and electric motors, telemetry and control systems"
2334,Electronics Engineers,4,1,"Designing electronic components, circuits and systems used for computer, communication and control systems, and other industrial applications"
2334,Electronics Engineers,4,2,"Designing software, especially embedded software, to be used within such systems"
2334,Electronics Engineers,4,3,"Developing apparatus and procedures to test electronic components, circuits and systems"
2334,Electronics Engineers,4,4,"Supervising installation and commissioning of computer, communication and control systems, and ensuring proper control and protection methods"
2334,Electronics Engineers,4,5,"Establishing and monitoring performance and safety standards and procedures for operation, modification, maintenance and repair of such systems"
2334,Electronics Engineers,4,6,"Designing communications bearers based on wired, optical fibre and wireless communication media"
2334,Electronics Engineers,4,7,"Analysing communications traffic and level of service, and determining the type of installation, location, layout and transmission medium for communication systems"
2334,Electronics Engineers,4,8,Designing and developing signal processing algorithms and implementing these through appropriate choice of hardware and software
2335,"Industrial, Mechanical and Production Engineers",4,1,"Studying functional statements, organisational charts and project information to determine functions and responsibilities of workers and work units and to identify areas of duplication"
2335,"Industrial, Mechanical and Production Engineers",4,2,Establishing work measurement programs and analysing work samples to develop standards for labour utilisation
2335,"Industrial, Mechanical and Production Engineers",4,3,"Analysing workforce utilisation, facility layout, operational data and production schedules and costs to determine optimum worker and equipment efficiencies"
2335,"Industrial, Mechanical and Production Engineers",4,4,"Designing mechanical equipment, machines, components, products for manufacture, and plant and systems for construction"
2335,"Industrial, Mechanical and Production Engineers",4,5,"Developing specifications for manufacture, and determining materials, equipment, piping, material flows, capacities and layout of plant and systems"
2335,"Industrial, Mechanical and Production Engineers",4,6,"Organising and managing project labour and the delivery of materials, plant and equipment"
2335,"Industrial, Mechanical and Production Engineers",4,7,"Establishing standards and policies for installation, modification, quality control, testing, inspection and maintenance according to engineering principles and safety regulations"
2335,"Industrial, Mechanical and Production Engineers",4,8,Inspecting plant to ensure optimum performance is maintained
2335,"Industrial, Mechanical and Production Engineers",4,9,"Directing the maintenance of plant buildings and equipment, and coordinating the requirements for new designs, surveys and maintenance schedules"
2336,Mining Engineers,4,1,"Conducting preliminary surveys of mineral, petroleum and natural gas deposits with prospectors, geologists, geophysicists, other mineral scientists and other engineers to determine the resources present, the feasibility of extracting the reserves, and the design and development of the extraction process"
2336,Mining Engineers,4,2,"Preparing operation and project cost estimates and production schedules, and reporting progress, production and costs compared to budget"
2336,Mining Engineers,4,3,"Determining the most suitable methods of ore extraction taking account of such factors as depth of overburden, and attitude and physical characteristics of deposits and surrounding strata"
2336,Mining Engineers,4,4,"Preparing plans for tunnels and chambers, location and construction of mine shafts, layout of mine development and the application of appropriate mining techniques, often using computer modelling"
2336,Mining Engineers,4,5,"Assessing the natural, technical, financial and safety risks associated with the phases of the project development, construction and operations"
2336,Mining Engineers,4,6,"Determining the safety of processes, order of extraction and safety of mine walls, evaluating the risk of slippage and advising on the prevention of slippage and rock falls"
2336,Mining Engineers,4,7,"Planning and coordinating the utilisation of labour and equipment consistent with efficiency targets, statutes, safety guidelines and environmental conditions"
2336,Mining Engineers,4,8,"Planning and conducting research and providing advice on engineering operations for the exploration, location and extraction of petroleum and natural gas"
2336,Mining Engineers,4,9,Determining location for drilling
2336,Mining Engineers,4,10,Deciding on types of derrick and equipment including seabed platforms
2336,Mining Engineers,4,11,Devising methods of controlling the flow of oil and gas from wells
2339,Other Engineering Professionals,4,1,"Performs and supervises engineering work concerned with the design, development, manufacture, maintenance and modification of aircraft for flight"
2339,Other Engineering Professionals,4,2,"Performs and supervises engineering work related to the use and development of agricultural land, buildings, machines and equipment"
2339,Other Engineering Professionals,4,3,"Applies knowledge and methodology of physics, engineering, mathematics, computing, physical chemistry and materials science to problems in biology and the treatment and prevention of human disease"
2339,Other Engineering Professionals,4,4,Analyses and modifies new and existing engineering technologies and applies them in the testing and implementation of engineering projects
2339,Other Engineering Professionals,4,5,"Assesses the impact on air, water, soil and noise levels in the vicinity of engineering projects, plans and designs equipment and processes for the treatment and safe disposal of waste material, and assesses what may cause problems for the environment in the long-term. registration or licensing is required"
2339,Other Engineering Professionals,4,6,Designs and oversees the construction and repair of marine craft and floating structures
2341,Agricultural and Forestry Scientists,4,1,"Collecting and analysing data and samples of produce, feed, soil and other factors affecting production"
2341,Agricultural and Forestry Scientists,4,2,"Advising farmers and farm managers on techniques for improving the production of crops and livestock, and alternative agricultural options"
2341,Agricultural and Forestry Scientists,4,3,"Advising farmers on issues such as livestock and crop disease, control of pests and weeds, soil improvement, animal husbandry and feeding programs"
2341,Agricultural and Forestry Scientists,4,4,"Studying the environmental factors affecting commercial crop production, pasture growth, animal breeding, and the growth and health of forest trees"
2341,Agricultural and Forestry Scientists,4,5,"Studying the effects of cultivation techniques, soils, insects and plant diseases on animal, crop and forest production"
2341,Agricultural and Forestry Scientists,4,6,Developing procedures and techniques for solving agricultural problems and improving the efficiency of production
2341,Agricultural and Forestry Scientists,4,7,"Managing forest resources to maximise their long-term commercial, recreational and environmental benefits for the community"
2341,Agricultural and Forestry Scientists,4,8,"Studying the propagation and culture of forest trees, methods for improving the growth of stock, and the effects of thinning on forest yields"
2341,Agricultural and Forestry Scientists,4,9,Preparing plans for reafforestation and devising efficient harvesting systems
2341,Agricultural and Forestry Scientists,4,10,"Investigating, planning and implementing management procedures to cope with the effects of fires, floods, droughts, soil erosion, insect pests and diseases"
2342,"Chemists, and Food and Wine Scientists",4,1,Conducting experiments and tests to identify the chemical composition and reactive properties of natural substances and processed materials
2342,"Chemists, and Food and Wine Scientists",4,2,"Analysing and conducting research to develop theories, techniques and processes, and testing the reliability of outcomes under different conditions"
2342,"Chemists, and Food and Wine Scientists",4,3,Developing practical applications of experimental and research findings
2342,"Chemists, and Food and Wine Scientists",4,4,"Testing food products for flavour, colour, taste, texture and nutritional content"
2342,"Chemists, and Food and Wine Scientists",4,5,"Advising on preserving, processing, packaging, storing and delivering foods"
2342,"Chemists, and Food and Wine Scientists",4,6,Developing quality control procedures and safety standards for the manufacture of food products
2342,"Chemists, and Food and Wine Scientists",4,7,"Examining grape samples to assess ripeness, sugar and acid content, and determining suitability for processing"
2342,"Chemists, and Food and Wine Scientists",4,8,"Coordinating winemaking processes, directing workers in testing and crushing grapes, fermenting juices, and fortifying, clarifying, maturing and finishing wines"
2342,"Chemists, and Food and Wine Scientists",4,9,Blending wines according to formulae and knowledge of winemaking techniques
2343,Environmental Scientists,4,1,"Evaluating habitat, wildlife and fisheries needs, and formulating shortand long-term management goals and objectives"
2343,Environmental Scientists,4,2,Enforcing laws and regulations to conserve and protect fish and wildlife
2343,Environmental Scientists,4,3,Carrying out environmental impact assessments for a wide range of development projects
2343,Environmental Scientists,4,4,Proposing solutions to address negative environmental impact
2343,Environmental Scientists,4,5,"Studying the effects of factors, such as terrain, altitude, climatic and environmental change, sources of nutrition, predators and the impacts of humans, on animal and plant life"
2343,Environmental Scientists,4,6,"Studying and analysing pollution, atmospheric conditions, demographic characteristics, ecology, mineral, soil and water samples"
2343,Environmental Scientists,4,7,"Developing conservation and management policies for biological resources, such as fish populations and forests, and establishing standards and developing approaches for the control of pollution and the rehabilitation of areas disturbed by activities such as mining, timber felling and overgrazing"
2343,Environmental Scientists,4,8,Implementing policies and organising activities in designated parks and other areas to conserve and protect natural and cultural heritage
2343,Environmental Scientists,4,9,"Participating in management planning by providing environmental information and making inventories of plants, animals and items of cultural and heritage significance"
2344,"Geologists, Geophysicists and Hydrogeologists",4,1,"Conducting preliminary surveys of mineral, petroleum and natural gas deposits with prospectors, mining engineers, metallurgists, and other mineral scientists and engineers"
2344,"Geologists, Geophysicists and Hydrogeologists",4,2,Preparing and supervising the production of laboratory reports and scientific papers
2344,"Geologists, Geophysicists and Hydrogeologists",4,3,"Conducting studies of the structure, nature and formation of the earth's crust and the minerals contained in it"
2344,"Geologists, Geophysicists and Hydrogeologists",4,4,"Studying and dating fossils and rock strata to develop knowledge of the evolution and biology of life forms, and to assess their commercial applications"
2344,"Geologists, Geophysicists and Hydrogeologists",4,5,"Studying the effects of natural events, such as erosion, sedimentation, earthquakes and volcanic activity, on the formation of the earth's surface and sea beds"
2344,"Geologists, Geophysicists and Hydrogeologists",4,6,"Carrying out exploration to determine the resources present by sampling, examining and analysing geological specimens, rock cores, cuttings and samples using optical, chemical, electronic and mechanical techniques"
2344,"Geologists, Geophysicists and Hydrogeologists",4,7,Conducting surveys of variations in the earth's gravitational and magnetic fields to determine its physical features
2344,"Geologists, Geophysicists and Hydrogeologists",4,8,Investigating the propagation of seismic waves to determine the structure and stability of the earth's mantle and crust
2344,"Geologists, Geophysicists and Hydrogeologists",4,9,Studying the causes of earthquakes and other stress states of the earth's crust
2344,"Geologists, Geophysicists and Hydrogeologists",4,10,"Performing laboratory and field studies, and aerial, ground and drill hole surveys"
2345,Life Scientists,4,1,"Designing and conducting experiments, making observations and measurements, researching information, analysing data, preparing or supervising the preparation of laboratory reports and scientific papers, presenting findings at scientific meetings and conferences, and supervising the work of staff"
2345,Life Scientists,4,2,"Studying the forms and structures of bodily organs and tissues by systematic observation, dissection and microscopic examination"
2345,Life Scientists,4,3,"Investigating the chemical structure and function of living cells and their isolated components, organs and tissues in humans, animals, plants, and micro-organisms"
2345,Life Scientists,4,4,"Examining micro-organisms, such as bacteria, fungi, yeast and their enzymes, and using the knowledge gained to create and develop new, and improve existing, products, materials and processes"
2345,Life Scientists,4,5,"Investigating the effects of environmental factors, such as rainfall, temperature, sunlight, soil, topography and disease, on plant growth"
2345,Life Scientists,4,6,"Planning and undertaking experiments to study, measure and understand marine animals and plants"
2345,Life Scientists,4,7,"Studying the growth and characteristics of micro-organisms, such as bacteria, algae and fungi, and the effects they have on plants, animals and humans to develop medical, veterinary, industrial, environmental and other practical applications"
2345,Life Scientists,4,8,"Investigating the interrelationships between animals in their natural surroundings, in captivity and in laboratories"
2346,Medical Laboratory Scientists,4,1,Preparing tissue sections for microscopic examination
2346,Medical Laboratory Scientists,4,2,Examining and analysing samples to study the effects of microbial infections
2346,Medical Laboratory Scientists,4,3,Analysing samples of body tissue and fluids to develop techniques to aid in the diagnosis and treatment of diseases
2346,Medical Laboratory Scientists,4,4,Advising medical practitioners on the interpretation of tests and methods for use in the diagnosis and treatment of disease
2346,Medical Laboratory Scientists,4,5,Setting up the steps and rules of laboratory medical testing
2346,Medical Laboratory Scientists,4,6,Operating and maintaining laboratory equipment
2346,Medical Laboratory Scientists,4,7,Maintaining laboratory quality assurance and safety standards
2346,Medical Laboratory Scientists,4,8,Preparing scientific papers and reports
2347,Veterinarians,4,1,"Treating animals medically and surgically, and administering and prescribing drugs, analgesics, and general and local anaesthetics"
2347,Veterinarians,4,2,"Determining the presence and nature of abnormal conditions by physical examination, laboratory testing and through diagnostic imaging techniques including radiography and ultrasound"
2347,Veterinarians,4,3,"Performing surgery, dressing wounds and setting broken bones"
2347,Veterinarians,4,4,Rendering obstetric services to animals
2347,Veterinarians,4,5,Participating in programs designed to prevent the occurrence and spread of animal diseases
2347,Veterinarians,4,6,"Inoculating animals against, and testing for, infectious diseases and notifying authorities of outbreaks of infectious animal diseases"
2347,Veterinarians,4,7,Performing autopsies to determine cause of death
2347,Veterinarians,4,8,"Advising clients on health, nutrition and feeding, hygiene, breeding and care of animals"
2347,Veterinarians,4,9,May provide professional services to commercial firms producing biological and pharmaceutical products
2347,Veterinarians,4,10,"May specialise in the treatment of a particular animal group or in a particular specialty area such as cardiology, chiropractic, dermatology or critical care"
2349,Other Natural and Physical Science Professionals,4,1,"Plans and organises the conservation of materials and objects in libraries, archives, museums, art galleries and other institutions"
2349,Other Natural and Physical Science Professionals,4,2,"Researches, develops, controls and provides advice on processes used in extracting metals from their ores, and processes used for casting, alloying, heat treating or welding refined metals, alloys and other materials to produce commercial metal products or develop new alloys and processes. registration or licensing may be required"
2349,Other Natural and Physical Science Professionals,4,3,"Studies the physics and dynamics of the atmosphere to increase understanding of weather and climate, and to forecast changes in the weather and long-term climatic trends"
2349,Other Natural and Physical Science Professionals,4,4,"Studies matter, space, time, energy, forces and fields and the interrelationship between these physical phenomena to further understanding of the laws governing the behaviour of the universe, and seeks to apply these laws to solve practical problems and discover new information about the earth and the universe."
2411,Early Childhood (Pre-primary School) Teachers,4,1,Planning and structuring learning in both indoor and outdoor environments using a variety of materials and equipment to facilitate students' development
2411,Early Childhood (Pre-primary School) Teachers,4,2,"Providing a variety of experiences and activities to develop motor skills, cooperative social skills, confidence and understanding"
2411,Early Childhood (Pre-primary School) Teachers,4,3,"Promoting language development through story telling, role play, songs, rhymes and informal discussions held individually and within groups"
2411,Early Childhood (Pre-primary School) Teachers,4,4,"Observing students to evaluate progress and to detect signs of ill health, emotional disturbance and other disabilities"
2411,Early Childhood (Pre-primary School) Teachers,4,5,"Observing nutritional health, welfare and safety needs of students and identifying factors which may impede students' progress"
2411,Early Childhood (Pre-primary School) Teachers,4,6,Discussing students' progress with parents
2411,Early Childhood (Pre-primary School) Teachers,4,7,"Attending parent interviews, and staff and committee meetings"
2411,Early Childhood (Pre-primary School) Teachers,4,8,Participating in community and family support programs as appropriate
2411,Early Childhood (Pre-primary School) Teachers,4,9,Supervising student teachers on placement
2412,Primary School Teachers,4,1,"Teaching literacy, numeracy, social science, creative expression and physical education skills to primary school students"
2412,Primary School Teachers,4,2,Presenting prescribed curriculum using a range of teaching techniques and materials
2412,Primary School Teachers,4,3,"Developing students' interests, abilities and coordination by way of creative activities"
2412,Primary School Teachers,4,4,Guiding discussions and supervising work in class
2412,Primary School Teachers,4,5,"Preparing, administering and marking tests, projects and assignments to evaluate students' progress and recording the results"
2412,Primary School Teachers,4,6,"Discussing individual progress and problems with students and parents, and seeking advice from student counsellors and senior teachers"
2412,Primary School Teachers,4,7,Maintaining discipline in classrooms and other school areas
2412,Primary School Teachers,4,8,"Participating in staff meetings, educational conferences and workshops"
2412,Primary School Teachers,4,9,"Liaising with parent, community and business groups"
2412,Primary School Teachers,4,10,Maintaining class and scholastic records
2412,Primary School Teachers,4,11,"Performing extra-curricular tasks such as assisting with sport, school concerts, excursions and special interest programs"
2412,Primary School Teachers,4,12,Supervising student teachers on placement
2413,Middle School Teachers,4,1,Presenting prescribed curriculum using a range of teaching techniques and materials
2413,Middle School Teachers,4,2,"Developing students' interests, abilities and coordination by way of creative activities"
2413,Middle School Teachers,4,3,Guiding discussions and supervising work in class
2413,Middle School Teachers,4,4,"Preparing, administering and marking tests, projects and assignments to evaluate students' progress and recording the results"
2413,Middle School Teachers,4,5,"Discussing individual progress and problems with students and parents, and seeking advice from student counsellors and senior teachers"
2413,Middle School Teachers,4,6,Maintaining discipline in classrooms and other school areas
2413,Middle School Teachers,4,7,"Participating in staff meetings, educational conferences and workshops"
2413,Middle School Teachers,4,8,"Liaising with parent, community and business groups"
2413,Middle School Teachers,4,9,Maintaining class and scholastic records
2413,Middle School Teachers,4,10,"Performing extra-curricular tasks such as assisting with sport, school concerts, excursions and special interest programs"
2413,Middle School Teachers,4,11,Supervising student teachers on placement
2414,Secondary School Teachers,4,1,Presenting prescribed curriculum using a range of teaching techniques and materials
2414,Secondary School Teachers,4,2,"Developing students' interests, abilities and coordination by way of creative activities"
2414,Secondary School Teachers,4,3,Guiding discussions and supervising work in class
2414,Secondary School Teachers,4,4,"Preparing, administering and marking tests, projects and assignments to evaluate students' progress and recording the results"
2414,Secondary School Teachers,4,5,"Discussing individual progress and problems with students and parents, and seeking advice from student counsellors and senior teachers"
2414,Secondary School Teachers,4,6,Maintaining discipline in classrooms and other school areas
2414,Secondary School Teachers,4,7,"Participating in staff meetings, educational conferences and workshops"
2414,Secondary School Teachers,4,8,"Liaising with parent, community and business groups"
2414,Secondary School Teachers,4,9,Maintaining class and scholastic records
2414,Secondary School Teachers,4,10,"Performing extra-curricular tasks such as assisting with sport, school concerts, excursions and special interest programs"
2414,Secondary School Teachers,4,11,Supervising student teachers on placement
2415,Special Education Teachers,4,1,"Assessing students' abilities and limitations with regard to intellectual, physical, social and emotional disabilities, exceptional intellectual gifts, or specific problems of language and culture"
2415,Special Education Teachers,4,2,"Planning, organising and implementing special programs to provide remedial or advanced tuition"
2415,Special Education Teachers,4,3,Administering various forms of assessment and interpreting the results
2415,Special Education Teachers,4,4,"Teaching basic academic subjects, and practical and self-help skills to hearing and sight impaired students"
2415,Special Education Teachers,4,5,"Devising instructional materials, methods and aids to assist in training and rehabilitation"
2415,Special Education Teachers,4,6,"Advising, instructing and counselling parents and teachers on the availability and use of special techniques"
2415,Special Education Teachers,4,7,"Stimulating and developing interests, abilities, manual skills and coordination"
2415,Special Education Teachers,4,8,Conferring with other staff members to plan and schedule lessons for special needs students
2415,Special Education Teachers,4,9,Preparing and maintaining student data and other records and submitting reports
2421,University Lecturers and Tutors,4,1,"Preparing and delivering lectures, and conducting tutorials, seminars and laboratory sessions"
2421,University Lecturers and Tutors,4,2,"Preparing and marking essays, assignments and examinations"
2421,University Lecturers and Tutors,4,3,Advising students on academic and related matters
2421,University Lecturers and Tutors,4,4,"Attending departmental and faculty meetings, conferences and seminars"
2421,University Lecturers and Tutors,4,5,Supervising work programs of postgraduate and honours students and tutorial staff
2421,University Lecturers and Tutors,4,6,"Participating in setting course and degree requirements, curriculum revision and academic planning"
2421,University Lecturers and Tutors,4,7,"Serving on council, senate, faculty and other committees and professorial boards"
2421,University Lecturers and Tutors,4,8,Conducting research and undertaking consultancies in a particular field of knowledge
2421,University Lecturers and Tutors,4,9,Stimulating and guiding class discussions
2421,University Lecturers and Tutors,4,10,Compiling bibliographies of specialised materials for reading assignments
2422,Vocational Education Teachers,4,1,Identifying the various needs of students and creating effective learning options to meet these needs
2422,Vocational Education Teachers,4,2,"Liaising with individuals, industry and education sectors to ensure provision of relevant programs and services"
2422,Vocational Education Teachers,4,3,"Planning, designing and developing course curriculum and method of instruction"
2422,Vocational Education Teachers,4,4,Advising students on courses and related matters
2422,Vocational Education Teachers,4,5,"Teaching students using teaching aids including presentation of lesson materials, discussions, workshops, laboratory sessions, multimedia aids and computer tutorials"
2422,Vocational Education Teachers,4,6,"Marking and grading students' assignments, papers and exams and providing feedback to students about their progress"
2422,Vocational Education Teachers,4,7,"Maintaining records of students' progress, attendance and training activities"
2422,Vocational Education Teachers,4,8,"Consulting with education managers, librarians, student counsellors and other support staff"
2491,Education Advisers and Reviewers,4,1,"Consulting with teachers, principals and administrative officials of educational institutions to coordinate educational programs and provide advice"
2491,Education Advisers and Reviewers,4,2,Identifying and evaluating developments in education by conducting research into educational systems
2491,Education Advisers and Reviewers,4,3,"Serving on committees to identify present and future needs within the educational system, and planning, developing and modifying facilities and programs"
2491,Education Advisers and Reviewers,4,4,"Documenting subjects and courses developed, and evaluating new courses"
2491,Education Advisers and Reviewers,4,5,Organising and conducting workshops and conferences to train teachers in new programs and methods
2491,Education Advisers and Reviewers,4,6,"Applying knowledge of learning processes and school structures to develop operational and training programs, and submitting them for decision and funding"
2491,Education Advisers and Reviewers,4,7,"Visiting schools and observing teachers in the classroom, noting pupil response, motivation and teaching techniques"
2491,Education Advisers and Reviewers,4,8,"Discussing programs, records and teachers with school principals to record academic performance of schools, welfare of pupils and performance of individual teachers"
2491,Education Advisers and Reviewers,4,9,"Making suggestions to government officials about improvements to educational facilities, equipment, buildings and staff to ensure continued standards of education"
2492,Private Tutors and Teachers,4,1,Planning programs of study for individual students and groups
2492,Private Tutors and Teachers,4,2,Preparing and presenting material on the theory of the subject area
2492,Private Tutors and Teachers,4,3,Instructing and demonstrating practical aspects of the subject area
2492,Private Tutors and Teachers,4,4,Assigning problems and exercises relative to students' training needs and talents
2492,Private Tutors and Teachers,4,5,"Assessing students and offering advice, criticism and encouragement"
2492,Private Tutors and Teachers,4,6,"Revising curricula, course content, course materials and methods of instruction"
2492,Private Tutors and Teachers,4,7,"Preparing students for examinations, performance and assessments"
2492,Private Tutors and Teachers,4,8,"Keeping abreast of developments in the subject area by attending professional conferences, seminars and courses, reading current literature, and talking with colleagues"
2492,Private Tutors and Teachers,4,9,May arrange visits and tours to professional exhibitions and performances
2492,Private Tutors and Teachers,4,10,May organise for exhibitions or performances of students' work
2493,Teachers of English to Speakers of Other Languages,4,1,Assessing the extent of language difficulties in students for whom english is a second language
2493,Teachers of English to Speakers of Other Languages,4,2,"Teaching students individually and in small groups out of the regular classroom, and assisting students within normal classroom settings"
2493,Teachers of English to Speakers of Other Languages,4,3,Teaching students english language skills using a variety of methods including lecture and visual demonstration
2493,Teachers of English to Speakers of Other Languages,4,4,Providing assistance to other classroom teachers by designing special teaching programs for students with english language difficulties
2493,Teachers of English to Speakers of Other Languages,4,5,Designing and producing teaching materials and adapting existing materials
2493,Teachers of English to Speakers of Other Languages,4,6,Preparing course outlines and goals
2493,Teachers of English to Speakers of Other Languages,4,7,"Assigning lessons, correcting homework, and preparing and grading exams"
2493,Teachers of English to Speakers of Other Languages,4,8,"Analysing, recording and reporting progress to regular classroom teachers, parents and students"
2511,Nutrition Professionals,4,1,"Planning diets and menus, and instructing people on the requirements and importance of diet and on the planning and preparation of food"
2511,Nutrition Professionals,4,2,Supervising the preparation and serving of meals
2511,Nutrition Professionals,4,3,"Collecting, organising and assessing data relating to health and nutritional status of individuals, groups and communities"
2511,Nutrition Professionals,4,4,Monitoring food intake and quality to provide nutritional care
2511,Nutrition Professionals,4,5,Calculating nutritional values of food served
2511,Nutrition Professionals,4,6,"Planning, conducting and evaluating nutrition intervention programs and compiling educational material"
2511,Nutrition Professionals,4,7,"Providing nutrition assessments, nutrition management, and nutrition education, research and training"
2511,Nutrition Professionals,4,8,Consulting with other health professionals and related workers to manage the dietary and nutritional needs of patients
2512,Medical Imaging Professionals,4,1,Receiving referrals from medical practitioners to perform medical imaging and radiation treatment of patients
2512,Medical Imaging Professionals,4,2,"Determining the appropriate equipment to use, such as x-ray equipment, radiation scanners, fluoroscopes, ultrasound equipment, nuclear instrumentation, angiography equipment and computed tomography (ct) equipment, and selecting the appropriate equipment settings to provide the diagnostic information requested by medical practitioners"
2512,Medical Imaging Professionals,4,3,"Calculating details of procedures such as length and intensity of exposure to radiation, size and strength of dosage of isotopes, and settings of recording equipment"
2512,Medical Imaging Professionals,4,4,Explaining procedures to patients and answering patients' inquiries about processes
2512,Medical Imaging Professionals,4,5,Ensuring patients' welfare during procedures
2512,Medical Imaging Professionals,4,6,"Positioning patients, screens and equipment preparatory to procedures"
2512,Medical Imaging Professionals,4,7,"Viewing the screen and deciding if images are satisfactory for diagnostic purposes, and selecting images to show medical practitioners"
2512,Medical Imaging Professionals,4,8,Conveying findings of procedures to medical practitioners
2513,Occupational and Environmental Health Professionals,4,1,"Developing, implementing and reviewing environmental health management plans and occupational health and safety plans"
2513,Occupational and Environmental Health Professionals,4,2,"Preparing and implementing plans and strategies for the safe, economic and suitable disposal of commercial, industrial, medical and household wastes"
2513,Occupational and Environmental Health Professionals,4,3,"Advising on and enforcing legislation, implementing prevention programs and strategies for communicable diseases, food safety, waste water treatment and disposal systems, recreation and domestic water quality, contaminated and hazardous substances, and minimising air, sea, water and noise pollution to improve health outcomes"
2513,Occupational and Environmental Health Professionals,4,4,"Identifying hazards, and assessing and controlling risks in the workplace"
2513,Occupational and Environmental Health Professionals,4,5,"Developing, implementing and monitoring programs minimising workplace and environmental pollution involving chemical and physical hazards"
2513,Occupational and Environmental Health Professionals,4,6,"Promoting ergonomic principles within the workplace such as matching furniture, equipment and work activities to the needs of employees"
2513,Occupational and Environmental Health Professionals,4,7,"Inspecting and auditing workplaces, processes, plant, and chemical and physical hazards for legislative compliance"
2513,Occupational and Environmental Health Professionals,4,8,Training employees in personal protective equipment and safe working procedures
2513,Occupational and Environmental Health Professionals,4,9,"Recording and investigating injuries and equipment damage, and reporting safety performance"
2513,Occupational and Environmental Health Professionals,4,10,Coordinating the return of injured workers into the workplace
2514,Optometrists and Orthoptists,4,1,Examining patients' eyes and setting tests to determine the nature and extent of vision problems and abnormalities
2514,Optometrists and Orthoptists,4,2,"Assessing ocular health and visual function by measuring visual acuity and refractive error, and testing the function of visual pathways, visual fields, eye movements, freedom of vision and intraocular pressure, and performing other tests using special eye test equipment"
2514,Optometrists and Orthoptists,4,3,"Detecting, diagnosing and managing eye disease, referring patients to, and receiving referrals from other health providers, and prescribing medications for the treatment of eye disease"
2514,Optometrists and Orthoptists,4,4,Diagnosing eye movement disorders and defects of binocular function
2514,Optometrists and Orthoptists,4,5,"Prescribing lenses, contact lenses and low vision aids, and checking suitability and comfort"
2514,Optometrists and Orthoptists,4,6,Prescribing exercises to coordinate movement and focusing of eyes
2514,Optometrists and Orthoptists,4,7,"Managing programs for eye movement disorders, and instructing and counselling patients in the use of corrective techniques and eye exercises"
2514,Optometrists and Orthoptists,4,8,"Advising on visual health matters such as contact lens care, vision care for the elderly, optics, visual ergonomics, and occupational and industrial eye safety"
2514,Optometrists and Orthoptists,4,9,Conducting preventative screening programs
2514,Optometrists and Orthoptists,4,10,Conducting rehabilitation programs for the visually impaired
2515,Pharmacists,4,1,"Receiving prescriptions, checking patients' medicine histories, and ensuring optimal dosage and methods of administration and drug compatibility before dispensing"
2515,Pharmacists,4,2,"Preparing or supervising the preparation and labelling of liquid medicines, ointments, powders, tablets and other medications to fill prescriptions"
2515,Pharmacists,4,3,Advising prescribers on drug incompatibility and contra-indications
2515,Pharmacists,4,4,"Reviewing and monitoring the medicine therapy of individual patients, and assessing the effectiveness of the total medicine therapy"
2515,Pharmacists,4,5,"Maintaining prescription files and recording issue of narcotics, poisons and habit-forming drugs"
2515,Pharmacists,4,6,"Storing and preserving vaccines, serums and other drugs subject to deterioration"
2515,Pharmacists,4,7,"Supplying non-prescription medicines, and diagnostic and therapeutic aids"
2515,Pharmacists,4,8,"Supervising and coordinating the work of pharmacy technicians, pharmacy interns and pharmacy sales assistants"
2515,Pharmacists,4,9,"Conducting research to develop and improve pharmaceuticals, cosmetics and related chemical products"
2515,Pharmacists,4,10,"Conferring with chemists, engineering professionals and other professionals about manufacturing techniques and ingredients"
2515,Pharmacists,4,11,"Testing and analysing drugs to determine their identity, purity and strength in relation to specified standards"
2515,Pharmacists,4,12,Developing standards for drugs used in pharmaceuticals
2519,Other Health Diagnostic and Promotion Professionals,4,1,"Assists health and community groups to improve the health of individuals and the community by raising awareness of healthy lifestyles, disease and disability, and other health-related issues"
2519,Other Health Diagnostic and Promotion Professionals,4,2,"Designs, builds, fits and repairs splints, braces, callipers, artificial limbs and related appliances to restore function or compensate for muscular and skeletal disabilities"
2521,Chiropractors and Osteopaths,4,1,"Administering a variety of neurological, musculoskeletal and functional tests to identify and assess physical problems and ailments of patients"
2521,Chiropractors and Osteopaths,4,2,Planning and discussing effective management of patients' dysfunction
2521,Chiropractors and Osteopaths,4,3,"Designing, reviewing, monitoring, assessing and evaluating treatment programs"
2521,Chiropractors and Osteopaths,4,4,"Assisting and improving the function of all body systems such as musculoskeletal, neurological, cardiovascular, respiratory, gastrointestinal, endocrine and genitourinary systems"
2521,Chiropractors and Osteopaths,4,5,"Recording detailed patient medical histories, treatments delivered and the patients' responses and progress to treatments"
2521,Chiropractors and Osteopaths,4,6,"Referring patients to specialists and liaising with other health professionals in relation to patients' problems, needs and progress"
2521,Chiropractors and Osteopaths,4,7,"Educating patients, their partners, family and friends in therapeutic procedures, such as home exercises and lifestyle changes, to enhance patients' health and wellbeing"
2522,Complementary Health Therapists,4,1,"Assessing patients to determine the nature of the disorder, illness, problem or need by questioning, examining and observing"
2522,Complementary Health Therapists,4,2,"Developing and implementing treatment plans using applications such as acupuncture, homoeopathic and herbal medicine, and dance, drama, hypnotic and music therapies"
2522,Complementary Health Therapists,4,3,Evaluating and documenting patients' progress through treatment plans
2522,Complementary Health Therapists,4,4,Providing dietary and lifestyle advice and guidelines
2522,Complementary Health Therapists,4,5,"Prescribing natural medicines, such as herbal, mineral and animal extracts, to stimulate the body's capacity for self-healing"
2523,Dental Practitioners,4,1,"Diagnosing dental diseases using a range of methods such as radiographs, salivary tests and medical histories"
2523,Dental Practitioners,4,2,"Providing preventative oral health care such as periodontal treatments, fluoride applications and oral health promotion"
2523,Dental Practitioners,4,3,"Providing restorative oral care such as implants, complex crown and bridge restorations, and orthodontics, and repairing damaged and decayed teeth"
2523,Dental Practitioners,4,4,Providing oral surgical treatments such as biopsy of tissue and prescription of medication
2523,Dental Practitioners,4,5,Performing routine orthodontic treatment
2523,Dental Practitioners,4,6,Restoring oral function with removable and fixed oral prostheses
2523,Dental Practitioners,4,7,Assisting in diagnosing general diseases having oral manifestations such as diabetes
2523,Dental Practitioners,4,8,Educating patients to take care of their mouth and teeth
2523,Dental Practitioners,4,9,"Leading a dental team which may comprise dental hygienists, dental therapists, dental assistants and other dental specialists"
2524,Occupational Therapists,4,1,"Assessing clients' emotional, psychological, developmental and physical capabilities using clinical observations and standardised tests"
2524,Occupational Therapists,4,2,"Assessing clients' functional potential in their home, leisure, work and school environments, and recommending environmental adaptations to maximise their performance"
2524,Occupational Therapists,4,3,"Planning and directing programs through the use of vocational, recreational, remedial, social and educational activities on an individual and group basis"
2524,Occupational Therapists,4,4,"Providing advice to family members, carers, employers and teachers about adapting clients' home, leisure, work and school environments"
2524,Occupational Therapists,4,5,"Providing adaptive equipment, such as wheel chairs and splints, to assist clients to overcome their functional limitations"
2524,Occupational Therapists,4,6,Working with other health professionals in overall case management of clients
2524,Occupational Therapists,4,7,"Working with other professionals in providing specialist advice to specific client groups such as those requiring driver rehabilitation, third-party compensation and medico-legal representation"
2524,Occupational Therapists,4,8,Recording clients' progress and maintaining professional relationships in accordance with relevant legislative requirements and ethical guidelines
2525,Physiotherapists,4,1,"Administering muscle, nerve, joint and functional ability tests to identify and assess physical problems of patients"
2525,Physiotherapists,4,2,Designing treatment programs to address patients' problems
2525,Physiotherapists,4,3,"Treating patients to reduce pain, improve circulation, strengthen muscles, improve cardiothoracic, cardiovascular and respiratory functions, restore joint mobility, and improve balance and coordination"
2525,Physiotherapists,4,4,"Using the therapeutic properties of exercise, heat, cold, massage, manipulation, hydrotherapy, electrotherapy, ultraviolet and infra-red light and ultrasound in the treatment of patients"
2525,Physiotherapists,4,5,"Reviewing, continually monitoring, assessing and evaluating programs and treatments"
2525,Physiotherapists,4,6,"Consulting with other health professionals as required about patients' problems, needs and progress"
2525,Physiotherapists,4,7,Instructing patients and their families in procedures to be continued at home
2525,Physiotherapists,4,8,Recording treatments given and patients' responses and progress
2525,Physiotherapists,4,9,Developing and implementing screening and preventative health promotion programs
2526,Podiatrists,4,1,"Examining patients' feet to determine the nature and extent of conditions, deformities and injuries"
2526,Podiatrists,4,2,"Examining and treating foot disabilities caused by diseases such as diabetes, peripheral vascular disorders, rheumatoid arthritis and other neuropathies"
2526,Podiatrists,4,3,Prescribing and arranging the fabrication of footwear to correct foot abnormalities
2526,Podiatrists,4,4,Performing minor surgery to remove and improve abnormal conditions
2526,Podiatrists,4,5,"Prescribing and fitting replaceable pads, palliative and functional supports and other devices for the protection and correction of foot abnormalities"
2526,Podiatrists,4,6,Advising patients about continued treatment and foot care
2526,Podiatrists,4,7,May provide rehabilitation services to the physically handicapped
2526,Podiatrists,4,8,May refer patients to or have patients referred from medical practitioners
2527,Audiologists and Speech Pathologists \ Therapists,4,1,Administering and interpreting a wide range of audiometric tests to determine hearing efficiency and locate sites of detected hearing problems
2527,Audiologists and Speech Pathologists \ Therapists,4,2,"Interpreting audiometric test results alongside other medical, social and behavioural diagnostic data"
2527,Audiologists and Speech Pathologists \ Therapists,4,3,Evaluating total response pattern and acoustic tests to distinguish between organic and non-organic hearing loss
2527,Audiologists and Speech Pathologists \ Therapists,4,4,"Planning, directing and participating in counselling, speech reading and other rehabilitation programs"
2527,Audiologists and Speech Pathologists \ Therapists,4,5,Prescribing appropriate hearing aids and instructing patients in use
2527,Audiologists and Speech Pathologists \ Therapists,4,6,Administering tests and observing patients to determine nature and extent of disorders
2527,Audiologists and Speech Pathologists \ Therapists,4,7,Planning and conducting programs of remedial exercise to correct disorders such as stuttering and abnormal articulation
2527,Audiologists and Speech Pathologists \ Therapists,4,8,"Administering individual and group therapy for rehabilitation of patients with communication problems caused by defective hearing, cerebral palsy, surgery and injury"
2527,Audiologists and Speech Pathologists \ Therapists,4,9,Advising on treatment for children with difficulties in learning to speak
2527,Audiologists and Speech Pathologists \ Therapists,4,10,"Counselling and guiding language-handicapped individuals, their families, teachers and employers"
2531,General Practitioners and Resident Medical Officers,4,1,"Conducting examinations and questioning patients to determine the nature of disorders and illnesses, and recording patients' medical information"
2531,General Practitioners and Resident Medical Officers,4,2,"Ordering laboratory tests, x-rays and other diagnostic procedures, and interpreting findings to assist in diagnosis"
2531,General Practitioners and Resident Medical Officers,4,3,"Providing overall care for patients, and prescribing and administering treatments, medications and other remedial measures"
2531,General Practitioners and Resident Medical Officers,4,4,Monitoring patients' progress and response to treatment
2531,General Practitioners and Resident Medical Officers,4,5,"Advising on diet, exercise and other habits which aid prevention and treatment of disease and disorders"
2531,General Practitioners and Resident Medical Officers,4,6,"Referring patients to, and exchanging medical information with, specialist medical practitioners"
2531,General Practitioners and Resident Medical Officers,4,7,"Reporting births, deaths and notifiable diseases to government authorities"
2531,General Practitioners and Resident Medical Officers,4,8,Arranging the admission of patients to hospitals
2532,Anaesthetists,4,1,Performing pre-operative examinations of patients to determine appropriate anaesthetic and sedation in concurrence with internal medicine specialists and surgeons
2532,Anaesthetists,4,2,Discussing the anaesthetic process with patients and obtaining their informed consent prior to surgery
2532,Anaesthetists,4,3,"Administering local, regional and general anaesthetics using a variety of methods such as inhalational and intravenous administration"
2532,Anaesthetists,4,4,"Supervising the transfer of patients to operating theatres, positioning on operating tables, keeping patients warm, and responding quickly and accurately if any problems arise"
2532,Anaesthetists,4,5,Monitoring patients throughout surgical procedures and in immediate post-operative procedures
2532,Anaesthetists,4,6,"Recording details of anaesthetic and sedation administered, and the condition of patients before, during and after anaesthesia"
2532,Anaesthetists,4,7,"Liaising with other health care workers to provide diagnosis and treatment for patients with chronic pain, and to diagnose and treat patients requiring intensive care or resuscitation"
2532,Anaesthetists,4,8,"May instruct medical, nursing, student and ancillary staff on the signs, symptoms and diagnosis of allergic and anaphylactic reactions to anaesthetic agents, and supervision and treatment of life threatening emergencies"
2533,Specialist Physicians,4,1,"Examining patients to determine the nature and extent of problems after referral from general medical practitioners and other medical specialists, and undertaking laboratory tests and diagnostic procedures"
2533,Specialist Physicians,4,2,Analysing test results and other medical information to make diagnoses
2533,Specialist Physicians,4,3,"Prescribing and administering drugs, and remedial and therapeutic treatment and procedures"
2533,Specialist Physicians,4,4,Recording medical information and data
2533,Specialist Physicians,4,5,Reporting specified contagious and notifiable diseases to government health and immigration authorities
2533,Specialist Physicians,4,6,May admit or refer patients to hospitals
2533,Specialist Physicians,4,7,May consult other medical specialists
2534,Psychiatrists,4,1,"Assessing patients' mental and physical status to determine the nature and extent of mental, emotional and behavioural disorders"
2534,Psychiatrists,4,2,"Assessing patients' medical, psychiatric and psychological histories"
2534,Psychiatrists,4,3,Examining patients to determine general physical condition
2534,Psychiatrists,4,4,"Ordering laboratory tests, imaging, neuropsychological tests and other diagnostic procedures"
2534,Psychiatrists,4,5,Examining the results of tests and examinations to determine the most appropriate forms of treatment
2534,Psychiatrists,4,6,"Prescribing and administering medication, psychotherapy, and other physical treatments and rehabilitation programs"
2534,Psychiatrists,4,7,Arranging admission to hospitals and providing in-patient treatment
2534,Psychiatrists,4,8,"Consulting, supervising and working with other medical practitioners and health professionals"
2534,Psychiatrists,4,9,Determining whether patients require involuntary treatment in accordance with relevant mental health acts
2534,Psychiatrists,4,10,Assisting courts and other statutory bodies in managing patients in legal and forensic settings
2534,Psychiatrists,4,11,"Teaching medical students and registrars, and assessing their progress by administering tests"
2535,Surgeons,4,1,"Examining patients to determine the necessity of operations, estimating and explaining risks to patients, and selecting the best operational procedures"
2535,Surgeons,4,2,"Reviewing reports on patients' general physical condition, reactions to medications and medical histories"
2535,Surgeons,4,3,Consulting with anaesthetists regarding the correct anaesthesia for patients
2535,Surgeons,4,4,Performing surgical operations
2535,Surgeons,4,5,"Examining instruments, equipment, and surgical set-up to ensure that antiseptic and aseptic methods have been followed"
2535,Surgeons,4,6,"Instructing other medical, nursing and associated staff regarding the preparation of patients and instrument and equipment requirements"
2535,Surgeons,4,7,"Prescribing post-operative care, and observing and investigating patients' progress"
2535,Surgeons,4,8,Maintaining records of operations performed
2535,Surgeons,4,9,May specialise in particular types of operations
2539,Other Medical Practitioners,4,1,"Provides diagnostic, treatment and preventative medical services related to disorders of the human skin"
2539,Other Medical Practitioners,4,2,"Provides diagnostic medical services, and manages patients with acute and urgent illness and injury"
2539,Other Medical Practitioners,4,3,"Provides diagnostic, treatment and preventative medical and surgical services related to the care of women, foetuses and children during pregnancy and childbirth, and to disorders of the female genital, urinary, rectal and reproductive organs"
2539,Other Medical Practitioners,4,4,"Provides diagnostic, treatment and preventative medical services related to diseases, injuries and deficiencies of the human eye and associated structures"
2539,Other Medical Practitioners,4,5,"Identifies the cause and processes of disease and illness by examining changes in body tissue and in blood and other body fluids, and conducts tests on samples of tissues, blood and body secretions"
2539,Other Medical Practitioners,4,6,"Provides diagnostic medical services, and medical care and management of patients utilising radiant energy techniques such as general radiography, angiography, fluoroscopy, mammography, ultrasound, computed tomography, magnetic resonance imaging, nuclear medicine and bone densitometry. registration or licensing is required"
2541,Midwives,4,1,"Providing advice and support during pre-conception, intrapartum, antenatal and postnatal periods in partnership with women"
2541,Midwives,4,2,Providing care and management of pregnancy and birth
2541,Midwives,4,3,Assessing progress and recognising warning signs of abnormal and potentially abnormal pregnancies requiring referral to an obstetrician
2541,Midwives,4,4,Monitoring the condition of women and foetuses during pregnancy and throughout labour
2541,Midwives,4,5,"Conducting health education classes and seminars to promote the health of mothers and babies such as reproductive health, antenatal education, preparation for parenthood and breastfeeding"
2541,Midwives,4,6,"Providing advice on nutrition, childcare and family planning"
2542,Nurse Educators and Researchers,4,1,"Researching, planning, developing and implementing nursing curricula"
2542,Nurse Educators and Researchers,4,2,Facilitating practical experience for general and specialist nurses
2542,Nurse Educators and Researchers,4,3,Evaluating ongoing and changing educational needs and monitoring course outcomes
2542,Nurse Educators and Researchers,4,4,"Participating in developing and implementing policies affecting nursing, nurse education and health"
2542,Nurse Educators and Researchers,4,5,"Undertaking and promoting nursing and interdisciplinary research projects, and disseminating research information"
2542,Nurse Educators and Researchers,4,6,Promoting utilisation of current research findings into clinical nursing practice and patient management
2542,Nurse Educators and Researchers,4,7,"Promoting the implementation of research and research findings into organisation-wide functions such as safety, quality and risk management"
2542,Nurse Educators and Researchers,4,8,Providing support and education for other nurses undertaking research
2543,Nurse Managers,4,1,"Developing, implementing and monitoring policies and objectives of nursing care as they apply to units, staff and community groups"
2543,Nurse Managers,4,2,"Coordinating the allocation of human and material resources for a health service unit such as recruitment of staff, human resource management, preparation of budgets and fiscal management"
2543,Nurse Managers,4,3,"Monitoring and controlling the performance of nursing and support staff within the unit, and providing leadership"
2543,Nurse Managers,4,4,"Initiating studies to evaluate the effectiveness of nursing services in the unit in relation to objectives, costs and nursing care"
2543,Nurse Managers,4,5,Promoting working relationships with community agencies and health and education providers
2543,Nurse Managers,4,6,"Contributing to organisational objectives in relation to quality, safety and risk management"
2544,Registered Nurses,4,1,"Assessing, planning, implementing and evaluating nursing care for patients according to accepted nursing practice and standards"
2544,Registered Nurses,4,2,"Working in consultation with other health professionals and members of health teams, and coordinating the care of patients"
2544,Registered Nurses,4,3,"Providing interventions, treatments and therapies such as medications, and monitoring responses to treatment and care plan"
2544,Registered Nurses,4,4,Promoting health and assisting in preventing ill health by participating in health education and other health promotion activities
2544,Registered Nurses,4,5,Answering questions and providing information to patients and families about treatment and care
2544,Registered Nurses,4,6,Supervising and coordinating the work of enrolled nurses and other health care workers
2611,ICT Business and Systems Analysts,4,1,Working with users to formulate and document business requirements
2611,ICT Business and Systems Analysts,4,2,"Identifying, investigating, and analysing business processes, procedures and work practices"
2611,ICT Business and Systems Analysts,4,3,"Identifying and evaluating inefficiencies and recommending optimal business practices, and system functionality and behaviour"
2611,ICT Business and Systems Analysts,4,4,"Using project management methodologies, principles and techniques to develop project plans and to cost, resource and manage projects"
2611,ICT Business and Systems Analysts,4,5,"Taking responsibility for deploying functional solutions, such as creating, adopting and implementing system test plans, which ensure acceptable quality and integrity of the system"
2611,ICT Business and Systems Analysts,4,6,"Creating user and training documentation, and conducting formal training classes"
2611,ICT Business and Systems Analysts,4,7,Developing functional specifications for use by system developers
2611,ICT Business and Systems Analysts,4,8,Using data and process modelling techniques to create clear system specifications for the design and development of system software
2611,ICT Business and Systems Analysts,4,9,"Acting as a central reference and information source, providing guidance and assistance in the system project decision making process"
2612,Multimedia Specialists and Web Developers,4,1,"Analysing, designing and developing internet sites applying a mixture of artistry and creativity with software programming and scripting languages and interfacing with operating environments"
2612,Multimedia Specialists and Web Developers,4,2,"Designing and developing digital animations, imaging, presentations, games, audio and video clips, and internet applications using multimedia software, tools and utilities, interactive graphics and programming languages"
2612,Multimedia Specialists and Web Developers,4,3,"Communicating with network specialists regarding web-related issues, such as security and hosting web sites, to control and enforce internet and web server security, space allocation, user access, business continuity, web site backup and disaster recovery planning"
2612,Multimedia Specialists and Web Developers,4,4,"Designing, developing and integrating computer code with other specialised inputs, such as image files, audio files and scripting languages, to produce, maintain and support web sites"
2612,Multimedia Specialists and Web Developers,4,5,"Assisting in analysing, specifying and developing internet strategies, web-based methodologies and development plans"
2613,Software and Applications Programmers,4,1,"Researching, consulting, analysing and evaluating system program needs"
2613,Software and Applications Programmers,4,2,"Identifying technology limitations and deficiencies in existing systems and associated processes, procedures and methods"
2613,Software and Applications Programmers,4,3,"Testing, debugging, diagnosing and correcting errors and faults in an applications programming language within established testing protocols, guidelines and quality standards to ensure programs and applications perform to specification"
2613,Software and Applications Programmers,4,4,"Writing and maintaining program code to meet system requirements, system designs and technical specifications in accordance with quality accredited standards"
2613,Software and Applications Programmers,4,5,"Writing, updating and maintaining technical program, end user documentation and operational procedures"
2613,Software and Applications Programmers,4,6,"Providing advice, guidance and expertise in developing proposals and strategies for software design activities such as financial evaluation and costings for recommending software purchases and upgrades"
2621,"Database and Systems Administrators, and ICT Security Specialists",4,1,"Designing and maintaining database architecture, data structures, tables, dictionaries and naming conventions to ensure the accuracy and completeness of all data master files"
2621,"Database and Systems Administrators, and ICT Security Specialists",4,2,"Performing the operational establishment and preventive maintenance of backups, recovery procedures, and enforcing security and integrity controls"
2621,"Database and Systems Administrators, and ICT Security Specialists",4,3,"Implementing and administering database documentation, guidelines, policies and procedures"
2621,"Database and Systems Administrators, and ICT Security Specialists",4,4,"Testing database systems and upgrades, such as debugging, tracking, reproduction, logging and resolving all identified problems, according to approved quality testing scripts, procedures and processes"
2621,"Database and Systems Administrators, and ICT Security Specialists",4,5,"Accepting responsibility for the processes, procedures and operational management associated with system security and disaster recovery planning"
2621,"Database and Systems Administrators, and ICT Security Specialists",4,6,"Liaising with security vendors, suppliers, service providers and external resources; analysing, recommending, installing and maintaining software security applications; and monitoring contractual obligations, performance delivery and service level agreements"
2621,"Database and Systems Administrators, and ICT Security Specialists",4,7,"Troubleshooting and providing service support in diagnosing, resolving and repairing server-related hardware and software malfunctions, encompassing workstations and communication infrastructure"
2621,"Database and Systems Administrators, and ICT Security Specialists",4,8,"Preparing and maintaining documentation, policies and instructions, and recording and detailing operational procedures and system logs"
2621,"Database and Systems Administrators, and ICT Security Specialists",4,9,"Ensuring that the design of computer sites allows all components to fit together and work properly, and monitoring and adjusting the performance of networks"
2621,"Database and Systems Administrators, and ICT Security Specialists",4,10,Continually surveying the current computer site to determine future network needs and making recommendations for enhancements in the implementation of future servers and networks
2631,Computer Network Professionals,4,1,"Analysing, developing, interpreting and evaluating complex system design and architecture specifications, data models and diagrams in the development, configuration and integration of computer systems"
2631,Computer Network Professionals,4,2,"Researching, analysing, evaluating and monitoring network infrastructure to ensure networks are configured to operate at optimal performance"
2631,Computer Network Professionals,4,3,"Assessing and recommending improvements to network operations and integrated hardware, software, communications and operating systems"
2631,Computer Network Professionals,4,4,Providing specialist skills in supporting and troubleshooting network problems and emergencies
2631,Computer Network Professionals,4,5,"Installing, configuring, testing, maintaining and administering new and upgraded networks, software database applications, servers and workstations"
2631,Computer Network Professionals,4,6,Providing network programming in support of specific business needs and requirements
2631,Computer Network Professionals,4,7,"Preparing and maintaining procedures and documentation for network inventory, and recording diagnosis and resolution of network faults, enhancements and modifications to networks, and maintenance instructions"
2631,Computer Network Professionals,4,8,"Monitoring network traffic, and activity, capacity and usage to ensure continued integrity and optimal network performance"
2632,ICT Support and Test Engineers,4,1,"Scheduling and conducting quality audit inspections, and analysing and reviewing systems, data and documentation"
2632,ICT Support and Test Engineers,4,2,Identifying variations and potential high risk areas in securing adherence to standards and procedures
2632,ICT Support and Test Engineers,4,3,Recommending corrective action plans and improvements in the resolution of non-compliance with standards detected through monitoring and auditing of processes and procedures
2632,ICT Support and Test Engineers,4,4,"Communicating, educating and liaising with users and management to ensure awareness and adherence to standards, procedures and quality control issues and activities"
2632,ICT Support and Test Engineers,4,5,"Assisting in troubleshooting, diagnosing, testing and resolving system problems and issues"
2632,ICT Support and Test Engineers,4,6,"Developing, conducting and providing technical guidance and training in application software and operational procedures"
2632,ICT Support and Test Engineers,4,7,"Analysing, evaluating and diagnosing technical problems and issues such as installation, maintenance, repair, upgrade and configuration and troubleshooting of desktops, software, hardware, printers, internet, email, databases, operating systems and security policies and procedures to ensure optimal database and system integrity, security, backup, reliability and performance"
2632,ICT Support and Test Engineers,4,8,"Testing, identifying and diagnosing functionality errors and faults in systems, and programming code within established testing protocols, guidelines and quality standards to ensure systems perform to specification"
2632,ICT Support and Test Engineers,4,9,"Performing organisational systems architecture reviews and assessments, and recommending current and future hardware and software strategies and directions"
2632,ICT Support and Test Engineers,4,10,"Creating and reviewing technical documentation such as procedural, instructional and operational guides and manuals, technical reports and specifications and maintenance inventory systems"
2633,Telecommunications Engineering Professionals,4,1,"Planning, designing, building, configuring and commissioning telecommunications devices, networks and systems, such as voice, radio, two-way, data, microwave, satellite and digital data systems, and ensuring telecommunications systems interconnect with equipment from different manufacturers, service providers and users"
2633,Telecommunications Engineering Professionals,4,2,"Compiling engineering project proposals to define goals, identify scope, background and need, and ascertain cost of equipment, parts and services"
2633,Telecommunications Engineering Professionals,4,3,Evaluating and procuring new products and services from vendors
2633,Telecommunications Engineering Professionals,4,4,"Ensuring compliance with laws, regulations, policies and procedures in the provision of telecommunications systems"
2633,Telecommunications Engineering Professionals,4,5,"Selecting and developing new telecommunications sites by locating sites, filing documents, drawing up documents for approval, drafting construction drawings and following through to approval"
2633,Telecommunications Engineering Professionals,4,6,"Determining appropriate configurations of telecommunications hardware and software, ensuring desired performance of telecommunications equipment"
2633,Telecommunications Engineering Professionals,4,7,"Preparing and interpreting specifications, drawings and regulations for the use of telecommunications equipment"
2633,Telecommunications Engineering Professionals,4,8,"Determining the type and arrangement of circuits, transformers, circuit-breakers, transmission lines and equipment"
2633,Telecommunications Engineering Professionals,4,9,"Identifying and analysing problems and needs of existing telecommunications systems, such as interference, intelligibility and clarity, to determine the most appropriate means of reducing, eliminating and avoiding current and future problems and improve communications"
2633,Telecommunications Engineering Professionals,4,10,"Monitoring telecommunications systems to assess need for updates, upgrades, enhancements, preventive maintenance and new systems"
2633,Telecommunications Engineering Professionals,4,11,"Assessing performance levels of system hardware and software to project future needs, and developing shortand long-terms plans for updating equipment, adding capabilities, enhancing existing systems and providing improved telecommunications"
2711,Barristers,4,1,"Receiving written information in the form of briefs and verbal instructions concerning cases from solicitors, other specialist legal professionals and clients"
2711,Barristers,4,2,Providing advice and written opinions on points of law
2711,Barristers,4,3,Conferring with clients and witnesses in preparation for court proceedings
2711,Barristers,4,4,"Drawing up pleadings, affidavits and other court documents"
2711,Barristers,4,5,Researching statutes and previous court decisions relevant to cases
2711,Barristers,4,6,"Outlining the facts to the court, calling and questioning witnesses, and making addresses to the court to argue a client's case"
2711,Barristers,4,7,Providing opinion on complex legal issues
2711,Barristers,4,8,May draw up or settle documents
2712,Judicial and Other Legal Professionals,4,1,Researching statutes and previous court decisions relevant to cases
2712,Judicial and Other Legal Professionals,4,2,Conducting trials and hearings
2712,Judicial and Other Legal Professionals,4,3,Calling and questioning witnesses
2712,Judicial and Other Legal Professionals,4,4,Hearing and evaluating arguments and evidence in civil and criminal summary matters
2712,Judicial and Other Legal Professionals,4,5,"Deciding penalties and sentences within statutory limits, such as fines, bonds and detention, awarding damages in civil matters, and issuing court orders"
2712,Judicial and Other Legal Professionals,4,6,Exercising arbitral powers if resolution is not achieved or seems improbable through conciliation
2712,Judicial and Other Legal Professionals,4,7,Preparing settlement memoranda and obtaining signatures of parties
2712,Judicial and Other Legal Professionals,4,8,"Advising government of legal, constitutional and parliamentary matters and drafting bills and attending committee meetings during consideration of bills"
2712,Judicial and Other Legal Professionals,4,9,Preparing advice on matters associated with intellectual property rights
2712,Judicial and Other Legal Professionals,4,10,Advising clients and agents on legal and technical matters
2713,Solicitors,4,1,"Interviewing clients to determine the nature of problems, and recommending and undertaking appropriate legal action"
2713,Solicitors,4,2,"Preparing cases for court by conducting investigations, undertaking research, arranging witness preparation and attendance, and giving notice of court actions"
2713,Solicitors,4,3,Representing clients in court
2713,Solicitors,4,4,"Managing conveyancing and other property matters by preparing contracts of sale, mortgage documents, lease documents and other documents relating to the transfer of land and buildings"
2713,Solicitors,4,5,Preparing and critically reviewing contracts between parties
2713,Solicitors,4,6,Preparing wills
2713,Solicitors,4,7,"Providing advice on family law, company law, partnerships, commercial law and trusts"
2713,Solicitors,4,8,May act as trustee or guardian
2713,Solicitors,4,9,May act as executor of clients' wills
2721,Counsellors,4,1,"Working with clients on career, study and employment options by obtaining and examining information relevant to their abilities and needs"
2721,Counsellors,4,2,Providing information and resources to assist clients with job-seeking skills
2721,Counsellors,4,3,Assessing client needs in relation to treatment for drug and alcohol abuse
2721,Counsellors,4,4,"Conducting counselling interviews with individuals, couples and family groups"
2721,Counsellors,4,5,"Assisting the understanding and adjustment of attitudes, expectations and behaviour to develop more effective interpersonal and marital relationships"
2721,Counsellors,4,6,Presenting alternative approaches and discussing potential for attitude and behaviour change
2721,Counsellors,4,7,Consulting with clients to develop rehabilitation plans taking account of vocational and social needs
2721,Counsellors,4,8,"Contributing information, understanding and advice on the learning and behaviour of students, especially those with special needs, and assisting parents and teachers in dealing with these needs"
2721,Counsellors,4,9,May work in a call centre
2722,Ministers of Religion,4,1,Preparing and conducting services of public worship and acknowledgments of faith
2722,Ministers of Religion,4,2,"Preparing and delivering sermons, homilies and special talks, and planning music for services"
2722,Ministers of Religion,4,3,"Participating in the social and welfare activities of communities, encouraging people to be aware of their responsibilities, and organising participation in community projects"
2722,Ministers of Religion,4,4,"Conducting classes of religious instruction, and supervising prayer and discussion groups, retreats and seminars"
2722,Ministers of Religion,4,5,Conducting premarital and family counselling and referring people to professional service agencies where necessary
2722,Ministers of Religion,4,6,"Performing marriages, funerals and special memorial services according to tradition and ecclesiastical and civil law"
2722,Ministers of Religion,4,7,"Visiting members of the community in their homes, hospitals and other institutions to provide advice and religious comfort"
2722,Ministers of Religion,4,8,Keeping records as required by the church and civil law
2723,Psychologists and Psychotherapists,4,1,"Collecting data about clients and assessing their cognitive, behavioural and emotional disorders"
2723,Psychologists and Psychotherapists,4,2,Administering and interpreting diagnostic tests and formulating plans for treatment
2723,Psychologists and Psychotherapists,4,3,"Developing, administering and evaluating individual and group treatment programs"
2723,Psychologists and Psychotherapists,4,4,Consulting with other professionals on details of cases and treatment plans
2723,Psychologists and Psychotherapists,4,5,"Conducting research studies of motivation in learning, group performance and individual differences in mental abilities and educational performance"
2723,Psychologists and Psychotherapists,4,6,Collecting data and analysing characteristics of students and recommending educational programs
2723,Psychologists and Psychotherapists,4,7,"Formulating achievement, diagnostic and predictive tests for use by teachers in planning methods and content of instruction"
2723,Psychologists and Psychotherapists,4,8,"Developing interview techniques, psychological tests and other aids in workplace selection, placement, appraisal and promotion"
2723,Psychologists and Psychotherapists,4,9,"Conducting surveys and research studies on job design, work groups, morale, motivation, supervision and management"
2723,Psychologists and Psychotherapists,4,10,Performing job analyses and establishing job requirements by observing and interviewing employees and managers
2724,Social Professionals,4,1,"Assembling historical data by consulting sources of information such as historical indexes and catalogues, archives, court records, diaries, newspaper files and other materials"
2724,Social Professionals,4,2,"Organising, authenticating, evaluating and interpreting historical, political, sociological, anthropological and linguistic data"
2724,Social Professionals,4,3,"Undertaking historical and cultural research into human activity, and preparing and presenting research findings"
2724,Social Professionals,4,4,Providing simultaneous and consecutive verbal or signed renditions of speeches into another language
2724,Social Professionals,4,5,"Rendering the meaning and feeling of what is said and signed into another language in the appropriate register and style in a range of settings such as courts, hospitals, schools, workplaces and conferences"
2724,Social Professionals,4,6,Studying original texts and transcripts of recorded spoken material to comprehend subject matter and translating them into another language
2724,Social Professionals,4,7,"Rendering the meaning and feeling of written material, such as literary, legal, technical and scientific texts, into another language in the appropriate register and style, so that it will read as an original piece rather than as a translation"
2725,Social Workers,4,1,Acting as a facilitator between clients in need and community services
2725,Social Workers,4,2,"Assessing resources for health, welfare, recreation, housing, employment and other community services"
2725,Social Workers,4,3,"Providing leadership and assistance for the implementation of pilot projects in community development and self-help, and planning and implementing research projects to address client needs, organisation goals and social policy"
2725,Social Workers,4,4,"Cooperating with community organisations, social agencies and voluntary groups to improve services and develop new services"
2725,Social Workers,4,5,Conducting individual and family case interviews to identify the nature and extent of clients' problems
2725,Social Workers,4,6,"Assisting clients to understand and resolve problems by providing information, acting as a mediator and referring them to community and self-help agencies"
2725,Social Workers,4,7,"Analysing, developing, promoting and implementing social policies through the use of practice experience, research, analytic frameworks, and negotiation skills to respond to social need through a fair, equitable and effective allocation of social resource"
2725,Social Workers,4,8,Monitoring the progress of clients by maintaining contact
2725,Social Workers,4,9,Compiling case records and reports
2726,"Welfare, Recreation and Community Arts Workers",4,1,"Researching and analysing community issues, needs and problems"
2726,"Welfare, Recreation and Community Arts Workers",4,2,"Developing, evaluating and maintaining community resources and programs"
2726,"Welfare, Recreation and Community Arts Workers",4,3,Evaluating data and writing reports such as submissions requesting funding for continuing programs and new projects
2726,"Welfare, Recreation and Community Arts Workers",4,4,"Identifying issues of local need, concerns and aspirations through community consultation"
2726,"Welfare, Recreation and Community Arts Workers",4,5,"Organising local sporting, cultural and recreational events and activities such as community functions, hobby classes, community arts projects and sporting competitions"
2726,"Welfare, Recreation and Community Arts Workers",4,6,"Providing support while exploring alternatives with clients who experience difficulties such as marital problems, unemployment, illness and drug abuse"
2726,"Welfare, Recreation and Community Arts Workers",4,7,"Assessing risks and providing intensive short-term crisis counselling for victims of domestic violence, child abuse, disasters and other crises"
2726,"Welfare, Recreation and Community Arts Workers",4,8,"Assisting to establish and administer neighbourhood houses, community groups, employment training programs and other services"
3111,Agricultural Technicians,4,1,"Examining topographical, physical and soil characteristics of farmland to determine its most effective use and identify nutrient deficiencies"
3111,Agricultural Technicians,4,2,"Assisting in developing new methods of planting, fertilising, harvesting and processing crops to achieve optimum land usage"
3111,Agricultural Technicians,4,3,"Identifying pathogenic micro-organisms and insects, parasites, fungi and weeds harmful to crops and livestock, and assisting in devising methods of control"
3111,Agricultural Technicians,4,4,Analysing produce to set and maintain standards of quality
3111,Agricultural Technicians,4,5,Inspecting livestock to gauge the effectiveness of feed formulae
3111,Agricultural Technicians,4,6,Assisting in controlled breeding experiments to develop improved crop and livestock strains
3111,Agricultural Technicians,4,7,"Arranging the supply of drugs, vaccines and other chemicals to farmers and farm managers, and giving advice on their use"
3111,Agricultural Technicians,4,8,Collecting and collating data for research
3111,Agricultural Technicians,4,9,"Planning slaughtering, harvesting and other aspects of production processes"
3111,Agricultural Technicians,4,10,May advise producers on farming techniques and management
3112,Medical Technicians,4,1,"Operating equipment used in diagnosing and monitoring disorders of the heart, kidneys, nervous system and hearing, and in anaesthesia"
3112,Medical Technicians,4,2,Undertaking and assisting with medical analytical procedures and assisting anaesthetists and surgical teams
3112,Medical Technicians,4,3,"Recording the electrical activity of the heart, from which the heart rate is measured and pattern and rhythm interpreted"
3112,Medical Technicians,4,4,Preparing and staining slides and tissue sections to study the cells of blood and for histological examination
3112,Medical Technicians,4,5,"Performing diagnostic tests on tissues and body fluids and analysing the chemical constituents of blood, urine, faeces and tissues"
3112,Medical Technicians,4,6,Testing for diseases by looking for the presence of antibodies and the products of immune response in samples
3112,Medical Technicians,4,7,"Setting up, checking and maintaining operating theatres, anaesthetic workstations, life support machines and associated equipment"
3112,Medical Technicians,4,8,Referring prescriptions to pharmacists and assisting in preparing medications
3113,Primary Products Inspectors,4,1,"Inspecting animals, plants and agricultural produce to identify product quality issues, and providing advice to producers"
3113,Primary Products Inspectors,4,2,Auditing and monitoring quality procedures at farms and food handling and processing facilities to ensure compliance with required standards
3113,Primary Products Inspectors,4,3,"Testing samples of produce for quality, size and purity"
3113,Primary Products Inspectors,4,4,"Ensuring that required standards of hygiene are observed at storage, processing and packing facilities and in transport vehicles"
3113,Primary Products Inspectors,4,5,Advising primary producers on economic aspects of disease eradication and informing producers and the general public of the health implications of diseases and impurities
3113,Primary Products Inspectors,4,6,"Advising on the identification of pests and diseases and on regulations pertaining to grading, packing and loading of products"
3113,Primary Products Inspectors,4,7,"Examining imported plants and animals, and products, such as timber, seeds and dried fruits, and making quarantine arrangements"
3113,Primary Products Inspectors,4,8,Patrolling and investigating waterways for unlawful fishing activities and the removal of protected marine life
3113,Primary Products Inspectors,4,9,"Educating, advising and providing information on a wide range of topics relating to fish and their protection"
3113,Primary Products Inspectors,4,10,May initiate or assist in legal action to enforce regulations
3114,Science Technicians,4,1,Preparing materials for experimentation such as freezing and slicing specimens and mixing chemicals
3114,Science Technicians,4,2,Collecting information and samples
3114,Science Technicians,4,3,"Conducting field and laboratory experiments, tests and analyses"
3114,Science Technicians,4,4,"Presenting results in graphic and written form by preparing maps, charts, sketches, diagrams and reports"
3114,Science Technicians,4,5,"Performing routine mathematical calculations, and computations of measurements"
3114,Science Technicians,4,6,Controlling the quality and quantity of laboratory supplies by testing samples and monitoring usage
3114,Science Technicians,4,7,"Checking, calibrating and maintaining test equipment"
3114,Science Technicians,4,8,"Participating in fabricating, installing and modifying equipment to ensure that critical standards are met"
3114,Science Technicians,4,9,Preparing experiments and demonstrations for science classes
3121,"Architectural, Building and Surveying Technicians",4,1,"Assisting construction managers, architects and surveyors in planning and organisation"
3121,"Architectural, Building and Surveying Technicians",4,2,"Interpreting plans, regulations and codes of practice"
3121,"Architectural, Building and Surveying Technicians",4,3,"Preparing preliminary sketches, working drawings and specifications"
3121,"Architectural, Building and Surveying Technicians",4,4,"Preparing, editing and revising plans, maps, charts and drawings"
3121,"Architectural, Building and Surveying Technicians",4,5,Coordinating works programs
3121,"Architectural, Building and Surveying Technicians",4,6,"Inspecting work and materials for compliance with specifications, regulations and standards"
3121,"Architectural, Building and Surveying Technicians",4,7,Calculating costs and estimating time scales
3121,"Architectural, Building and Surveying Technicians",4,8,Collecting data using surveying instruments and photogrammetric equipment
3121,"Architectural, Building and Surveying Technicians",4,9,Performing routine computations and plotting preliminary data
3122,Civil Engineering Draftspersons and Technicians,4,1,"Preparing sketches, charts, tabulations, plans and designs for civil engineering works such as drainage, water supply, sewerage reticulation systems, roads, airports, dams, bridges and other structures"
3122,Civil Engineering Draftspersons and Technicians,4,2,Performing and directing fieldwork and laboratory testing
3122,Civil Engineering Draftspersons and Technicians,4,3,"Interpreting work assignment instructions, applying appropriate procedures and selecting equipment"
3122,Civil Engineering Draftspersons and Technicians,4,4,"Collecting and analysing data, and carrying out computations"
3122,Civil Engineering Draftspersons and Technicians,4,5,"Estimating material costs and ensuring finished works are within specifications, regulations and contract provisions"
3122,Civil Engineering Draftspersons and Technicians,4,6,"Inspecting civil engineering works, and organising and supervising maintenance and repair work"
3122,Civil Engineering Draftspersons and Technicians,4,7,"Conducting field and laboratory tests of construction materials and soils, and collecting data for traffic surveys"
3123,"Electrical Engineering Draftspersons, Technicians",4,1,"Preparing drawings, plans and diagrams of electrical installations and circuitry"
3123,"Electrical Engineering Draftspersons, Technicians",4,2,"Assisting electrical engineers and engineering technologists in design and layout of electrical installations and circuitry on substations, switchgear, cabling systems and motor control systems"
3123,"Electrical Engineering Draftspersons, Technicians",4,3,"Collecting data, performing tests and complex calculations, graphing results, and preparing charts and tabulations"
3123,"Electrical Engineering Draftspersons, Technicians",4,4,Estimating materials costs and quantities
3123,"Electrical Engineering Draftspersons, Technicians",4,5,Inspecting designs and finished products for compliance with specifications and regulations
3123,"Electrical Engineering Draftspersons, Technicians",4,6,"Assembling, installing, testing, calibrating, modifying and repairing electrical equipment and installations to conform with regulations and safety requirements"
3123,"Electrical Engineering Draftspersons, Technicians",4,7,"Undertaking electrical workshop functions such as installing assemblies for protection relays, metering and indicating devices"
3123,"Electrical Engineering Draftspersons, Technicians",4,8,Assisting with research and experimentation programs
3124,"Electronic Engineering Draftspersons, Technicians",4,1,"Preparing drawings, plans and diagrams for electronic engineering work"
3124,"Electronic Engineering Draftspersons, Technicians",4,2,"Developing, constructing and testing electronic equipment and associated circuitry in accordance with technical manuals and instructions of electronics engineers and engineering technologists"
3124,"Electronic Engineering Draftspersons, Technicians",4,3,"Performing tests, graphing results, preparing charts and tabulations"
3124,"Electronic Engineering Draftspersons, Technicians",4,4,Estimating material costs and quantities
3124,"Electronic Engineering Draftspersons, Technicians",4,5,Evaluating performance of equipment
3124,"Electronic Engineering Draftspersons, Technicians",4,6,"Inspecting designs and finished products for compliance with specifications, drawings, contracts and regulations"
3124,"Electronic Engineering Draftspersons, Technicians",4,7,"Installing, testing, repairing and modifying electronic equipment"
3125,"Mechanical Engineering Draftspersons, Technicians",4,1,"Preparing drawings, plans and designs for mechanical engineering work under the direction of mechanical engineers and engineering technologists"
3125,"Mechanical Engineering Draftspersons, Technicians",4,2,Assisting mechanical engineers and engineering technologists in the design of mechanical equipment and plant
3125,"Mechanical Engineering Draftspersons, Technicians",4,3,Selecting tools and equipment
3125,"Mechanical Engineering Draftspersons, Technicians",4,4,"Assembling and installing new and modified mechanical assemblies, components, machine tools and controls, and hydraulic power systems"
3125,"Mechanical Engineering Draftspersons, Technicians",4,5,"Estimating material costs and quantities, and machine requirements"
3125,"Mechanical Engineering Draftspersons, Technicians",4,6,Performing and directing field and laboratory tests
3125,"Mechanical Engineering Draftspersons, Technicians",4,7,"Collecting and analysing data, carrying out complex computations and preparing diagrams"
3125,"Mechanical Engineering Draftspersons, Technicians",4,8,Organising and supervising inspection and maintenance of machines and plant
3125,"Mechanical Engineering Draftspersons, Technicians",4,9,"Ensuring that designs and finished work are within specifications, regulations and contract provisions"
3126,Safety Inspectors,4,1,"Examining equipment specifications, and inspecting and testing machines, equipment and clothing to ensure compliance with safety standards and serviceability"
3126,Safety Inspectors,4,2,Inspecting factories and other work sites to ensure compliance with government and industry standards and regulations
3126,Safety Inspectors,4,3,Observing workers to ensure protective devices are being utilised according to regulations and that combustible and other hazardous materials are used and stored in accordance with approved procedures
3126,Safety Inspectors,4,4,"Conducting tests in work areas to detect toxic fumes, explosive gas-air mixtures and other work hazards"
3126,Safety Inspectors,4,5,"Ensuring fire prevention equipment and other safety supplies, such as first aid kits, stretchers and blankets, conform to standards"
3126,Safety Inspectors,4,6,"Assisting in conducting safety meetings and campaigns, and organising training in general safety principles in keeping with regulations"
3126,Safety Inspectors,4,7,Advising organisations on ways to comply with occupational health and safety legislative requirements
3126,Safety Inspectors,4,8,"Investigating incidents and fatalities, to determine causes and to collect evidence of non-compliance with occupational health and safety legislation"
3129,Other Building and Engineering Technicians,4,1,"Develops maintenance planning strategies, and schedules, coordinates and monitors the maintenance of all plant equipment"
3129,Other Building and Engineering Technicians,4,2,"Tests materials as part of mineral and metal processing and refining, or for research into metals, ceramics, polymers and other materials in support of metallurgists and materials engineers"
3129,Other Building and Engineering Technicians,4,3,Oversees the safety of mining operations and supervises miners
3131,ICT Support Technicians,4,1,Determining software and hardware requirements to provide solutions to problems
3131,ICT Support Technicians,4,2,Responding to inquiries about software and hardware problems
3131,ICT Support Technicians,4,3,Adapting existing programs to meet users' requirements
3131,ICT Support Technicians,4,4,Installing and downloading appropriate software
3131,ICT Support Technicians,4,5,Ensuring efficient use of applications and equipment
3131,ICT Support Technicians,4,6,Implementing computer networks
3131,ICT Support Technicians,4,7,Designing and maintaining web sites
3131,ICT Support Technicians,4,8,"Repairing and replacing peripheral equipment such as terminals, printers and modems"
3131,ICT Support Technicians,4,9,May work in a call centre
3132,Telecommunications Technical Specialists,4,1,"Installing, maintaining, repairing and diagnosing malfunctions of microwave, telemetry, multiplexing, satellite and other radio and electromagnetic wave communication systems"
3132,Telecommunications Technical Specialists,4,2,"Configuring and integrating network and telecommunications technology with computer software, hardware, desktops, peripherals, databases and operating systems"
3132,Telecommunications Technical Specialists,4,3,"Developing and recording logs of the details, locations and status of inventories, parts, equipment and instruments and maintaining the documentation of communication policies, procedures, guidelines and regulations, and quality standards"
3132,Telecommunications Technical Specialists,4,4,"Providing technical advice and information, and monitoring the performance of complex telecommunications networks and equipment"
3132,Telecommunications Technical Specialists,4,5,Planning the development of customer access telecommunications network infrastructure
3132,Telecommunications Technical Specialists,4,6,"Liaising with vendors, suppliers, service providers and external resources and monitoring contractual obligations and performance delivery"
3132,Telecommunications Technical Specialists,4,7,"Providing ongoing operational support in designing, optimising, troubleshooting, diagnosing, repairing and resolving of telecommunications network performance malfunctions, defects and faults"
3211,Automotive Electricians,4,1,Using test equipment to locate electrical and electronic malfunctions
3211,Automotive Electricians,4,2,Dismantling and removing electrical and electronic assemblies and components
3211,Automotive Electricians,4,3,Installing electrical equipment and electronic components in motor vehicles
3211,Automotive Electricians,4,4,Connecting power-operated vehicle equipment and accessories to power supply
3211,Automotive Electricians,4,5,Adjusting engine control systems and timing
3211,Automotive Electricians,4,6,"Testing and replacing defective alternators, generators, voltage regulators and starter motors"
3211,Automotive Electricians,4,7,Repairing and replacing faulty ignition and electrical wiring
3211,Automotive Electricians,4,8,"Replacing defective parts such as fuses, lamps and switches"
3212,Motor Mechanics,4,1,Detecting and diagnosing faults in engines and parts
3212,Motor Mechanics,4,2,"Dismantling and removing engine assemblies, transmissions, steering mechanisms and other components, and checking parts"
3212,Motor Mechanics,4,3,"Repairing and replacing worn and defective parts and reassembling mechanical components, and referring to service manuals as needed"
3212,Motor Mechanics,4,4,"Performing scheduled maintenance services, such as oil changes, lubrications and engine tune-ups, to achieve smoother running of vehicles and ensure compliance with pollution regulations"
3212,Motor Mechanics,4,5,Reassembling engines and parts after being repaired
3212,Motor Mechanics,4,6,Testing and adjusting mechanical parts after being repaired for proper performance
3212,Motor Mechanics,4,7,Diagnosing and testing parts with the assistance of computers
3212,Motor Mechanics,4,8,May inspect vehicles and issue roadworthiness certificates or detail work required to achieve roadworthiness
3221,"Metal Casting, Forging and Finishing Trades",4,1,Selecting metal stock for job requirements
3221,"Metal Casting, Forging and Finishing Trades",4,2,"Heating metal in forges and furnaces and hammering, punching and cutting metal using hand tools and machine presses"
3221,"Metal Casting, Forging and Finishing Trades",4,3,Tempering and hardening finished articles by quenching in oil or water baths or by cooling gradually in air
3221,"Metal Casting, Forging and Finishing Trades",4,4,"Preparing electrolytic and silver solutions for electroforming, and applying solution to the objects to be coated"
3221,"Metal Casting, Forging and Finishing Trades",4,5,Setting and adjusting controls to regulate electric current and depositing of coating on objects
3221,"Metal Casting, Forging and Finishing Trades",4,6,"Preparing horses' hooves for shoeing, nailing horseshoes to hooves, and trimming hooves"
3221,"Metal Casting, Forging and Finishing Trades",4,7,"Cutting, trimming, shaping and smoothing stock to form mould patterns"
3221,"Metal Casting, Forging and Finishing Trades",4,8,"Filling boxes with sand and setting patterns in place, and pouring molten metal into moulds"
3221,"Metal Casting, Forging and Finishing Trades",4,9,Applying refractory paint and positioning cores in moulds
3221,"Metal Casting, Forging and Finishing Trades",4,10,"Finishing metal and articles by polishing and buffing and applying shellac, lacquer, paint and other finishes"
3222,Sheetmetal Trades Workers,4,1,"Studying blueprints, drawings and specifications to determine job, material and equipment requirements"
3222,Sheetmetal Trades Workers,4,2,"Selecting metal stock, such as stainless steel, galvanised iron, mild steel, aluminium and copper, and checking sizes, gauges and other dimensions of metal stock against specifications"
3222,Sheetmetal Trades Workers,4,3,"Marking out metal stock with reference points and lines, using templates, gauges and other measuring instruments"
3222,Sheetmetal Trades Workers,4,4,"Cutting metal stock along guidelines using hand and power shears, guillotines and drills"
3222,Sheetmetal Trades Workers,4,5,"Shaping and forming cut metal stock into products using folding and bending machines, rollers, presses and hammers"
3222,Sheetmetal Trades Workers,4,6,"Fitting and assembling components into final products by welding, riveting, soldering, brazing and otherwise joining"
3222,Sheetmetal Trades Workers,4,7,"Finishing products by polishing, filing, sanding and cleaning assembled products"
3222,Sheetmetal Trades Workers,4,8,May repair damaged sheetmetal products and components
3222,Sheetmetal Trades Workers,4,9,"May specialise in fabrication, or on-site assembly and installation, of sheetmetal products"
3222,Sheetmetal Trades Workers,4,10,May produce aircraft sheet metal components requiring advanced drawing and calculating skills
3222,Sheetmetal Trades Workers,4,11,May specialise in decorative copperwork
3223,Structural Steel and Welding Trades Workers,4,1,"Studying blueprints, drawings and specifications to determine job requirements"
3223,Structural Steel and Welding Trades Workers,4,2,"Selecting, cleaning and preparing metal stock"
3223,Structural Steel and Welding Trades Workers,4,3,"Cutting marked-out metal sections and shapes using hand tools, flame cutting torches and metal cutting machines"
3223,Structural Steel and Welding Trades Workers,4,4,"Shaping and bending metal sections and pipes using hand and machine tools, and by heating and hammering"
3223,Structural Steel and Welding Trades Workers,4,5,Aligning parts to be joined using hand tools and measuring instruments
3223,Structural Steel and Welding Trades Workers,4,6,"Joining metal sections using various welding techniques, bolting and riveting"
3223,Structural Steel and Welding Trades Workers,4,7,"Examining welds for width of bead, penetration and precision"
3223,Structural Steel and Welding Trades Workers,4,8,"Finishing products by cleaning, polishing, filing and bathing in acidic solutions"
3223,Structural Steel and Welding Trades Workers,4,9,"Cleaning and smoothing welds by filing, chiselling and grinding"
3231,Aircraft Maintenance Engineers,4,1,"Dismantling, inspecting, testing, repairing and reassembling aircraft engines, ancillary motors and engine accessories, electrical systems, and subassemblies of aircraft frames"
3231,Aircraft Maintenance Engineers,4,2,Installing electrical circuits and equipment
3231,Aircraft Maintenance Engineers,4,3,"Testing aircraft communication equipment, aircraft instrumentation and electronic systems using electronic testing equipment and specialised test apparatus"
3231,Aircraft Maintenance Engineers,4,4,Replacing and testing aircraft oxygen system components
3231,Aircraft Maintenance Engineers,4,5,Assembling parts and subassemblies of aircraft frames
3231,Aircraft Maintenance Engineers,4,6,"Conducting routine pre-flight inspections of engines, aircraft frames and mechanical systems"
3231,Aircraft Maintenance Engineers,4,7,Maintaining records of action taken
3231,Aircraft Maintenance Engineers,4,8,"May manufacture aircraft electrical, instrument and radio hardware components"
3232,Metal Fitters and Machinists,4,1,"Studying drawings and specifications to determine suitable material, method and sequence of operations, and machine settings"
3232,Metal Fitters and Machinists,4,2,Fitting fabricated metal parts into products and assembling metal parts and subassemblies to produce machines and equipment
3232,Metal Fitters and Machinists,4,3,"Checking fabricated and assembled metal parts for accuracy, clearance and fit using precision measuring instruments"
3232,Metal Fitters and Machinists,4,4,"Setting guides, stops and other controls on machining tools, setting up prescribed cutting and shaping tools and dies in machines and presses, and setting controls for textile machines"
3232,Metal Fitters and Machinists,4,5,"Forming metal stock and castings to fine tolerances using machining tools to press, cut, grind, plane, bore and drill metal"
3232,Metal Fitters and Machinists,4,6,"Cutting, threading, bending and installing hydraulic and pneumatic pipes and lines"
3232,Metal Fitters and Machinists,4,7,"Preparing pattern mechanisms to control the operation of textile machines used to spin, weave, knit, sew and tuft fabric"
3232,Metal Fitters and Machinists,4,8,"Diagnosing faults and performing operational maintenance of machines, and overhauling and repairing mechanical parts and fluid power equipment"
3232,Metal Fitters and Machinists,4,9,May erect machines and equipment on-site
3233,Precision Metal Trades Workers,4,1,"Assembling parts and subassemblies of precision instruments, locks, timepieces and firearms"
3233,Precision Metal Trades Workers,4,2,"Dismantling precision instruments, locks, timepieces and firearms, repairing and replacing defective parts, and reassembling articles using hand and power tools and specially designed machines"
3233,Precision Metal Trades Workers,4,3,"Inscribing letters, figures and designs on surfaces of jewellery, trophies and other ornamental items"
3233,Precision Metal Trades Workers,4,4,"Installing security systems, changing tumblers in locks, changing locks, cutting keys and opening locks by manipulation"
3233,Precision Metal Trades Workers,4,5,"Calibrating precision instruments using standard weights and measures, jigs and fixtures, and hand tools to adjust and align parts and small balancing weights"
3233,Precision Metal Trades Workers,4,6,"Making blades for circular, band and other power saws and repairing, setting and sharpening blades for hand and power saws"
3233,Precision Metal Trades Workers,4,7,Testing circuits in electronic timepieces
3233,Precision Metal Trades Workers,4,8,May estimate costs and prepare quotes for repairs
3234,Toolmakers and Engineering Patternmakers,4,1,Studying drawings and specifications to determine dimensions and tolerances of articles to be manufactured and models to be constructed
3234,Toolmakers and Engineering Patternmakers,4,2,Measuring and marking out metal stock and castings using various gauges
3234,Toolmakers and Engineering Patternmakers,4,3,Shaping metal and wood stock using machine tools
3234,Toolmakers and Engineering Patternmakers,4,4,"Checking accuracy of manufactured articles and finished patterns to fine tolerances, using precision measuring instruments"
3234,Toolmakers and Engineering Patternmakers,4,5,Testing and modifying manufactured articles
3234,Toolmakers and Engineering Patternmakers,4,6,Applying protective finishes to patterns and painting pattern sections to indicate method of assembly
3234,Toolmakers and Engineering Patternmakers,4,7,Assembling pattern sections and shaping work pieces to specified finish
3234,Toolmakers and Engineering Patternmakers,4,8,"Pouring and spreading materials into moulds and over models of patterns, and building laminations of fibreglass cloth and plastic resin to fabricate patterns"
3234,Toolmakers and Engineering Patternmakers,4,9,Repairing broken and damaged patterns and correcting patterns to compensate for defects in casting
3234,Toolmakers and Engineering Patternmakers,4,10,Constructing templates for layout and inspection
3241,Panelbeaters,4,1,"Removing damaged panels and parts, and removing upholstery and accessories to gain access"
3241,Panelbeaters,4,2,Removing dents by hammering panels
3241,Panelbeaters,4,3,Straightening damaged vehicles and parts using mechanical and hydraulic equipment
3241,Panelbeaters,4,4,Replacing badly damaged sections with new or second-hand panels
3241,Panelbeaters,4,5,"Filling depressions with plastic filler, and filing, grinding and sanding repaired surfaces"
3241,Panelbeaters,4,6,Cutting and joining replacement sections using welding equipment
3241,Panelbeaters,4,7,Fitting repaired or replacement panels on vehicles and refitting body hardware such as door locks and trims
3241,Panelbeaters,4,8,"May assist vehicle body builders in constructing and restoring custom-designed, vintage and other specialty vehicles"
3241,Panelbeaters,4,9,May spray-paint vehicles
3242,Vehicle Body Builders and Trimmers,4,1,"Constructing framework sections in metal, wood, fibreglass and other materials using shaping machines and cutting and welding equipment"
3242,Vehicle Body Builders and Trimmers,4,2,"Bolting, screwing, riveting and welding sections together to form complete frameworks"
3242,Vehicle Body Builders and Trimmers,4,3,"Cutting and shaping panels of sheetmetal, aluminium and reinforced plastic and attaching to frameworks using hand and power tools"
3242,Vehicle Body Builders and Trimmers,4,4,Modifying assembly line vehicles to special requirements
3242,Vehicle Body Builders and Trimmers,4,5,"Preparing new vehicle trim work according to drawings and sketches, and removing old coverings and fittings from vehicles and taking new measurements"
3242,Vehicle Body Builders and Trimmers,4,6,"Selecting and cutting pieces of fabric, vinyl and leather and sewing pieces together using heavy-duty sewing machines"
3242,Vehicle Body Builders and Trimmers,4,7,"Installing internal trim in vehicles such as lining, floor coverings and armrests"
3242,Vehicle Body Builders and Trimmers,4,8,"Attaching door trims, rubber seals, locks and handles"
3243,Vehicle Painters,4,1,Removing rough spots on vehicle panels
3243,Vehicle Painters,4,2,Sanding surfaces by hand and with power sanders
3243,Vehicle Painters,4,3,Masking areas not to be painted with tape and paper
3243,Vehicle Painters,4,4,"Colour matching and mixing paints to match paint shades, and selecting pre-mixed paint"
3243,Vehicle Painters,4,5,"Applying primer and finishing coats using spray-guns, and sanding surfaces between coats"
3243,Vehicle Painters,4,6,Touching up paintwork and applying polish to vehicles
3243,Vehicle Painters,4,7,"Removing masking papers, and waxing and polishing finished paintwork"
3243,Vehicle Painters,4,8,Painting signs and artwork on vehicles
3243,Vehicle Painters,4,9,Treating vehicles with rust-proofing chemicals
3311,Bricklayers and Stonemasons,4,1,"Studying plans and specifications to determine materials required, dimensions and installation procedures"
3311,Bricklayers and Stonemasons,4,2,Erecting and dismantling restricted height scaffolding
3311,Bricklayers and Stonemasons,4,3,Sealing foundations with damp-resistant materials and spreading layers of mortar to serve as base and binder for blocks using trowels
3311,Bricklayers and Stonemasons,4,4,"Laying bricks in rows, designs and shapes, and spreading mortar between joints"
3311,Bricklayers and Stonemasons,4,5,Embedding blocks in mortar and removing excess mortar
3311,Bricklayers and Stonemasons,4,6,Checking vertical and horizontal alignment
3311,Bricklayers and Stonemasons,4,7,"Cutting, shaping and polishing stones and bricks using machines and hand tools, and shaping bricks to fit irregular spaces"
3311,Bricklayers and Stonemasons,4,8,"Repairing and maintaining bricks, cement blocks and related structures"
3311,Bricklayers and Stonemasons,4,9,Designing and cutting monumental masonry and lettering
3311,Bricklayers and Stonemasons,4,10,Constructing walls using stone slabs and large masonry slab blocks
3312,Carpenters and Joiners,4,1,"Studying drawings and specifications to determine materials required, dimensions and installation procedures"
3312,Carpenters and Joiners,4,2,"Ordering and selecting timbers and materials, and preparing layouts"
3312,Carpenters and Joiners,4,3,"Cutting materials, and assembling and nailing cut and shaped parts"
3312,Carpenters and Joiners,4,4,"Erecting framework and roof framing, laying sub-flooring and floorboards and verifying trueness of structures"
3312,Carpenters and Joiners,4,5,"Nailing fascia panels, sheathing roofs, and fitting exterior wall cladding and door and window frames"
3312,Carpenters and Joiners,4,6,Assembling prepared wood to form structures and fittings ready to install
3312,Carpenters and Joiners,4,7,Cutting wood joints
3312,Carpenters and Joiners,4,8,May construct concrete formwork
3312,Carpenters and Joiners,4,9,May repair existing fittings
3312,Carpenters and Joiners,4,10,"May work with plastic laminates, perspex and metals"
3321,Floor Finishers,4,1,Measuring areas to be covered and consulting plans to estimate quantities of floor covering materials required
3321,Floor Finishers,4,2,Preparing surfaces for covering and removing baseboard trims
3321,Floor Finishers,4,3,"Measuring, cutting and fixing underlay materials"
3321,Floor Finishers,4,4,"Laying coverings, such as carpets, linoleum, parquetry blocks, cork tiles and other resilient flooring materials, over floors, matching patterns, cutting shapes around fixtures and trimming edges"
3321,Floor Finishers,4,5,Securing floor coverings and fitting edge trims in doorways
3321,Floor Finishers,4,6,"Sanding, staining and applying finishing coatings to timber floors"
3321,Floor Finishers,4,7,"May install wall, ceiling, counter and bench coverings"
3322,Painting Trades Workers,4,1,"Erecting scaffolding and ladders, and placing drop sheets to protect adjacent areas from paint splattering"
3322,Painting Trades Workers,4,2,"Preparing surfaces by removing old paint and wallpaper, fixing woodwork, filling holes and cracks, and smoothing and sealing surfaces"
3322,Painting Trades Workers,4,3,"Selecting and preparing paints to required colours by mixing portions of pigment, oil, and thinning and drying additives"
3322,Painting Trades Workers,4,4,"Applying paints, varnishes and stains to surfaces using brushes, rollers and sprays"
3322,Painting Trades Workers,4,5,"Hanging wallpaper, matching patterns and trimming edges"
3322,Painting Trades Workers,4,6,Cleaning equipment and work areas
3322,Painting Trades Workers,4,7,May repair windows and replace glass in wooden and metal frames
3322,Painting Trades Workers,4,8,May lay and repair wall and floor tiles
3331,Glaziers,4,1,Determining type and dimensions of glass required
3331,Glaziers,4,2,Laying glass over patterns on padded tables and in jigs
3331,Glaziers,4,3,Measuring and marking glass for cutting
3331,Glaziers,4,4,Examining glass and marking defective areas
3331,Glaziers,4,5,Cutting along patterns and templates
3331,Glaziers,4,6,Breaking off sheets and excess glass with notched tools and glass pliers
3331,Glaziers,4,7,"Installing glass and mirrors in windows, skylights, display cases, interior walls and ceilings"
3331,Glaziers,4,8,Smoothing rough edges using belt sanders and smoothing wheels
3331,Glaziers,4,9,"May coat, cut, etch, trim and treat glass to achieve special effects"
3332,Plasterers,4,1,"Determining plasterboard layout, and installing insulation and vapour barriers"
3332,Plasterers,4,2,"Measuring, marking and cutting plasterboard, lifting and positioning panels, and securing them to walls, ceilings and battens"
3332,Plasterers,4,3,Preparing corner beads and securing them in position
3332,Plasterers,4,4,"Fixing pre-cast cornices, panel mouldings, ceiling centres and other plaster fittings"
3332,Plasterers,4,5,"Covering joins and nail holes with wet plaster and sealing compounds, and smoothing them using wet brushes and sand paper"
3332,Plasterers,4,6,"Mixing and applying coats of plaster, cement and render to structures using trowels, and levelling and smoothing coats to uniform thickness"
3332,Plasterers,4,7,"Plumbing and straightening corners, angles and wall and ceiling surfaces"
3332,Plasterers,4,8,Creating decorative textures in finishing coats
3332,Plasterers,4,9,"Applying and finishing acoustic, insulating and fireproofing materials bonded with plaster, plastic cement and similar materials"
3333,Roof Tilers,4,1,"Studying drawings, specifications and work sites to determine materials required"
3333,Roof Tilers,4,2,Erecting ladders and scaffolds
3333,Roof Tilers,4,3,Placing and securing waterproof sheets over eaves
3333,Roof Tilers,4,4,Nailing and stapling roofing underlay to roofs
3333,Roof Tilers,4,5,"Aligning starter rows of roofing material with edges of roofs, securing with wire, staples and nails, and overlapping successive layers of tiles"
3333,Roof Tilers,4,6,"Sizing and cutting roofing material to fit around vents, chimney edges, corners and ridges"
3333,Roof Tilers,4,7,Fixing edge and ridge tiles in cement mortar
3333,Roof Tilers,4,8,Slipping roofing material under pre-fabricated flashing and nailing it down
3333,Roof Tilers,4,9,Caulking and flashing exposed nail heads to prevent leaks
3334,Wall and Floor Tilers,4,1,"Examining plans, measuring and marking surfaces and laying out work"
3334,Wall and Floor Tilers,4,2,"Preparing wall and floor surfaces by removing old tiles, grout and adhesive, filling holes and cracks, and cleaning surfaces"
3334,Wall and Floor Tilers,4,3,"Spreading adhesive onto prepared surfaces and tiles, and setting tiles in position"
3334,Wall and Floor Tilers,4,4,"Using tile-cutting tools to cut and shape tiles needed for edges and corners, and around objects such as fittings and pipes"
3334,Wall and Floor Tilers,4,5,Ensuring tiles are correctly aligned and spaced
3334,Wall and Floor Tilers,4,6,"Grouting tiles, and cleaning and removing excess grout"
3334,Wall and Floor Tilers,4,7,Applying waterproofing systems
3334,Wall and Floor Tilers,4,8,"May lay floors of granolithic, terrazzo, cement or similar composition"
3334,Wall and Floor Tilers,4,9,May lay coloured tiles in patterns to create mosaics
3341,Plumbers,4,1,"Studying blueprints, drawings and specifications to determine the layout of plumbing systems and materials required"
3341,Plumbers,4,2,Setting out and installing hot and cold water systems and associated equipment
3341,Plumbers,4,3,"Installing water-based fire protections systems, including fire hydrants, hose reels and sprinkler systems"
3341,Plumbers,4,4,"Designing and installing sanitary plumbing and water supply systems, discharge pipes and sanitary fixtures"
3341,Plumbers,4,5,Fabricating and installing soil and waste stacks
3341,Plumbers,4,6,"Assembling and installing mechanical services plant, air handling and conditioning equipment and small bore heating systems"
3341,Plumbers,4,7,Installing sewerage and effluent pumping equipment and disposal systems
3341,Plumbers,4,8,Installing below-ground drainage systems and associated ground support systems
3341,Plumbers,4,9,"Installing gas appliances, flues and pressure regulating devices"
3341,Plumbers,4,10,"Fabricating and installing metal roofing, rainwater goods and flashings"
3411,Electricians,4,1,"Examining blueprints, wiring diagrams and specifications to determine sequences and methods of operation"
3411,Electricians,4,2,Measuring and laying out installation reference points
3411,Electricians,4,3,"Selecting, cutting and connecting wire and cable to terminals and connectors"
3411,Electricians,4,4,Using electrical and electronic test instruments to trace and diagnose faults
3411,Electricians,4,5,Repairing and replacing faulty wiring and defective parts
3411,Electricians,4,6,Positioning and installing electrical switchboards
3411,Electricians,4,7,Connecting electrical systems to power supply
3411,Electricians,4,8,Testing continuity of circuit
3411,Electricians,4,9,"Installing, testing and adjusting electric and mechanical parts of lifts"
3421,Airconditioning and Refrigeration Mechanics,4,1,"Establishing job requirements from drawings and specifications, and laying out installation reference points"
3421,Airconditioning and Refrigeration Mechanics,4,2,"Drilling holes, installing mounting brackets and cutting, bending and threading piping"
3421,Airconditioning and Refrigeration Mechanics,4,3,"Installing and repairing components such as compressors, motors, condensers, evaporators, switches and gauges, and copper lines for steam, gas, refrigerant, compressed air, oil and chilled water"
3421,Airconditioning and Refrigeration Mechanics,4,4,"Bolting, soldering, riveting, welding and brazing pipes to connect equipment, and checking alignment and accuracy of fit"
3421,Airconditioning and Refrigeration Mechanics,4,5,Filling systems with gas or fluid to check for leaks
3421,Airconditioning and Refrigeration Mechanics,4,6,"Test-operating refrigeration systems, checking mechanisms and making adjustments"
3421,Airconditioning and Refrigeration Mechanics,4,7,"Removing test gas and fluid using vacuum pumps, and filling with refrigerant"
3421,Airconditioning and Refrigeration Mechanics,4,8,"Checking and overhauling refrigeration systems, diagnosing faults and repairing and replacing defective components"
3421,Airconditioning and Refrigeration Mechanics,4,9,Adjusting system controls and mechanisms and reassembling systems
3421,Airconditioning and Refrigeration Mechanics,4,10,Recording causes of malfunctioning and action taken
3422,Electrical Distribution Trades Workers,4,1,"Installing conductors and aerial equipment, and underground cables and equipment"
3422,Electrical Distribution Trades Workers,4,2,Installing and maintaining equipment associated with electrical supply such as transformers
3422,Electrical Distribution Trades Workers,4,3,Attending to electrical breakdown and emergencies
3422,Electrical Distribution Trades Workers,4,4,"Maintaining poles and associated hardware, and continuity of electrical supply and street lighting"
3422,Electrical Distribution Trades Workers,4,5,Conducting routine maintenance on the aerial and underground electricity supply network
3422,Electrical Distribution Trades Workers,4,6,Conducting low-voltage switching operations
3422,Electrical Distribution Trades Workers,4,7,Fitting pole hardware and crossarms
3422,Electrical Distribution Trades Workers,4,8,Preparing lowand high-voltage cable joints and cable terminations while connecting and installing electrical equipment and overhead lines
3422,Electrical Distribution Trades Workers,4,9,Using heavy plant equipment such as elevated work platforms and portable equipment such as hydraulic drills
3422,Electrical Distribution Trades Workers,4,10,"May undertake substation installation and maintenance, and specialised testing and revenue meter installation"
3423,Electronics Trades Workers,4,1,"Examining and testing machines, equipment, instruments and control systems to diagnose faults"
3423,Electronics Trades Workers,4,2,"Adjusting, repairing, and replacing worn and defective parts and wiring, and maintaining machines, equipment and instruments"
3423,Electronics Trades Workers,4,3,"Reassembling, test operating and adjusting equipment"
3423,Electronics Trades Workers,4,4,Advising users of correct operating procedures to prevent malfunctions
3423,Electronics Trades Workers,4,5,"Receiving messages by interpreting code and converting to plain language, and writing and typing messages for transmission"
3423,Electronics Trades Workers,4,6,"Monitoring radio traffic, and transmitting and receiving voice messages"
3423,Electronics Trades Workers,4,7,Installing electronic instruments and control systems
3423,Electronics Trades Workers,4,8,"Applying knowledge of electrical, electronic, mechanical, hydraulic and pneumatic principles in commissioning and maintaining control systems"
3424,Telecommunications Trades Workers,4,1,"Examining drawings, specifications and work areas to determine positioning and connections for equipment to be installed"
3424,Telecommunications Trades Workers,4,2,"Locating faults in telecommunications equipment using instruments such as ohmmeters, voltmeters, ammeters and transmission measuring equipment"
3424,Telecommunications Trades Workers,4,3,Attaching wires and cables to appliances
3424,Telecommunications Trades Workers,4,4,"Adjusting, replacing and repairing faulty items, and testing equipment using electronic instruments"
3424,Telecommunications Trades Workers,4,5,"Installing cabling for telephone, radio, pay tv and computer transmission"
3424,Telecommunications Trades Workers,4,6,Joining cables and sealing sheaths with lead and thermoplastic
3424,Telecommunications Trades Workers,4,7,"Erecting, testing and maintaining aerial and underground wires and cables, and radio and mobile phone antennae"
3424,Telecommunications Trades Workers,4,8,"Installing telecommunications equipment and appliances such as telephones, switchboards and data transmission equipment"
3511,Bakers and Pastrycooks,4,1,Checking the cleanliness of equipment and operation of premises before production runs to ensure compliance with occupational health and safety regulations
3511,Bakers and Pastrycooks,4,2,Checking the quality of raw materials and weighing ingredients
3511,Bakers and Pastrycooks,4,3,"Kneading, maturing, cutting, moulding, mixing and shaping dough and pastry goods"
3511,Bakers and Pastrycooks,4,4,Preparing pastry fillings
3511,Bakers and Pastrycooks,4,5,Monitoring oven temperatures and product appearance to determine baking times
3511,Bakers and Pastrycooks,4,6,"Coordinating the forming, loading, baking, unloading, de-panning and cooling of batches of bread, rolls and pastry products"
3511,Bakers and Pastrycooks,4,7,"Glazing buns and pastries, and decorating cakes with cream and icing"
3511,Bakers and Pastrycooks,4,8,Operating machines which roll and mould dough and cut biscuits
3511,Bakers and Pastrycooks,4,9,"Emptying, cleaning and greasing baking trays, tins and other cooking equipment"
3512,Butchers and Smallgoods Makers,4,1,"Preparing meat for sale by removing bones, trimming fat and cutting, mincing and grinding meat to shape and size for display or as ordered"
3512,Butchers and Smallgoods Makers,4,2,"Preparing crumbed cuts of meat, and marinating, seasoning and curing special cuts"
3512,Butchers and Smallgoods Makers,4,3,Selecting and preparing meat to produce smallgoods
3512,Butchers and Smallgoods Makers,4,4,"Operating machines to grind, mix, mince and tenderise meat"
3512,Butchers and Smallgoods Makers,4,5,"Making seasonings and pickles by mixing spices, salt and other ingredients"
3512,Butchers and Smallgoods Makers,4,6,"Operating sausage filling machines, smoking chambers, and cooking kettles and vats"
3512,Butchers and Smallgoods Makers,4,7,Advising customers on the suitability and uses of cuts of meat
3512,Butchers and Smallgoods Makers,4,8,"May assist in menu planning and scheduling, and in estimating food production costs"
3513,Chefs,4,1,"Planning menus, estimating food and labour costs, and ordering food supplies"
3513,Chefs,4,2,Monitoring quality of dishes at all stages of preparation and presentation
3513,Chefs,4,3,"Discussing food preparation issues with managers, dietitians and kitchen and waiting staff"
3513,Chefs,4,4,Demonstrating techniques and advising on cooking procedures
3513,Chefs,4,5,Preparing and cooking food
3513,Chefs,4,6,Explaining and enforcing hygiene regulations
3513,Chefs,4,7,May select and train staff
3513,Chefs,4,8,May freeze and preserve foods
3514,Cooks,4,1,Examining foodstuffs to ensure quality
3514,Cooks,4,2,"Regulating temperatures of ovens, grills and other cooking equipment"
3514,Cooks,4,3,Preparing and cooking food
3514,Cooks,4,4,Seasoning food during cooking
3514,Cooks,4,5,"Portioning food, placing it on plates, and adding gravies, sauces and garnishes"
3514,Cooks,4,6,Storing food in temperature controlled facilities
3514,Cooks,4,7,Preparing food to meet special dietary requirements
3514,Cooks,4,8,May plan menus and estimate food requirements
3514,Cooks,4,9,May train other kitchen staff and apprentices
3611,Animal Attendants and Trainers,4,1,Teaching animals to obey verbal and non-verbal commands and addressing behavioural problems
3611,Animal Attendants and Trainers,4,2,Training animals to accept riders and pull vehicles
3611,Animal Attendants and Trainers,4,3,Training animals to perform in competitions
3611,Animal Attendants and Trainers,4,4,"Bathing, cutting, combing, blow-drying and styling pets' coats, clipping their nails and cleaning their ears"
3611,Animal Attendants and Trainers,4,5,"Inspecting, preparing, cleaning, disinfecting and maintaining comfortable animal cages and enclosures"
3611,Animal Attendants and Trainers,4,6,"Transporting food, filling water troughs and feeding animals according to their individual needs"
3611,Animal Attendants and Trainers,4,7,"Maintaining animal health records, treating minor injuries and reporting serious conditions to veterinarians"
3611,Animal Attendants and Trainers,4,8,"Exercising and playing with animals, answering visitor questions, and transferring animals between enclosures by leading or carrying them"
3611,Animal Attendants and Trainers,4,9,"Dusting and spraying insecticides on animals and immersing them in insecticide baths, to control insect pests"
3612,Shearers,4,1,Selecting and preparing shearing equipment
3612,Shearers,4,2,Catching and positioning animals for shearing
3612,Shearers,4,3,Shearing and removing wool and hair from animals
3612,Shearers,4,4,"Identifying contaminated fibre and injured, infected and diseased animals"
3612,Shearers,4,5,Treating skin cuts
3612,Shearers,4,6,Returning shorn animals to let-out pens for counting and checking
3612,Shearers,4,7,"May service, maintain and repair shearing equipment"
3612,Shearers,4,8,May shear stud animals with hand shears or special combs
3613,Veterinary Nurses,4,1,Holding animals to allow examination and treatment by veterinarians
3613,Veterinary Nurses,4,2,Cleaning and sterilising examination tables and equipment
3613,Veterinary Nurses,4,3,Preparing instruments and handing them to the veterinarian
3613,Veterinary Nurses,4,4,Assisting veterinarians to administer anaesthetics and oxygen during operations
3613,Veterinary Nurses,4,5,Placing animals in cages for recovery from operations and monitoring their condition
3613,Veterinary Nurses,4,6,Giving medications to animals
3613,Veterinary Nurses,4,7,Maintaining stock control and records
3613,Veterinary Nurses,4,8,"Providing animal care advice, and preparing, delivering, and reviewing animal care education programs"
3613,Veterinary Nurses,4,9,May perform diagnostic laboratory tests
3613,Veterinary Nurses,4,10,"May act as receptionist, accept payments and undertake clerical work"
3621,Florists,4,1,Planning and designing floral arrangements
3621,Florists,4,2,"Arranging supply and storage of flowers, greenery, decorations and other items"
3621,Florists,4,3,Treating flowers to extend their life
3621,Florists,4,4,"Selecting, trimming and arranging flowers and other materials"
3621,Florists,4,5,"Packing, wrapping, and attaching message cards to, and organising delivery of, completed arrangements"
3621,Florists,4,6,Serving customers and accepting payments
3621,Florists,4,7,Advising customers on the selection of flowers and floral arrangements
3621,Florists,4,8,"May decorate hotels, churches, halls and other facilities for special events"
3622,Gardeners,4,1,Preparing and maintaining seedbeds and growing sites
3622,Gardeners,4,2,"Propagating and planting trees, bushes, hedges, flowers and bulbs"
3622,Gardeners,4,3,"Preparing lawn areas by spreading top soil and planting grass, and by laying instant turf"
3622,Gardeners,4,4,"Maintaining planted and grassed areas by weeding, trimming, fertilising, watering and mowing"
3622,Gardeners,4,5,"Pruning trees and hedges, and installing plant support and protection devices"
3622,Gardeners,4,6,"Preparing plans and drawings, selecting materials and plants, and scheduling landscape construction"
3622,Gardeners,4,7,Setting out and installing hardscape and softscape structures
3622,Gardeners,4,8,"Constructing gravel and paved areas, walls, fences, pergolas, ponds, barbecues and garden furniture"
3622,Gardeners,4,9,Examining trees to assess their condition and determine treatment
3622,Gardeners,4,10,Lopping limbs off trees and shaping branches using chain and handsaws
3622,Gardeners,4,11,"Spraying and dusting plants and trees to control insects and disease, and felling diseased trees"
3623,Greenkeepers,4,1,Preparing seedbeds for new turf
3623,Greenkeepers,4,2,"Establishing and maintaining turf by watering, over sowing or over seeding, and repairing green damage"
3623,Greenkeepers,4,3,"Mowing, rolling and levelling turf"
3623,Greenkeepers,4,4,"Pegging and marking out lines and logos, installing nets, posts and stumps, and placing other sports equipment on playing areas"
3623,Greenkeepers,4,5,"Operating and maintaining hand and power driven equipment such as mowers, aerators, cultivators, corers and line marking equipment"
3623,Greenkeepers,4,6,"Constructing cricket wickets, tennis courts, and bowling, croquet and golf greens"
3623,Greenkeepers,4,7,"Replanting, repairing, aerating, fertilising and top dressing lawns"
3623,Greenkeepers,4,8,Installing and maintaining synthetic surfaces
3623,Greenkeepers,4,9,"May maintain buildings, fences and surrounding gardens"
3624,Nurserypersons,4,1,Preparing potting media and containers before planting
3624,Nurserypersons,4,2,"Selecting seeds, bulbs and cuttings, and planting them in beds, lawn areas and tubs"
3624,Nurserypersons,4,3,Budding and grafting vegetative material onto root stock
3624,Nurserypersons,4,4,Watering plants manually and controlling automatic watering operations
3624,Nurserypersons,4,5,"Applying pesticides to control pests, diseases, weeds and nutritional and environmental plant disorders"
3624,Nurserypersons,4,6,"Keeping records of soil mixtures, plantings, treatments, losses and yields"
3624,Nurserypersons,4,7,Selecting plants and packaging them for presentation and delivery
3624,Nurserypersons,4,8,Advising customers on plant care and appropriate plants for local conditions
3624,Nurserypersons,4,9,May plan sales area layouts and visual merchandise presentation
3911,Hairdressers,4,1,"Providing advice on hair care, beauty products and hairstyles"
3911,Hairdressers,4,2,Shampooing hair and conditioning scalps
3911,Hairdressers,4,3,"Colouring, straightening and permanently waving hair with chemical solutions"
3911,Hairdressers,4,4,"Cutting hair with scissors, clippers and razors"
3911,Hairdressers,4,5,Styling hair into dreadlocks and braids and adding hair extensions
3911,Hairdressers,4,6,Shaving and trimming beards and moustaches
3911,Hairdressers,4,7,Cleaning work areas and sanitising instruments
3911,Hairdressers,4,8,Arranging appointments and collecting payments
3911,Hairdressers,4,9,"May clean, colour, cut and style wigs and hairpieces"
3921,Print Finishers and Screen Printers,4,1,Setting up and supervising the operation of automatic binding and finishing equipment
3921,Print Finishers and Screen Printers,4,2,"Binding full, half and limp-bound books, and repairing bindings"
3921,Print Finishers and Screen Printers,4,3,"Folding, collating and sewing signatures by machine and hand"
3921,Print Finishers and Screen Printers,4,4,"Operating paper guillotines for pre-press and post-press paper cutting and trimming, and programming electronically operated units"
3921,Print Finishers and Screen Printers,4,5,"Operating systems to insert printed material into newspapers, magazines and envelopes"
3921,Print Finishers and Screen Printers,4,6,Embellishing printed products automatically and manually
3921,Print Finishers and Screen Printers,4,7,Operating photographic and electronic reproduction devices
3921,Print Finishers and Screen Printers,4,8,Preparing stencils using computer and hand-cut methods
3921,Print Finishers and Screen Printers,4,9,"Selecting, mixing and matching coloured inks and loading into screen printing presses"
3921,Print Finishers and Screen Printers,4,10,"Loading printed items into drying racks, and unloading and stacking dry items"
3922,Graphic Pre-press Trades Workers,4,1,"Operating graphic cameras and other photographic equipment to reproduce camera-ready copy onto films, plates and digital output devices"
3922,Graphic Pre-press Trades Workers,4,2,"Using computer applications to generate images, text, layouts and impositions for print and other visual media displays"
3922,Graphic Pre-press Trades Workers,4,3,"Operating plate making equipment to reproduce images from film to printing plates, digital output devices and presses"
3922,Graphic Pre-press Trades Workers,4,4,"Operating computer screen-based equipment for scanning, colour separation, colour correction, masking, creative design, combining, imposing, retouching, and other processes used to transfer copy to film and produce film for plate, digital output and cylinder productions"
3922,Graphic Pre-press Trades Workers,4,5,"Carrying out digital and chemical proofing from digital systems, and negative and positive films"
3922,Graphic Pre-press Trades Workers,4,6,"Evaluating printed proofs, checking and correcting them for quality"
3922,Graphic Pre-press Trades Workers,4,7,"Preparing and exposing carbon tissue for laying on cylinders by transfer method, and developing images"
3923,Printers,4,1,"Setting, adjusting and monitoring substrate-feed mechanisms, delivery mechanisms, inking systems and other printing machine functions"
3923,Printers,4,2,"Mixing ink and solvents to standard, and regulating paper and ink supply during print runs"
3923,Printers,4,3,"Monitoring, evaluating and determining press operations manually and by computer to check print quality standards against proofs and detect malfunctions"
3923,Printers,4,4,"Producing a variety of printed products using relief, lithographic, flexographic and gravure printing presses, and in-line finishing systems"
3923,Printers,4,5,"Preparing plates, blankets and impression cylinders on small offset lithographic printing presses"
3923,Printers,4,6,Loading paper into feeding mechanisms
3923,Printers,4,7,Monitoring machine operations and quality of printing
3923,Printers,4,8,"Undertaking maintenance, adjustment, repair and cleaning of machines"
3923,Printers,4,9,"Producing and managing digital print images, and transferring and outputting images"
3923,Printers,4,10,May set up and operate paper and bookbinding guillotines
3931,Canvas and Leather Goods Makers,4,1,"Cutting and preparing canvas, leather and sailcloth to design specifications, patterns and drawings"
3931,Canvas and Leather Goods Makers,4,2,"Sewing, gluing and riveting sections of canvas together to make articles such as awnings, tents, tarpaulins and horse rugs"
3931,Canvas and Leather Goods Makers,4,3,"Attaching grommets, fastenings and other fittings to canvas goods"
3931,Canvas and Leather Goods Makers,4,4,"Joining parts of leather articles using rivets, hand sewing, sewing machines, tools and adhesive"
3931,Canvas and Leather Goods Makers,4,5,Restoring and repairing leather articles
3931,Canvas and Leather Goods Makers,4,6,Fabricating sails
3931,Canvas and Leather Goods Makers,4,7,Designing patterns and prototypes of boots and shoes
3931,Canvas and Leather Goods Makers,4,8,Making and grading patterns using manual and computerised methods
3931,Canvas and Leather Goods Makers,4,9,"Clicking synthetics, corrected grains, leather linings and leather outers by hand and machine"
3931,Canvas and Leather Goods Makers,4,10,Altering and repairing footwear
3932,Clothing Trades Workers,4,1,"Conferring with customers to determine material, styles and designs of garments"
3932,Clothing Trades Workers,4,2,"Interpreting designs, sketches and samples to determine pattern specifications"
3932,Clothing Trades Workers,4,3,Cutting out master patterns
3932,Clothing Trades Workers,4,4,Laying up and cutting fabric
3932,Clothing Trades Workers,4,5,"Pinning, basting and draping garment parts"
3932,Clothing Trades Workers,4,6,Sewing garments
3932,Clothing Trades Workers,4,7,Fitting basted garments on customers and marking areas requiring alteration
3932,Clothing Trades Workers,4,8,"Sewing buttonholes, and sewing on buttons, hooks, eyes and press fasteners to finish garments"
3932,Clothing Trades Workers,4,9,Pressing and finishing work
3933,Upholsterers,4,1,Conferring with clients to determine materials and cost of furniture items to be made or repaired
3933,Upholsterers,4,2,"Making and repairing wooden frames, and removing and replacing defective springs"
3933,Upholsterers,4,3,"Removing coverings, webbing and padding from old furniture"
3933,Upholsterers,4,4,"Securing material, padding, springs and webbing to articles to be upholstered"
3933,Upholsterers,4,5,Measuring and cutting materials and covering furniture
3933,Upholsterers,4,6,Seaming cushions and joining sections of covering material
3933,Upholsterers,4,7,"Attaching ornamental trims, braids and buttons"
3933,Upholsterers,4,8,Padding and covering spring units to upholster mattresses
3933,Upholsterers,4,9,May finish wooden surfaces on furniture
3933,Upholsterers,4,10,May remove stains from fabric
3941,Cabinetmakers,4,1,"Examining drawings, work orders and sample parts to determine specifications"
3941,Cabinetmakers,4,2,"Selecting and working with materials such as timber, veneers, particle board and synthetic wood"
3941,Cabinetmakers,4,3,"Marking out, cutting and shaping wood"
3941,Cabinetmakers,4,4,Working from drawings and specifications to make furniture
3941,Cabinetmakers,4,5,"Making fittings for boats, caravans and other items where fine detail is required"
3941,Cabinetmakers,4,6,Assembling parts to form sections of furniture and completed articles
3941,Cabinetmakers,4,7,"Fitting hinges, locks, catches, drawers and shelves"
3941,Cabinetmakers,4,8,Making frames for chairs and couches
3941,Cabinetmakers,4,9,May repair and refurbish furniture and antiques
3942,Wood Machinists and Other Wood Trades Workers,4,1,"Studying drawings, work orders and sample parts to determine specifications"
3942,Wood Machinists and Other Wood Trades Workers,4,2,Determining tooling and machine requirements and sequence of operations
3942,Wood Machinists and Other Wood Trades Workers,4,3,"Setting up woodworking machines and wood stock for correct cutting, planning, turning, shaping and sanding"
3942,Wood Machinists and Other Wood Trades Workers,4,4,"Operating machines to cut, plane, turn, shape and sand work pieces"
3942,Wood Machinists and Other Wood Trades Workers,4,5,"Removing old finishes by stripping with steel wool and glasspaper, and by applying solvents and paint strippers, and removing softened finishes by scraping"
3942,Wood Machinists and Other Wood Trades Workers,4,6,"Applying varnish, shellac, lacquer, stains and paint to surfaces and polishing and waxing finished surfaces"
3942,Wood Machinists and Other Wood Trades Workers,4,7,Fitting and fastening frame pieces
3942,Wood Machinists and Other Wood Trades Workers,4,8,Mounting backing materials and subjects for framing
3991,Boat Builders and Shipwrights,4,1,"Studying plans and specifications, and preparing templates and scale plans for fabrication and cutting of hull sections"
3991,Boat Builders and Shipwrights,4,2,Marking reference points and lines on dry docks and slipways
3991,Boat Builders and Shipwrights,4,3,Checking position and functioning of slipway apparatus
3991,Boat Builders and Shipwrights,4,4,Assembling shells of boats and erecting hull sections of ship
3991,Boat Builders and Shipwrights,4,5,"Erecting and preparing launching platforms, conducting pre-launch tests and supervising launching procedures"
3991,Boat Builders and Shipwrights,4,6,"Installing masts, frames, decking, fittings, machines, shafts and safety equipment"
3991,Boat Builders and Shipwrights,4,7,"Building and installing structures such as cabins, machine mountings, propeller supports and rudders"
3991,Boat Builders and Shipwrights,4,8,Determining repair requirements and procedures
3991,Boat Builders and Shipwrights,4,9,"May make hull moulds and fabricate and repair vessels using materials such as aluminium, wood, glass, reinforced plastics, carbon fibre, kevlar, fibreglass and concrete"
3992,"Chemical, Gas, Petroleum and Power Plant Operators",4,1,"Controlling equipment performing continuous and batch processes to process chemicals and natural gas, manufacture refined petroleum products, and blend petroleum base stocks to produce commercial fuels, lubricating oils and asphalt"
3992,"Chemical, Gas, Petroleum and Power Plant Operators",4,2,"Controlling the preparation, measuring and feeding of raw material and processing agents such as catalysts and filtering media into plant"
3992,"Chemical, Gas, Petroleum and Power Plant Operators",4,3,Patrolling and inspecting equipment to ensure proper operation and setting operating controls on equipment
3992,"Chemical, Gas, Petroleum and Power Plant Operators",4,4,Analysing samples and readings and recording test data
3992,"Chemical, Gas, Petroleum and Power Plant Operators",4,5,"Controlling records of production, quantities transferred and details of blending and pumping operations"
3992,"Chemical, Gas, Petroleum and Power Plant Operators",4,6,Checking equipment for malfunctions and arranging maintenance
3992,"Chemical, Gas, Petroleum and Power Plant Operators",4,7,Operating power generation plant controls to produce required load
3992,"Chemical, Gas, Petroleum and Power Plant Operators",4,8,Monitoring operation of power generation plant and interpreting instrument readings
3992,"Chemical, Gas, Petroleum and Power Plant Operators",4,9,Authorising procedures to isolate high-voltage and low-voltage electrical apparatus and plant
3992,"Chemical, Gas, Petroleum and Power Plant Operators",4,10,"Writing reports and maintaining records on equipment performance, instrument readings and switching operations"
3992,"Chemical, Gas, Petroleum and Power Plant Operators",4,11,Carrying out routine operating tests
3993,"Gallery, Library and Museum Technicians",4,1,Mounting and preparing objects for display
3993,"Gallery, Library and Museum Technicians",4,2,"Designing and arranging exhibit furnishings, display cases and display areas"
3993,"Gallery, Library and Museum Technicians",4,3,Assisting in setting up lighting and display equipment
3993,"Gallery, Library and Museum Technicians",4,4,"Receiving, shipping, packing and unpacking exhibits"
3993,"Gallery, Library and Museum Technicians",4,5,Ordering new library materials and maintaining library records and circulation systems
3993,"Gallery, Library and Museum Technicians",4,6,Cataloguing printed and recorded material
3993,"Gallery, Library and Museum Technicians",4,7,Entering data into databases and editing computer records
3993,"Gallery, Library and Museum Technicians",4,8,Operating audiovisual and reprographic equipment
3993,"Gallery, Library and Museum Technicians",4,9,Searching and verifying bibliographic data
3994,Jewellers,4,1,Examining designs and specifications for jewellery and precious metal objects
3994,Jewellers,4,2,"Shaping moulded metal by cutting, filing, beating, turning and bending, using specialised hand and power tools"
3994,Jewellers,4,3,"Assembling articles by soldering, screwing, riveting and otherwise joining"
3994,Jewellers,4,4,"Securing precious stones in retaining prongs and ridges, and smoothing and checking final settings"
3994,Jewellers,4,5,"Engraving designs on ring settings, brooches, bracelets and other articles"
3994,Jewellers,4,6,"Repairing jewellery by soldering, replacing and rebuilding worn and broken parts"
3994,Jewellers,4,7,Appraising the quality and value of jewellery
3994,Jewellers,4,8,"Cutting and dividing stones to approximate final shape, using precision hand and power tools and jigs"
3994,Jewellers,4,9,"Securing stones and shapes, cutting angles, smoothing and polishing"
3994,Jewellers,4,10,"Finishing articles using files, emery paper and buffing machines"
3994,Jewellers,4,11,Restyling old jewellery
3995,Performing Arts Technicians,4,1,Operating microwave equipment to transmit video information to transmitter sites and receiving video signals from remote locations
3995,Performing Arts Technicians,4,2,Maintaining and repairing radio and television transmitters and associated equipment
3995,Performing Arts Technicians,4,3,"Selecting and attaching equipment to cameras, positioning cameras, and following the action of scenes being photographed while adjusting controls"
3995,Performing Arts Technicians,4,4,"Positioning equipment, such as spotlights, floodlights and cables, and operating lights during filming, broadcasting and stage performances"
3995,Performing Arts Technicians,4,5,"Applying and retouching make up during shooting and performance, including special effects make up such as scars and wounds"
3995,Performing Arts Technicians,4,6,"Designing and making musical instruments and instrument parts using specially selected materials and techniques similar to those used in cabinetmaking, metal pipe making, silversmithing and wood carving, and tuning and repairing musical instruments"
3995,Performing Arts Technicians,4,7,"Setting up and adjusting equipment such as microphones, and operating sound mixing consoles and associated equipment to regulate volume and sound quality"
3995,Performing Arts Technicians,4,8,"Selecting and setting up television recording, editing and mixing equipment, and adjusting and monitoring their operation"
3996,Signwriters,4,1,"Conferring with clients and responding to proposals, sketches and written instructions to determine composition of signs"
3996,Signwriters,4,2,Designing and creating signs and graphics using computer software and signmaking machines
3996,Signwriters,4,3,"Designing and creating signs by measuring and calculating letter size, preparing the surface, applying background paint using brushes, sprays and rollers, and creating the letters using brushes, stencils, enamel paint and decals"
3996,Signwriters,4,4,"Designing and creating wall murals, screen prints, gold leaf work and custom vehicle art"
3996,Signwriters,4,5,"Painting signs and lettering using lacquers, varnishes, paints and other materials"
3996,Signwriters,4,6,"Painting signs on brick, metal, timber, glass, plastic and other surfaces"
3996,Signwriters,4,7,Making and erecting three dimensional signs
3996,Signwriters,4,8,Preparing cost estimates for labour and materials
3996,Signwriters,4,9,May erect and work on scaffolding
3996,Signwriters,4,10,May install signs on-site
3999,Other Miscellaneous Technicians and Trades Workers,4,1,"Swims underwater to undertake tasks such as seafood gathering, research, salvage and construction"
3999,Other Miscellaneous Technicians and Trades Workers,4,2,Plans the interior design of commercial or residential premises and arranges for decorating work to be done
3999,Other Miscellaneous Technicians and Trades Workers,4,3,"Interprets optical prescriptions, and fits and services optical appliances such as spectacle frames and lenses"
3999,Other Miscellaneous Technicians and Trades Workers,4,4,"Operates machines to grind, polish and surface optical lenses to meet prescription requirements, and fits lenses to spectacle frames"
3999,Other Miscellaneous Technicians and Trades Workers,4,5,Assists photographers in taking and developing photographs
3999,Other Miscellaneous Technicians and Trades Workers,4,6,"Sets up, adjusts, repairs and troubleshoots machines which manufacture plastics products"
3999,Other Miscellaneous Technicians and Trades Workers,4,7,Classifies wool to industry standards or market requirements
4111,Ambulance Officers and Paramedics,4,1,"Attending accidents, emergencies and requests for medical assistance"
4111,Ambulance Officers and Paramedics,4,2,"Assessing health of patients, determining need for assistance, and assessing specialised needs and factors affecting patients' conditions"
4111,Ambulance Officers and Paramedics,4,3,Performing therapies and administering drugs according to protocol
4111,Ambulance Officers and Paramedics,4,4,Resuscitating and defibrillating patients and operating life-support equipment
4111,Ambulance Officers and Paramedics,4,5,Transporting accident victims to medical facilities
4111,Ambulance Officers and Paramedics,4,6,Transporting sick and disabled persons to and from medical facilities for specialised treatment and rehabilitation
4111,Ambulance Officers and Paramedics,4,7,Instructing community groups and essential service workers in first aid
4111,Ambulance Officers and Paramedics,4,8,Attending public gatherings and sporting events where accidents and other health emergencies may occur
4111,Ambulance Officers and Paramedics,4,9,"Ensuring that ambulances are adequately maintained and stocked with medical supplies, and that equipment is in good working order"
4111,Ambulance Officers and Paramedics,4,10,Preparing written reports on the state of patients' injuries and treatment provided
4112,"Dental Hygienists, Technicians and Therapists",4,1,"Providing educational programs to motivate children, parents and the community in matters relating to oral health"
4112,"Dental Hygienists, Technicians and Therapists",4,2,Providing fluoride therapy by applying remineralising solutions and desensitising agents
4112,"Dental Hygienists, Technicians and Therapists",4,3,Removing deposits from teeth
4112,"Dental Hygienists, Technicians and Therapists",4,4,Applying non-invasive fissure sealants to teeth
4112,"Dental Hygienists, Technicians and Therapists",4,5,Taking impressions of the mouth
4112,"Dental Hygienists, Technicians and Therapists",4,6,Taking dental radiographs
4112,"Dental Hygienists, Technicians and Therapists",4,7,Administering local anaesthesia by infiltration and mandibular nerve block
4112,"Dental Hygienists, Technicians and Therapists",4,8,Fabricating full and partial dentures
4112,"Dental Hygienists, Technicians and Therapists",4,9,"Constructing mouth guards, crowns, metal clasps, inlays, bridgework and other aids"
4112,"Dental Hygienists, Technicians and Therapists",4,10,Repairing and relining denture bases
4113,Diversional Therapists,4,1,"Planning and implementing leisure activity programs for individuals in health care and in the community to assist in their social development, and promote their sense of wellbeing"
4113,Diversional Therapists,4,2,Identifying individual needs through task analysis
4113,Diversional Therapists,4,3,"Evaluating and assessing clients' levels of abilities, interests, needs, strengths and weaknesses, and their ability to carry out a range of tasks and interact with others"
4113,Diversional Therapists,4,4,Maintaining a knowledge of resources available within a facility and within the community
4113,Diversional Therapists,4,5,Organising leisure and recreational events
4113,Diversional Therapists,4,6,Assisting with training and supervising volunteers and staff
4113,Diversional Therapists,4,7,Providing information on available support resources within the local community
4113,Diversional Therapists,4,8,Encouraging and supporting clients to take part in activities suited to their particular needs and interests
4113,Diversional Therapists,4,9,"Adapting programs to suit individual clients' needs, interests, skills and abilities"
4114,Enrolled and Mothercraft Nurses,4,1,"Assessing, planning and implementing nursing care for patients according to accepted nursing practice and standards"
4114,Enrolled and Mothercraft Nurses,4,2,"Providing interventions, treatments and therapies such as administering medications, and monitoring responses to treatments and care plans"
4114,Enrolled and Mothercraft Nurses,4,3,Assisting registered nurses and other team members to coordinate and evaluate care provided
4114,Enrolled and Mothercraft Nurses,4,4,Promoting and assisting in health education activities for the prevention of ill health
4114,Enrolled and Mothercraft Nurses,4,5,"Bathing, feeding, changing and settling newborn infants"
4114,Enrolled and Mothercraft Nurses,4,6,Providing advice and training on infant care to parents of newborn infants
4114,Enrolled and Mothercraft Nurses,4,7,Providing emotional support to parents of newborn infants
4115,Indigenous Health Workers,4,1,Maintaining health records and statistics
4115,Indigenous Health Workers,4,2,"Acting as an advocate in the community they serve, and as a communicator and interpreter on behalf of clients and other health workers"
4115,Indigenous Health Workers,4,3,"Providing clinical functions, such as case management and follow-up, independently or in consultation with other health care providers"
4115,Indigenous Health Workers,4,4,Providing health education to individual clients and staff in health facilities
4115,Indigenous Health Workers,4,5,Providing cultural education to persons outside the cultural community and life skills education to the community they serve
4115,Indigenous Health Workers,4,6,Providing counselling and referring clients to other health care providers where necessary
4116,Massage Therapists,4,1,"Massaging the soft tissues of the body, such as muscles, tendons and ligaments, to assist healing"
4116,Massage Therapists,4,2,Utilising a range of massage techniques to enhance sports performance and prevent injury
4116,Massage Therapists,4,3,"Administering treatments to promote relaxation, improve circulation and relieve muscle tension"
4116,Massage Therapists,4,4,Assessing and treating specific soft tissue dysfunction and providing rehabilitation advice
4116,Massage Therapists,4,5,"Employing other techniques, such as acupressure or shiatsu, and complementary aids, such as infra-red lamps, wet compresses, ice, essential oils and herbal and mineral therapies, to assist recovery"
4116,Massage Therapists,4,6,Assessing client's physical condition and case history and advising on stretching exercises and relaxation techniques
4117,Welfare Support Workers,4,1,"Assessing clients' needs and planning, developing and implementing educational, training and support programs"
4117,Welfare Support Workers,4,2,Interviewing clients and assessing the nature and extent of difficulties
4117,Welfare Support Workers,4,3,Monitoring and reporting on the progress of clients
4117,Welfare Support Workers,4,4,Referring clients to agencies that can provide additional help
4117,Welfare Support Workers,4,5,"Assessing community need and resources for health, welfare, housing, employment, training and other facilities and services"
4117,Welfare Support Workers,4,6,"Liaising with community groups, welfare agencies, government bodies and private businesses about community issues and promoting awareness of community resources and services"
4117,Welfare Support Workers,4,7,"Supporting families and providing education and care for children and disabled persons in adult service units, group housing and government institutions"
4117,Welfare Support Workers,4,8,Supervising offenders on probation and parole
4117,Welfare Support Workers,4,9,"Assisting young people to solve social, emotional and financial problems"
4117,Welfare Support Workers,4,10,"Preparing submissions for funding and resources, and reports to government bodies and other agencies"
4211,Child Carers,4,1,Assisting in the preparation of materials and equipment for children's education and recreational activities
4211,Child Carers,4,2,Managing children's behaviour and guiding children's social development
4211,Child Carers,4,3,Preparing and conducting activities for children
4211,Child Carers,4,4,Entertaining children by reading and playing games
4211,Child Carers,4,5,Supervising children in recreational activities
4211,Child Carers,4,6,Supervising the daily routine of children
4211,Child Carers,4,7,Supervising the hygiene of children
4221,Education Aides,4,1,"Demonstrating, supervising and participating in activities which enhance the physical, social, emotional and intellectual development of children in schools and preschool centres"
4221,Education Aides,4,2,Preparing indoor and outdoor areas for learning and recreational activities
4221,Education Aides,4,3,"Assisting children with intellectual, physical and behavioural difficulties with their academic studies"
4221,Education Aides,4,4,Assisting children individually to learn social skills
4221,Education Aides,4,5,"Assisting with preparing teaching aids, and copying and collating written and printed material"
4221,Education Aides,4,6,Distributing and collecting lesson material
4221,Education Aides,4,7,"Providing assistance to small groups of aboriginal, torres strait islander and maori students"
4221,Education Aides,4,8,"Providing home-school liaison and counselling for aboriginal, torres strait islander and maori students and their families"
4231,Aged and Disabled Carers,4,1,Accompanying aged and disabled persons during daily activities
4231,Aged and Disabled Carers,4,2,Assisting clients with their mobility
4231,Aged and Disabled Carers,4,3,Preparing food for clients
4231,Aged and Disabled Carers,4,4,Arranging social activities
4231,Aged and Disabled Carers,4,5,Performing housekeeping tasks such as vacuuming and cleaning
4231,Aged and Disabled Carers,4,6,Assisting in personal hygiene and dressing
4231,Aged and Disabled Carers,4,7,"Providing companionship, friendship and emotional support"
4231,Aged and Disabled Carers,4,8,May do shopping and run errands
4231,Aged and Disabled Carers,4,9,May live in with the person
4232,Dental Assistants,4,1,Receiving and preparing patients
4232,Dental Assistants,4,2,"Arranging and handing instruments, medication, and other dental requisites to dental practitioners"
4232,Dental Assistants,4,3,Preparing dental materials and processing x-rays
4232,Dental Assistants,4,4,Using suction devices and water sprays
4232,Dental Assistants,4,5,Performing routine maintenance on equipment
4232,Dental Assistants,4,6,Sterilising and preventing cross infection of equipment
4232,Dental Assistants,4,7,May advise patients on dental health education and post-operative care and procedures
4232,Dental Assistants,4,8,May act as receptionist for dental practitioners
4232,Dental Assistants,4,9,May perform billing and other clerical tasks
4233,Nursing Support and Personal Care Workers,4,1,"Assisting patients with their personal care needs such as showering, dressing and eating"
4233,Nursing Support and Personal Care Workers,4,2,Assisting patients with their mobility and communication needs
4233,Nursing Support and Personal Care Workers,4,3,Participating in planning the care of individuals
4233,Nursing Support and Personal Care Workers,4,4,Following therapy plans such as interventions to assist those with dementia and behavioural problems
4233,Nursing Support and Personal Care Workers,4,5,"Observing and reporting changes in patients' condition, and reporting complaints about care"
4233,Nursing Support and Personal Care Workers,4,6,"Assisting with rehabilitation exercises, basic treatment and delivering medications"
4233,Nursing Support and Personal Care Workers,4,7,Providing direct support and assistance to therapists
4234,Special Care Workers,4,1,Planning and implementing programs of supervision and care for children in residential care
4234,Special Care Workers,4,2,"Supervising and arranging activities to enhance the physical, social, emotional and intellectual development of children in residential care"
4234,Special Care Workers,4,3,"Waking children and ensuring they are washed, dressed, fed and ready for educational and recreational activities"
4234,Special Care Workers,4,4,Supervising children during domestic activities such as eating meals and showering
4234,Special Care Workers,4,5,"Maintaining discipline, enforcing regulations and behaviour standards, compiling disciplinary reports and assisting in implementing remedial measures"
4234,Special Care Workers,4,6,Organising refuge accommodation
4234,Special Care Workers,4,7,Providing emotional support to residents of refuges
4234,Special Care Workers,4,8,Referring residents of refuges for health and welfare assistance
4234,Special Care Workers,4,9,Ensuring security of refuge
4311,Bar Attendants and Baristas,4,1,"Preparing, serving and selling cocktails, mixed drinks, bottled, canned and other alcoholic and non-alcoholic beverages, and a variety of coffee beverages such as lattes, cappuccinos and other espresso-based beverages"
4311,Bar Attendants and Baristas,4,2,"Cleaning and maintaining bar service areas, coffee-making areas and espresso machines"
4311,Bar Attendants and Baristas,4,3,Collecting payment for sales and operating cash registers
4311,Bar Attendants and Baristas,4,4,Promoting services and products
4311,Bar Attendants and Baristas,4,5,Washing glassware and arranging bottles and glasses
4311,Bar Attendants and Baristas,4,6,Tapping kegs and attaching supply lines
4311,Bar Attendants and Baristas,4,7,"Replenishing drink dispensers, shelves and refrigerators"
4311,Bar Attendants and Baristas,4,8,Selling light snacks
4311,Bar Attendants and Baristas,4,9,Selecting and grinding coffee
4312,Cafe Workers,4,1,Preparing and serving food and beverages for consumption on the premises
4312,Cafe Workers,4,2,Taking customers' food and beverage orders
4312,Cafe Workers,4,3,"Operating cash registers, accepting payments and preparing sales invoices"
4312,Cafe Workers,4,4,Clearing away used dishes and cutlery from tables when customers are finished
4312,Cafe Workers,4,5,Cleaning and preparing tables for use
4312,Cafe Workers,4,6,"Washing dishes, cutlery and cooking utensils"
4312,Cafe Workers,4,7,"Cleaning cafe equipment such as coffee grinders, espresso machines and ice makers"
4312,Cafe Workers,4,8,Participating in stocktakes and assisting in putting away new stock
4312,Cafe Workers,4,9,Providing backup to other cafe employees
4313,Gaming Workers,4,1,Ensuring that games operating in the casino pit run smoothly
4313,Gaming Workers,4,2,Monitoring cash drops to cashiers and chip transactions
4313,Gaming Workers,4,3,Observing incidents and settling disputes arising at gaming tables
4313,Gaming Workers,4,4,"Dealing games in accordance with casino rules, policies and procedures and ensuring that bets are placed within the rules of the game"
4313,Gaming Workers,4,5,Checking that appropriate betting limit signs are in place
4313,Gaming Workers,4,6,Checking playing cards
4313,Gaming Workers,4,7,Verifying cash and colour chip change involving larger amounts with the casino gaming inspector
4313,Gaming Workers,4,8,Advising patrons about the rules and etiquette of games
4313,Gaming Workers,4,9,Counting the amount of cash chips in the float and entering a closer slip with the corresponding amount in the cash total
4313,Gaming Workers,4,10,Calculating and paying winning bets
4314,Hotel Service Managers,4,1,"Determining work requirements and allocating duties to commercial housekeepers, luggage porters and doorpersons"
4314,Hotel Service Managers,4,2,Conferring with managers to coordinate activities with other organisational units
4314,Hotel Service Managers,4,3,Maintaining attendance records and rosters
4314,Hotel Service Managers,4,4,Explaining and enforcing safety regulations
4314,Hotel Service Managers,4,5,Overseeing the work of the unit and suggesting improvements and changes
4314,Hotel Service Managers,4,6,Conferring with workers to resolve grievances
4314,Hotel Service Managers,4,7,May perform front office and hotel reception duties
4315,Waiters,4,1,Setting and arranging tables
4315,Waiters,4,2,Greeting customers and presenting them with menus and beverage lists
4315,Waiters,4,3,Taking orders and relaying them to kitchen and bar staff
4315,Waiters,4,4,Serving food and beverages
4315,Waiters,4,5,Opening bottles and pouring beverages
4315,Waiters,4,6,Clearing tables and returning dishes and cutlery to kitchen
4315,Waiters,4,7,"Removing empty bottles and used glasses from tables, and refilling and replacing glasses"
4315,Waiters,4,8,Collecting payments for sales and operating point of sales machines and cash registers
4315,Waiters,4,9,May recommend wines to complement food
4319,Other Hospitality Workers,4,1,Prepares service areas by cleaning and laying tables.
4319,Other Hospitality Workers,4,2,"Removes used plates, cutlery and glassware from tables, wipes up bar areas and tables."
4319,Other Hospitality Workers,4,3,Empties rubbish containers and ashtrays.
4319,Other Hospitality Workers,4,4,Washes up spills or sweeps up broken glass.
4319,Other Hospitality Workers,4,5,Escorts guests or residents to their rooms.
4319,Other Hospitality Workers,4,6,Assists with baggage.
4319,Other Hospitality Workers,4,7,Advises guests or residents of in-house facilities and local attractions.
4319,Other Hospitality Workers,4,8,"Receives and distributes mail, telegrams, packages and messages to rooms."
4319,Other Hospitality Workers,4,9,Delivers newspapers to rooms and lounges.
4319,Other Hospitality Workers,4,10,May clean patrons' shoes and arrange cleaning and laundering of clothing.
4319,Other Hospitality Workers,4,11,Runs errands as directed.
4319,Other Hospitality Workers,4,12,May clean public areas.
4319,Other Hospitality Workers,4,13,Greets customers and determines their requirements.
4319,Other Hospitality Workers,4,14,Checks in garments and other items and issues tracking ticket.
4319,Other Hospitality Workers,4,15,Answers enquiries on events and may distribute programmes and information.
4319,Other Hospitality Workers,4,16,May assist with a range of duties involved in the operation of a bar.
4411,Defence Force Members - Other Ranks,4,1,Guarding airfields and other defence force bases
4411,Defence Force Members - Other Ranks,4,2,Serving as an infantry soldier
4411,Defence Force Members - Other Ranks,4,3,"Erecting bridges, building field defences, constructing temporary roads, clearing minefields, repairing airfields and demolishing targets using explosives"
4411,Defence Force Members - Other Ranks,4,4,Crewing armoured fighting vehicles
4411,Defence Force Members - Other Ranks,4,5,"Operating artillery, ground and surface-based defence systems, shipboard weapons and other advanced specialist military weapons and equipment"
4411,Defence Force Members - Other Ranks,4,6,Providing firepower and ground-based air defence
4411,Defence Force Members - Other Ranks,4,7,"Establishing and maintaining command, control and communications equipment and facilities"
4411,Defence Force Members - Other Ranks,4,8,"Conducting surveillance, reconnaissance and boarding operations"
4411,Defence Force Members - Other Ranks,4,9,Maintaining personal arms and ammunition
4412,Fire and Emergency Workers,4,1,Attending the scene of fires and other emergencies reported to authorities
4412,Fire and Emergency Workers,4,2,Rescuing and evacuating people stranded or trapped in dangerous situations
4412,Fire and Emergency Workers,4,3,"Operating pumps, spraying water, foam and chemicals from hoses, portable extinguishers and other appliances to extinguish fires and to disperse or neutralise dangerous substances"
4412,Fire and Emergency Workers,4,4,Cutting openings in buildings and crashed vehicles to free occupants
4412,Fire and Emergency Workers,4,5,Maintaining site security systems
4412,Fire and Emergency Workers,4,6,Administering first aid
4412,Fire and Emergency Workers,4,7,"Attending and participating in training activities, rescue classes, drills, demonstrations and courses in emergency and fire-fighting techniques"
4412,Fire and Emergency Workers,4,8,Training recruits in emergency procedures and practices
4412,Fire and Emergency Workers,4,9,Visiting buildings and potential fire hazards to study access points and locations of hydrants
4412,Fire and Emergency Workers,4,10,Maintaining tools and equipment
4413,Police,4,1,"Investigating and prosecuting offences committed in areas such as organised, corporate and computer crime, environmental offences, drug trafficking, fraud, counterfeiting and terrorism"
4413,Police,4,2,Securing and examining scenes of crimes and accidents to locate and obtain evidence for analysis
4413,Police,4,3,Protecting witnesses and investigating official corruption
4413,Police,4,4,Maintaining public order and safety
4413,Police,4,5,Patrolling assigned areas to minimise potential for public disturbance and crime
4413,Police,4,6,"Investigating accidents, crimes, minor offences and citizens' complaints, gathering evidence, and pursuing, arresting and interviewing suspected offenders"
4413,Police,4,7,Testing persons suspected of driving under the influence of alcohol and drugs and issuing infringement notices for traffic offences
4413,Police,4,8,Directing and re-routing traffic at congested areas
4413,Police,4,9,Attending community meetings and answering inquiries from the public where necessary
4413,Police,4,10,Providing advice and assistance to victims of crime and their families
4413,Police,4,11,Maintaining records and preparing reports
4421,Prison Officers,4,1,Observing the conduct and behaviour of prisoners to prevent disturbances and escapes
4421,Prison Officers,4,2,"Inspecting and maintaining the security of locks, window bars, grilles, doors and gates"
4421,Prison Officers,4,3,"Supervising prisoners during work assignments, recreational periods, sporting activities and meals"
4421,Prison Officers,4,4,"Assisting with the implementation of education, rehabilitation and other programs organised for prisoners"
4421,Prison Officers,4,5,"Searching prisoners and cells for weapons, drugs and other contraband items"
4421,Prison Officers,4,6,"Patrolling assigned areas and reporting breaches of rules, unsatisfactory attitudes and prisoner adjustment problems"
4421,Prison Officers,4,7,"Requisitioning prisoners' clothing, toiletries, reading material and other allowable items"
4421,Prison Officers,4,8,"Supervising prisoners in transit between courts, prisons and other facilities"
4422,Security Officers and Guards,4,1,"Patrolling property and checking doors, windows and gates for unauthorised entry"
4422,Security Officers and Guards,4,2,"Watching for irregularities such as fire hazards, malfunctions of machines and equipment, lights left on, leaking water pipes and unlocked security doors"
4422,Security Officers and Guards,4,3,Issuing security passes to authorised visitors and giving directions
4422,Security Officers and Guards,4,4,"Monitoring alarms and contacting supervisors, police and fire brigades by radio or phone if security is breached or fire is detected"
4422,Security Officers and Guards,4,5,"Picking up and ensuring the safe delivery of cash, payrolls and valuables"
4422,Security Officers and Guards,4,6,"Operating coin and currency counting machines, and carrying out cash counting and packaging functions"
4422,Security Officers and Guards,4,7,Maintaining order at venues where there are large gatherings of people
4422,Security Officers and Guards,4,8,Conducting investigations for clients and preparing evidence for court proceedings
4422,Security Officers and Guards,4,9,Detecting and investigating theft and other unlawful acts carried out in retail establishments
4422,Security Officers and Guards,4,10,Advising clients on security requirements and designing security specifications
4511,Beauty Therapists,4,1,"Discussing client needs, analysing skin characteristics and advising on suitable skin care, treatments and application of make-up"
4511,Beauty Therapists,4,2,Applying general cosmetic and corrective make-up
4511,Beauty Therapists,4,3,"Performing manicures and pedicures including decorative nail art, application of artificial nails, nail repair, and other specialised hand and foot treatments"
4511,Beauty Therapists,4,4,Performing facial and body treatments such as massages
4511,Beauty Therapists,4,5,"Treating unwanted hair through waxing, bleaching, tinting, depilation and electrolysis"
4511,Beauty Therapists,4,6,Evaluating beauty therapy processes and products
4511,Beauty Therapists,4,7,"Receiving bookings, arranging appointments and maintaining client records"
4511,Beauty Therapists,4,8,Providing advice on and selling cosmetic products
4512,Driving Instructors,4,1,"Instructing students under actual driving conditions, and explaining and demonstrating the operation of brakes, clutch, gear selection, automatic transmission, signals and lights"
4512,Driving Instructors,4,2,Teaching road traffic regulations
4512,Driving Instructors,4,3,Teaching road craft and road safety
4512,Driving Instructors,4,4,Advising students when they are ready to undergo driving examination
4512,Driving Instructors,4,5,May advise on and teach advanced driving techniques required for emergency situations
4512,Driving Instructors,4,6,May illustrate and explain handling and mechanical operation of motor vehicles and driving techniques using blackboard diagrams and audiovisual aids
4513,Funeral Workers,4,1,"Interviewing families and associates of the deceased to assist with funeral arrangements such as the selection of coffin, type of service and publication of death notices"
4513,Funeral Workers,4,2,Advising on funeral costs and welfare provisions
4513,Funeral Workers,4,3,Collecting bodies from mortuaries
4513,Funeral Workers,4,4,"Ensuring death certificates have been issued, burial and cremation certificates processed and that other legal requirements are met"
4513,Funeral Workers,4,5,"Preparing bodies for viewing and burial by washing, draining body fluids, applying padding and cosmetics, dressing bodies and placing them in coffins"
4513,Funeral Workers,4,6,Liaising with clergy and cemetery and crematorium staff
4513,Funeral Workers,4,7,"Coordinating the movement of coffins and funeral cars, arranging floral displays and collecting attendance and tribute cards"
4513,Funeral Workers,4,8,"Arranging the placement of coffins at funeral sites, and placing and adjusting floral displays and lighting"
4513,Funeral Workers,4,9,Keeping records and accounts of transactions and services performed
4513,Funeral Workers,4,10,May arrange the construction of memorials and the disposal of ashes
4514,"Gallery, Museum and Tour Guides",4,1,Meeting and greeting visitors
4514,"Gallery, Museum and Tour Guides",4,2,Controlling visitors' access to exhibits
4514,"Gallery, Museum and Tour Guides",4,3,Ensuring safety of collections
4514,"Gallery, Museum and Tour Guides",4,4,Maintaining attendance records
4514,"Gallery, Museum and Tour Guides",4,5,Planning and rearranging schedules and itineraries
4514,"Gallery, Museum and Tour Guides",4,6,"Planning, organising and conducting tours"
4514,"Gallery, Museum and Tour Guides",4,7,Arranging transportation and accommodation for visitors following planned itineraries
4514,"Gallery, Museum and Tour Guides",4,8,Arranging entry to places of interest
4514,"Gallery, Museum and Tour Guides",4,9,"Answering questions, providing commentaries, issuing brochures and tour literature, showing audiovisual presentations, and explaining features and procedures at tour sites"
4514,"Gallery, Museum and Tour Guides",4,10,May assist with installing and dismantling exhibits
4515,Personal Care Consultants,4,1,Interviewing clients to work out their needs
4515,Personal Care Consultants,4,2,"Treating emotional, psychological and physical imbalances of the body using natural techniques and diagnostic methods"
4515,Personal Care Consultants,4,3,Monitoring and correcting imbalances in the body using muscle testing techniques
4515,Personal Care Consultants,4,4,Advising clients on dietary requirements and exercise programs
4515,Personal Care Consultants,4,5,Recording clients' weight and measurements
4515,Personal Care Consultants,4,6,Instructing clients on the use of exercise equipment
4515,Personal Care Consultants,4,7,Providing support and counselling
4516,Tourism and Travel Advisers,4,1,"Determining clients' requirements for travel, accommodation and special interests"
4516,Tourism and Travel Advisers,4,2,"Suggesting itineraries based on available travel routes and cost, availability and convenience of transport"
4516,Tourism and Travel Advisers,4,3,"Making and confirming travel and accommodation reservations and informing clients of bus, plane, ship and train connections"
4516,Tourism and Travel Advisers,4,4,"Notifying clients of travel dates, baggage limits, and medical and visa requirements"
4516,Tourism and Travel Advisers,4,5,"Providing information on tourist attractions and tour availability, and procedures for dealing with lost and stolen documents"
4516,Tourism and Travel Advisers,4,6,Assisting with travel clearances
4516,Tourism and Travel Advisers,4,7,"Collecting payments and issuing clients' itineraries, relevant documentation, tickets for travel and vouchers for accommodation"
4516,Tourism and Travel Advisers,4,8,"Providing information on travel insurance, relevant government regulations such as customs regulations, and use of credit cards and traveller's cheques"
4516,Tourism and Travel Advisers,4,9,"Answering inquiries from tourists and offering suggestions about tours, travel routes, accommodation and local customs"
4516,Tourism and Travel Advisers,4,10,Providing literature and information on local and interstate tours and places of interest
4516,Tourism and Travel Advisers,4,11,Discussing transport availability and cost
4516,Tourism and Travel Advisers,4,12,May work in a call centre
4517,Travel Attendants,4,1,Managing safety and emergency procedures and making public announcements
4517,Travel Attendants,4,2,Coordinating the sale of goods to passengers and completion of any customs and immigration documentation which may be required
4517,Travel Attendants,4,3,Conducting safety checks and demonstrations of safety equipment and procedures
4517,Travel Attendants,4,4,"Assisting passengers in emergency drills, carrying out emergency procedures, assisting and directing passengers in emergencies"
4517,Travel Attendants,4,5,Checking passengers' tickets and directing them to seats and cabins
4517,Travel Attendants,4,6,"Tidying aircraft, ship and railway cabins, and receiving and stowing food, equipment and cabin baggage"
4517,Travel Attendants,4,7,"Operating galleys, preparing and heating food for passengers, and serving refreshments and meals"
4517,Travel Attendants,4,8,"Distributing reading material, pillows, blankets and other amenities for the comfort of passengers"
4518,Other Personal Service Workers,4,1,"Conducts civil marriage ceremonies, funerals, commitment ceremonies, namings and other ceremonies, and maintains appropriate records"
4518,Other Personal Service Workers,4,2,Assists hairdressers or beauty therapists by performing routine tasks in a hairdressing or beauty salon
4521,Fitness Instructors,4,1,Consulting with various health professionals to develop and design fitness programs
4521,Fitness Instructors,4,2,"Designing individual fitness programs based on assessment of the client's age, level of fitness, goals and abilities"
4521,Fitness Instructors,4,3,Delivering group exercise classes and personal tuition in a variety of fitness activities in a safe and creative manner
4521,Fitness Instructors,4,4,Demonstrating and teaching body movements and skills used in fitness routines
4521,Fitness Instructors,4,5,"Setting up and monitoring fitness equipment and ensuring that equipment is safe, clean and in working condition"
4521,Fitness Instructors,4,6,Teaching and advising on the use of fitness equipment
4521,Fitness Instructors,4,7,Ensuring clients are aware of and adhere to safety and injury prevention procedures
4521,Fitness Instructors,4,8,Reporting accidents and preparing accident reports
4521,Fitness Instructors,4,9,Maintaining a working knowledge of current health and safety standards and ensuring working practices and procedures conform to current legislation
4521,Fitness Instructors,4,10,Maintaining current first aid certificates
4522,Outdoor Adventure Guides,4,1,Meeting members of a tour on arrival and making introductions
4522,Outdoor Adventure Guides,4,2,"Organising and supervising groups involved in outdoor adventures such as bungy jumping, fishing and hunting, mountaineering, trekking and whitewater rafting"
4522,Outdoor Adventure Guides,4,3,"Setting up and maintaining equipment, and ensuring that equipment is safe and in working condition"
4522,Outdoor Adventure Guides,4,4,Demonstrating and providing instruction in the use of equipment and techniques required for participation
4522,Outdoor Adventure Guides,4,5,"Providing advice on safety measures, and ensuring that activities are conducted in a manner to minimise risk to participants"
4522,Outdoor Adventure Guides,4,6,Responding to emergencies by providing first aid assistance and taking appropriate further action if required
4522,Outdoor Adventure Guides,4,7,Answering questions and advising on local interest points within a specific region
4522,Outdoor Adventure Guides,4,8,May maintain written reports of daily activities and carry out other administrative work
4523,"Sports Coaches, Instructors and Officials",4,1,"Coaching, training and instructing sportspersons by analysing performances and developing abilities"
4523,"Sports Coaches, Instructors and Officials",4,2,"Planning and directing game strategies, developing play patterns and analysing game progress"
4523,"Sports Coaches, Instructors and Officials",4,3,Motivating sportspersons and supervising practice sessions
4523,"Sports Coaches, Instructors and Officials",4,4,Recruiting players and other coaching staff
4523,"Sports Coaches, Instructors and Officials",4,5,Arranging entries into sporting competitions
4523,"Sports Coaches, Instructors and Officials",4,6,"Promoting sports and skills development, and overseeing the participation of young people in sport"
4523,"Sports Coaches, Instructors and Officials",4,7,Officiating at sporting events to enforce rules
4523,"Sports Coaches, Instructors and Officials",4,8,"Coordinating and directing sporting activities, and liaising with other officials to interpret and enforce rules and regulations relating to sport"
4524,Sportspersons,4,1,Maintaining a high degree of expertise in a particular sport
4524,Sportspersons,4,2,Attending regular practice sessions and undertaking private training to maintain the required standard of fitness
4524,Sportspersons,4,3,Deciding on strategies in consultation with coaches
4524,Sportspersons,4,4,Assessing other competitors and conditions at venues
4524,Sportspersons,4,5,Competing in sporting events
4524,Sportspersons,4,6,Adhering to the rules and regulations associated with a specific sport
4524,Sportspersons,4,7,Promoting water safety awareness and undertaking rescue of persons in difficulty in the water
4524,Sportspersons,4,8,Undertaking sports promotional activities and television appearances
5111,"Contract, Program and Project Administrators",4,1,"Developing, reviewing and negotiating variations to contracts, programs, projects and services"
5111,"Contract, Program and Project Administrators",4,2,"Responding to inquiries and resolving problems concerning contracts, programs, projects, services provided, and persons affected"
5111,"Contract, Program and Project Administrators",4,3,"Managing paperwork associated with contracts, programs, projects and services provided"
5111,"Contract, Program and Project Administrators",4,4,"Working with project managers, architects, engineering professionals, owners and others to ensure that goals are met"
5111,"Contract, Program and Project Administrators",4,5,Advising senior management on matters requiring attention and implementing their decisions
5111,"Contract, Program and Project Administrators",4,6,Overseeing work by contractors and reporting on variations to work orders
5111,"Contract, Program and Project Administrators",4,7,Preparing and reviewing submissions and reports concerning the organisation's activities
5111,"Contract, Program and Project Administrators",4,8,"Collecting and analysing data associated with projects undertaken, and reporting on project outcomes"
5111,"Contract, Program and Project Administrators",4,9,Reviewing and arranging new office accommodation
5121,Office Managers,4,1,"Contributing to the planning and review of office services, and setting priorities and office service standards"
5121,Office Managers,4,2,"Allocating human resources, space and equipment"
5121,Office Managers,4,3,Assigning work to and monitoring work performance of staff
5121,Office Managers,4,4,Managing records and accounts of the office
5121,Office Managers,4,5,Liaising with professionals to coordinate office business and to facilitate resolution of problems
5121,Office Managers,4,6,Managing physical facilities and ensuring buildings and equipment are maintained
5121,Office Managers,4,7,Ensuring compliance with occupational health and safety regulations
5121,Office Managers,4,8,"Ensuring work complies with relevant government legislation, policies and procedures"
5121,Office Managers,4,9,"Coordinating personnel activities such as hiring, promotions, performance management, payroll, training and supervision"
5122,Practice Managers,4,1,"Contributing to the planning and review of office services, and setting priorities and office service standards"
5122,Practice Managers,4,2,"Allocating human resources, space and equipment"
5122,Practice Managers,4,3,Assigning work to and monitoring work performance of staff
5122,Practice Managers,4,4,Managing records and accounts of the practice
5122,Practice Managers,4,5,Liaising with professionals to coordinate practice business and to facilitate resolution of problems
5122,Practice Managers,4,6,Managing physical facilities and ensuring buildings and equipment are maintained
5122,Practice Managers,4,7,Ensuring compliance with occupational health and safety regulations
5122,Practice Managers,4,8,"Ensuring work complies with relevant government legislation, policies and procedures"
5122,Practice Managers,4,9,"Coordinating personnel activities such as hiring, promotions, performance management, payroll, training and supervision"
5211,Personal Assistants,4,1,Liaising with other staff on matters relating to the organisation's operations
5211,Personal Assistants,4,2,"Researching and preparing reports, briefing notes, memoranda, correspondence and other routine documents"
5211,Personal Assistants,4,3,Maintaining confidential files and documents
5211,Personal Assistants,4,4,Attending meetings and acting as secretary as required
5211,Personal Assistants,4,5,Maintaining appointment diaries and making travel arrangements
5211,Personal Assistants,4,6,"Processing incoming and outgoing mail, filing correspondence and maintaining records"
5211,Personal Assistants,4,7,Screening telephone calls and answering inquiries
5211,Personal Assistants,4,8,Taking and transcribing dictation of letters and other documents
5211,Personal Assistants,4,9,May supervise other secretarial and clerical staff
5212,Secretaries,4,1,"Liaising with other staff to arrange meetings, and to gain and provide information"
5212,Secretaries,4,2,"Preparing reports, briefing notes and correspondence, and proofreading work for typographical and grammatical errors"
5212,Secretaries,4,3,Maintaining appointment diaries and making travel arrangements
5212,Secretaries,4,4,"Processing incoming and outgoing mail, filing correspondence and maintaining records"
5212,Secretaries,4,5,"Answering telephone calls, responding to inquiries and redirecting callers"
5212,Secretaries,4,6,Taking and transcribing dictation of letters and other documents
5212,Secretaries,4,7,"Greeting visitors, ascertaining nature of business and directing visitors to appropriate persons"
5212,Secretaries,4,8,May implement management decisions and maintain records of meetings
5212,Secretaries,4,9,May handle bookkeeping and petty cash functions
5311,General Clerks,4,1,"Recording, preparing, sorting, classifying and filing information"
5311,General Clerks,4,2,"Sorting, opening and sending mail"
5311,General Clerks,4,3,Photocopying and faxing documents
5311,General Clerks,4,4,Preparing reports of a routine nature
5311,General Clerks,4,5,Recording issue of equipment to staff
5311,General Clerks,4,6,Receiving letters and telephone messages
5311,General Clerks,4,7,"Transcribing information onto computers, and proofreading and correcting copy"
5311,General Clerks,4,8,May provide customers with information about services
5311,General Clerks,4,9,May perform receptionist duties
5321,Keyboard Operators,4,1,Entering data and codes required to process information
5321,Keyboard Operators,4,2,"Retrieving, confirming and updating data in storage and keeping records of data input"
5321,Keyboard Operators,4,3,Taking verbatim records of proceedings in rapid shorthand using computerised equipment and shorthand-writing machines
5321,Keyboard Operators,4,4,"Transcribing information recorded in shorthand and on sound recording equipment, and proofreading and correcting copy"
5321,Keyboard Operators,4,5,Reading portions of transcripts during trials and other proceedings on request of judges and other officials
5321,Keyboard Operators,4,6,"Reproducing the spoken word, environmental sounds and song lyrics as captions for television programming, and the deaf and hearing impaired"
5321,Keyboard Operators,4,7,"Preparing reports, letters and similar material for publication and electronic transmission"
5321,Keyboard Operators,4,8,Sorting outgoing material and preparing documents for transmission
5411,Call or Contact Centre Workers,4,1,"Answering incoming calls, emails and messages, and assisting customers with their specific inquiries"
5411,Call or Contact Centre Workers,4,2,Identifying requirements and recording information into computer systems
5411,Call or Contact Centre Workers,4,3,Coaching staff and assisting call centre operators to resolve problems and customer inquiries
5411,Call or Contact Centre Workers,4,4,Developing rosters and managing staff numbers to meet work flows
5411,Call or Contact Centre Workers,4,5,Listening to calls conducted by call centre operators and providing performance feedback
5411,Call or Contact Centre Workers,4,6,Monitoring and timing calls
5411,Call or Contact Centre Workers,4,7,Creating further interest in goods and services by offering customers more information about goods and inviting customers to use services on offer
5411,Call or Contact Centre Workers,4,8,Updating databases to reflect changes to the status of customers and prospective customers
5411,Call or Contact Centre Workers,4,9,"Arranging the despatch of goods, information kits and brochures to customers and interested parties"
5411,Call or Contact Centre Workers,4,10,"Undertaking clerical duties, such as faxing, and filling out paperwork, and liaising with other departments associated with completing the customer contact"
5411,Call or Contact Centre Workers,4,11,Issuing invoices and receiving electronic payments for goods and services provided
5412,Information Officers,4,1,"Answering inquiries about goods and services, and providing information about their availability, location, price and related issues"
5412,Information Officers,4,2,"Responding to inquiries about problems and providing advice, information and assistance"
5412,Information Officers,4,3,Recording information about inquiries and complaints
5412,Information Officers,4,4,Referring complex inquiries to team leaders or expert advisers
5412,Information Officers,4,5,"Issuing relevant forms, information kits and brochures to interested parties"
5412,Information Officers,4,6,Accessing and operating computer network systems and communication systems such as public address and paging systems
5412,Information Officers,4,7,May refer inquiries to other sources
5421,Receptionists,4,1,"Greeting and welcoming visitors, and directing them to the appropriate person"
5421,Receptionists,4,2,Arranging and recording details of appointments
5421,Receptionists,4,3,"Answering inquiries and providing information on the goods, services and activities of the organisation"
5421,Receptionists,4,4,"Answering, connecting and transferring telephone calls"
5421,Receptionists,4,5,Receiving and resolving complaints from clients and the public
5421,Receptionists,4,6,"Receiving and distributing correspondence, facsimile messages and deliveries"
5421,Receptionists,4,7,Maintaining the reception area
5421,Receptionists,4,8,Advising on and arranging reservations and accommodation
5421,Receptionists,4,9,"May perform other clerical tasks such as word processing, data entry, filing, mail despatch and photocopying"
5511,Accounting Clerks,4,1,Preparing and processing documentation related to accounts payable and receivable
5511,Accounting Clerks,4,2,Reconciling invoices and despatching payments
5511,Accounting Clerks,4,3,"Calculating, analysing and investigating the costs of proposed expenditure, wages and standard costs"
5511,Accounting Clerks,4,4,Preparing bank reconciliations
5511,Accounting Clerks,4,5,Allocating expenditure to specified budget accounts
5511,Accounting Clerks,4,6,Summarising expenditure and receipts
5511,Accounting Clerks,4,7,Preparing records of standard costs and values for items such as raw materials and packaging supplies
5511,Accounting Clerks,4,8,Recording cost variations and contract price movements
5511,Accounting Clerks,4,9,"Compiling cost data for preparation of operating budgets, and profit and loss calculations"
5511,Accounting Clerks,4,10,"Investigating the costs of proposed expenditures, quotations and estimates"
5511,Accounting Clerks,4,11,"Preparing reports of total costs, inventory adjustments, selling prices and profits"
5511,Accounting Clerks,4,12,May work in a call centre
5512,Bookkeepers,4,1,"Keeping financial records, and maintaining and balancing accounts using manual and computerised systems"
5512,Bookkeepers,4,2,Monitoring cash flow and lines of credit
5512,Bookkeepers,4,3,"Preparing and producing financial statements, budget and expenditure reports and analyses using account books, ledgers and accounting software packages"
5512,Bookkeepers,4,4,"Preparing invoices, purchase orders and bank deposits"
5512,Bookkeepers,4,5,Reconciling accounts against monthly bank statements
5512,Bookkeepers,4,6,Verifying recorded transactions and reporting irregularities to management
5512,Bookkeepers,4,7,May be required to prepare forms reporting business tax entitlements and obligations such as the amount of goods and services tax paid and collected
5513,Payroll Clerks,4,1,Creating files for new employees to record payroll data
5513,Payroll Clerks,4,2,"Maintaining and updating files for existing employees to record information such as employee contact details, leave taken, overtime, promotions, transfers, tax deductions, health insurance payments and superannuation"
5513,Payroll Clerks,4,3,Preparing payroll data from time sheets and other payroll and personnel records
5513,Payroll Clerks,4,4,Processing payment of wages and salaries
5513,Payroll Clerks,4,5,Issuing and recording adjustments to employees' pay
5513,Payroll Clerks,4,6,Interpreting industrial awards
5513,Payroll Clerks,4,7,"Providing information to employees and managers about payroll matters such as tax issues, benefits and deductions"
5513,Payroll Clerks,4,8,"Finalising files and arrangements when employees retire, resign or transfer"
5513,Payroll Clerks,4,9,May be in involved in maintaining superannuation and other deduction and contribution records
5521,Bank Workers,4,1,"Greeting customers, identifying their needs and answering customer inquiries"
5521,Bank Workers,4,2,Ensuring customers' forms are filled in correctly and checking customers' identification
5521,Bank Workers,4,3,"Accepting cash and cheques deposited by customers, verifying records and receipts, and crediting customers' accounts"
5521,Bank Workers,4,4,"Paying money to customers according to advice slips, cheques and negotiable documents, and debiting customers' accounts"
5521,Bank Workers,4,5,"Providing change, cashing cheques and recording transactions"
5521,Bank Workers,4,6,Opening and closing accounts for customers
5521,Bank Workers,4,7,Balancing cash and advising supervisors of cash position and discrepancies
5521,Bank Workers,4,8,Explaining and promoting bank services to customers and referring them to appropriate financial services
5522,Credit and Loans Officers,4,1,"Analysing information about customers and examining references, credit ratings, investment risks, pay slips and other information against predetermined policy standards"
5522,Credit and Loans Officers,4,2,Contacting financial and credit institutions to obtain information about customers
5522,Credit and Loans Officers,4,3,"Preparing papers setting out conditions of credit and loans, rates of repayment and loan periods, and providing information about customers' standing to financial and credit institutions"
5522,Credit and Loans Officers,4,4,Authorising the approval of credit and loan applications and recommending credit and loan conditions and limits
5522,Credit and Loans Officers,4,5,"Keeping records of payments, and preparing routine letters requesting payment for overdue accounts and forwarding these for legal action"
5522,Credit and Loans Officers,4,6,"Answering inquiries concerning credit standing of customers, loan balances and penalties"
5522,Credit and Loans Officers,4,7,"May recommend, approve and arrange mortgages"
5522,Credit and Loans Officers,4,8,May work in a call centre
5523,"Insurance, Money Market and Statistical Clerks",4,1,"Obtaining information on the form of competitors by research, attending racing trials and liaising with contacts"
5523,"Insurance, Money Market and Statistical Clerks",4,2,"Offering and varying odds on competitors after considering the type of event, handicaps, weather conditions and odds offered by other bookmakers"
5523,"Insurance, Money Market and Statistical Clerks",4,3,"Processing insurance applications, adjustments to insurance cover, standard endorsements and insurance claims"
5523,"Insurance, Money Market and Statistical Clerks",4,4,Monitoring balances of accounts and summarising reinsurance to determine outstanding risk
5523,"Insurance, Money Market and Statistical Clerks",4,5,Surveying potential risk exposure
5523,"Insurance, Money Market and Statistical Clerks",4,6,Despatching notices of premiums due and forms concerning conservation and transfer of insurance
5523,"Insurance, Money Market and Statistical Clerks",4,7,"Reviewing, checking, verifying and issuing transaction documentation for securities"
5523,"Insurance, Money Market and Statistical Clerks",4,8,Claiming accruing dividends and processing dividend payments
5523,"Insurance, Money Market and Statistical Clerks",4,9,"Compiling statistics from financial records, survey returns and other data sources, and verifying the authenticity of the material"
5523,"Insurance, Money Market and Statistical Clerks",4,10,"Operating computers to input, manipulate and output information"
5523,"Insurance, Money Market and Statistical Clerks",4,11,"Compiling results of calculations into tables, graphs and charts to be used in analysis"
5523,"Insurance, Money Market and Statistical Clerks",4,12,May work in a call centre
5611,Betting Clerks,4,1,"Taking bets and debiting credit accounts and bank accounts electronically, and receiving cash"
5611,Betting Clerks,4,2,Recording and entering bets electronically and in transaction ledgers
5611,Betting Clerks,4,3,Issuing tickets and preparing summaries of transactions
5611,Betting Clerks,4,4,Monitoring amounts of money placed on race entrants
5611,Betting Clerks,4,5,"Checking details and numbers on winning betting tickets against those in betting ledgers and electronic records, and paying out money on winning tickets"
5611,Betting Clerks,4,6,Verifying the identity and account balances of betting agency customers
5611,Betting Clerks,4,7,"Answering betting inquiries over the telephone, via email and in person"
5611,Betting Clerks,4,8,May work in a call centre
5612,Couriers and Postal Deliverers,4,1,Sorting and sequencing items for delivery
5612,Couriers and Postal Deliverers,4,2,"Delivering mail, parcels, documents and other items to customers' premises and mailboxes"
5612,Couriers and Postal Deliverers,4,3,Receiving orders for deliveries from customers
5612,Couriers and Postal Deliverers,4,4,Collecting signatures and charges for cash-on-delivery orders
5612,Couriers and Postal Deliverers,4,5,Issuing and collecting receipts for pick-up and delivery items
5612,Couriers and Postal Deliverers,4,6,Keeping records of items received and delivered
5612,Couriers and Postal Deliverers,4,7,"Maintaining walk books, directories, mail counts, equipment maintenance logs and other delivery records"
5612,Couriers and Postal Deliverers,4,8,Loading and unloading mail conveyances and internal mail handling equipment
5612,Couriers and Postal Deliverers,4,9,"Assisting with receipting inward mail, checking wrongly addressed, missorted, undelivered and redirected mail, and processing freepost and underpaid mail"
5613,Filing and Registry Clerks,4,1,Sorting information and documents for filing according to database and record management system protocols
5613,Filing and Registry Clerks,4,2,Classifying and coding information and documents for inclusion in database and record management systems
5613,Filing and Registry Clerks,4,3,Updating and modifying records
5613,Filing and Registry Clerks,4,4,Filing information and documents in database and record management systems
5613,Filing and Registry Clerks,4,5,Identifying and retrieving information and documents for users
5613,Filing and Registry Clerks,4,6,Recording file and document movements
5613,Filing and Registry Clerks,4,7,"Labelling storage locations, and assembling and labelling new files"
5613,Filing and Registry Clerks,4,8,Removing inactive and dead files
5614,Mail Sorters,4,1,Receiving and checking incoming mail and mail bags
5614,Mail Sorters,4,2,Assisting with the verification of registered and special articles
5614,Mail Sorters,4,3,"Operating mail processing equipment such as letter preparation lines, letter indexing and sorting equipment"
5614,Mail Sorters,4,4,Performing manual sorting duties and preparing documentation for despatching mail
5614,Mail Sorters,4,5,"Processing underpaid mail, bulk mail lodgements, express mail and other mail services"
5614,Mail Sorters,4,6,"Operating letter indexing and sorting machines, multi-line optical character machines and bar-coding equipment"
5614,Mail Sorters,4,7,Investigating complaints regarding lost items
5615,Survey Interviewers,4,1,Contacting people face-to-face and via the telephone to conduct surveys
5615,Survey Interviewers,4,2,Recording answers to survey questions manually and electronically
5615,Survey Interviewers,4,3,Recording the distribution of questionnaires
5615,Survey Interviewers,4,4,Collecting questionnaires and returning them to supervisors
5615,Survey Interviewers,4,5,Scanning questionnaires to ensure that important questions have been answered
5615,Survey Interviewers,4,6,May interview people at random in crowds and on the street
5615,Survey Interviewers,4,7,May provide self-completion questionnaires
5615,Survey Interviewers,4,8,May encode responses and check their consistency
5615,Survey Interviewers,4,9,May work in a call centre
5616,Switchboard Operators,4,1,"Operating switchboards and consoles to connect, hold, transfer and disconnect telephone calls"
5616,Switchboard Operators,4,2,"Responding to callers' inquiries by providing information such as telephone numbers, dialling codes, call costs, time delays and service difficulties"
5616,Switchboard Operators,4,3,Investigating operating system problems and informing maintenance services
5616,Switchboard Operators,4,4,Alerting emergency services when required
5616,Switchboard Operators,4,5,Recording details and determining charges for designated types of calls
5616,Switchboard Operators,4,6,May monitor the efficiency of systems and maintain service sampling records
5619,Other Clerical and Office Support Workers,4,1,Receives and records advertising copy for publication and broadcasting
5619,Other Clerical and Office Support Workers,4,2,"Reads electric, gas or water meters, records usage, inspects meters and connections for defects and damage, and reports irregularities"
5619,Other Clerical and Office Support Workers,4,3,Patrols assigned areas and issues parking infringement notices to owners of vehicles that are illegally parked
5911,Purchasing and Supply Logistics Clerks,4,1,Requisitioning supplies from stock and sending orders to production departments and other firms
5911,Purchasing and Supply Logistics Clerks,4,2,"Confirming completion of orders and compliance with details specified, signing tally sheets and attaching to checked items"
5911,Purchasing and Supply Logistics Clerks,4,3,Receiving and checking purchase requests against inventory records and stock on hand
5911,Purchasing and Supply Logistics Clerks,4,4,Examining orders and compiling data for production schedules
5911,Purchasing and Supply Logistics Clerks,4,5,Checking inventories and preparing delivery schedules
5911,Purchasing and Supply Logistics Clerks,4,6,"Examining containers to ensure that they are filled, and recording quantities"
5911,Purchasing and Supply Logistics Clerks,4,7,Investigating and identifying supply sources and preparing and processing purchase orders
5911,Purchasing and Supply Logistics Clerks,4,8,Providing price and other information about goods to prospective customers
5911,Purchasing and Supply Logistics Clerks,4,9,"Counting incoming stock and reconciling it with requisitions, and updating inventory and stock location records"
5911,Purchasing and Supply Logistics Clerks,4,10,"Establishing and coordinating the operating procedures for receiving, handling, storing and shipping goods"
5912,Transport and Despatch Clerks,4,1,Identifying items and containers of incoming and outgoing shipments and verifying them against consignment records
5912,Transport and Despatch Clerks,4,2,Ensuring outgoing shipments are in good condition and meet specifications
5912,Transport and Despatch Clerks,4,3,Arranging internal distribution of goods received
5912,Transport and Despatch Clerks,4,4,Organising the despatch of goods with completed documentation
5912,Transport and Despatch Clerks,4,5,Maintaining prescribed records of goods received and despatched
5912,Transport and Despatch Clerks,4,6,Examining shipping documents and verifying cargo to be released
5912,Transport and Despatch Clerks,4,7,Recording customs clearance requirements and authorising collection of cargo
5912,Transport and Despatch Clerks,4,8,Calculating storage and clearance charges and billing customers
5912,Transport and Despatch Clerks,4,9,"Receiving details of outgoing cargo, and arranging bookings of freight space and collection of goods from customers"
5912,Transport and Despatch Clerks,4,10,"Providing information to customers on custom tariffs, tariff classifications and concessions, and methods of clearing goods"
5991,Conveyancers and Legal Executives,4,1,"Preparing, examining and advising on contracts of sale for properties and businesses"
5991,Conveyancers and Legal Executives,4,2,"Carrying out title searches and contacting government authorities to find out if any planned development, illegal building work and disputes could affect properties and businesses"
5991,Conveyancers and Legal Executives,4,3,"Preparing, examining and advising on mortgage documentation"
5991,Conveyancers and Legal Executives,4,4,"Negotiating the terms and conditions of, and exchanging, contracts of sale, paying deposits, arranging payment of stamp duty, checking for outstanding arrears and land tax obligations, and calculating adjustments for council and water rates"
5991,Conveyancers and Legal Executives,4,5,"Interviewing clients to determine the nature of issues, and receiving written information concerning cases from legal professionals and clients"
5991,Conveyancers and Legal Executives,4,6,Conferring with clients and potential witnesses and drawing up statements and proposed affidavits in preparation for court proceedings
5991,Conveyancers and Legal Executives,4,7,Maintaining legal files
5991,Conveyancers and Legal Executives,4,8,"Preparing, analysing and interpreting a variety of legal documents"
5991,Conveyancers and Legal Executives,4,9,"Assisting legal professionals to prepare cases for court by conducting investigations, undertaking research, arranging witness preparation and attendance, and preparing and filing court documents"
5991,Conveyancers and Legal Executives,4,10,May supervise law clerks and legal secretaries and take responsibility for their work
5992,Court and Legal Clerks,4,1,Listing actions for hearing and processing documentation for court actions
5992,Court and Legal Clerks,4,2,"Documenting details of court proceedings, actions and decisions"
5992,Court and Legal Clerks,4,3,Enforcing the law as an officer of the court by executing court orders such as eviction notices
5992,Court and Legal Clerks,4,4,Serving legal orders and documents such as summonses and subpoenas
5992,Court and Legal Clerks,4,5,"Organising jury and witness lists, and summonsing and swearing in juries and witnesses"
5992,Court and Legal Clerks,4,6,Maintaining order in court and hearing rooms and adjacent areas
5992,Court and Legal Clerks,4,7,"Assisting solicitors in areas of conveyancing, contracts, common law, probate and other legal practice matters"
5992,Court and Legal Clerks,4,8,"Satisfying statutory requirements, establishing beneficial entitlements and distributing assets"
5992,Court and Legal Clerks,4,9,"Maintaining probate and trust files, investing trust funds and administering accounts"
5993,Debt Collectors,4,1,"Liaising with clients, credit staff, accounts receivable departments, process servers, private investigators, barristers and solicitors to find solutions to payment problems"
5993,Debt Collectors,4,2,"Identifying, locating and notifying debtors of overdue accounts in writing, by telephoning and in person, and arranging for payments to be made"
5993,Debt Collectors,4,3,Tracing addresses of debtors who have moved
5993,Debt Collectors,4,4,Arranging new repayment plans for debtors having difficulties making existing repayments
5993,Debt Collectors,4,5,Referring debtors' disputes to creditors
5993,Debt Collectors,4,6,Issuing instructions for the commencement of legal action and enforcement to recover money
5993,Debt Collectors,4,7,"Arranging for money and goods collected to be transferred to creditors' possession, and preparing statements of account for creditors"
5993,Debt Collectors,4,8,Recording amounts collected and noting any further action required
5993,Debt Collectors,4,9,Complying with debt collection guidelines and relevant legislation
5994,Human Resource Clerks,4,1,"Updating information on leave taken and accumulated, employment history, salaries, superannuation and taxation, qualifications and training"
5994,Human Resource Clerks,4,2,Raising records for newly appointed workers and checking records for completeness
5994,Human Resource Clerks,4,3,Processing applications for employment and promotions and advising applicants of results
5994,Human Resource Clerks,4,4,Receiving and answering inquiries about employment entitlements and conditions
5994,Human Resource Clerks,4,5,Sending out announcements of job openings and job examinations
5994,Human Resource Clerks,4,6,Issuing job application forms
5994,Human Resource Clerks,4,7,Compiling data from personnel records and preparing reports
5994,Human Resource Clerks,4,8,Storing and retrieving personnel records and files on request
5995,Inspectors and Regulatory Officers,4,1,"Searching aircraft, vehicles, premises and people, and checking documents and goods to detect illegal activities such as undocumented cargo, prohibited goods and illegal aliens"
5995,Inspectors and Regulatory Officers,4,2,Examining and assessing visas and residency applications
5995,Inspectors and Regulatory Officers,4,3,"Testing applicants' ability to operate a motor vehicle, assessing applicants' suitability to hold learner's permits and probationary licences, and issuing learner's permits and probationary licences"
5995,Inspectors and Regulatory Officers,4,4,Identifying pest and weed problems and determining treatments and management
5995,Inspectors and Regulatory Officers,4,5,Assessing claims for government benefits
5995,Inspectors and Regulatory Officers,4,6,Carrying out random checks of taxation documents to detect non-compliance with taxation legislation
5995,Inspectors and Regulatory Officers,4,7,"Conducting visual checks of the mechanical, structural, electrical, pneumatic and hydraulic systems of railway wagons, carriages and locomotives for condition and correct classification"
5995,Inspectors and Regulatory Officers,4,8,"Ensuring that train, tram and bus services are provided according to schedule, monitoring the cleanliness, presentation and condition of vehicles, and recommending improvements and changes to services"
5995,Inspectors and Regulatory Officers,4,9,"Receiving and assessing applications for licences to use water, investigating the ability of water resources to meet new requirements, and conducting site inspections"
5996,"Insurance Investigators, Loss Adjusters and Risk Surveyors",4,1,Examining scenes of incidents resulting in insurance claims to determine causes and effects
5996,"Insurance Investigators, Loss Adjusters and Risk Surveyors",4,2,"Interviewing witnesses and claimants to obtain details required to assess the validity of claims and identify the parties responsible for accidents, damage and loss, and preparing statements and reports"
5996,"Insurance Investigators, Loss Adjusters and Risk Surveyors",4,3,"Inspecting damaged buildings, equipment and motor vehicles and estimating the cost of repairs"
5996,"Insurance Investigators, Loss Adjusters and Risk Surveyors",4,4,"Estimating business losses resulting from fire, theft and other business disruptions"
5996,"Insurance Investigators, Loss Adjusters and Risk Surveyors",4,5,Reporting the extent of damage and estimated costs to the insurer
5996,"Insurance Investigators, Loss Adjusters and Risk Surveyors",4,6,"Inspecting property, buildings and operations of commercial and industrial establishments to assess physical conditions and work practices"
5996,"Insurance Investigators, Loss Adjusters and Risk Surveyors",4,7,"Evaluating the adequacy of security, fire and related systems"
5996,"Insurance Investigators, Loss Adjusters and Risk Surveyors",4,8,Preparing reports and recommending action to reduce risks
5996,"Insurance Investigators, Loss Adjusters and Risk Surveyors",4,9,Compiling data which influence the determination of premium rates
5997,Library Assistants,4,1,Issuing library items to borrowers and recording identification data and due dates
5997,Library Assistants,4,2,Sorting and shelving returned items
5997,Library Assistants,4,3,Locating and retrieving items on request
5997,Library Assistants,4,4,Maintaining records and index systems
5997,Library Assistants,4,5,"Receiving overdue items, issuing overdue notices, and receiving fines"
5997,Library Assistants,4,6,Inspecting returned items for damage and making minor repairs
5997,Library Assistants,4,7,Assisting with the preparation of displays and promotional activities
5997,Library Assistants,4,8,May prepare catalogued items for shelving
5999,Other Miscellaneous Clerical and Administrative Workers,4,1,Translates narrative descriptions and numeric information into classification or record systems
5999,Other Miscellaneous Clerical and Administrative Workers,4,2,"Provides technical, administrative and organisational support to producers or directors for film, television, radio or stage productions"
5999,Other Miscellaneous Clerical and Administrative Workers,4,3,"Reads draft copies and proofs, detects errors and marks corrections to grammar, typing and composition"
5999,Other Miscellaneous Clerical and Administrative Workers,4,4,"Provides radio and communications services for the coordination of operational units in transport, courier, military, emergency, security, rescue and road service organisations"
6111,"Auctioneers, and Stock and Station Agents",4,1,Appraising and listing property for auction
6111,"Auctioneers, and Stock and Station Agents",4,2,"Organising advertising, catalogues and other publicity for auctions"
6111,"Auctioneers, and Stock and Station Agents",4,3,Consulting vendors and setting reserve prices
6111,"Auctioneers, and Stock and Station Agents",4,4,Describing property presented and the conditions of sale
6111,"Auctioneers, and Stock and Station Agents",4,5,Asking for or setting opening bids and determining reserve prices
6111,"Auctioneers, and Stock and Station Agents",4,6,Accepting bids from potential buyers and closing sales to the highest bidders
6111,"Auctioneers, and Stock and Station Agents",4,7,Purchasing and selling livestock and rural property on behalf of clients
6111,"Auctioneers, and Stock and Station Agents",4,8,"Selling agricultural supplies, such as seed, grains, feed, sprays, dips, drenches and veterinary products, in accordance with statutory requirements"
6111,"Auctioneers, and Stock and Station Agents",4,9,Acting as an insurance agent for rural clients
6112,Insurance Agents,4,1,Interviewing clients to identify their insurance needs
6112,Insurance Agents,4,2,"Explaining to clients details of insurance and conditions, risk coverage, premiums and benefits"
6112,Insurance Agents,4,3,Assisting clients to determine the type and level of coverage required
6112,Insurance Agents,4,4,Calculating premiums and establishing method of payment
6112,Insurance Agents,4,5,Reviewing clients' circumstances to ensure that the level and coverage of insurance is still appropriate
6112,Insurance Agents,4,6,Settling and monitoring insurance claims to ensure that both client and insurer are satisfied with the outcome
6112,Insurance Agents,4,7,Recording information about clients and their policies
6112,Insurance Agents,4,8,Identifying and drawing up lists of potential clients from a variety of sources and contacting them to arrange interviews
6112,Insurance Agents,4,9,Keeping up-to-date with changes in the insurance industry and informing clients of new developments
6113,Sales Representatives,4,1,"Promoting and selling their company's goods and services such as building and plumbing supplies, business services, motor vehicle parts and accessories, and personal and household goods"
6113,Sales Representatives,4,2,"Acquiring and updating knowledge of employer's and competitors' goods and services, and market conditions"
6113,Sales Representatives,4,3,Using directories and other sources to compile lists of prospective business clients
6113,Sales Representatives,4,4,Visiting clients and retail outlets to establish selling opportunities
6113,Sales Representatives,4,5,"Quoting prices and credit terms, recording orders and arranging deliveries"
6113,Sales Representatives,4,6,Following up clients and ensuring satisfaction with goods and services and resolving any problems
6113,Sales Representatives,4,7,Monitoring clients' changing needs and competitor activity and reporting on these developments to sales and marketing management
6113,Sales Representatives,4,8,Preparing sales reports
6113,Sales Representatives,4,9,Maintaining and submitting records of business expenses incurred
6121,Real Estate Sales Agents,4,1,"Accepting and listing properties and businesses for sale and lease, conducting inspections, and advising buyers on the merits of properties and businesses and the terms of sale or lease"
6121,Real Estate Sales Agents,4,2,Advising vendors of sales and marketing options such as sale by auction and open house inspections
6121,Real Estate Sales Agents,4,3,"Cataloguing and detailing land, buildings and businesses for sale or lease and arranging advertising"
6121,Real Estate Sales Agents,4,4,Assessing buyers' needs and locating properties and businesses for their consideration
6121,Real Estate Sales Agents,4,5,"Offering valuations and advice for buying and selling properties and businesses, and structuring the terms of settlement"
6121,Real Estate Sales Agents,4,6,"Collecting and holding rent monies from tenants, and remitting to owner on agreed basis"
6121,Real Estate Sales Agents,4,7,Monitoring and addressing non-compliance with terms and conditions of tenancy and pursuing rental arrears
6121,Real Estate Sales Agents,4,8,"Developing and implementing business plans, budgets, policies and procedures for the agency"
6121,Real Estate Sales Agents,4,9,"May arrange finance, land brokerage, conveyancing and maintenance of premises"
6211,Sales Assistants (General),4,1,"Determining customer requirements and advising on product range, price, delivery, warranties and product use and care"
6211,Sales Assistants (General),4,2,Demonstrating and explaining to customers the establishment's goods and services
6211,Sales Assistants (General),4,3,"Selling food, beverages, clothing, footwear and other personal and household goods and services"
6211,Sales Assistants (General),4,4,Accepting payment for goods and services by a variety of payment methods and preparing sales invoices
6211,Sales Assistants (General),4,5,Assisting with the ongoing management of stock such as product inventories and participating in stocktakes
6211,Sales Assistants (General),4,6,"Stacking and displaying goods for sale, and wrapping and packing goods sold"
6212,ICT Sales Assistants,4,1,"Determining customer requirements and advising on product range, price, delivery, warranties and product use and care"
6212,ICT Sales Assistants,4,2,Demonstrating and explaining to customers the establishment's goods and services
6212,ICT Sales Assistants,4,3,"Selling computers, computer peripherals, software, mobile telephones and telephone accessories and services such as internet access and mobile telephone plans"
6212,ICT Sales Assistants,4,4,Accepting payment for goods and services by a variety of payment methods and preparing sales invoices
6212,ICT Sales Assistants,4,5,Assisting with the ongoing management of stock such as product inventories and participating in stocktakes
6212,ICT Sales Assistants,4,6,"Stacking and displaying goods for sale, and wrapping and packing goods sold"
6213,Motor Vehicle and Vehicle Parts Salespersons,4,1,"Determining customer requirements and advising on product range, price, delivery, warranties and product use and care"
6213,Motor Vehicle and Vehicle Parts Salespersons,4,2,Showing vehicles to customers and test driving vehicles with customers
6213,Motor Vehicle and Vehicle Parts Salespersons,4,3,"Selling motor vehicles and vehicle products such as parts, tyres, lubricating oils, batteries, car stereos and alarms"
6213,Motor Vehicle and Vehicle Parts Salespersons,4,4,Taking sales orders and preparing contracts of sale
6213,Motor Vehicle and Vehicle Parts Salespersons,4,5,Receiving orders for parts
6213,Motor Vehicle and Vehicle Parts Salespersons,4,6,"Determining part sizes and details such as vehicle make, model, manufacturer and year"
6213,Motor Vehicle and Vehicle Parts Salespersons,4,7,"Searching lists of parts to identify part numbers, price and availability"
6214,Pharmacy Sales Assistants,4,1,Accepting prescriptions for filling by retail pharmacists
6214,Pharmacy Sales Assistants,4,2,"Determining customer requirements and advising customers on the selection, price and usage of non-prescription medicines"
6214,Pharmacy Sales Assistants,4,3,Advising customers on the correct application and storage of medicines
6214,Pharmacy Sales Assistants,4,4,"Selling goods such as non-prescription drugs, first aid supplies, toiletries and cosmetics"
6214,Pharmacy Sales Assistants,4,5,Accepting payment for goods and services by a variety of payment methods and preparing sales invoices
6214,Pharmacy Sales Assistants,4,6,Promoting goods and services that are for sale
6214,Pharmacy Sales Assistants,4,7,Assisting with the ongoing management of stock such as product inventories and participating in stocktakes
6214,Pharmacy Sales Assistants,4,8,"Stacking and displaying goods for sale, and wrapping and packing goods sold"
6215,Retail Supervisors,4,1,Ensuring that customers receive prompt service and quality goods and services
6215,Retail Supervisors,4,2,Responding to customers' inquiries and complaints about goods and services
6215,Retail Supervisors,4,3,Planning and preparing work schedules and assigning staff to specific duties
6215,Retail Supervisors,4,4,"Interviewing, hiring, training, evaluating, dismissing and promoting staff, and resolving staff grievances"
6215,Retail Supervisors,4,5,Instructing staff on how to handle difficult and complicated sales procedures
6215,Retail Supervisors,4,6,Examining returned goods and deciding on appropriate action
6215,Retail Supervisors,4,7,Taking inventory of goods for sale and ordering new stock
6215,Retail Supervisors,4,8,Ensuring that goods and services are correctly priced and displayed
6215,Retail Supervisors,4,9,Ensuring safety and security procedures are enforced
6216,Service Station Attendants,4,1,Filling fuel tanks and containers to level specified by customer
6216,Service Station Attendants,4,2,"Checking and replenishing air pressure in vehicle tyres, and oil and other vehicle fluid levels"
6216,Service Station Attendants,4,3,Washing vehicle windscreens and windows
6216,Service Station Attendants,4,4,"Performing minor repair work to vehicles such as replacing tyres, light bulbs and windscreen wiper blades"
6216,Service Station Attendants,4,5,Maintaining and operating automatic car wash facilities
6216,Service Station Attendants,4,6,Collecting payments from customers for purchases
6216,Service Station Attendants,4,7,"Cleaning petrol pumps and surrounding driveway, shop and facilities"
6216,Service Station Attendants,4,8,"Undertaking stock control and preparing reports on fuel, oil, accessories and other items sold"
6216,Service Station Attendants,4,9,"Replenishing stock of fast foods, newspapers, magazines and grocery items"
6217,Street Vendors and Related Salespersons,4,1,"Collecting goods and transporting them along established routes, to door-to-door areas, and to street and market locations"
6217,Street Vendors and Related Salespersons,4,2,"Displaying and demonstrating goods, and explaining the qualities of goods to customers"
6217,Street Vendors and Related Salespersons,4,3,Informing customers of new goods and services
6217,Street Vendors and Related Salespersons,4,4,Receiving payments from customers and giving change
6217,Street Vendors and Related Salespersons,4,5,Recording transactions on customer receipts and sales records
6217,Street Vendors and Related Salespersons,4,6,Wrapping and packaging goods sold
6217,Street Vendors and Related Salespersons,4,7,Developing lists of prospective customers and calling on them to obtain new business
6217,Street Vendors and Related Salespersons,4,8,"Ordering and purchasing goods for sale, and monitoring and maintaining stock levels"
6217,Street Vendors and Related Salespersons,4,9,"May attract attention by playing music, singing and calling out goods and services for sale"
6219,Other Sales Assistants and Salespersons,4,1,"Salvages materials from industrial, commercial and private establishments for resale"
6219,Other Sales Assistants and Salespersons,4,2,Rents goods and equipment to individuals and businesses
6311,Checkout Operators and Office Cashiers,4,1,"Scanning, weighing and recording prices of goods"
6311,Checkout Operators and Office Cashiers,4,2,"Receiving and processing payments for goods and services by cash, cheques, gift vouchers, credit and debit cards and other payment types"
6311,Checkout Operators and Office Cashiers,4,3,Issuing sales dockets and giving change
6311,Checkout Operators and Office Cashiers,4,4,"Maintaining supplies of change, wrapping and other materials used at checkout"
6311,Checkout Operators and Office Cashiers,4,5,"Counting and recording money received and balancing against register sales records, and preparing money for deposit in financial institutions"
6311,Checkout Operators and Office Cashiers,4,6,Recording and balancing petty cash disbursements
6311,Checkout Operators and Office Cashiers,4,7,Operating a computer terminal to administer the store's financial transaction system
6311,Checkout Operators and Office Cashiers,4,8,Cashing authorised cheques
6391,Models and Sales Demonstrators,4,1,"Modelling garments, footwear and fashion accessories for customers, sales personnel and fashion designers"
6391,Models and Sales Demonstrators,4,2,"Posing for television, video and cinema commercials and for still photographs which appear in magazines, newspapers, catalogues and on billboards"
6391,Models and Sales Demonstrators,4,3,"Posing as subjects for paintings, sculptures and other types of art"
6391,Models and Sales Demonstrators,4,4,Setting up displays and demonstrating goods to commercial customers and guests in private homes
6391,Models and Sales Demonstrators,4,5,Answering questions and offering advice on the use of goods
6391,Models and Sales Demonstrators,4,6,Selling goods or directing purchasers to sales counters
6391,Models and Sales Demonstrators,4,7,Undertaking merchandising of goods in retail outlets and ensuring there is adequate stock attractively presented for sale
6391,Models and Sales Demonstrators,4,8,"Taking orders and making arrangements for payment, delivery and collection"
6391,Models and Sales Demonstrators,4,9,Offering sample goods and distributing catalogues and other literature advertising goods for sale
6392,Retail and Wool Buyers,4,1,"Monitoring sales data and stock levels, and studying trade, manufacturers' and market information to keep informed of changing market conditions"
6392,Retail and Wool Buyers,4,2,"Negotiating purchase, promotion and supply arrangements with suppliers"
6392,Retail and Wool Buyers,4,3,"Designing and implementing pricing, marketing, promotional and display strategies"
6392,Retail and Wool Buyers,4,4,Liaising with management on long-term planning and sales promotions
6392,Retail and Wool Buyers,4,5,Establishing working plans according to seasonal and budgetary requirements
6392,Retail and Wool Buyers,4,6,"Anticipating consumer trends and determining quantity, style and quality of goods to be purchased"
6392,Retail and Wool Buyers,4,7,"Inspecting, comparing, selecting and valuing wool by determining colour, yield, micron and length"
6392,Retail and Wool Buyers,4,8,"Inspecting and buying wool at auction, in wool brokers' stores and in farm sheds"
6392,Retail and Wool Buyers,4,9,Receiving samples from scoured wool exchanges
6392,Retail and Wool Buyers,4,10,May visit freezing works to buy slipe wool
6393,Telemarketers,4,1,Working from scripts and lists of contacts to promote goods and services by telephone
6393,Telemarketers,4,2,"Creating interest in goods and services, and seeking a sale or agreement to see sales representatives"
6393,Telemarketers,4,3,"Arranging processing and despatch of goods and services, information kits and brochures to customers"
6393,Telemarketers,4,4,Arranging appointments for sales representatives
6393,Telemarketers,4,5,Recording notes for follow-up action and updating marketing databases to reflect changes to the status of each customer
6393,Telemarketers,4,6,Reporting competitor activities and issues raised by contacts for attention by managers
6393,Telemarketers,4,7,Maintaining statistics of calls made and successes achieved
6393,Telemarketers,4,8,Submitting periodic reports on telemarketing activities and results
6393,Telemarketers,4,9,May work in a call centre
6394,Ticket Salespersons,4,1,"Receiving customers' requests, accepting payments, collecting fares from passengers, and issuing tickets, receipts and change"
6394,Ticket Salespersons,4,2,"Answering inquiries about charges, routes, schedules, reservations, coming attractions and fares"
6394,Ticket Salespersons,4,3,"Checking service availability and times, and making reservations"
6394,Ticket Salespersons,4,4,Contacting customers to cancel or confirm reservations
6394,Ticket Salespersons,4,5,"Organising displays of service availability, times and other information"
6394,Ticket Salespersons,4,6,Collecting tickets and change from depot clerks
6394,Ticket Salespersons,4,7,Signalling drivers to stop and proceed
6394,Ticket Salespersons,4,8,"Overseeing passengers' safety in emergency circumstances, and opening and closing vehicle doors"
6394,Ticket Salespersons,4,9,Assisting passengers to board and alight from vehicles and assisting passengers with baggage
6395,Visual Merchandisers,4,1,Determining goods for display in accordance with prospective seasonal and promotional events
6395,Visual Merchandisers,4,2,Developing overall promotional and display plans for approval
6395,Visual Merchandisers,4,3,"Preparing sketches and models showing layout, colour and other features for approval"
6395,Visual Merchandisers,4,4,"Obtaining props and other accessories, and building displays"
6395,Visual Merchandisers,4,5,Setting up fabricated displays in store windows and other areas
6395,Visual Merchandisers,4,6,Organising the setting out of goods to be shown as part of permanent displays
6395,Visual Merchandisers,4,7,Arranging ticketing and signage
6395,Visual Merchandisers,4,8,"Arranging lighting to highlight fixtures, displays and goods"
6399,Other Sales Support Workers,4,1,No tasks are available for this occupation
7111,"Clay, Concrete, Glass and Stone Processing Machine Operators",4,1,"Monitoring the flow of clay and other raw materials and products into machines, and adjusting valves and controls to specifications"
7111,"Clay, Concrete, Glass and Stone Processing Machine Operators",4,2,Positioning clay and stone on machines to be cut and worked
7111,"Clay, Concrete, Glass and Stone Processing Machine Operators",4,3,"Operating concrete mixing, stacking and splitting machines"
7111,"Clay, Concrete, Glass and Stone Processing Machine Operators",4,4,Setting up and installing moulds and other machine fixtures
7111,"Clay, Concrete, Glass and Stone Processing Machine Operators",4,5,"Setting up and operating glass-making machines to produce molten glass, and regulating temperature of molten glass"
7111,"Clay, Concrete, Glass and Stone Processing Machine Operators",4,6,Pressing and blowing glass into moulds to form glassware products
7111,"Clay, Concrete, Glass and Stone Processing Machine Operators",4,7,Collecting and examining samples for conformity to specifications and adjusting machine settings accordingly
7111,"Clay, Concrete, Glass and Stone Processing Machine Operators",4,8,Setting grinding and cutting edges
7111,"Clay, Concrete, Glass and Stone Processing Machine Operators",4,9,"Using hand tools to cut, inscribe and polish roughly hewn stone to finished condition"
7112,Industrial Spraypainters,4,1,"Grinding, sanding and cleaning surfaces of items to be painted"
7112,Industrial Spraypainters,4,2,"Loading paint, oil, lacquer, varnish and rustproofing agents into spray equipment"
7112,Industrial Spraypainters,4,3,Connecting hoses to spray equipment and adjusting spray nozzles to required pressure
7112,Industrial Spraypainters,4,4,Securing items to be sprayed within spray booths or placing them onto conveyors
7112,Industrial Spraypainters,4,5,Directing spray guns to apply even coatings
7112,Industrial Spraypainters,4,6,Moving items to drying areas and stacking them for further painting and packaging
7112,Industrial Spraypainters,4,7,"Starting and monitoring extractor and drying fans, and heaters"
7112,Industrial Spraypainters,4,8,"Cleaning nozzles, containers and hoses of equipment"
7112,Industrial Spraypainters,4,9,May operate paint dipping baths
7112,Industrial Spraypainters,4,10,May mix coating solutions and regulate their temperature
7113,Paper and Wood Processing Machine Operators,4,1,"Setting up printing plates, ink circulation systems, knives, creases, cutting dies, and folding and gluing machines"
7113,Paper and Wood Processing Machine Operators,4,2,Loading machines with paper and fibreboard
7113,Paper and Wood Processing Machine Operators,4,3,"Operating machines to form cardboard containers, paper plates, egg cartons, tissue paper and other paper products"
7113,Paper and Wood Processing Machine Operators,4,4,Adjusting and cleaning machines and performing minor repairs
7113,Paper and Wood Processing Machine Operators,4,5,Securing timber into place and setting saws to produce specified sizes of plank and board to be cut
7113,Paper and Wood Processing Machine Operators,4,6,"Starting machines and feeding stock onto cutting saw, and operating automatic feed mechanisms"
7113,Paper and Wood Processing Machine Operators,4,7,Raising and lowering saws to trim boards and remove defects such as rot and splits
7113,Paper and Wood Processing Machine Operators,4,8,"Controlling lathes and slicing machines to produce veneers, and laminating veneer using glue"
7113,Paper and Wood Processing Machine Operators,4,9,Verifying dimensions of cut stock and accuracy of cuts
7113,Paper and Wood Processing Machine Operators,4,10,"Checking saws and other machines for safety, sharpness and correct functioning"
7114,Photographic Developers and Printers,4,1,"Cropping images and adjusting colour, brightness and contrast"
7114,Photographic Developers and Printers,4,2,Preparing exposed film for different processing batches in dark rooms and dark chambers
7114,Photographic Developers and Printers,4,3,Adjusting settings and running automatic developing equipment
7114,Photographic Developers and Printers,4,4,"Inspecting prints and adjusting settings on print-making equipment to produce required number, size and type of prints"
7114,Photographic Developers and Printers,4,5,Scanning images onto electronic media
7114,Photographic Developers and Printers,4,6,Checking and replenishing chemicals and water supply for chemical and water baths required to produce negative and positive prints
7114,Photographic Developers and Printers,4,7,"Monitoring and testing photographic processing and printing equipment, and maintaining operational standards"
7114,Photographic Developers and Printers,4,8,May prepare chemical solutions for different techniques and effects
7114,Photographic Developers and Printers,4,9,May develop black and white images by separate processes and operate enlargers
7114,Photographic Developers and Printers,4,10,May develop motion picture film
7115,Plastics and Rubber Production Machine Operators,4,1,"Operating controls to regulate temperature, pressure, speed and flow of operation"
7115,Plastics and Rubber Production Machine Operators,4,2,"Measuring and loading materials, items and ingredients for mixing into machines and feeding mechanisms"
7115,Plastics and Rubber Production Machine Operators,4,3,"Monitoring operation, regulating material supply and adding chemicals and colorants to mixture"
7115,Plastics and Rubber Production Machine Operators,4,4,"Threading uncoated wire and cable through plastic coating machines, around take-up reels and through dies and cooling chambers"
7115,Plastics and Rubber Production Machine Operators,4,5,"Laying casings, beads, ply and rubber sheets on moulds"
7115,Plastics and Rubber Production Machine Operators,4,6,Operating rollers to remove air
7115,Plastics and Rubber Production Machine Operators,4,7,Operating vulcaniser presses and controlling curing
7115,Plastics and Rubber Production Machine Operators,4,8,Examining output for defects and conformity to specifications
7115,Plastics and Rubber Production Machine Operators,4,9,Performing minor repairs and maintaining production records
7116,Sewing Machinists,4,1,"Threading machines, inserting bobbins and positioning parts to be sewn"
7116,Sewing Machinists,4,2,"Starting, stopping and controlling speed of machines with pedals and knee levers to coordinate actions of presser feet, clothes guides, blades and other attachments, and guiding parts under needles, following edges, seams and markings"
7116,Sewing Machinists,4,3,"Changing needles and adjusting, securing and modifying attachments to machines"
7116,Sewing Machinists,4,4,Finishing items by cutting excess material and threads
7116,Sewing Machinists,4,5,Operating thread trimming and other non-sewing machines
7116,Sewing Machinists,4,6,Inspecting stitching for defects and notifying repair mechanics of machine malfunctions
7116,Sewing Machinists,4,7,Performing basic maintenance such as lubrication of machines
7116,Sewing Machinists,4,8,May do laying up and bundling tasks
7116,Sewing Machinists,4,9,"May ticket, label and finish work"
7117,Textile and Footwear Production Machine Operators,4,1,Preparing machines for operation by selecting and installing attachments and components for specialised functions
7117,Textile and Footwear Production Machine Operators,4,2,Setting and operating controls used to regulate processing operations
7117,Textile and Footwear Production Machine Operators,4,3,Starting machines and monitoring operation to detect faults and ensure effectiveness of operation
7117,Textile and Footwear Production Machine Operators,4,4,"Loading drums with hides and skins, textiles, and dyeing and tanning solutions"
7117,Textile and Footwear Production Machine Operators,4,5,"Cutting and machining leather and synthetic shoe uppers, and making shoes using moulded and cement construction techniques"
7117,Textile and Footwear Production Machine Operators,4,6,Threading loom shuttles with cross-yarn arms
7117,Textile and Footwear Production Machine Operators,4,7,Positioning and feeding machines with fibre packages
7117,Textile and Footwear Production Machine Operators,4,8,Repairing broken yarns by tying and splicing ends
7117,Textile and Footwear Production Machine Operators,4,9,"Examining finished products for defects and variations, reporting faults in machines, and carrying out quality control procedures"
7119,Other Machine Operators,4,1,"Operates machines to produce chemical goods such as soaps, detergents, pharmaceuticals, toiletries and explosives"
7119,Other Machine Operators,4,2,Operates film projection and related sound reproduction equipment
7119,Other Machine Operators,4,3,Operates sandblasting machines to clean and grind metal products and other hard surfaces
7119,Other Machine Operators,4,4,"Cleans, sterilises and packages surgical instruments and other hospital equipment, soft goods and linen in a sterilisation service facility"
7121,"Crane, Hoist and Lift Operators",4,1,Testing the operation of plant before use to ensure safety
7121,"Crane, Hoist and Lift Operators",4,2,"Operating controls to rotate cranes, move cranes on fixed rails, raise and lower jibs and booms, and raise, lower and move hooks and objects"
7121,"Crane, Hoist and Lift Operators",4,3,"Working in conjunction with construction riggers and crane chasers to position hooks and raise, move and place loads"
7121,"Crane, Hoist and Lift Operators",4,4,"Controlling the movement of loads, and monitoring speed, acceleration and braking distances directly and by signalling to other operators"
7121,"Crane, Hoist and Lift Operators",4,5,"Monitoring plant operation, instruments and gauges to detect malfunctions and problems"
7121,"Crane, Hoist and Lift Operators",4,6,Lubricating ropes and winches on cranes and replacing worn cables
7121,"Crane, Hoist and Lift Operators",4,7,May operate cranes fitted with attachments for purposes such as demolition and pile driving
7121,"Crane, Hoist and Lift Operators",4,8,May operate overhead cranes using hand controls suspended by cables from cranes
7122,"Drillers, Miners and Shot Firers",4,1,"Dismantling, moving and reassembling drilling rigs and accessory plant"
7122,"Drillers, Miners and Shot Firers",4,2,"Taking samples of ore, liquids and gases and packaging them"
7122,"Drillers, Miners and Shot Firers",4,3,"Performing minor maintenance and repairs, and lubricating and cleaning plant"
7122,"Drillers, Miners and Shot Firers",4,4,"Recording performance details and information obtained from wells, and keeping logs detailing operations"
7122,"Drillers, Miners and Shot Firers",4,5,Operating surface and underground mining plant
7122,"Drillers, Miners and Shot Firers",4,6,"Undertaking development work such as opening up new shafts, drives, air vents, rises and crib rooms"
7122,"Drillers, Miners and Shot Firers",4,7,Positioning explosives in bore holes and priming explosives using detonators and explosive cartridges
7122,"Drillers, Miners and Shot Firers",4,8,"Connecting wires, fuses and detonating cords to explosive cartridges and detonators, and detonating explosives"
7122,"Drillers, Miners and Shot Firers",4,9,Monitoring operation of plant and ensuring safety of other workers on mining sites and during drilling operations
7122,"Drillers, Miners and Shot Firers",4,10,"Operating auxiliary plant such as pumps to expel air, water and mud"
7123,Engineering Production Workers,4,1,Interpreting engineering production drawings
7123,Engineering Production Workers,4,2,"Setting up, operating and adjusting production plant to shape metal stock and castings and cut sheet metal"
7123,Engineering Production Workers,4,3,Operating welding and electroplating plant
7123,Engineering Production Workers,4,4,Operating furnaces and quenching plant to smelt and change the structure of metals
7123,Engineering Production Workers,4,5,Using kilns and ovens to fire ceramics
7123,Engineering Production Workers,4,6,Processing mineral ore and operating metal rolling plant
7123,Engineering Production Workers,4,7,Casting molten metal and operating plant to draw metal wire through dies
7123,Engineering Production Workers,4,8,Operating computer-controlled production plant
7129,Other Stationary Plant Operators,4,1,"Operates and maintains stationary engines, boilers, refrigeration and airconditioning systems, and associated mechanical plant"
7129,Other Stationary Plant Operators,4,2,"Operates plant to load, unload, move, store and stack bulk materials such as grain, sugar and mineral ore"
7129,Other Stationary Plant Operators,4,3,"Operates mixing plant to produce batches of concrete from cement, sand, aggregate, water and other ingredients"
7129,Other Stationary Plant Operators,4,4,"Operates plant to pump, cast and mould concrete registration or licensing is required"
7129,Other Stationary Plant Operators,4,5,Operates plant to produce paper pulp from woodchips and to make paper sheets
7129,Other Stationary Plant Operators,4,6,"Controls the movement of trains, and assembles and disassembles trains within a marshalling yard"
7129,Other Stationary Plant Operators,4,7,Oversees the safe movement of trains using a computerised train control signalling system
7129,Other Stationary Plant Operators,4,8,"Operates plant to store, distribute and treat water including purifying water for human consumption and removing wastes from sewage"
7129,Other Stationary Plant Operators,4,9,Operates weighing plant and issues measurement tickets which provide readings of vehicle and livestock weight
7211,"Agricultural, Forestry and Horticultural Plant Operators",4,1,Preparing and positioning plant for operation
7211,"Agricultural, Forestry and Horticultural Plant Operators",4,2,"Operating tractor-drawn and self-propelled plant to plough land and sow, fertilise, cultivate and harvest crops, and avoid damaging crops"
7211,"Agricultural, Forestry and Horticultural Plant Operators",4,3,"Adjusting speed, height and depth of implements"
7211,"Agricultural, Forestry and Horticultural Plant Operators",4,4,"Operating plant to hold, lift and cut trees"
7211,"Agricultural, Forestry and Horticultural Plant Operators",4,5,"Operating attachments to lift, swing, release and sort trees and logs, and operating auxiliary plant such as chipping machines and log splitting machines"
7211,"Agricultural, Forestry and Horticultural Plant Operators",4,6,Feeding felled trees into processors to strip limbs and cut into logs and loading logs onto stockpiles and into trucks
7211,"Agricultural, Forestry and Horticultural Plant Operators",4,7,Keeping log tallies and writing work reports
7211,"Agricultural, Forestry and Horticultural Plant Operators",4,8,Servicing plant and performing minor repairs
7212,Earthmoving Plant Operators,4,1,Preparing and positioning plant for operation
7212,Earthmoving Plant Operators,4,2,"Selecting, fitting and removing attachments such as buckets, winches, loading scoops, shovel blades and rock breaking hammers"
7212,Earthmoving Plant Operators,4,3,"Operating controls to excavate, break, drill, level, compact, gouge out, move, load and spread earth, rock, rubble, soil and other materials"
7212,Earthmoving Plant Operators,4,4,"Monitoring operation of plant and adjusting controls to regulate pressure, speed and flow of operation, and ensuring safety of other workers"
7212,Earthmoving Plant Operators,4,5,"Raising, lowering and manipulating attachments using manual and hydraulic controls"
7212,Earthmoving Plant Operators,4,6,"Working from drawings, markers and verbal instructions"
7212,Earthmoving Plant Operators,4,7,"Servicing, lubricating, cleaning and refuelling plant and performing minor adjustments and repairs"
7213,Forklift Drivers,4,1,"Operating controls to align forklifts and raise and lower forks to stack and unstack items in warehouses, factories, timber yards and shipping terminals"
7213,Forklift Drivers,4,2,Operating forklifts which run on rails or use electronic guidance systems to control movements in narrow aisles
7213,Forklift Drivers,4,3,"Transporting goods to designated areas in warehouses, factories, timber yards and shipping terminals"
7213,Forklift Drivers,4,4,Ensuring goods are stored in correct areas so that they can be easily located when orders are made up
7213,Forklift Drivers,4,5,Monitoring equipment operation visually through gauges and instruments and through computerised monitoring equipment
7213,Forklift Drivers,4,6,Inspecting and controlling equipment to identify wear and damage
7213,Forklift Drivers,4,7,Servicing and performing minor repairs and adjustments to forklifts
7213,Forklift Drivers,4,8,May operate specialised trucks to carry items beneath elevated frames
7219,Other Mobile Plant Operators,4,1,"Loads and unloads baggage, directs planes, positions staircases, fills aircraft fuel tanks and performs other aircraft ground services to ensure aircraft operations run efficiently"
7219,Other Mobile Plant Operators,4,2,"Operates plant to apply markings to roads and other surfaces such as car parks, airports and sportsgrounds"
7219,Other Mobile Plant Operators,4,3,"Operates plant to spread and level hot bituminous paving materials and lay concrete on areas such as highways, roads and car parks"
7219,Other Mobile Plant Operators,4,4,"Operates plant to lay, align, repair and maintain railway tracks"
7219,Other Mobile Plant Operators,4,5,"Operates a power-driven roller to prepare surfaces for roads, runways and car parks"
7219,Other Mobile Plant Operators,4,6,Operates plant to clean streets and gutters of litter and debris
7311,Automobile Drivers,4,1,Using mobile computer systems and radio networks to log into waiting passenger information
7311,Automobile Drivers,4,2,Picking up passengers at designated locations or when hailed
7311,Automobile Drivers,4,3,Checking passenger destinations and determining most appropriate route
7311,Automobile Drivers,4,4,Transporting passengers to desired destinations
7311,Automobile Drivers,4,5,Assisting passengers with luggage
7311,Automobile Drivers,4,6,Collecting fares and processing fare payments
7311,Automobile Drivers,4,7,May collect and deliver parcels
7312,Bus and Coach Drivers,4,1,Stopping at set locations to pick up and set down passengers
7312,Bus and Coach Drivers,4,2,Opening and closing doors before and after passengers board or alight
7312,Bus and Coach Drivers,4,3,"Controlling lighting, heating and ventilation on buses"
7312,Bus and Coach Drivers,4,4,"Collecting fares and giving change and tickets, and monitoring electronic entry"
7312,Bus and Coach Drivers,4,5,Advising passengers on destinations
7312,Bus and Coach Drivers,4,6,Maintaining conduct of passengers
7312,Bus and Coach Drivers,4,7,May use public address systems to provide information and tour commentaries for passengers
7312,Bus and Coach Drivers,4,8,May assist coach passengers with baggage and accommodation bookings
7312,Bus and Coach Drivers,4,9,"May maintain, service and clean coaches"
7313,Train and Tram Drivers,4,1,Stopping at stations and set locations to pick up and set down passengers and freight
7313,Train and Tram Drivers,4,2,Opening and closing doors before and after passengers board or alight
7313,Train and Tram Drivers,4,3,"Observing signals, track conditions, nearby traffic and prescribed speeds to ensure safety"
7313,Train and Tram Drivers,4,4,"Monitoring indicator gauges, changing controls and power supply poles and reporting operating irregularities"
7313,Train and Tram Drivers,4,5,Checking time and adherence to timetables
7313,Train and Tram Drivers,4,6,May advise passengers on destinations
7321,Delivery Drivers,4,1,Determining the destinations of goods and most appropriate delivery routes
7321,Delivery Drivers,4,2,Manoeuvring vehicles into position for loading and unloading
7321,Delivery Drivers,4,3,Assisting with loading to ensure goods are arranged for ease of delivery and safely secured to avoid damage
7321,Delivery Drivers,4,4,Verifying loading documents
7321,Delivery Drivers,4,5,Arranging and performing unloading operations and obtaining certification of deliveries
7321,Delivery Drivers,4,6,Reporting vehicle maintenance needs
7321,Delivery Drivers,4,7,May receive payments for deliveries and arrange accounts
7331,Truck Drivers,4,1,Manoeuvring vehicles into position for loading and unloading
7331,Truck Drivers,4,2,Loading and unloading vehicles using lifting and tipping devices
7331,Truck Drivers,4,3,Observing safety requirements when loading and unloading vehicles
7331,Truck Drivers,4,4,Making regular quality checks of vehicles to ensure they can be driven safely
7331,Truck Drivers,4,5,Estimating weights to comply with load limitations and ensuring safe distribution of weight
7331,Truck Drivers,4,6,Ensuring goods are stowed and securely covered to prevent loss and damage
7331,Truck Drivers,4,7,"Verifying loading documents, checking condition of goods and obtaining certification of deliveries"
7411,Storepersons,4,1,"Receiving incoming goods, checking for damage and for discrepancies between goods and invoices"
7411,Storepersons,4,2,"Unloading vehicles, opening packages and removing contents"
7411,Storepersons,4,3,Operating computers to obtain details of location and quantity of items in stock
7411,Storepersons,4,4,Labelling goods with details of storage location
7411,Storepersons,4,5,Packing and weighing goods and sealing boxes
7411,Storepersons,4,6,"Operating machines to lift, place and remove goods on high levels"
7411,Storepersons,4,7,"Operating specialised equipment, such as manually and electronically guided order pickers, and checking goods off picking list"
7411,Storepersons,4,8,Assisting with regular stocktakes
7411,Storepersons,4,9,"May use materials handling equipment, such as hydraulic pallet lifters and hand trucks, to move goods"
8111,Car Detailers,4,1,"Washing, drying, polishing and waxing vehicle exteriors"
8111,Car Detailers,4,2,"Vacuuming vehicle interiors, and drycleaning carpets and upholstery"
8111,Car Detailers,4,3,Applying cleaning agents to remove stains from vehicle interiors
8111,Car Detailers,4,4,"Washing tyres and wheel arches, and blackening tyres"
8111,Car Detailers,4,5,Washing and polishing vehicle windows
8111,Car Detailers,4,6,Emptying and cleaning compartments in vehicles
8111,Car Detailers,4,7,May make minor repairs and touch up finishes to remove scratches
8112,Commercial Cleaners,4,1,"Vacuuming carpets, curtains and upholstered furniture"
8112,Commercial Cleaners,4,2,"Cleaning, dusting and polishing furniture, fixtures and fittings"
8112,Commercial Cleaners,4,3,"Removing rubbish and recyclable material, and emptying containers, bins and trays"
8112,Commercial Cleaners,4,4,"Stripping wax from floors, re-waxing and polishing floors"
8112,Commercial Cleaners,4,5,"Cleaning and disinfecting laundry and bathroom fixtures, replenishing supplies and reporting defective plumbing fixtures"
8112,Commercial Cleaners,4,6,"Operating industrial vacuum cleaners to clean floors, work areas and machines"
8112,Commercial Cleaners,4,7,"Removing dust and dirt from ceilings, walls, overhead pipes and fixtures"
8112,Commercial Cleaners,4,8,Applying acids and solvents to surfaces to remove stains and dirt
8112,Commercial Cleaners,4,9,"Removing lint, dust, soot, oil, grease, sludge and other residues from machines, hulls and holds of ships, and interiors and exteriors of furnaces, boilers and tanks"
8112,Commercial Cleaners,4,10,May clean exteriors of buildings by sand-blasting and applying solvents
8113,Domestic Cleaners,4,1,"Vacuuming carpets, curtains and upholstered furniture"
8113,Domestic Cleaners,4,2,"Sweeping, mopping, waxing and polishing tiled, vinyl, timber and concrete floors"
8113,Domestic Cleaners,4,3,"Tidying rooms, emptying wastepaper bins and removing refuse and recyclable material"
8113,Domestic Cleaners,4,4,"Cleaning, disinfecting and deodorising kitchens, bathrooms and toilets"
8113,Domestic Cleaners,4,5,"Dusting, cleaning and polishing furniture and other homewares"
8113,Domestic Cleaners,4,6,Cleaning windows and other glass surfaces
8114,Housekeepers,4,1,Cleaning the interior of buildings and the immediate outside areas
8114,Housekeepers,4,2,"Sweeping, mopping and polishing floors, vacuuming and shampooing carpets, and cleaning curtains and upholstered furniture"
8114,Housekeepers,4,3,"Dusting and polishing furniture, fixtures and fittings"
8114,Housekeepers,4,4,"Picking up rubbish, emptying garbage containers, and taking contents to waste areas for removal"
8114,Housekeepers,4,5,"Restocking minibars and replenishing items such as drinking glasses, writing equipment, linen and groceries"
8114,Housekeepers,4,6,"Stripping and making beds, and changing bed linen"
8114,Housekeepers,4,7,"Maintaining kitchens, washing dishes and cooking utensils, and cleaning appliances, cupboards, counters, pantries and floors"
8114,Housekeepers,4,8,"Picking up, sorting, washing, drying, ironing and mending linen and clothes"
8114,Housekeepers,4,9,"Preparing and cooking meals, setting and clearing tables, and serving food and beverages"
8114,Housekeepers,4,10,"Taking care of household pets and plants, receiving visitors, answering telephones, delivering messages, and shopping for groceries"
8115,Laundry Workers,4,1,"Sorting articles for cleaning according to the type, colour, fabric and cleaning treatment required"
8115,Laundry Workers,4,2,Placing sorted articles into receptacles and onto conveyor belts for moving to repair and cleaning areas
8115,Laundry Workers,4,3,"Checking and removing stains from garments, and replacing buttons and making minor repairs"
8115,Laundry Workers,4,4,"Loading and unloading washing machines, driers and extractors"
8115,Laundry Workers,4,5,Adding cleaning agents and starches to articles
8115,Laundry Workers,4,6,Smoothing articles and guiding them through cleaning and pressing machines
8115,Laundry Workers,4,7,"Stopping and starting machines to untangle, straighten and remove articles"
8115,Laundry Workers,4,8,Ironing and pressing clean articles
8115,Laundry Workers,4,9,Placing articles on shelves and hanging articles for delivery and collection
8115,Laundry Workers,4,10,Packaging articles and preparing orders for despatch
8116,Other Cleaners,4,1,Cleaning carpets and upholstered furniture using cleaning machines and their attachments
8116,Other Cleaners,4,2,"Selecting and applying cleaning agents to remove stains from carpets, windows and surfaces"
8116,Other Cleaners,4,3,Filling carpet cleaning machines with water and other cleaning agents
8116,Other Cleaners,4,4,Pushing pile-lifting machines over carpets and brushing pile to raise and fluff nap
8116,Other Cleaners,4,5,"Treating carpets with soil-repellent chemicals and deodorants, and treating for pests"
8116,Other Cleaners,4,6,"Using ladders, swinging scaffolds, bosun's chairs, hydraulic bucket trucks and other equipment to reach and clean windows in multi-storey buildings"
8116,Other Cleaners,4,7,"Cleaning stone walls, metal surfaces, fascias and window frames using high pressure water cleaners and solvents"
8116,Other Cleaners,4,8,"Applying chemicals and high pressure cleaning methods to remove micro-organisms from water and filtration systems, and using wet vacuums and other suction equipment to remove scale, accumulated dirt and other deposits from swimming pools, cooling tower components and drains"
8211,Building and Plumbing Labourers,4,1,"Loading and unloading building and construction materials, tools and equipment and transporting them around building sites"
8211,Building and Plumbing Labourers,4,2,Erecting and dismantling temporary structures such as barricades and scaffolding
8211,Building and Plumbing Labourers,4,3,"Mixing, pouring and spreading materials such as concrete, plaster and mortar"
8211,Building and Plumbing Labourers,4,4,"Cleaning and carrying out minor repairs on stormwater drains and canals, and checking for cracks and leaks in sewerage systems"
8211,Building and Plumbing Labourers,4,5,"Digging holes and shovelling excavated material onto conveyors, wheelbarrows and trucks for removal"
8211,Building and Plumbing Labourers,4,6,"Spreading and levelling soil, gravel and sand on roads and driveways, trench bottoms and similar locations"
8211,Building and Plumbing Labourers,4,7,"Assisting with assembling and installing piping, valves and fittings"
8211,Building and Plumbing Labourers,4,8,"Assisting with installing fixtures such as toilets, wash basins and sprinkler systems"
8212,Concreters,4,1,Erecting concrete form work and laying steel reinforcing
8212,Concreters,4,2,"Pouring, spreading and levelling concrete using screeds and templates"
8212,Concreters,4,3,"Tamping, smoothing, shaping and sealing concrete"
8212,Concreters,4,4,"Operating trowelling machines to float, trowel and polish concrete surfaces"
8212,Concreters,4,5,"Forming expansion joints and edges using edging tools, jointers and straight edges"
8212,Concreters,4,6,"Installing fixtures in concrete such as anchor bolts, steel plates and door sills"
8212,Concreters,4,7,Wetting concrete and rubbing with abrasives to finish vertical surfaces
8212,Concreters,4,8,Covering concrete with plastic sheeting and sand to cure it
8212,Concreters,4,9,Cutting lines in concrete using power cutters
8212,Concreters,4,10,May cover freshly poured concrete with colouring powders and other materials
8213,Fencers,4,1,Laying out fence lines and marking positions for post holes
8213,Fencers,4,2,"Lifting and positioning fence posts in holes and securing posts with concrete, stone fill and soil"
8213,Fencers,4,3,Forming fence frames
8213,Fencers,4,4,Constructing and attaching gates to fences
8213,Fencers,4,5,Stretching materials between fence posts
8213,Fencers,4,6,"Constructing wooden paling, fibre-cement and metal fences"
8213,Fencers,4,7,Repairing and demolishing existing fences
8214,Insulation and Home Improvement Installers,4,1,"Examining plans, specifications and work sites to determine the type and quality of installations required and their location"
8214,Insulation and Home Improvement Installers,4,2,"Preparing site for insulation and installation of fittings by nailing up furring, drilling holes for screws and bolts, and erecting scaffolding and ladders"
8214,Insulation and Home Improvement Installers,4,3,Gluing blocks and slabs of foamed plastic and cork to walls
8214,Insulation and Home Improvement Installers,4,4,"Operating equipment to blow and spray mineral wool, fibre fill and foam insulation material into cavities"
8214,Insulation and Home Improvement Installers,4,5,"Cutting insulation material to size and shape, and nailing and stapling batt-type insulation to joists, studs and furring"
8214,Insulation and Home Improvement Installers,4,6,"Measuring, cutting and applying solar control film to windows"
8214,Insulation and Home Improvement Installers,4,7,"Fitting awnings, security screens, shower screens, prefabricated windows and doors, exterior cladding and other home improvements using hand tools"
8214,Insulation and Home Improvement Installers,4,8,"Drilling holes in wood, brick, stone and fibrous structures, and bolting, screwing and nailing fittings into place"
8214,Insulation and Home Improvement Installers,4,9,"Attaching and adjusting mechanical fittings such as cranks, locks and pull-cords"
8214,Insulation and Home Improvement Installers,4,10,Installing flashing and waterproofing to fittings such as shower screens and prefabricated windows and doors
8215,Paving and Surfacing Labourers,4,1,Sweeping paving bases prior to laying asphalt and other surfaces
8215,Paving and Surfacing Labourers,4,2,Sprinkling and brushing hot and cold-mix asphalt over surfaces to be paved and repaired to bond asphalt toppings to bases
8215,Paving and Surfacing Labourers,4,3,Operating tank-truck distributors and hoses to spray tar and road oils and emulsions on graded surfaces prior to paving
8215,Paving and Surfacing Labourers,4,4,"Tripping tail-gate levers to discharge hot-mix asphalt into paving machines, and spreading stone chips, gravel and cold-mix asphalt onto road surfaces"
8215,Paving and Surfacing Labourers,4,5,"Shovelling asphalt mix into areas inaccessible to paving machines, and compacting mix using rakes and hand tampers"
8215,Paving and Surfacing Labourers,4,6,Cutting and trimming damaged surfaces using jack-hammers and softening edges of areas to be repaired with blowtorches
8215,Paving and Surfacing Labourers,4,7,Erecting and dismantling barricades
8215,Paving and Surfacing Labourers,4,8,"Loading and unloading equipment, and cleaning work sites"
8215,Paving and Surfacing Labourers,4,9,May direct traffic
8216,Railway Track Workers,4,1,Spreading and tamping ballast to provide firm foundation for sleepers
8216,Railway Track Workers,4,2,Cutting rails to length and grinding worn and rough rail ends
8216,Railway Track Workers,4,3,"Placing sleepers across roadbeds, and positioning and fastening rails on sleepers"
8216,Railway Track Workers,4,4,"Drilling bolt holes, and bolting and welding rail sections"
8216,Railway Track Workers,4,5,"Removing and replacing worn and damaged rails, sleepers and switches"
8216,Railway Track Workers,4,6,Cleaning and lubricating switches
8216,Railway Track Workers,4,7,"Examining track, lubricating wheel bearings on rolling stock and maintaining switch signal lamps"
8216,Railway Track Workers,4,8,Installing and repairing signals and other equipment
8216,Railway Track Workers,4,9,May assist with the righting of derailed rolling stock
8217,Structural Steel Construction Workers,4,1,"Erecting lifting tackles by attaching pulleys and blocks to fixed overhead structures, and installing cables and attaching counterweights"
8217,Structural Steel Construction Workers,4,2,"Attaching slinging gear to hoisting equipment and objects to be moved using clamps, hooks, bolts and knots"
8217,Structural Steel Construction Workers,4,3,"Fitting and bolting tubes, support braces and components to form bases and build up scaffolding"
8217,Structural Steel Construction Workers,4,4,Lifting and positioning sections of scaffolding
8217,Structural Steel Construction Workers,4,5,"Measuring, cutting, bending and fitting welded wire mesh into concrete areas to be mesh-reinforced"
8217,Structural Steel Construction Workers,4,6,Fixing mesh and reinforcing steel into position in formwork for concrete pours
8217,Structural Steel Construction Workers,4,7,"Setting up winches and rigging equipment to raise and position girders, plates, columns and other steel units"
8217,Structural Steel Construction Workers,4,8,"Erecting guard rails, guy wires, ropes and clears, laying planks and hanging safety nets"
8219,Other Construction and Mining Labourers,4,1,"Slings cranes and winches, and directs the movement of loads ensuring loads do not exceed lifting capacities"
8219,Other Construction and Mining Labourers,4,2,"Performs routine tasks in setting up, operating and dismantling drilling sites for extracting oil, gas, mineral ore or water"
8219,Other Construction and Mining Labourers,4,3,"Applies insulating materials, such as felt, fibreglass, polyurethane and cork, to pipes, steam generators, process vats and ducting, and secures insulation with wire, wire netting, staples, metal strapping and using welding torches"
8219,Other Construction and Mining Labourers,4,4,"Performs routine tasks in mining and mineral ore treating operations such as assembling, operating and dismantling mining equipment, taking ore, rock and dust samples, and mixing ore treating chemicals and catalysts"
8219,Other Construction and Mining Labourers,4,5,"Performs routine tasks to assist surveyors and geologists by transporting, assembling, maintaining and laying out prospecting and surveying equipment, and collecting and labelling samples"
8311,Food and Drink Factory Workers,4,1,"Weighing, measuring, mixing, dissolving and boiling ingredients"
8311,Food and Drink Factory Workers,4,2,"Adding materials, such as spices and preservatives, to food and beverages"
8311,Food and Drink Factory Workers,4,3,"Operating heating, chilling, freezing, pasteurising, carbonating, sulphuring and desulphuring plant"
8311,Food and Drink Factory Workers,4,4,"Monitoring product quality before packaging by inspecting, taking samples and adjusting treatment conditions when necessary"
8311,Food and Drink Factory Workers,4,5,"Operating machines to peel, core, slice, dice, pit and juice fruit and vegetables"
8311,Food and Drink Factory Workers,4,6,"Cleaning equipment, pumps, hoses, storage tanks, vessels and floors, and maintaining infestation control programs"
8311,Food and Drink Factory Workers,4,7,"Regulating speed of conveyors and crusher rollers, and adjusting tension of rollers to ensure total extraction of juice from sugar cane"
8311,Food and Drink Factory Workers,4,8,Moving products from production lines into storage and shipping areas
8311,Food and Drink Factory Workers,4,9,Packaging and bottling products
8312,"Meat Boners and Slicers, and Slaughterers",4,1,Operating switching controls to direct and drop carcasses and meat cuts from supply rails to boning tables
8312,"Meat Boners and Slicers, and Slaughterers",4,2,"Cutting meat to separate meat, fat and tissue from around bones"
8312,"Meat Boners and Slicers, and Slaughterers",4,3,"Washing, scraping and trimming foreign material and blood from meat"
8312,"Meat Boners and Slicers, and Slaughterers",4,4,"Cutting sides and quarters of meat into standard meat cuts, such as rumps, flanks and shoulders, and removing internal fat, blood clots, bruises and other matter to prepare them for packing and marketing"
8312,"Meat Boners and Slicers, and Slaughterers",4,5,Operating restrainer and stunning equipment
8312,"Meat Boners and Slicers, and Slaughterers",4,6,Severing jugular veins of stunned animals to drain blood and facilitate dressing
8312,"Meat Boners and Slicers, and Slaughterers",4,7,Trimming and removing head meat and severing animal heads
8312,"Meat Boners and Slicers, and Slaughterers",4,8,"Slitting open, eviscerating and trimming animal carcasses"
8312,"Meat Boners and Slicers, and Slaughterers",4,9,May slaughter livestock according to procedures required by religious customs
8313,"Meat, Poultry and Seafood Process Workers",4,1,Processing offal and tripe
8313,"Meat, Poultry and Seafood Process Workers",4,2,Moving carcasses to chillers and freezers
8313,"Meat, Poultry and Seafood Process Workers",4,3,Loading meat products into trucks
8313,"Meat, Poultry and Seafood Process Workers",4,4,Packing boned and sliced meat into cartons
8313,"Meat, Poultry and Seafood Process Workers",4,5,Stunning and shackling poultry for killing and processing
8313,"Meat, Poultry and Seafood Process Workers",4,6,"Severing jugular veins of poultry, and removing viscera and residual material from poultry carcasses"
8313,"Meat, Poultry and Seafood Process Workers",4,7,"Separating organs and glands, such as sweetbreads, livers, hearts and spleens, from poultry carcasses"
8313,"Meat, Poultry and Seafood Process Workers",4,8,"Inspecting and grading poultry, fish and shellfish for size and quality"
8313,"Meat, Poultry and Seafood Process Workers",4,9,"Packing fish and counting packs before freezing, and packing frozen fish blocks into cartons"
8313,"Meat, Poultry and Seafood Process Workers",4,10,"Operating machines which slice, peel, skin and crumb fish"
8313,"Meat, Poultry and Seafood Process Workers",4,11,Cleaning and sanitising equipment and work areas
8321,Packers,4,1,"Obtaining supplies of products and assembling bags, package folders and cartons"
8321,Packers,4,2,"Packing containers and bags with products, and counting, weighing and measuring amounts and adjusting quantities"
8321,Packers,4,3,"Wrapping protective material around products, sealing bags and containers, and attaching pre-printed labels"
8321,Packers,4,4,"Counting and placing bags and packages onto trays and racks, and into shipping cartons"
8321,Packers,4,5,"Recording information such as numbers, weight, times and dates"
8321,Packers,4,6,Monitoring the filling of containers and adjusting machines to maintain volume and seal quality
8321,Packers,4,7,Monitoring the supply and quality of containers and contents of holding tanks
8321,Packers,4,8,"Checking the cleanliness and operation of machines, equipment and containers"
8322,Product Assemblers,4,1,"Locating, positioning and securing components on workbenches"
8322,Product Assemblers,4,2,Punching and drilling mounting holes in parts and assembled products
8322,Product Assemblers,4,3,Assembling and securing components in sequence
8322,Product Assemblers,4,4,"Assembling parts by nailing, screwing, gluing and dowelling, riveting, crimping, soldering and spot welding components"
8322,Product Assemblers,4,5,"Fitting hardware items, such as hinges, catches and knobs, to parts"
8322,Product Assemblers,4,6,"Attaching and fastening jewellery and jewellery parts to fabricate bracelets, necklaces, brooches and earrings"
8322,Product Assemblers,4,7,"Deburring and finishing items using files, grinding wheels and emery paper"
8322,Product Assemblers,4,8,May manually wind light electrical field coils
8391,Metal Engineering Process Workers,4,1,Positioning and holding tools and metal products
8391,Metal Engineering Process Workers,4,2,Performing assembly and dismantling operations such as screwing and bolting
8391,Metal Engineering Process Workers,4,3,"Operating power hammers, presses and other metal cutting and shaping tools and machines"
8391,Metal Engineering Process Workers,4,4,Soldering and spot welding components using electrical spot and butt welding machines
8391,Metal Engineering Process Workers,4,5,"Transporting tools, materials and work pieces to and from sites and workbenches"
8391,Metal Engineering Process Workers,4,6,Cleaning and preparing working surfaces
8392,Plastics and Rubber Factory Workers,4,1,Dumping material into hoppers of machines
8392,Plastics and Rubber Factory Workers,4,2,Stopping moulding machines and discharging contents
8392,Plastics and Rubber Factory Workers,4,3,Cutting foam products from foam blocks
8392,Plastics and Rubber Factory Workers,4,4,"Cleaning, smoothing and waxing moulds for making products"
8392,Plastics and Rubber Factory Workers,4,5,Brushing and spraying release agents onto moulds to assist with the removal of moulded products
8392,Plastics and Rubber Factory Workers,4,6,Building up layers of fibreglass and resin on moulds
8392,Plastics and Rubber Factory Workers,4,7,"Cleaning work areas, tools and equipment"
8392,Plastics and Rubber Factory Workers,4,8,"May smooth rough edges of moulds using files, grinders and sanders"
8393,Product Quality Controllers,4,1,Studying product specifications and taking measurements to determine conformity to specifications
8393,Product Quality Controllers,4,2,"Examining and marking output for visible defects such as cracks, holes and breakages"
8393,Product Quality Controllers,4,3,Making minor repairs and adjustments to products
8393,Product Quality Controllers,4,4,"Compiling quality assurance reports, maintaining documentation and reporting findings"
8393,Product Quality Controllers,4,5,Examining products for defects and grading produce
8393,Product Quality Controllers,4,6,Designating grading of produce and recording details of assessments according to classification system
8393,Product Quality Controllers,4,7,Collecting and labelling samples for inspection
8393,Product Quality Controllers,4,8,Recording details of sampling procedures and sources of samples
8393,Product Quality Controllers,4,9,Preparing samples and carrying out prescribed tests
8394,Timber and Wood Process Workers,4,1,"Rolling logs from trucks and conveyors to log decks, saw carriages and stacking bays"
8394,Timber and Wood Process Workers,4,2,"Placing logs and wood billets onto conveyors and lathes for processing into chips, veneers and pulp"
8394,Timber and Wood Process Workers,4,3,Sorting and stacking timber during milling
8394,Timber and Wood Process Workers,4,4,Placing timber for processing by machines and unloading cut timber from tail end of machines
8394,Timber and Wood Process Workers,4,5,Assisting with setting up and operating plant and ancillary equipment used in the manufacture of sheets and boards
8394,Timber and Wood Process Workers,4,6,"Transporting processed wood products, such as plywood, chipboard sheets and panels, to work areas"
8394,Timber and Wood Process Workers,4,7,Clearing blockages in machines
8394,Timber and Wood Process Workers,4,8,Assisting with measuring and cutting materials
8394,Timber and Wood Process Workers,4,9,Packing and loading finished products for transportation
8394,Timber and Wood Process Workers,4,10,"Cleaning work areas, tools and equipment"
8399,Other Factory Process Workers,4,1,"Performs routine tasks in manufacturing cement and concrete products such as greasing and assembling concrete moulds, holding reinforcing steel in position during concrete pours, stripping moulds from dried concrete products, and finishing products"
8399,Other Factory Process Workers,4,2,"Performs routine tasks in a chemical processing plant such as delivering materials to processing areas, dumping ingredients into hoppers, operating machines to heat, cool and agitate chemical solutions, filling and fastening covers on containers, and attaching labels and information on products"
8399,Other Factory Process Workers,4,3,"Performs routine tasks in manufacturing clay and ceramic products such as loading clay into machines, stacking products on kiln cars, pallets and trolleys, and moving kiln cars and trolleys to and from kilns, dryers, sorting, storage and shipping areas"
8399,Other Factory Process Workers,4,4,"Performs routine tasks in a fabric and textile factory such as cutting canvas, upholstery and curtain fabrics, delivering materials to machines, operating automatic machines using computerised patterns, pressing partially completed and finished garments, and inspecting and finishing completed garments"
8399,Other Factory Process Workers,4,5,"Performs routine tasks in manufacturing footwear such as basic hand cutting of shoe components, delivering materials to machines, and inspecting and finishing completed footwear"
8399,Other Factory Process Workers,4,6,"Performs routine tasks in manufacturing glassware such as setting up, adjusting and repairing automatic machines and equipment, and checking weight of glassware"
8399,Other Factory Process Workers,4,7,"Performs routine tasks in tanning and finishing leather, hides and skins such as fleshing hides by cutting out pieces of flesh and fat, laying out hides and skins for classing and drying and arranging heaters to dry them, spraying dried hides with preservatives, and treating, pressing and securing hides and skins"
8411,Aquaculture Workers,4,1,"Feeding and grading fish, and monitoring their growth"
8411,Aquaculture Workers,4,2,"Assisting with farm layout and constructing nets, long-lines and cages"
8411,Aquaculture Workers,4,3,Checking and looking after equipment and fish housing
8411,Aquaculture Workers,4,4,Operating pumps and other equipment
8411,Aquaculture Workers,4,5,Testing and checking on water quality
8411,Aquaculture Workers,4,6,Removing dead and dying fish
8411,Aquaculture Workers,4,7,Operating lifting equipment such as forklifts and small cranes
8411,Aquaculture Workers,4,8,"Harvesting fish, and sorting and packing for transportation"
8411,Aquaculture Workers,4,9,"Restocking pens, pools, tanks, ponds, rivers and dams with juvenile fish"
8411,Aquaculture Workers,4,10,"Collecting and recording growth, production and water quality data"
8412,Crop Farm Workers,4,1,"Planting trees, seeds, seedlings, roots, bulbs, vines and other plants using hand tools and farm machines"
8412,Crop Farm Workers,4,2,Building trellises for climbing vegetables and vines
8412,Crop Farm Workers,4,3,"Operating farm machines to cultivate, fertilise, spray and harvest fruit, nuts, grains and vegetables"
8412,Crop Farm Workers,4,4,"Spraying trees, vines and other plants with chemicals to control weed growth, insects, fungus growth and diseases"
8412,Crop Farm Workers,4,5,"Thinning, weeding and hoeing row crops, and pruning trees and vines"
8412,Crop Farm Workers,4,6,Irrigating land for crop growth
8412,Crop Farm Workers,4,7,"Selecting and picking fruit, nuts, grains and vegetables according to size and ripeness, and discarding rotting and over-ripened produce"
8412,Crop Farm Workers,4,8,"Grading, sorting, bunching and packing produce into containers"
8412,Crop Farm Workers,4,9,"Loading filled fruit, nut, grain and vegetable containers onto trucks"
8413,Forestry and Logging Workers,4,1,"Maintaining forest roads, buildings, facilities, signs and equipment"
8413,Forestry and Logging Workers,4,2,"Killing weeds, felling and de-barking non-productive trees and thinning young plantations"
8413,Forestry and Logging Workers,4,3,"Collecting seeds, and cultivating and planting seedlings for reafforestation purposes"
8413,Forestry and Logging Workers,4,4,"Applying fertilisers, insecticides and herbicides to individual trees and general forest areas"
8413,Forestry and Logging Workers,4,5,Maintaining look-out for fires in forests
8413,Forestry and Logging Workers,4,6,"Removing major branches and tree tops, trimming branches and sawing trunks into logs"
8413,Forestry and Logging Workers,4,7,Assisting with loading and transporting logs
8413,Forestry and Logging Workers,4,8,Planning the felling of trees and determining the natural and intended fall of each tree
8413,Forestry and Logging Workers,4,9,Clearing surrounding area of saplings and debris prior to tree-felling
8413,Forestry and Logging Workers,4,10,Operating and maintaining manual and machine saws to fell trees and to cut felled trees into logs
8414,Garden and Nursery Labourers,4,1,"Loading, unloading and moving garden supplies and equipment"
8414,Garden and Nursery Labourers,4,2,Preparing garden sites and plots using hand tools and machines
8414,Garden and Nursery Labourers,4,3,"Assisting with planting and transplanting flowers, shrubs, trees and lawns"
8414,Garden and Nursery Labourers,4,4,"Maintaining gardens by watering, weeding and mowing lawns"
8414,Garden and Nursery Labourers,4,5,Cleaning gardens and removing rubbish
8414,Garden and Nursery Labourers,4,6,"Assisting with propagating, planting and potting seeds, bulbs and cuttings"
8414,Garden and Nursery Labourers,4,7,Tending plants by hand watering and weeding
8414,Garden and Nursery Labourers,4,8,"Adjusting mist irrigation systems, shade and ventilation"
8414,Garden and Nursery Labourers,4,9,Harvesting and packaging plants for sale and transport
8415,Livestock Farm Workers,4,1,"Patrolling, inspecting and reporting on the condition of livestock"
8415,Livestock Farm Workers,4,2,Providing livestock with feed and water
8415,Livestock Farm Workers,4,3,Assisting with maintaining the health and welfare of livestock
8415,Livestock Farm Workers,4,4,Mustering and droving livestock to milking and shearing sheds and between paddocks to ensure sufficient feed is available
8415,Livestock Farm Workers,4,5,"Washing and cleaning udders, and attaching milking machines to udders and milking cows"
8415,Livestock Farm Workers,4,6,Collecting eggs and placing in incubators
8415,Livestock Farm Workers,4,7,Herding sheep for shearing and keeping mobs separate during shearing
8415,Livestock Farm Workers,4,8,"Spreading fleeces on skirting tables for classing, pressing wool and branding bales"
8415,Livestock Farm Workers,4,9,"Exercising horses by walking, riding, leading and swimming, and attending to horses at track work, barrier trials and races"
8415,Livestock Farm Workers,4,10,"Cleaning stables and hatcheries, storing bedding and performing minor repairs on fixtures, buildings and fences"
8415,Livestock Farm Workers,4,11,"Assembling, preparing and storing horse gear"
8416,Mixed Crop and Livestock Farm Workers,4,1,"Patrolling, inspecting and reporting on the condition of crops and livestock"
8416,Mixed Crop and Livestock Farm Workers,4,2,"Operating farm machines to cultivate, plant, fertilise, spray and harvest field crops"
8416,Mixed Crop and Livestock Farm Workers,4,3,"Maintaining and repairing buildings, machines, fences, plant and water systems"
8416,Mixed Crop and Livestock Farm Workers,4,4,"Loading and unloading seed grain, fertilisers and livestock feed, and loading field crops into transporters for marketing"
8416,Mixed Crop and Livestock Farm Workers,4,5,Irrigating land for crop growth
8416,Mixed Crop and Livestock Farm Workers,4,6,Providing livestock with feed and water
8416,Mixed Crop and Livestock Farm Workers,4,7,Assisting with maintaining the health and welfare of livestock
8416,Mixed Crop and Livestock Farm Workers,4,8,Mustering and droving livestock to milking and shearing sheds and between paddocks to ensure sufficient feed is available
8419,"Other Farm, Forestry and Garden Workers",4,1,"Hunts, traps and shoots animals for food, pelts, research and for pest control registration or licensing may be required"
8419,"Other Farm, Forestry and Garden Workers",4,2,"Applies pest or weed management techniques to kill and control pests or weeds in domestic, commercial and industrial areas, roadsides, and private and public lands registration or licensing may be required"
8511,Fast Food Cooks,4,1,"Taking and serving food and beverage orders, and receiving payment from customers"
8511,Fast Food Cooks,4,2,"Preparing food such as hamburgers, pizzas, fish and chips"
8511,Fast Food Cooks,4,3,"Washing, cutting, measuring and mixing foods for cooking"
8511,Fast Food Cooks,4,4,"Operating cooking equipment such as grills, microwaves and deep-fat fryers"
8511,Fast Food Cooks,4,5,"Cleaning food preparation areas, cooking surfaces and utensils"
8511,Fast Food Cooks,4,6,Ordering and taking delivery of fast food ingredients
8511,Fast Food Cooks,4,7,May arrange delivery of prepared food and beverages
8512,Food Trades Assistants,4,1,Gathering food ingredients in preparation for cooking and serving
8512,Food Trades Assistants,4,2,Gathering pots and pans in preparation for cooking food ingredients
8512,Food Trades Assistants,4,3,Weighing and measuring ingredients
8512,Food Trades Assistants,4,4,"Washing, peeling, cutting, slicing and dicing ingredients for cooking and serving"
8512,Food Trades Assistants,4,5,"Cutting and grinding meat, poultry and seafood in preparation for cooking"
8512,Food Trades Assistants,4,6,Removing cooked food from ovens and food warmers
8512,Food Trades Assistants,4,7,"Washing work areas, equipment, utensils, dishes and silverware"
8512,Food Trades Assistants,4,8,"Storing food supplies, equipment, utensils, dishes and silverware in refrigerators, cupboards, pantries and other storage areas"
8512,Food Trades Assistants,4,9,Informing foods trade workers when food supplies are low
8513,Kitchenhands,4,1,"Cleaning kitchens, food preparation areas and sculleries"
8513,Kitchenhands,4,2,Cleaning cooking and general utensils used in kitchens and restaurants
8513,Kitchenhands,4,3,"Transferring, weighing and checking supplies and equipment"
8513,Kitchenhands,4,4,"Assembling and preparing ingredients for cooking, and preparing salads, savouries and sandwiches"
8513,Kitchenhands,4,5,Packing food and beverage trays for serving
8513,Kitchenhands,4,6,"Cooking, toasting and heating simple food items"
8911,Freight and Furniture Handlers,4,1,Labelling goods with customers' details and destinations
8911,Freight and Furniture Handlers,4,2,"Loading goods into trucks, containers and rail wagons, and securing loads"
8911,Freight and Furniture Handlers,4,3,Assisting to tie down loads and cover them with tarpaulins
8911,Freight and Furniture Handlers,4,4,Guiding truck drivers into loading bays and through confined spaces
8911,Freight and Furniture Handlers,4,5,"Performing clerical functions to record and check cargo on arrival, storage and despatch"
8911,Freight and Furniture Handlers,4,6,Opening and closing hatches and securing cargo to prevent shifting during voyages
8911,Freight and Furniture Handlers,4,7,Transferring loads using moving equipment and directing equipment operations using communication systems
8911,Freight and Furniture Handlers,4,8,"Stacking cargo on pallets, trays, flats and slings to facilitate transfer to and from ships"
8912,Shelf Fillers,4,1,"Placing goods neatly in bins and on racks, and stacking bulky goods on floors"
8912,Shelf Fillers,4,2,Filling shelves with goods ensuring goods with the earliest use-by dates are at the front of shelves
8912,Shelf Fillers,4,3,Noting what has been sold and collecting goods needed from the stockroom using a trolley
8912,Shelf Fillers,4,4,Maintaining shelf order by removing stock belonging to a different location
8912,Shelf Fillers,4,5,May help customers find goods they need
8912,Shelf Fillers,4,6,May price goods
8991,Caretakers,4,1,Filling out registration forms and providing tenants with copies of rules
8991,Caretakers,4,2,"Collecting rent, and filling out and issuing receipts"
8991,Caretakers,4,3,"Cleaning common facilities, grounds and gardens, replacing light bulbs, checking fire hoses and extinguishers, and performing other cleaning and maintenance tasks"
8991,Caretakers,4,4,Notifying management and owners of buildings of the need for major repairs
8991,Caretakers,4,5,"Cautioning tenants regarding excessive noise, disorderly conduct and abuse of property"
8991,Caretakers,4,6,Patrolling buildings to ensure security is maintained
8991,Caretakers,4,7,Purchasing cleaning supplies
8992,Deck and Fishing Hands,4,1,"Handling ropes and wires, and operating mooring equipment when berthing and unberthing"
8992,Deck and Fishing Hands,4,2,Standing lookout watches at sea and adjusting the ship's course as directed
8992,Deck and Fishing Hands,4,3,Assisting with cargo operations using on-board equipment and stowing and securing cargo
8992,Deck and Fishing Hands,4,4,"Patrolling ships to ensure safety of the vessel, cargo and passengers"
8992,Deck and Fishing Hands,4,5,"Performing routine maintenance and checks on deck equipment, cargo gear, rigging, and lifesaving and firefighting appliances"
8992,Deck and Fishing Hands,4,6,Attaching gear and fastening towing cables to nets
8992,Deck and Fishing Hands,4,7,"Casting and lowering nets, pots, lines and traps into water"
8992,Deck and Fishing Hands,4,8,"Preparing lines, attaching running gear and bait, and setting lines into position"
8992,Deck and Fishing Hands,4,9,Hauling in fishing gear and removing fish and other marine life
8992,Deck and Fishing Hands,4,10,"Sorting, cleaning, preserving, stowing and refrigerating catch"
8993,Handypersons,4,1,"Repairing broken windows, screens, doors, fences, barbecues, picnic tables, shelves, cupboards and other items"
8993,Handypersons,4,2,Replacing defective items such as light bulbs
8993,Handypersons,4,3,"Repairing and painting interior and exterior surfaces such as walls, ceilings and fences"
8993,Handypersons,4,4,Clearing rubbish and leaves from driveways and grounds
8993,Handypersons,4,5,Mowing lawns and cultivating gardens
8993,Handypersons,4,6,Adjusting doors and windows
8993,Handypersons,4,7,Replacing tap washers
8993,Handypersons,4,8,Putting up handrails and grab rails
8994,Motor Vehicle Parts and Accessories Fitters,4,1,Removing old and damaged parts and cleaning surrounding areas on vehicles
8994,Motor Vehicle Parts and Accessories Fitters,4,2,"Fitting batteries and installing accessories such as sun roofs, stereos and alarms"
8994,Motor Vehicle Parts and Accessories Fitters,4,3,"Removing damaged glass, trimming strips and rubber seals from window frames and mountings on motor vehicles, positioning new windscreens and glass windows on frames and attaching and sealing them"
8994,Motor Vehicle Parts and Accessories Fitters,4,4,"Inspecting, removing and repairing muffler mountings, and fitting new mufflers, extractors and exhaust pipes"
8994,Motor Vehicle Parts and Accessories Fitters,4,5,Removing radiators from vehicles and cleaning and repairing them
8994,Motor Vehicle Parts and Accessories Fitters,4,6,"Installing new or repaired radiators into vehicles and repairing and replacing other units in the cooling system such as thermostats, head gaskets and water pumps"
8994,Motor Vehicle Parts and Accessories Fitters,4,7,Inspecting tyres to determine which repair action to implement and repairing punctures in tubes and tubeless tyres
8994,Motor Vehicle Parts and Accessories Fitters,4,8,Operating air driven equipment to remove and refit tyres and tubes on vehicles
8994,Motor Vehicle Parts and Accessories Fitters,4,9,Balancing wheels and tyres using static and electronic equipment
8995,Printing Assistants and Table Workers,4,1,"Assisting with setting up, operating and adjusting machines"
8995,Printing Assistants and Table Workers,4,2,Maintaining and lubricating printing and bindery machines
8995,Printing Assistants and Table Workers,4,3,Clearing waste and cleaning work areas and machines
8995,Printing Assistants and Table Workers,4,4,"Folding, collating and fastening printed products by machine and hand"
8995,Printing Assistants and Table Workers,4,5,Performing hand binding and finishing operations
8995,Printing Assistants and Table Workers,4,6,"Operating specialised machines such as casing-in and mini binders, and automatic carton folding and gluing machines"
8995,Printing Assistants and Table Workers,4,7,Carrying out routine quality control
8996,Recycling and Rubbish Collectors,4,1,Riding on and in garbage and recycling trucks
8996,Recycling and Rubbish Collectors,4,2,"Collecting rubbish and items for recycling from domestic, commercial and industrial premises"
8996,Recycling and Rubbish Collectors,4,3,Loading rubbish and recycling into bins and garbage and recycling trucks
8996,Recycling and Rubbish Collectors,4,4,Unloading garbage and recycling trucks
8996,Recycling and Rubbish Collectors,4,5,May operate compacting equipment on garbage trucks
8996,Recycling and Rubbish Collectors,4,6,May supervise other garbage collectors
8997,Vending Machine Attendants,4,1,"Loading, unloading and transporting stock and equipment"
8997,Vending Machine Attendants,4,2,Replenishing vending machines with stock
8997,Vending Machine Attendants,4,3,"Clearing money from machines, accounting for money collected, and checking monitoring systems"
8997,Vending Machine Attendants,4,4,"Keeping stock records, and machine maintenance and repair records"
8997,Vending Machine Attendants,4,5,"May test vending machines' dispensing, coin-handling, electrical, refrigeration, carbonation and ice-making systems"
8997,Vending Machine Attendants,4,6,May adjust and repair vending machines and replace defective mechanical and electrical parts using hand tools and soldering-irons
8999,Other Miscellaneous Labourers,4,1,"Repairs and adjusts bicycles, and assembles bicycle kits"
8999,Other Miscellaneous Labourers,4,2,"Operates and maintains a car parking facility by guarding cars in parking areas and collecting fees at car park entry or exit points may drive and park cars, and operate boom gates"
8999,Other Miscellaneous Labourers,4,3,"Assists children, disabled and other pedestrians to cross roads by stopping traffic and ensuring all pedestrians have crossed safely before allowing traffic to flow through the crossing"
8999,Other Miscellaneous Labourers,4,4,Assists electrotechnology and telecommunications trades workers to install and maintain electrical and telecommunications systems
8999,Other Miscellaneous Labourers,4,5,Collects leaflets or newspapers from a collection point and delivers them to homes in a specified area
8999,Other Miscellaneous Labourers,4,6,"Assists motor mechanics to replace and repair worn and defective parts, re-assemble mechanical components, change oil and filters, and perform other routine mechanical tasks"
8999,Other Miscellaneous Labourers,4,7,"Erects and installs signs, and cleans signs and their sites after installation"
8999,Other Miscellaneous Labourers,4,8,"Collects tickets or admission passes and ushers patrons to their seats at an entertainment, sporting or recreational venue, prepares the venue before an event and locks up premises afterwards"
8999,Other Miscellaneous Labourers,4,9,"Collects supermarket trolleys from car parks and other areas, and returns them to the supermarket by hand or trailer may drive a small tractor to tow the trolleys"
