occupation_code,parent_occupation_code,occupation_title,is_sole_child_of_parent,cohort,is_headline_cohort,segregation_intensity,female_income_median,male_income_median,gender_pay_gap,hours_difference,ten_year_pay_gap
111111,1111,Chief Executive or Managing Director,True,20-24 year olds,False,Moderately male dominated,72162.0,71147.5,-0.014,0.22,0.191
111111,1111,Chief Executive or Managing Director,True,25-39 year olds,False,Moderately male dominated,69123.0,82639.5,0.164,0.15,0.235
111111,1111,Chief Executive or Managing Director,True,40-54 year olds,False,Moderately male dominated,82090.5,97861.0,0.161,0.08,0.253
111111,1111,Chief Executive or Managing Director,True,55+ year olds,False,Highly male dominated,54673.0,72072.0,0.241,0.04,0.29
111111,1111,Chief Executive or Managing Director,True,Whole workforce,True,Highly male dominated,71620.0,85790.0,0.165,0.08,0.255
111211,1112,Corporate General Manager,False,20-24 year olds,False,Gender balanced,63995.0,74120.0,0.137,0.12,0.185
111211,1112,Corporate General Manager,False,25-39 year olds,False,Moderately male dominated,77710.0,102928.5,0.245,0.12,0.296
111211,1112,Corporate General Manager,False,40-54 year olds,False,Moderately male dominated,89400.5,119853.0,0.254,0.08,0.315
111211,1112,Corporate General Manager,False,55+ year olds,False,Moderately male dominated,63294.0,87884.0,0.28,0.08,0.247
111211,1112,Corporate General Manager,False,Whole workforce,True,Moderately male dominated,79380.0,106800.0,0.257,0.09,0.307
111212,1112,Defence Force Senior Officer,False,20-24 year olds,False,Highly male dominated,76625.0,82133.0,0.067,-0.4,0.015
111212,1112,Defence Force Senior Officer,False,25-39 year olds,False,Highly male dominated,113603.0,124619.5,0.088,0.01,0.1
111212,1112,Defence Force Senior Officer,False,40-54 year olds,False,Highly male dominated,140202.0,145622.5,0.037,0.05,0.111
111212,1112,Defence Force Senior Officer,False,55+ year olds,False,Highly male dominated,72961.0,80366.0,0.092,0.2,
111212,1112,Defence Force Senior Officer,False,Whole workforce,True,Highly male dominated,118980.0,128800.0,0.076,0.04,0.102
111311,1113,Local Government Legislator,True,20-24 year olds,False,Moderately female dominated,80040.0,82749.5,0.033,0.05,0.09
111311,1113,Local Government Legislator,True,25-39 year olds,False,Gender balanced,78097.0,91430.0,0.146,0.19,0.147
111311,1113,Local Government Legislator,True,40-54 year olds,False,Moderately female dominated,84343.0,92930.5,0.092,0.19,0.088
111311,1113,Local Government Legislator,True,55+ year olds,False,Gender balanced,56612.0,57967.0,0.023,-0.12,-0.14
111311,1113,Local Government Legislator,True,Whole workforce,True,Gender balanced,75580.0,83300.0,0.093,0.03,0.094
121111,1211,Aquaculture Farmer,True,20-24 year olds,False,Almost completely male dominated,36720.5,62418.5,0.412,0.02,0.215
121111,1211,Aquaculture Farmer,True,25-39 year olds,False,Highly male dominated,49152.0,71745.5,0.315,0.22,0.286
121111,1211,Aquaculture Farmer,True,40-54 year olds,False,Highly male dominated,49430.0,75828.0,0.348,0.22,0.354
121111,1211,Aquaculture Farmer,True,55+ year olds,False,Highly male dominated,22514.5,54605.0,0.588,0.31,0.44
121111,1211,Aquaculture Farmer,True,Whole workforce,True,Highly male dominated,45300.0,70370.0,0.356,0.23,0.324
121213,1212,Fruit or Nut Grower,False,20-24 year olds,False,Highly male dominated,44205.0,53342.0,0.171,0.17,0.322
121213,1212,Fruit or Nut Grower,False,25-39 year olds,False,Highly male dominated,49256.0,66262.0,0.257,0.23,0.284
121213,1212,Fruit or Nut Grower,False,40-54 year olds,False,Moderately male dominated,46252.0,62093.5,0.255,0.17,0.279
121213,1212,Fruit or Nut Grower,False,55+ year olds,False,Moderately male dominated,41973.0,51938.5,0.192,0.23,0.313
121213,1212,Fruit or Nut Grower,False,Whole workforce,True,Moderately male dominated,46430.0,60600.0,0.234,0.21,0.304
121216,1212,Mixed Crop Farmer,False,20-24 year olds,False,Highly male dominated,37772.0,68745.0,0.451,-0.06,
121216,1212,Mixed Crop Farmer,False,25-39 year olds,False,Highly male dominated,42876.0,71247.5,0.398,0.25,0.341
121216,1212,Mixed Crop Farmer,False,40-54 year olds,False,Moderately male dominated,39493.0,73558.5,0.463,0.29,0.344
121216,1212,Mixed Crop Farmer,False,55+ year olds,False,Moderately male dominated,32452.0,48283.0,0.328,0.25,0.276
121216,1212,Mixed Crop Farmer,False,Whole workforce,True,Moderately male dominated,38200.0,66920.0,0.429,0.29,0.351
121221,1212,Vegetable Grower (Aus) \ Market Gardener (NZ),False,20-24 year olds,False,Moderately male dominated,54822.5,62554.0,0.124,0.02,0.502
121221,1212,Vegetable Grower (Aus) \ Market Gardener (NZ),False,25-39 year olds,False,Moderately male dominated,47152.5,69413.0,0.321,0.24,0.344
121221,1212,Vegetable Grower (Aus) \ Market Gardener (NZ),False,40-54 year olds,False,Moderately male dominated,44415.0,60426.5,0.265,0.2,0.233
121221,1212,Vegetable Grower (Aus) \ Market Gardener (NZ),False,55+ year olds,False,Moderately male dominated,41027.0,50048.0,0.18,0.2,-0.1
121221,1212,Vegetable Grower (Aus) \ Market Gardener (NZ),False,Whole workforce,True,Moderately male dominated,46650.0,62860.0,0.258,0.19,0.302
121312,1213,Beef Cattle Farmer,False,20-24 year olds,False,Moderately male dominated,62248.5,66337.0,0.062,0.12,0.289
121312,1213,Beef Cattle Farmer,False,25-39 year olds,False,Moderately male dominated,47489.0,73724.5,0.356,0.18,0.343
121312,1213,Beef Cattle Farmer,False,40-54 year olds,False,Moderately male dominated,54690.0,70707.0,0.227,0.15,0.369
121312,1213,Beef Cattle Farmer,False,55+ year olds,False,Moderately male dominated,24434.5,56943.5,0.571,0.18,0.453
121312,1213,Beef Cattle Farmer,False,Whole workforce,True,Moderately male dominated,47210.0,69140.0,0.317,0.17,0.353
121313,1213,Dairy Cattle Farmer,False,20-24 year olds,False,Moderately male dominated,43414.0,66383.5,0.346,0.24,0.39
121313,1213,Dairy Cattle Farmer,False,25-39 year olds,False,Moderately male dominated,46065.0,69662.5,0.339,0.27,0.48
121313,1213,Dairy Cattle Farmer,False,40-54 year olds,False,Moderately male dominated,41339.0,68077.0,0.393,0.26,0.275
121313,1213,Dairy Cattle Farmer,False,55+ year olds,False,Moderately male dominated,29718.0,48041.0,0.381,0.29,0.444
121313,1213,Dairy Cattle Farmer,False,Whole workforce,True,Moderately male dominated,41440.0,66290.0,0.375,0.27,0.358
121317,1213,Mixed Livestock Farmer,False,20-24 year olds,False,Highly male dominated,43518.0,70104.0,0.379,,
121317,1213,Mixed Livestock Farmer,False,25-39 year olds,False,Moderately male dominated,50576.0,73263.0,0.31,0.26,0.372
121317,1213,Mixed Livestock Farmer,False,40-54 year olds,False,Moderately male dominated,47465.0,70444.0,0.326,0.2,0.41
121317,1213,Mixed Livestock Farmer,False,55+ year olds,False,Moderately male dominated,27307.5,52591.0,0.481,0.18,
121317,1213,Mixed Livestock Farmer,False,Whole workforce,True,Moderately male dominated,47220.0,68750.0,0.313,0.19,0.403
121318,1213,Pig Farmer,False,20-24 year olds,False,Moderately male dominated,60727.0,66154.0,0.082,0.0,0.193
121318,1213,Pig Farmer,False,25-39 year olds,False,Highly male dominated,61658.0,69597.0,0.114,-0.03,0.192
121318,1213,Pig Farmer,False,40-54 year olds,False,Highly male dominated,61596.0,69596.0,0.115,0.03,0.214
121318,1213,Pig Farmer,False,55+ year olds,False,Highly male dominated,32006.0,62339.0,0.487,0.55,
121318,1213,Pig Farmer,False,Whole workforce,True,Highly male dominated,60120.0,68720.0,0.125,0.11,0.244
121321,1213,Poultry Farmer,False,20-24 year olds,False,Highly male dominated,54662.5,62000.0,0.118,-0.05,
121321,1213,Poultry Farmer,False,25-39 year olds,False,Moderately male dominated,55697.5,75773.5,0.265,0.15,0.328
121321,1213,Poultry Farmer,False,40-54 year olds,False,Moderately male dominated,53880.0,76187.0,0.293,0.06,0.294
121321,1213,Poultry Farmer,False,55+ year olds,False,Moderately male dominated,52861.0,68138.0,0.224,0.25,0.124
121321,1213,Poultry Farmer,False,Whole workforce,True,Moderately male dominated,54380.0,74550.0,0.271,0.16,0.301
121411,1214,Mixed Crop and Livestock Farmer,True,20-24 year olds,False,Almost completely male dominated,46496.0,65703.0,0.292,0.1,0.417
121411,1214,Mixed Crop and Livestock Farmer,True,25-39 year olds,False,Highly male dominated,40133.0,75543.0,0.469,0.34,0.412
121411,1214,Mixed Crop and Livestock Farmer,True,40-54 year olds,False,Highly male dominated,43760.5,69463.0,0.37,0.26,0.507
121411,1214,Mixed Crop and Livestock Farmer,True,55+ year olds,False,Moderately male dominated,26440.0,50708.0,0.479,0.26,0.467
121411,1214,Mixed Crop and Livestock Farmer,True,Whole workforce,True,Highly male dominated,38220.0,67340.0,0.432,0.27,0.505
131112,1311,Sales and Marketing Manager,False,20-24 year olds,False,Gender balanced,73341.0,83505.5,0.122,0.06,0.184
131112,1311,Sales and Marketing Manager,False,25-39 year olds,False,Gender balanced,89162.0,117210.5,0.239,0.1,0.283
131112,1311,Sales and Marketing Manager,False,40-54 year olds,False,Moderately male dominated,98278.0,127491.0,0.229,0.09,0.307
131112,1311,Sales and Marketing Manager,False,55+ year olds,False,Moderately male dominated,62090.0,91394.0,0.321,0.09,0.303
131112,1311,Sales and Marketing Manager,False,Whole workforce,True,Gender balanced,88860.0,116760.0,0.239,0.1,0.291
131113,1311,Advertising Manager,False,20-24 year olds,False,Moderately female dominated,85124.0,92243.5,0.077,0.04,0.134
131113,1311,Advertising Manager,False,25-39 year olds,False,Gender balanced,107954.0,134968.0,0.2,0.06,0.241
131113,1311,Advertising Manager,False,40-54 year olds,False,Gender balanced,110934.0,127048.5,0.127,0.09,0.203
131113,1311,Advertising Manager,False,55+ year olds,False,Gender balanced,67126.0,74857.0,0.103,0.08,-0.111
131113,1311,Advertising Manager,False,Whole workforce,True,Gender balanced,103250.0,127020.0,0.187,0.06,0.221
131114,1311,Public Relations Manager,False,20-24 year olds,False,Moderately female dominated,84986.0,84884.0,-0.001,0.04,0.116
131114,1311,Public Relations Manager,False,25-39 year olds,False,Moderately female dominated,106985.0,129759.0,0.176,0.06,0.253
131114,1311,Public Relations Manager,False,40-54 year olds,False,Moderately female dominated,113485.5,126599.5,0.104,0.07,0.165
131114,1311,Public Relations Manager,False,55+ year olds,False,Moderately female dominated,78469.0,84906.0,0.076,0.06,0.014
131114,1311,Public Relations Manager,False,Whole workforce,True,Moderately female dominated,106100.0,124930.0,0.151,0.05,0.232
132111,1321,Corporate Services Manager,True,20-24 year olds,False,Moderately female dominated,75848.0,92284.0,0.178,0.06,0.209
132111,1321,Corporate Services Manager,True,25-39 year olds,False,Gender balanced,105104.0,132877.0,0.209,0.1,0.285
132111,1321,Corporate Services Manager,True,40-54 year olds,False,Moderately female dominated,117817.0,140157.0,0.159,0.11,0.265
132111,1321,Corporate Services Manager,True,55+ year olds,False,Gender balanced,90685.5,107379.0,0.155,0.06,0.172
132111,1321,Corporate Services Manager,True,Whole workforce,True,Gender balanced,107740.0,130290.0,0.173,0.09,0.281
132211,1322,Finance Manager,True,20-24 year olds,False,Gender balanced,68534.0,82919.0,0.173,0.09,0.234
132211,1322,Finance Manager,True,25-39 year olds,False,Gender balanced,84328.0,150348.5,0.439,0.11,0.342
132211,1322,Finance Manager,True,40-54 year olds,False,Gender balanced,92693.0,164615.5,0.437,0.11,0.363
132211,1322,Finance Manager,True,55+ year olds,False,Gender balanced,69380.0,113075.0,0.386,0.11,0.293
132211,1322,Finance Manager,True,Whole workforce,True,Gender balanced,84590.0,148440.0,0.43,0.11,0.348
132311,1323,Human Resource Manager,True,20-24 year olds,False,Moderately female dominated,92349.0,94597.0,0.024,0.01,0.165
132311,1323,Human Resource Manager,True,25-39 year olds,False,Moderately female dominated,119204.0,145852.5,0.183,0.09,0.216
132311,1323,Human Resource Manager,True,40-54 year olds,False,Moderately female dominated,134388.0,149411.0,0.101,0.07,0.139
132311,1323,Human Resource Manager,True,55+ year olds,False,Gender balanced,94874.0,107274.0,0.116,0.07,0.039
132311,1323,Human Resource Manager,True,Whole workforce,True,Moderately female dominated,123090.0,141240.0,0.129,0.08,0.173
132411,1324,Policy and Planning Manager,True,20-24 year olds,False,Moderately female dominated,83879.0,94409.0,0.112,0.13,0.152
132411,1324,Policy and Planning Manager,True,25-39 year olds,False,Moderately female dominated,115373.0,133212.0,0.134,0.08,0.138
132411,1324,Policy and Planning Manager,True,40-54 year olds,False,Gender balanced,120197.0,131367.0,0.085,0.07,0.086
132411,1324,Policy and Planning Manager,True,55+ year olds,False,Gender balanced,89750.0,108702.5,0.174,0.03,0.132
132411,1324,Policy and Planning Manager,True,Whole workforce,True,Gender balanced,115990.0,127320.0,0.089,0.06,0.108
132511,1325,Research and Development Manager,True,20-24 year olds,False,Gender balanced,81574.5,77710.0,-0.05,0.09,0.075
132511,1325,Research and Development Manager,True,25-39 year olds,False,Gender balanced,101160.0,121300.0,0.166,0.1,0.255
132511,1325,Research and Development Manager,True,40-54 year olds,False,Gender balanced,115265.0,138178.5,0.166,0.09,0.234
132511,1325,Research and Development Manager,True,55+ year olds,False,Gender balanced,81925.0,115641.0,0.292,0.06,0.244
132511,1325,Research and Development Manager,True,Whole workforce,True,Gender balanced,105370.0,127410.0,0.173,0.09,0.254
133111,1331,Construction Project Manager,False,20-24 year olds,False,Highly male dominated,89936.0,104674.0,0.141,0.04,0.211
133111,1331,Construction Project Manager,False,25-39 year olds,False,Highly male dominated,103701.5,127713.0,0.188,0.14,0.202
133111,1331,Construction Project Manager,False,40-54 year olds,False,Highly male dominated,106562.0,128351.0,0.17,0.15,0.276
133111,1331,Construction Project Manager,False,55+ year olds,False,Almost completely male dominated,70823.0,98758.5,0.283,0.14,0.275
133111,1331,Construction Project Manager,False,Whole workforce,True,Highly male dominated,102100.0,122760.0,0.168,0.14,0.222
133112,1331,Project Builder,False,20-24 year olds,False,Almost completely male dominated,76486.5,78424.0,0.025,0.09,-0.087
133112,1331,Project Builder,False,25-39 year olds,False,Almost completely male dominated,96805.0,95070.5,-0.018,0.22,0.041
133112,1331,Project Builder,False,40-54 year olds,False,Almost completely male dominated,105773.0,89742.0,-0.179,0.23,-0.128
133112,1331,Project Builder,False,55+ year olds,False,Almost completely male dominated,72237.0,66100.0,-0.093,0.3,-0.219
133112,1331,Project Builder,False,Whole workforce,True,Almost completely male dominated,98370.0,87800.0,-0.12,0.23,-0.057
133211,1332,Engineering Manager,True,20-24 year olds,False,Gender balanced,101434.0,104194.5,0.026,0.04,0.181
133211,1332,Engineering Manager,True,25-39 year olds,False,Highly male dominated,139371.0,157961.5,0.118,0.1,0.17
133211,1332,Engineering Manager,True,40-54 year olds,False,Highly male dominated,157872.0,166033.0,0.049,0.1,0.212
133211,1332,Engineering Manager,True,55+ year olds,False,Almost completely male dominated,107819.5,123791.0,0.129,0.06,0.412
133211,1332,Engineering Manager,True,Whole workforce,True,Highly male dominated,146230.0,154140.0,0.051,0.09,0.177
133312,1333,Wholesaler,True,20-24 year olds,False,Moderately male dominated,,,,0.14,0.295
133312,1333,Wholesaler,True,25-39 year olds,False,Moderately male dominated,63042.0,78582.5,0.198,0.18,0.265
133312,1333,Wholesaler,True,40-54 year olds,False,Highly male dominated,63285.5,88229.0,0.283,0.17,0.293
133312,1333,Wholesaler,True,55+ year olds,False,Highly male dominated,56904.0,63959.0,0.11,0.16,0.296
133312,1333,Wholesaler,True,Whole workforce,True,Highly male dominated,59730.0,78510.0,0.239,0.17,0.292
133411,1334,Manufacturer,True,20-24 year olds,False,Highly male dominated,53192.5,67013.0,0.206,0.16,0.219
133411,1334,Manufacturer,True,25-39 year olds,False,Moderately male dominated,62580.0,82643.0,0.243,0.18,0.309
133411,1334,Manufacturer,True,40-54 year olds,False,Moderately male dominated,63927.0,88715.0,0.279,0.18,0.33
133411,1334,Manufacturer,True,55+ year olds,False,Highly male dominated,56627.0,73835.0,0.233,0.2,0.217
133411,1334,Manufacturer,True,Whole workforce,True,Moderately male dominated,61290.0,82910.0,0.261,0.17,0.309
133512,1335,Production Manager (Manufacturing),False,20-24 year olds,False,Moderately male dominated,78892.5,92533.5,0.147,0.04,0.146
133512,1335,Production Manager (Manufacturing),False,25-39 year olds,False,Highly male dominated,85755.5,109006.5,0.213,0.13,0.209
133512,1335,Production Manager (Manufacturing),False,40-54 year olds,False,Highly male dominated,92491.0,115532.5,0.199,0.11,0.239
133512,1335,Production Manager (Manufacturing),False,55+ year olds,False,Highly male dominated,69700.0,89342.0,0.22,0.12,0.261
133512,1335,Production Manager (Manufacturing),False,Whole workforce,True,Highly male dominated,85460.0,108670.0,0.214,0.12,0.25
133513,1335,Production Manager (Mining),False,20-24 year olds,False,Gender balanced,,,,-0.05,
133513,1335,Production Manager (Mining),False,25-39 year olds,False,Highly male dominated,156762.0,175380.0,0.106,0.13,0.233
133513,1335,Production Manager (Mining),False,40-54 year olds,False,Highly male dominated,148686.5,181270.5,0.18,0.15,0.146
133513,1335,Production Manager (Mining),False,55+ year olds,False,Almost completely male dominated,96867.0,140735.5,0.312,0.13,
133513,1335,Production Manager (Mining),False,Whole workforce,True,Highly male dominated,146260.0,173260.0,0.156,0.14,0.216
133611,1336,Supply and Distribution Manager,False,20-24 year olds,False,Moderately male dominated,75391.0,84487.0,0.108,-0.02,0.224
133611,1336,Supply and Distribution Manager,False,25-39 year olds,False,Moderately male dominated,92215.5,109362.0,0.157,0.08,0.176
133611,1336,Supply and Distribution Manager,False,40-54 year olds,False,Highly male dominated,97440.5,115634.0,0.157,0.08,0.222
133611,1336,Supply and Distribution Manager,False,55+ year olds,False,Highly male dominated,72098.0,86519.0,0.167,0.11,0.161
133611,1336,Supply and Distribution Manager,False,Whole workforce,True,Highly male dominated,91120.0,107930.0,0.156,0.08,0.194
133612,1336,Procurement Manager,False,20-24 year olds,False,Moderately male dominated,76823.0,91231.0,0.158,0.08,
133612,1336,Procurement Manager,False,25-39 year olds,False,Gender balanced,119626.5,138209.0,0.134,0.07,
133612,1336,Procurement Manager,False,40-54 year olds,False,Moderately male dominated,126714.0,140959.0,0.101,0.05,
133612,1336,Procurement Manager,False,55+ year olds,False,Highly male dominated,90590.0,107414.5,0.157,0.06,
133612,1336,Procurement Manager,False,Whole workforce,True,Moderately male dominated,121130.0,136490.0,0.113,0.06,
134111,1341,Child Care Centre Manager,True,20-24 year olds,False,Highly female dominated,57642.0,71301.0,0.192,-0.11,0.182
134111,1341,Child Care Centre Manager,True,25-39 year olds,False,Almost completely female dominated,72576.0,84086.0,0.137,0.04,0.162
134111,1341,Child Care Centre Manager,True,40-54 year olds,False,Almost completely female dominated,80916.0,77146.0,-0.049,0.05,-0.026
134111,1341,Child Care Centre Manager,True,55+ year olds,False,Highly female dominated,67178.0,51457.0,-0.306,-0.06,-0.14
134111,1341,Child Care Centre Manager,True,Whole workforce,True,Almost completely female dominated,74990.0,76830.0,0.024,0.01,0.074
134211,1342,Medical Administrator (Aus) \ Medical Superintendent (NZ),False,20-24 year olds,False,Highly female dominated,61759.0,72715.5,0.151,0.2,0.185
134211,1342,Medical Administrator (Aus) \ Medical Superintendent (NZ),False,25-39 year olds,False,Highly female dominated,60859.0,85556.0,0.289,0.14,0.302
134211,1342,Medical Administrator (Aus) \ Medical Superintendent (NZ),False,40-54 year olds,False,Highly female dominated,64075.0,82256.5,0.221,0.13,0.297
134211,1342,Medical Administrator (Aus) \ Medical Superintendent (NZ),False,55+ year olds,False,Moderately female dominated,54462.0,73344.0,0.257,0.06,0.289
134211,1342,Medical Administrator (Aus) \ Medical Superintendent (NZ),False,Whole workforce,True,Highly female dominated,61180.0,80920.0,0.244,0.11,0.273
134212,1342,Nursing Clinical Director,False,20-24 year olds,False,Gender balanced,,,,,
134212,1342,Nursing Clinical Director,False,25-39 year olds,False,Highly female dominated,102269.0,138811.0,0.263,0.02,0.134
134212,1342,Nursing Clinical Director,False,40-54 year olds,False,Highly female dominated,125516.0,137976.0,0.09,0.02,0.13
134212,1342,Nursing Clinical Director,False,55+ year olds,False,Almost completely female dominated,98099.5,111528.0,0.12,-0.01,0.041
134212,1342,Nursing Clinical Director,False,Whole workforce,True,Highly female dominated,112680.0,135090.0,0.166,0.02,0.094
134213,1342,Primary Health Organisation Manager,False,20-24 year olds,False,Almost completely female dominated,,,,,
134213,1342,Primary Health Organisation Manager,False,25-39 year olds,False,Gender balanced,98516.5,128934.0,0.236,0.17,0.319
134213,1342,Primary Health Organisation Manager,False,40-54 year olds,False,Highly female dominated,108407.5,133542.0,0.188,0.15,0.147
134213,1342,Primary Health Organisation Manager,False,55+ year olds,False,Highly female dominated,81374.0,113206.0,0.281,0.01,0.088
134213,1342,Primary Health Organisation Manager,False,Whole workforce,True,Moderately female dominated,98860.0,127110.0,0.222,0.06,0.199
134214,1342,Welfare Centre Manager,False,20-24 year olds,False,Highly female dominated,,,,-0.09,
134214,1342,Welfare Centre Manager,False,25-39 year olds,False,Moderately female dominated,89613.5,91407.0,0.02,0.03,0.141
134214,1342,Welfare Centre Manager,False,40-54 year olds,False,Moderately female dominated,102785.0,107078.5,0.04,0.04,0.03
134214,1342,Welfare Centre Manager,False,55+ year olds,False,Moderately female dominated,93418.0,85296.5,-0.095,-0.02,-0.135
134214,1342,Welfare Centre Manager,False,Whole workforce,True,Moderately female dominated,97790.0,97290.0,-0.005,0.03,0.05
134299,1342,Health and Welfare Services Managers nec,False,20-24 year olds,False,Moderately female dominated,78239.0,84564.0,0.075,0.05,0.133
134299,1342,Health and Welfare Services Managers nec,False,25-39 year olds,False,Moderately female dominated,93280.0,120597.0,0.227,0.06,0.23
134299,1342,Health and Welfare Services Managers nec,False,40-54 year olds,False,Moderately female dominated,103448.0,118560.0,0.127,0.04,0.167
134299,1342,Health and Welfare Services Managers nec,False,55+ year olds,False,Moderately female dominated,84171.0,91494.5,0.08,-0.01,0.08
134299,1342,Health and Welfare Services Managers nec,False,Whole workforce,True,Moderately female dominated,95850.0,113240.0,0.154,0.02,0.178
134311,1343,School Principal,True,20-24 year olds,False,Moderately male dominated,,,,,
134311,1343,School Principal,True,25-39 year olds,False,Moderately female dominated,132365.0,146853.0,0.099,0.07,0.108
134311,1343,School Principal,True,40-54 year olds,False,Moderately female dominated,148228.0,160696.0,0.078,0.01,0.063
134311,1343,School Principal,True,55+ year olds,False,Moderately female dominated,129892.5,124123.5,-0.046,0.01,-0.091
134311,1343,School Principal,True,Whole workforce,True,Moderately female dominated,142210.0,150590.0,0.056,0.02,0.06
134412,1344,Regional Education Manager,True,20-24 year olds,False,Almost completely female dominated,62551.0,69548.5,0.101,,
134412,1344,Regional Education Manager,True,25-39 year olds,False,Moderately female dominated,65137.0,95724.0,0.32,0.02,0.192
134412,1344,Regional Education Manager,True,40-54 year olds,False,Moderately female dominated,66584.0,116084.0,0.426,0.05,0.107
134412,1344,Regional Education Manager,True,55+ year olds,False,Moderately female dominated,58140.0,89688.5,0.352,0.0,0.091
134412,1344,Regional Education Manager,True,Whole workforce,True,Moderately female dominated,64780.0,100240.0,0.354,0.05,0.149
135111,1351,Chief Information Officer,False,20-24 year olds,False,Highly male dominated,85226.5,92203.0,0.076,0.11,0.143
135111,1351,Chief Information Officer,False,25-39 year olds,False,Highly male dominated,116419.5,141090.5,0.175,0.07,0.237
135111,1351,Chief Information Officer,False,40-54 year olds,False,Highly male dominated,129818.0,161684.0,0.197,0.01,0.239
135111,1351,Chief Information Officer,False,55+ year olds,False,Highly male dominated,97769.0,124867.0,0.217,0.01,0.274
135111,1351,Chief Information Officer,False,Whole workforce,True,Highly male dominated,119120.0,147530.0,0.193,0.02,0.238
135112,1351,ICT Project Manager,False,20-24 year olds,False,Moderately male dominated,88825.0,97609.0,0.09,-0.02,0.153
135112,1351,ICT Project Manager,False,25-39 year olds,False,Moderately male dominated,129023.0,148400.5,0.131,0.06,0.232
135112,1351,ICT Project Manager,False,40-54 year olds,False,Highly male dominated,139605.5,160457.0,0.13,0.04,0.198
135112,1351,ICT Project Manager,False,55+ year olds,False,Highly male dominated,104921.0,131791.5,0.204,0.0,0.172
135112,1351,ICT Project Manager,False,Whole workforce,True,Moderately male dominated,131180.0,151090.0,0.132,0.05,0.225
135199,1351,ICT Managers nec,False,20-24 year olds,False,Moderately male dominated,89703.0,92444.5,0.03,0.02,0.155
135199,1351,ICT Managers nec,False,25-39 year olds,False,Highly male dominated,128251.0,143418.0,0.106,0.05,0.162
135199,1351,ICT Managers nec,False,40-54 year olds,False,Highly male dominated,142823.0,155703.0,0.083,0.03,0.124
135199,1351,ICT Managers nec,False,55+ year olds,False,Highly male dominated,117258.0,126984.0,0.077,0.02,0.135
135199,1351,ICT Managers nec,False,Whole workforce,True,Highly male dominated,132220.0,147780.0,0.105,0.03,0.148
139111,1391,Commissioned Defence Force Officer,False,20-24 year olds,False,Moderately male dominated,94014.0,100484.5,0.064,0.04,0.012
139111,1391,Commissioned Defence Force Officer,False,25-39 year olds,False,Highly male dominated,111493.0,128142.5,0.13,0.08,0.106
139111,1391,Commissioned Defence Force Officer,False,40-54 year olds,False,Highly male dominated,118736.0,127892.0,0.072,0.05,0.185
139111,1391,Commissioned Defence Force Officer,False,55+ year olds,False,Highly male dominated,50486.5,59484.0,0.151,0.09,
139111,1391,Commissioned Defence Force Officer,False,Whole workforce,True,Highly male dominated,104560.0,117730.0,0.112,0.05,0.077
139113,1391,Commissioned Police Officer,False,20-24 year olds,False,-,95194.0,101732.0,0.064,,0.098
139113,1391,Commissioned Police Officer,False,25-39 year olds,False,Moderately male dominated,99110.0,112555.0,0.119,0.22,0.168
139113,1391,Commissioned Police Officer,False,40-54 year olds,False,Highly male dominated,121404.0,140908.0,0.138,-0.06,0.185
139113,1391,Commissioned Police Officer,False,55+ year olds,False,Highly male dominated,74553.5,117151.0,0.364,-0.05,
139113,1391,Commissioned Police Officer,False,Whole workforce,True,Highly male dominated,105400.0,121360.0,0.132,-0.01,0.249
139211,1392,Senior Non-commissioned Defence Force Member,True,20-24 year olds,False,Moderately male dominated,,,,0.05,-0.039
139211,1392,Senior Non-commissioned Defence Force Member,True,25-39 year olds,False,Highly male dominated,101178.5,109589.5,0.077,0.11,0.091
139211,1392,Senior Non-commissioned Defence Force Member,True,40-54 year olds,False,Highly male dominated,101754.0,109525.5,0.071,0.09,0.059
139211,1392,Senior Non-commissioned Defence Force Member,True,55+ year olds,False,Highly male dominated,63896.5,48219.0,-0.325,0.02,
139211,1392,Senior Non-commissioned Defence Force Member,True,Whole workforce,True,Highly male dominated,101260.0,108150.0,0.064,0.09,0.076
139911,1399,Arts Administrator or Manager,False,20-24 year olds,False,Moderately female dominated,62609.0,59351.5,-0.055,0.09,0.091
139911,1399,Arts Administrator or Manager,False,25-39 year olds,False,Highly female dominated,71383.5,85449.0,0.165,0.15,0.22
139911,1399,Arts Administrator or Manager,False,40-54 year olds,False,Moderately female dominated,80812.0,95511.5,0.154,0.13,0.212
139911,1399,Arts Administrator or Manager,False,55+ year olds,False,Gender balanced,62207.0,71157.5,0.126,0.08,0.11
139911,1399,Arts Administrator or Manager,False,Whole workforce,True,Moderately female dominated,72080.0,86140.0,0.163,0.07,0.214
139912,1399,Environmental Manager,False,20-24 year olds,False,Gender balanced,58376.0,72494.0,0.195,-0.07,
139912,1399,Environmental Manager,False,25-39 year olds,False,Gender balanced,104155.5,120077.0,0.133,0.09,0.208
139912,1399,Environmental Manager,False,40-54 year olds,False,Gender balanced,115173.5,129025.0,0.107,0.09,0.158
139912,1399,Environmental Manager,False,55+ year olds,False,Moderately male dominated,74474.0,95260.0,0.218,0.15,0.247
139912,1399,Environmental Manager,False,Whole workforce,True,Gender balanced,107460.0,120850.0,0.111,0.09,0.19
139913,1399,Laboratory Manager,False,20-24 year olds,False,Moderately female dominated,57567.5,70664.0,0.185,0.3,0.214
139913,1399,Laboratory Manager,False,25-39 year olds,False,Gender balanced,83063.0,105515.0,0.213,0.1,0.275
139913,1399,Laboratory Manager,False,40-54 year olds,False,Gender balanced,85936.0,107970.0,0.204,0.11,0.291
139913,1399,Laboratory Manager,False,55+ year olds,False,Moderately male dominated,63580.0,92510.5,0.313,0.08,0.288
139913,1399,Laboratory Manager,False,Whole workforce,True,Gender balanced,78830.0,103820.0,0.241,0.08,0.286
139914,1399,Quality Assurance Manager,False,20-24 year olds,False,Gender balanced,65736.5,81538.0,0.194,0.03,0.176
139914,1399,Quality Assurance Manager,False,25-39 year olds,False,Moderately female dominated,85989.5,103584.0,0.17,0.07,0.191
139914,1399,Quality Assurance Manager,False,40-54 year olds,False,Gender balanced,94986.0,112221.0,0.154,0.09,0.216
139914,1399,Quality Assurance Manager,False,55+ year olds,False,Gender balanced,70756.0,89179.0,0.207,0.05,0.11
139914,1399,Quality Assurance Manager,False,Whole workforce,True,Gender balanced,87350.0,103300.0,0.154,0.08,0.208
139915,1399,Sports Administrator,False,20-24 year olds,False,Gender balanced,70282.0,71658.0,0.019,-0.08,0.052
139915,1399,Sports Administrator,False,25-39 year olds,False,Moderately male dominated,74326.0,87165.0,0.147,0.05,0.257
139915,1399,Sports Administrator,False,40-54 year olds,False,Gender balanced,68664.0,100150.5,0.314,0.15,0.342
139915,1399,Sports Administrator,False,55+ year olds,False,Moderately male dominated,46815.0,61415.0,0.238,0.12,0.366
139915,1399,Sports Administrator,False,Whole workforce,True,Gender balanced,70330.0,84620.0,0.169,0.1,0.232
139999,1399,Specialist Managers nec,False,20-24 year olds,False,Gender balanced,70568.0,73096.0,0.035,-0.01,0.186
139999,1399,Specialist Managers nec,False,25-39 year olds,False,Gender balanced,79760.0,91509.0,0.128,0.08,0.203
139999,1399,Specialist Managers nec,False,40-54 year olds,False,Moderately male dominated,86332.0,95754.0,0.098,0.07,0.064
139999,1399,Specialist Managers nec,False,55+ year olds,False,Moderately male dominated,80925.5,82419.0,0.018,0.05,-0.062
139999,1399,Specialist Managers nec,False,Whole workforce,True,Moderately male dominated,79670.0,90440.0,0.119,0.07,0.152
141111,1411,Cafe or Restaurant Manager,True,20-24 year olds,False,Moderately female dominated,57980.5,63996.0,0.094,0.04,0.158
141111,1411,Cafe or Restaurant Manager,True,25-39 year olds,False,Gender balanced,53592.5,66545.0,0.195,0.1,0.223
141111,1411,Cafe or Restaurant Manager,True,40-54 year olds,False,Gender balanced,49109.5,64405.0,0.237,0.14,0.239
141111,1411,Cafe or Restaurant Manager,True,55+ year olds,False,Gender balanced,40223.5,51937.5,0.226,0.14,0.169
141111,1411,Cafe or Restaurant Manager,True,Whole workforce,True,Gender balanced,51330.0,64910.0,0.209,0.12,0.22
141211,1412,Caravan Park and Camping Ground Manager,True,20-24 year olds,False,Gender balanced,43016.0,63809.0,0.326,0.0,0.334
141211,1412,Caravan Park and Camping Ground Manager,True,25-39 year olds,False,Gender balanced,54218.0,65582.0,0.173,0.03,0.215
141211,1412,Caravan Park and Camping Ground Manager,True,40-54 year olds,False,Gender balanced,56385.0,61181.0,0.078,0.01,0.187
141211,1412,Caravan Park and Camping Ground Manager,True,55+ year olds,False,Gender balanced,44508.0,49987.0,0.11,0.04,0.147
141211,1412,Caravan Park and Camping Ground Manager,True,Whole workforce,True,Gender balanced,53680.0,57660.0,0.069,0.04,0.173
141311,1413,Hotel or Motel Manager,True,20-24 year olds,False,Gender balanced,65940.5,70270.0,0.062,0.01,0.16
141311,1413,Hotel or Motel Manager,True,25-39 year olds,False,Gender balanced,65147.0,78369.0,0.169,0.07,0.207
141311,1413,Hotel or Motel Manager,True,40-54 year olds,False,Gender balanced,63122.5,77432.0,0.185,0.06,0.184
141311,1413,Hotel or Motel Manager,True,55+ year olds,False,Gender balanced,48523.5,59143.0,0.18,0.03,0.131
141311,1413,Hotel or Motel Manager,True,Whole workforce,True,Gender balanced,62680.0,75550.0,0.17,0.05,0.193
141411,1414,Licensed Club Manager,True,20-24 year olds,False,Gender balanced,60582.0,77777.0,0.221,0.03,0.154
141411,1414,Licensed Club Manager,True,25-39 year olds,False,Gender balanced,68865.0,83487.0,0.175,0.04,0.228
141411,1414,Licensed Club Manager,True,40-54 year olds,False,Gender balanced,71098.0,92240.5,0.229,0.07,0.25
141411,1414,Licensed Club Manager,True,55+ year olds,False,Gender balanced,56300.0,75293.0,0.252,0.11,0.092
141411,1414,Licensed Club Manager,True,Whole workforce,True,Gender balanced,67930.0,84630.0,0.197,0.06,0.224
142111,1421,Retail Manager (General),False,20-24 year olds,False,Gender balanced,58555.0,68138.0,0.141,0.01,0.214
142111,1421,Retail Manager (General),False,25-39 year olds,False,Gender balanced,58383.5,74827.0,0.22,0.12,0.276
142111,1421,Retail Manager (General),False,40-54 year olds,False,Gender balanced,57173.0,73994.5,0.227,0.14,0.257
142111,1421,Retail Manager (General),False,55+ year olds,False,Gender balanced,44057.0,59050.5,0.254,0.14,0.146
142111,1421,Retail Manager (General),False,Whole workforce,True,Gender balanced,56660.0,72280.0,0.216,0.13,0.259
142114,1421,Hair or Beauty Salon Manager,False,20-24 year olds,False,Almost completely female dominated,50631.0,55847.0,0.093,0.07,0.241
142114,1421,Hair or Beauty Salon Manager,False,25-39 year olds,False,Highly female dominated,47987.0,61017.0,0.214,0.08,0.153
142114,1421,Hair or Beauty Salon Manager,False,40-54 year olds,False,Highly female dominated,52940.0,55456.0,0.045,0.1,0.192
142114,1421,Hair or Beauty Salon Manager,False,55+ year olds,False,Moderately female dominated,48461.0,44627.5,-0.086,0.11,
142114,1421,Hair or Beauty Salon Manager,False,Whole workforce,True,Highly female dominated,49650.0,56950.0,0.128,0.08,0.163
142115,1421,Post Office Manager,False,20-24 year olds,False,Gender balanced,55530.0,62749.0,0.115,-0.32,
142115,1421,Post Office Manager,False,25-39 year olds,False,Gender balanced,60149.0,79393.0,0.242,0.13,0.255
142115,1421,Post Office Manager,False,40-54 year olds,False,Gender balanced,77845.0,92225.0,0.156,0.08,0.17
142115,1421,Post Office Manager,False,55+ year olds,False,Gender balanced,61491.0,60577.0,-0.015,0.12,0.045
142115,1421,Post Office Manager,False,Whole workforce,True,Gender balanced,68750.0,82630.0,0.168,0.11,0.204
142116,1421,Travel Agency Manager,False,20-24 year olds,False,Almost completely female dominated,75090.0,87626.0,0.143,,0.27
142116,1421,Travel Agency Manager,False,25-39 year olds,False,Moderately female dominated,66130.5,92344.0,0.284,-0.02,0.219
142116,1421,Travel Agency Manager,False,40-54 year olds,False,Gender balanced,73111.0,80003.0,0.086,0.09,0.147
142116,1421,Travel Agency Manager,False,55+ year olds,False,Gender balanced,55224.5,56405.0,0.021,0.08,0.058
142116,1421,Travel Agency Manager,False,Whole workforce,True,Gender balanced,68450.0,84320.0,0.188,0.05,0.192
149112,1491,Fitness Centre Manager,False,20-24 year olds,False,Gender balanced,59186.0,69574.0,0.149,0.03,0.204
149112,1491,Fitness Centre Manager,False,25-39 year olds,False,Gender balanced,58600.0,76172.0,0.231,0.16,0.301
149112,1491,Fitness Centre Manager,False,40-54 year olds,False,Gender balanced,64307.0,71911.0,0.106,0.17,0.263
149112,1491,Fitness Centre Manager,False,55+ year olds,False,Gender balanced,46271.0,54815.0,0.156,0.12,
149112,1491,Fitness Centre Manager,False,Whole workforce,True,Gender balanced,59530.0,74120.0,0.197,0.14,0.282
149113,1491,Sports Centre Manager,False,20-24 year olds,False,Gender balanced,59949.0,71414.0,0.161,0.01,0.142
149113,1491,Sports Centre Manager,False,25-39 year olds,False,Gender balanced,70120.0,86910.5,0.193,0.1,0.222
149113,1491,Sports Centre Manager,False,40-54 year olds,False,Gender balanced,75620.0,83473.5,0.094,0.14,0.203
149113,1491,Sports Centre Manager,False,55+ year olds,False,Moderately male dominated,63632.5,69887.0,0.089,0.11,0.257
149113,1491,Sports Centre Manager,False,Whole workforce,True,Gender balanced,69700.0,83200.0,0.162,0.09,0.205
149211,1492,Call or Contact Centre Manager,False,20-24 year olds,False,Gender balanced,68637.0,80543.5,0.148,0.05,0.116
149211,1492,Call or Contact Centre Manager,False,25-39 year olds,False,Gender balanced,85399.0,98396.0,0.132,0.08,0.164
149211,1492,Call or Contact Centre Manager,False,40-54 year olds,False,Gender balanced,90190.0,98570.5,0.085,0.04,0.168
149211,1492,Call or Contact Centre Manager,False,55+ year olds,False,Moderately male dominated,64961.0,73674.0,0.118,0.02,0.18
149211,1492,Call or Contact Centre Manager,False,Whole workforce,True,Gender balanced,84500.0,96380.0,0.123,0.05,0.163
149212,1492,Customer Service Manager,False,20-24 year olds,False,Moderately female dominated,63813.0,67252.0,0.051,0.0,0.122
149212,1492,Customer Service Manager,False,25-39 year olds,False,Gender balanced,65600.5,79894.0,0.179,0.1,0.244
149212,1492,Customer Service Manager,False,40-54 year olds,False,Gender balanced,68804.0,85695.0,0.197,0.08,0.258
149212,1492,Customer Service Manager,False,55+ year olds,False,Gender balanced,55788.0,70823.0,0.212,0.08,0.175
149212,1492,Customer Service Manager,False,Whole workforce,True,Gender balanced,65490.0,78820.0,0.169,0.09,0.22
149311,1493,Conference and Event Organiser,True,20-24 year olds,False,Highly female dominated,69206.0,67797.0,-0.021,-0.25,0.111
149311,1493,Conference and Event Organiser,True,25-39 year olds,False,Highly female dominated,71128.0,81756.5,0.13,0.06,0.174
149311,1493,Conference and Event Organiser,True,40-54 year olds,False,Moderately female dominated,73835.0,79186.0,0.068,0.09,0.213
149311,1493,Conference and Event Organiser,True,55+ year olds,False,Moderately female dominated,54987.0,61754.0,0.11,0.06,-0.019
149311,1493,Conference and Event Organiser,True,Whole workforce,True,Highly female dominated,70790.0,77190.0,0.083,0.04,0.164
149411,1494,Fleet Manager,False,20-24 year olds,False,Gender balanced,65667.0,86260.0,0.239,-0.02,0.126
149411,1494,Fleet Manager,False,25-39 year olds,False,Moderately male dominated,79682.0,96910.0,0.178,0.09,0.215
149411,1494,Fleet Manager,False,40-54 year olds,False,Moderately male dominated,78855.0,99156.5,0.205,0.11,0.17
149411,1494,Fleet Manager,False,55+ year olds,False,Highly male dominated,71723.0,87953.0,0.185,0.06,0.07
149411,1494,Fleet Manager,False,Whole workforce,True,Moderately male dominated,78060.0,95560.0,0.183,0.09,0.196
149412,1494,Railway Station Manager,False,20-24 year olds,False,Gender balanced,,,,,
149412,1494,Railway Station Manager,False,25-39 year olds,False,Moderately male dominated,110453.5,128958.0,0.143,-0.02,0.203
149412,1494,Railway Station Manager,False,40-54 year olds,False,Highly male dominated,107846.0,121344.5,0.111,0.06,0.212
149412,1494,Railway Station Manager,False,55+ year olds,False,Highly male dominated,98657.0,107127.0,0.079,0.02,0.023
149412,1494,Railway Station Manager,False,Whole workforce,True,Highly male dominated,105270.0,118140.0,0.109,0.03,0.185
149413,1494,Transport Company Manager,False,20-24 year olds,False,Moderately male dominated,72984.0,82201.0,0.112,0.22,0.184
149413,1494,Transport Company Manager,False,25-39 year olds,False,Highly male dominated,83755.0,94627.0,0.115,0.22,0.131
149413,1494,Transport Company Manager,False,40-54 year olds,False,Highly male dominated,82954.5,91823.0,0.097,0.21,0.193
149413,1494,Transport Company Manager,False,55+ year olds,False,Highly male dominated,57960.0,73200.0,0.208,0.25,0.182
149413,1494,Transport Company Manager,False,Whole workforce,True,Highly male dominated,80350.0,88830.0,0.095,0.22,0.151
149912,1499,Cinema or Theatre Manager,False,20-24 year olds,False,Gender balanced,69088.0,66457.0,-0.04,-0.03,0.049
149912,1499,Cinema or Theatre Manager,False,25-39 year olds,False,Gender balanced,65554.0,74694.0,0.122,0.06,0.224
149912,1499,Cinema or Theatre Manager,False,40-54 year olds,False,Gender balanced,69898.0,79719.5,0.123,0.12,0.273
149912,1499,Cinema or Theatre Manager,False,55+ year olds,False,Gender balanced,41835.0,56878.5,0.264,0.14,0.218
149912,1499,Cinema or Theatre Manager,False,Whole workforce,True,Gender balanced,65200.0,72480.0,0.1,0.06,0.174
149913,1499,Facilities Manager,False,20-24 year olds,False,Gender balanced,61170.0,78558.0,0.221,-0.03,0.2
149913,1499,Facilities Manager,False,25-39 year olds,False,Moderately male dominated,81975.5,100679.5,0.186,0.06,0.238
149913,1499,Facilities Manager,False,40-54 year olds,False,Highly male dominated,94220.0,103690.0,0.091,0.05,0.184
149913,1499,Facilities Manager,False,55+ year olds,False,Highly male dominated,73050.5,87859.5,0.169,0.06,0.109
149913,1499,Facilities Manager,False,Whole workforce,True,Highly male dominated,83700.0,99170.0,0.156,0.05,0.205
149914,1499,Financial Institution Branch Manager,False,20-24 year olds,False,Moderately female dominated,92476.0,117769.0,0.215,0.06,0.243
149914,1499,Financial Institution Branch Manager,False,25-39 year olds,False,Gender balanced,113823.0,150163.5,0.242,0.07,0.273
149914,1499,Financial Institution Branch Manager,False,40-54 year olds,False,Gender balanced,119262.5,154229.5,0.227,0.07,0.292
149914,1499,Financial Institution Branch Manager,False,55+ year olds,False,Gender balanced,85274.0,111670.0,0.236,0.1,0.249
149914,1499,Financial Institution Branch Manager,False,Whole workforce,True,Gender balanced,113280.0,147350.0,0.231,0.07,0.279
149915,1499,Equipment Hire Manager,False,20-24 year olds,False,Moderately male dominated,56519.0,87334.0,0.353,0.13,0.293
149915,1499,Equipment Hire Manager,False,25-39 year olds,False,Highly male dominated,69684.5,93485.0,0.255,0.26,0.234
149915,1499,Equipment Hire Manager,False,40-54 year olds,False,Highly male dominated,70562.0,96528.0,0.269,0.23,0.357
149915,1499,Equipment Hire Manager,False,55+ year olds,False,Highly male dominated,50043.0,73655.0,0.321,0.19,
149915,1499,Equipment Hire Manager,False,Whole workforce,True,Highly male dominated,65210.0,91340.0,0.286,0.24,0.336
211111,2111,Actor,False,20-24 year olds,False,Gender balanced,39800.5,44690.0,0.109,-0.14,0.045
211111,2111,Actor,False,25-39 year olds,False,Gender balanced,40675.0,48775.0,0.166,0.14,0.166
211111,2111,Actor,False,40-54 year olds,False,Gender balanced,31361.0,39249.0,0.201,0.19,0.228
211111,2111,Actor,False,55+ year olds,False,Gender balanced,12645.5,13250.0,0.046,0.08,-0.107
211111,2111,Actor,False,Whole workforce,True,Gender balanced,35000.0,40220.0,0.13,0.07,0.144
211113,2111,Entertainer or Variety Artist,False,20-24 year olds,False,Moderately female dominated,43246.5,46965.5,0.079,-0.05,0.091
211113,2111,Entertainer or Variety Artist,False,25-39 year olds,False,Gender balanced,43668.0,56657.0,0.229,0.05,0.235
211113,2111,Entertainer or Variety Artist,False,40-54 year olds,False,Moderately male dominated,40531.0,57619.0,0.297,0.28,0.232
211113,2111,Entertainer or Variety Artist,False,55+ year olds,False,Highly male dominated,30262.0,26419.0,-0.145,0.78,-0.338
211113,2111,Entertainer or Variety Artist,False,Whole workforce,True,Gender balanced,42490.0,51220.0,0.17,0.11,0.192
211213,2112,Musician (Instrumental),False,20-24 year olds,False,Moderately male dominated,50818.5,41767.0,-0.217,-0.06,-0.132
211213,2112,Musician (Instrumental),False,25-39 year olds,False,Moderately male dominated,59776.0,72655.5,0.177,0.04,0.282
211213,2112,Musician (Instrumental),False,40-54 year olds,False,Moderately male dominated,67500.0,85767.0,0.213,0.19,0.063
211213,2112,Musician (Instrumental),False,55+ year olds,False,Moderately male dominated,59289.0,40463.0,-0.465,0.09,0.088
211213,2112,Musician (Instrumental),False,Whole workforce,True,Moderately male dominated,60410.0,71150.0,0.151,0.06,0.137
211299,2112,Music Professionals nec,False,20-24 year olds,False,-,58744.0,55042.0,-0.067,,-0.15
211299,2112,Music Professionals nec,False,25-39 year olds,False,Moderately female dominated,50903.0,67037.5,0.241,,0.189
211299,2112,Music Professionals nec,False,40-54 year olds,False,Gender balanced,60922.0,66651.0,0.086,,-0.001
211299,2112,Music Professionals nec,False,55+ year olds,False,Moderately male dominated,42742.0,35167.5,-0.215,-0.45,0.236
211299,2112,Music Professionals nec,False,Whole workforce,True,Moderately female dominated,54300.0,61910.0,0.123,-0.28,0.086
211311,2113,Photographer,True,20-24 year olds,False,Gender balanced,45474.5,59089.0,0.23,0.05,0.222
211311,2113,Photographer,True,25-39 year olds,False,Moderately female dominated,48088.0,66101.0,0.273,0.19,0.368
211311,2113,Photographer,True,40-54 year olds,False,Gender balanced,50725.0,66469.0,0.237,0.19,0.313
211311,2113,Photographer,True,55+ year olds,False,Moderately male dominated,35648.5,50907.0,0.3,0.13,0.201
211311,2113,Photographer,True,Whole workforce,True,Gender balanced,47520.0,63740.0,0.254,0.16,0.332
211499,2114,Visual Arts and Crafts Professionals nec,True,20-24 year olds,False,Gender balanced,62239.5,65799.0,0.054,0.2,0.31
211499,2114,Visual Arts and Crafts Professionals nec,True,25-39 year olds,False,Moderately female dominated,53901.0,88030.0,0.388,0.29,0.419
211499,2114,Visual Arts and Crafts Professionals nec,True,40-54 year olds,False,Moderately female dominated,57592.0,80421.5,0.284,0.19,0.233
211499,2114,Visual Arts and Crafts Professionals nec,True,55+ year olds,False,Moderately female dominated,29858.0,56251.0,0.469,0.13,0.153
211499,2114,Visual Arts and Crafts Professionals nec,True,Whole workforce,True,Moderately female dominated,53150.0,80080.0,0.336,0.2,0.351
212112,2121,Media Producer (excluding Video),False,20-24 year olds,False,Gender balanced,81534.0,80556.5,-0.012,-0.04,-0.021
212112,2121,Media Producer (excluding Video),False,25-39 year olds,False,Gender balanced,89528.0,103015.5,0.131,0.02,0.224
212112,2121,Media Producer (excluding Video),False,40-54 year olds,False,Gender balanced,103103.0,106495.5,0.032,0.02,0.102
212112,2121,Media Producer (excluding Video),False,55+ year olds,False,Gender balanced,75825.0,81493.0,0.07,-0.04,0.042
212112,2121,Media Producer (excluding Video),False,Whole workforce,True,Gender balanced,91190.0,100240.0,0.09,0.0,0.175
212113,2121,Radio Presenter,False,20-24 year olds,False,Highly male dominated,72276.0,63622.0,-0.136,-0.08,0.104
212113,2121,Radio Presenter,False,25-39 year olds,False,Moderately male dominated,72984.0,75852.5,0.038,0.01,0.1
212113,2121,Radio Presenter,False,40-54 year olds,False,Moderately male dominated,71864.5,82024.5,0.124,0.04,0.245
212113,2121,Radio Presenter,False,55+ year olds,False,Highly male dominated,,,,0.09,
212113,2121,Radio Presenter,False,Whole workforce,True,Moderately male dominated,72000.0,73950.0,0.026,0.03,0.147
212212,2122,Book or Script Editor,True,20-24 year olds,False,Moderately female dominated,,,,,-0.358
212212,2122,Book or Script Editor,True,25-39 year olds,False,Highly female dominated,72234.0,77740.5,0.071,0.11,0.211
212212,2122,Book or Script Editor,True,40-54 year olds,False,Highly female dominated,83903.0,82569.5,-0.016,0.14,0.176
212212,2122,Book or Script Editor,True,55+ year olds,False,Moderately female dominated,64595.0,50054.0,-0.291,0.15,-0.358
212212,2122,Book or Script Editor,True,Whole workforce,True,Highly female dominated,75540.0,78680.0,0.04,0.08,0.17
212312,2123,"Director (Film, Television, Radio or Stage)",False,20-24 year olds,False,Moderately male dominated,61218.0,50441.0,-0.214,0.12,-0.128
212312,2123,"Director (Film, Television, Radio or Stage)",False,25-39 year olds,False,Highly male dominated,83669.0,94390.0,0.114,0.03,0.196
212312,2123,"Director (Film, Television, Radio or Stage)",False,40-54 year olds,False,Moderately male dominated,91810.0,106445.0,0.137,0.13,0.131
212312,2123,"Director (Film, Television, Radio or Stage)",False,55+ year olds,False,Moderately male dominated,63650.0,71389.0,0.108,0.05,0.174
212312,2123,"Director (Film, Television, Radio or Stage)",False,Whole workforce,True,Moderately male dominated,83000.0,94430.0,0.121,0.09,0.138
212314,2123,Film and Video Editor,False,20-24 year olds,False,Moderately male dominated,68129.0,66123.0,-0.03,-0.06,0.108
212314,2123,Film and Video Editor,False,25-39 year olds,False,Moderately male dominated,71372.5,81787.0,0.127,0.05,0.156
212314,2123,Film and Video Editor,False,40-54 year olds,False,Moderately male dominated,80491.0,91427.0,0.12,0.1,0.216
212314,2123,Film and Video Editor,False,55+ year olds,False,Highly male dominated,45733.0,79681.0,0.426,0.09,-0.327
212314,2123,Film and Video Editor,False,Whole workforce,True,Moderately male dominated,71040.0,81400.0,0.127,0.07,0.164
212318,2123,Video Producer,False,20-24 year olds,False,Moderately male dominated,64971.0,67941.0,0.044,-0.01,0.167
212318,2123,Video Producer,False,25-39 year olds,False,Moderately male dominated,77369.0,84987.0,0.09,0.03,-0.033
212318,2123,Video Producer,False,40-54 year olds,False,Moderately male dominated,90539.0,94081.0,0.038,0.09,0.083
212318,2123,Video Producer,False,55+ year olds,False,Highly male dominated,66262.0,57078.0,-0.161,0.24,
212318,2123,Video Producer,False,Whole workforce,True,Moderately male dominated,78530.0,84990.0,0.076,0.05,0.048
212411,2124,Copywriter,False,20-24 year olds,False,Highly female dominated,71019.0,66707.0,-0.065,0.13,0.163
212411,2124,Copywriter,False,25-39 year olds,False,Moderately female dominated,77518.0,93737.0,0.173,0.18,0.298
212411,2124,Copywriter,False,40-54 year olds,False,Moderately female dominated,82626.0,98817.0,0.164,0.24,0.296
212411,2124,Copywriter,False,55+ year olds,False,Gender balanced,39543.5,74785.0,0.471,0.22,
212411,2124,Copywriter,False,Whole workforce,True,Moderately female dominated,76100.0,90240.0,0.157,0.18,0.291
212412,2124,Newspaper or Periodical Editor,False,20-24 year olds,False,Moderately female dominated,69820.0,75179.0,0.071,-0.03,0.124
212412,2124,Newspaper or Periodical Editor,False,25-39 year olds,False,Moderately female dominated,75086.0,94259.5,0.203,0.11,0.267
212412,2124,Newspaper or Periodical Editor,False,40-54 year olds,False,Moderately female dominated,84148.0,99210.0,0.152,0.14,0.244
212412,2124,Newspaper or Periodical Editor,False,55+ year olds,False,Gender balanced,53608.0,68716.0,0.22,0.06,0.208
212412,2124,Newspaper or Periodical Editor,False,Whole workforce,True,Moderately female dominated,76270.0,93210.0,0.182,0.1,0.265
212413,2124,Print Journalist,False,20-24 year olds,False,Moderately female dominated,76673.0,72295.5,-0.061,0.04,0.094
212413,2124,Print Journalist,False,25-39 year olds,False,Gender balanced,80716.0,93240.5,0.134,0.1,0.262
212413,2124,Print Journalist,False,40-54 year olds,False,Gender balanced,92002.0,112060.0,0.179,0.23,0.243
212413,2124,Print Journalist,False,55+ year olds,False,Moderately male dominated,64677.0,79538.0,0.187,0.06,0.256
212413,2124,Print Journalist,False,Whole workforce,True,Gender balanced,80790.0,94430.0,0.144,0.11,0.259
212415,2124,Technical Writer,False,20-24 year olds,False,Moderately female dominated,68937.5,86958.0,0.207,-0.09,0.164
212415,2124,Technical Writer,False,25-39 year olds,False,Moderately female dominated,88377.0,100850.0,0.124,0.1,0.179
212415,2124,Technical Writer,False,40-54 year olds,False,Moderately female dominated,96098.0,103495.0,0.071,0.12,0.106
212415,2124,Technical Writer,False,55+ year olds,False,Gender balanced,74114.0,94399.0,0.215,0.08,0.335
212415,2124,Technical Writer,False,Whole workforce,True,Gender balanced,88360.0,99640.0,0.113,0.09,0.152
212416,2124,Television Journalist,False,20-24 year olds,False,Moderately female dominated,87661.5,89559.0,0.021,0.04,0.045
212416,2124,Television Journalist,False,25-39 year olds,False,Moderately female dominated,89780.0,107162.0,0.162,0.04,0.276
212416,2124,Television Journalist,False,40-54 year olds,False,Gender balanced,117303.0,130196.0,0.099,0.24,0.273
212416,2124,Television Journalist,False,55+ year olds,False,Moderately male dominated,71212.0,116892.0,0.391,0.01,
212416,2124,Television Journalist,False,Whole workforce,True,Gender balanced,92710.0,111070.0,0.165,0.08,0.255
212499,2124,Journalists and Other Writers nec,False,20-24 year olds,False,Moderately female dominated,78293.0,73813.0,-0.061,0.1,0.056
212499,2124,Journalists and Other Writers nec,False,25-39 year olds,False,Gender balanced,83233.0,92038.0,0.096,0.15,0.156
212499,2124,Journalists and Other Writers nec,False,40-54 year olds,False,Moderately female dominated,84870.5,103553.0,0.18,0.15,0.184
212499,2124,Journalists and Other Writers nec,False,55+ year olds,False,Gender balanced,121277.0,92189.5,-0.316,-0.01,
212499,2124,Journalists and Other Writers nec,False,Whole workforce,True,Gender balanced,82270.0,91910.0,0.105,0.11,0.154
221111,2211,Accountant (General),False,20-24 year olds,False,Gender balanced,80783.0,88440.0,0.087,0.01,0.135
221111,2211,Accountant (General),False,25-39 year olds,False,Gender balanced,88532.0,116721.5,0.242,0.11,0.268
221111,2211,Accountant (General),False,40-54 year olds,False,Gender balanced,96003.0,128424.0,0.252,0.14,0.28
221111,2211,Accountant (General),False,55+ year olds,False,Moderately male dominated,74197.0,91784.0,0.192,0.08,0.118
221111,2211,Accountant (General),False,Whole workforce,True,Gender balanced,89040.0,113820.0,0.218,0.1,0.246
221112,2211,Management Accountant,False,20-24 year olds,False,Gender balanced,91072.5,96652.5,0.058,-0.02,0.305
221112,2211,Management Accountant,False,25-39 year olds,False,Gender balanced,103872.0,128163.0,0.19,0.06,0.227
221112,2211,Management Accountant,False,40-54 year olds,False,Gender balanced,116221.0,142267.0,0.183,0.05,0.182
221112,2211,Management Accountant,False,55+ year olds,False,Gender balanced,91769.0,105823.5,0.133,-0.02,0.186
221112,2211,Management Accountant,False,Whole workforce,True,Gender balanced,107410.0,129840.0,0.173,0.05,0.202
221113,2211,Taxation Accountant,False,20-24 year olds,False,Gender balanced,86110.5,85588.0,-0.006,0.05,0.124
221113,2211,Taxation Accountant,False,25-39 year olds,False,Gender balanced,81119.0,96783.0,0.162,0.12,0.3
221113,2211,Taxation Accountant,False,40-54 year olds,False,Gender balanced,68365.0,93976.5,0.273,0.15,0.413
221113,2211,Taxation Accountant,False,55+ year olds,False,Moderately male dominated,49088.5,51839.0,0.053,0.02,0.127
221113,2211,Taxation Accountant,False,Whole workforce,True,Gender balanced,75500.0,88570.0,0.148,0.09,0.293
221211,2212,Company Secretary,False,20-24 year olds,False,Almost completely female dominated,,,,,
221211,2212,Company Secretary,False,25-39 year olds,False,Highly female dominated,111105.0,147616.5,0.247,0.15,0.459
221211,2212,Company Secretary,False,40-54 year olds,False,Moderately female dominated,95108.0,166181.0,0.428,0.12,0.477
221211,2212,Company Secretary,False,55+ year olds,False,Gender balanced,55540.0,77584.0,0.284,0.23,0.395
221211,2212,Company Secretary,False,Whole workforce,True,Moderately female dominated,88090.0,132960.0,0.337,0.12,0.431
221212,2212,Corporate Treasurer,False,20-24 year olds,False,Gender balanced,110299.5,115332.0,0.044,0.07,0.143
221212,2212,Corporate Treasurer,False,25-39 year olds,False,Gender balanced,133432.0,155239.0,0.14,0.04,0.237
221212,2212,Corporate Treasurer,False,40-54 year olds,False,Gender balanced,148979.5,179585.5,0.17,0.07,0.295
221212,2212,Corporate Treasurer,False,55+ year olds,False,Moderately male dominated,113029.0,135701.0,0.167,0.0,0.281
221212,2212,Corporate Treasurer,False,Whole workforce,True,Gender balanced,135190.0,157950.0,0.144,0.06,0.244
221213,2212,External Auditor,False,20-24 year olds,False,Gender balanced,95416.0,97303.0,0.019,0.01,0.075
221213,2212,External Auditor,False,25-39 year olds,False,Gender balanced,107217.0,121828.0,0.12,0.06,0.167
221213,2212,External Auditor,False,40-54 year olds,False,Gender balanced,95790.0,108974.0,0.121,0.08,0.171
221213,2212,External Auditor,False,55+ year olds,False,Moderately male dominated,70215.0,88451.5,0.206,0.0,0.084
221213,2212,External Auditor,False,Whole workforce,True,Gender balanced,101070.0,111390.0,0.093,0.04,0.137
221214,2212,Internal Auditor,False,20-24 year olds,False,Gender balanced,97366.0,99170.0,0.018,-0.02,0.105
221214,2212,Internal Auditor,False,25-39 year olds,False,Gender balanced,119341.0,142481.0,0.162,0.06,0.199
221214,2212,Internal Auditor,False,40-54 year olds,False,Gender balanced,119918.5,137586.0,0.128,0.06,0.175
221214,2212,Internal Auditor,False,55+ year olds,False,Gender balanced,82429.0,100577.0,0.18,0.01,0.181
221214,2212,Internal Auditor,False,Whole workforce,True,Gender balanced,114960.0,132460.0,0.132,0.06,0.176
222112,2221,Finance Broker,False,20-24 year olds,False,Moderately male dominated,78734.0,90385.0,0.129,0.08,0.264
222112,2221,Finance Broker,False,25-39 year olds,False,Moderately male dominated,76379.0,103873.0,0.265,0.13,0.301
222112,2221,Finance Broker,False,40-54 year olds,False,Moderately male dominated,80912.0,93290.0,0.133,0.1,0.162
222112,2221,Finance Broker,False,55+ year olds,False,Highly male dominated,56953.0,60893.0,0.065,0.0,-0.094
222112,2221,Finance Broker,False,Whole workforce,True,Moderately male dominated,76900.0,94430.0,0.186,0.08,0.229
222113,2221,Insurance Broker,False,20-24 year olds,False,Gender balanced,71491.0,88608.5,0.193,0.03,0.262
222113,2221,Insurance Broker,False,25-39 year olds,False,Gender balanced,83086.0,123152.0,0.325,0.11,0.354
222113,2221,Insurance Broker,False,40-54 year olds,False,Gender balanced,90317.5,136728.5,0.339,0.12,0.37
222113,2221,Insurance Broker,False,55+ year olds,False,Moderately male dominated,74709.5,106321.0,0.297,0.06,0.261
222113,2221,Insurance Broker,False,Whole workforce,True,Gender balanced,83320.0,122320.0,0.319,0.1,0.354
222213,2222,Stockbroking Dealer,False,20-24 year olds,False,Moderately male dominated,,,,-0.11,0.118
222213,2222,Stockbroking Dealer,False,25-39 year olds,False,Highly male dominated,123586.5,192961.0,0.36,0.09,0.433
222213,2222,Stockbroking Dealer,False,40-54 year olds,False,Highly male dominated,106972.0,189829.5,0.436,0.15,0.521
222213,2222,Stockbroking Dealer,False,55+ year olds,False,Highly male dominated,100693.0,141691.0,0.289,0.16,0.178
222213,2222,Stockbroking Dealer,False,Whole workforce,True,Highly male dominated,109960.0,179040.0,0.386,0.1,0.423
222299,2222,Financial Dealers nec,False,20-24 year olds,False,Moderately male dominated,140123.0,137394.0,-0.02,0.08,0.186
222299,2222,Financial Dealers nec,False,25-39 year olds,False,Gender balanced,138129.0,222018.0,0.378,0.1,0.552
222299,2222,Financial Dealers nec,False,40-54 year olds,False,Moderately male dominated,192898.0,309305.0,0.376,0.08,0.673
222299,2222,Financial Dealers nec,False,55+ year olds,False,Moderately male dominated,,,,0.03,
222299,2222,Financial Dealers nec,False,Whole workforce,True,Moderately male dominated,141840.0,233740.0,0.393,0.08,0.531
222311,2223,Financial Investment Adviser,False,20-24 year olds,False,Moderately male dominated,86874.0,97334.0,0.107,0.02,0.198
222311,2223,Financial Investment Adviser,False,25-39 year olds,False,Moderately male dominated,89897.0,119352.0,0.247,0.11,0.297
222311,2223,Financial Investment Adviser,False,40-54 year olds,False,Moderately male dominated,94440.0,122169.0,0.227,0.11,0.247
222311,2223,Financial Investment Adviser,False,55+ year olds,False,Highly male dominated,72525.0,80717.0,0.101,0.02,0.173
222311,2223,Financial Investment Adviser,False,Whole workforce,True,Moderately male dominated,90580.0,115700.0,0.217,0.08,0.271
222312,2223,Financial Investment Manager,False,20-24 year olds,False,Moderately male dominated,122833.0,169124.0,0.274,-0.01,0.224
222312,2223,Financial Investment Manager,False,25-39 year olds,False,Moderately male dominated,160675.0,236072.0,0.319,0.14,0.406
222312,2223,Financial Investment Manager,False,40-54 year olds,False,Moderately male dominated,164276.0,256928.0,0.361,0.14,0.399
222312,2223,Financial Investment Manager,False,55+ year olds,False,Moderately male dominated,91786.0,150190.0,0.389,0.2,0.245
222312,2223,Financial Investment Manager,False,Whole workforce,True,Moderately male dominated,154440.0,237430.0,0.35,0.14,0.399
223111,2231,Human Resource Adviser,False,20-24 year olds,False,Highly female dominated,88366.0,91578.0,0.035,-0.02,0.108
223111,2231,Human Resource Adviser,False,25-39 year olds,False,Highly female dominated,93378.0,112209.5,0.168,0.07,0.234
223111,2231,Human Resource Adviser,False,40-54 year olds,False,Highly female dominated,98294.5,111013.5,0.115,0.11,0.17
223111,2231,Human Resource Adviser,False,55+ year olds,False,Moderately female dominated,78294.5,82738.0,0.054,-0.04,0.054
223111,2231,Human Resource Adviser,False,Whole workforce,True,Highly female dominated,93230.0,107020.0,0.129,0.06,0.194
223112,2231,Recruitment Consultant,False,20-24 year olds,False,Moderately female dominated,80753.0,91912.0,0.121,0.02,0.176
223112,2231,Recruitment Consultant,False,25-39 year olds,False,Moderately female dominated,84914.5,111782.0,0.24,0.06,0.287
223112,2231,Recruitment Consultant,False,40-54 year olds,False,Moderately female dominated,83894.0,104367.0,0.196,0.08,0.165
223112,2231,Recruitment Consultant,False,55+ year olds,False,Moderately female dominated,68809.0,75821.0,0.092,0.01,0.041
223112,2231,Recruitment Consultant,False,Whole workforce,True,Moderately female dominated,83060.0,104400.0,0.204,0.06,0.25
223113,2231,Workplace Relations Adviser,False,20-24 year olds,False,Gender balanced,84395.0,88180.5,0.043,-0.04,0.061
223113,2231,Workplace Relations Adviser,False,25-39 year olds,False,Gender balanced,97430.0,111426.0,0.126,0.07,0.21
223113,2231,Workplace Relations Adviser,False,40-54 year olds,False,Gender balanced,98047.0,114013.0,0.14,0.08,0.2
223113,2231,Workplace Relations Adviser,False,55+ year olds,False,Moderately male dominated,84459.0,100622.0,0.161,0.02,0.012
223113,2231,Workplace Relations Adviser,False,Whole workforce,True,Gender balanced,95310.0,109070.0,0.126,0.08,0.19
223211,2232,ICT Trainer,True,20-24 year olds,False,Moderately male dominated,82615.0,83423.0,0.01,-0.41,-0.133
223211,2232,ICT Trainer,True,25-39 year olds,False,Gender balanced,91246.5,99760.0,0.085,0.1,0.191
223211,2232,ICT Trainer,True,40-54 year olds,False,Gender balanced,93458.5,108612.0,0.14,0.07,0.122
223211,2232,ICT Trainer,True,55+ year olds,False,Gender balanced,67876.5,78288.5,0.133,0.08,0.274
223211,2232,ICT Trainer,True,Whole workforce,True,Gender balanced,88730.0,99080.0,0.104,0.07,0.149
223311,2233,Training and Development Professional,True,20-24 year olds,False,Moderately female dominated,75829.0,86275.5,0.121,0.07,0.125
223311,2233,Training and Development Professional,True,25-39 year olds,False,Moderately female dominated,83811.5,105541.0,0.206,0.12,0.231
223311,2233,Training and Development Professional,True,40-54 year olds,False,Moderately female dominated,88137.5,106253.0,0.17,0.12,0.201
223311,2233,Training and Development Professional,True,55+ year olds,False,Gender balanced,68731.0,83125.0,0.173,0.04,0.2
223311,2233,Training and Development Professional,True,Whole workforce,True,Gender balanced,83600.0,99850.0,0.163,0.1,0.209
224111,2241,Actuary,False,20-24 year olds,False,Moderately male dominated,123090.0,134466.0,0.085,0.01,0.091
224111,2241,Actuary,False,25-39 year olds,False,Moderately male dominated,167737.0,200431.0,0.163,0.06,0.291
224111,2241,Actuary,False,40-54 year olds,False,Moderately male dominated,218166.0,269377.5,0.19,0.11,0.14
224111,2241,Actuary,False,55+ year olds,False,Highly male dominated,190691.0,138384.0,-0.378,-0.37,
224111,2241,Actuary,False,Whole workforce,True,Moderately male dominated,170470.0,198870.0,0.143,0.04,0.256
224113,2241,Statistician,False,20-24 year olds,False,Gender balanced,90664.0,90437.0,-0.003,-0.24,0.096
224113,2241,Statistician,False,25-39 year olds,False,Gender balanced,98352.0,116418.0,0.155,0.1,0.178
224113,2241,Statistician,False,40-54 year olds,False,Gender balanced,115155.0,122214.5,0.058,0.08,0.151
224113,2241,Statistician,False,55+ year olds,False,Gender balanced,95825.5,95181.0,-0.007,-0.07,-0.271
224113,2241,Statistician,False,Whole workforce,True,Gender balanced,107260.0,116290.0,0.078,0.03,0.174
224212,2242,Gallery or Museum Curator,False,20-24 year olds,False,Almost completely female dominated,,,,,
224212,2242,Gallery or Museum Curator,False,25-39 year olds,False,Highly female dominated,75788.0,87974.0,0.139,0.08,0.278
224212,2242,Gallery or Museum Curator,False,40-54 year olds,False,Moderately female dominated,87703.0,97992.5,0.105,0.05,0.101
224212,2242,Gallery or Museum Curator,False,55+ year olds,False,Gender balanced,74045.0,80439.5,0.079,0.07,0.162
224212,2242,Gallery or Museum Curator,False,Whole workforce,True,Moderately female dominated,80120.0,90870.0,0.118,0.05,0.211
224213,2242,Health Information Manager,False,20-24 year olds,False,Highly female dominated,103473.0,107244.0,0.035,0.1,0.134
224213,2242,Health Information Manager,False,25-39 year olds,False,Highly female dominated,99662.0,121971.0,0.183,0.11,0.217
224213,2242,Health Information Manager,False,40-54 year olds,False,Highly female dominated,108631.5,117762.5,0.078,0.1,0.113
224213,2242,Health Information Manager,False,55+ year olds,False,Highly female dominated,87033.0,103343.0,0.158,0.17,0.208
224213,2242,Health Information Manager,False,Whole workforce,True,Highly female dominated,101980.0,116250.0,0.123,0.13,0.179
224214,2242,Records Manager,False,20-24 year olds,False,Highly female dominated,66318.0,71234.5,0.069,0.02,0.056
224214,2242,Records Manager,False,25-39 year olds,False,Moderately female dominated,67213.0,81961.0,0.18,0.08,0.191
224214,2242,Records Manager,False,40-54 year olds,False,Moderately female dominated,69012.0,79448.0,0.131,0.1,0.152
224214,2242,Records Manager,False,55+ year olds,False,Moderately female dominated,57401.5,66944.0,0.143,0.04,0.051
224214,2242,Records Manager,False,Whole workforce,True,Moderately female dominated,66430.0,78210.0,0.151,0.06,0.138
224311,2243,Economist,True,20-24 year olds,False,Moderately male dominated,96789.0,104004.5,0.069,0.0,0.038
224311,2243,Economist,True,25-39 year olds,False,Moderately male dominated,127088.0,140763.0,0.097,0.05,0.228
224311,2243,Economist,True,40-54 year olds,False,Moderately male dominated,146854.0,170184.0,0.137,0.1,0.215
224311,2243,Economist,True,55+ year olds,False,Highly male dominated,114762.5,107148.5,-0.071,0.02,-0.188
224311,2243,Economist,True,Whole workforce,True,Moderately male dominated,128680.0,143880.0,0.106,0.05,0.223
224411,2244,Intelligence Officer,False,20-24 year olds,False,Gender balanced,84326.5,88844.0,0.051,-0.05,
224411,2244,Intelligence Officer,False,25-39 year olds,False,Gender balanced,93760.0,107202.5,0.125,0.08,0.158
224411,2244,Intelligence Officer,False,40-54 year olds,False,Gender balanced,97304.0,107275.0,0.093,0.05,0.093
224411,2244,Intelligence Officer,False,55+ year olds,False,Gender balanced,75367.0,92561.0,0.186,-0.02,
224411,2244,Intelligence Officer,False,Whole workforce,True,Gender balanced,92650.0,103870.0,0.108,0.05,0.132
224412,2244,Policy Analyst,False,20-24 year olds,False,Moderately female dominated,100702.0,103450.0,0.027,-0.01,0.086
224412,2244,Policy Analyst,False,25-39 year olds,False,Moderately female dominated,108359.0,120669.5,0.102,0.07,0.189
224412,2244,Policy Analyst,False,40-54 year olds,False,Moderately female dominated,115640.0,123698.5,0.065,0.08,0.086
224412,2244,Policy Analyst,False,55+ year olds,False,Gender balanced,98087.0,104740.0,0.064,0.0,-0.053
224412,2244,Policy Analyst,False,Whole workforce,True,Moderately female dominated,109510.0,119130.0,0.081,0.06,0.147
224512,2245,Valuer,True,20-24 year olds,False,Moderately male dominated,104354.0,108636.5,0.039,-0.02,0.163
224512,2245,Valuer,True,25-39 year olds,False,Moderately male dominated,92968.5,134808.0,0.31,0.15,0.314
224512,2245,Valuer,True,40-54 year olds,False,Highly male dominated,99865.0,126749.0,0.212,0.14,0.249
224512,2245,Valuer,True,55+ year olds,False,Highly male dominated,63938.5,102397.0,0.376,0.16,0.497
224512,2245,Valuer,True,Whole workforce,True,Moderately male dominated,94930.0,124360.0,0.237,0.14,0.264
224611,2246,Librarian,True,20-24 year olds,False,Highly female dominated,60816.0,72259.0,0.158,0.14,-0.036
224611,2246,Librarian,True,25-39 year olds,False,Highly female dominated,74471.0,84885.0,0.123,0.1,0.14
224611,2246,Librarian,True,40-54 year olds,False,Highly female dominated,78097.0,86591.0,0.098,0.09,0.135
224611,2246,Librarian,True,55+ year olds,False,Highly female dominated,56654.0,71730.0,0.21,0.11,0.115
224611,2246,Librarian,True,Whole workforce,True,Highly female dominated,71200.0,83790.0,0.15,0.08,0.138
224711,2247,Management Consultant,False,20-24 year olds,False,Gender balanced,105836.5,110440.0,0.042,-0.01,0.132
224711,2247,Management Consultant,False,25-39 year olds,False,Gender balanced,118683.5,139667.0,0.15,0.07,0.21
224711,2247,Management Consultant,False,40-54 year olds,False,Gender balanced,121671.0,141585.0,0.141,0.09,0.167
224711,2247,Management Consultant,False,55+ year olds,False,Moderately male dominated,89335.0,101984.0,0.124,0.01,0.17
224711,2247,Management Consultant,False,Whole workforce,True,Gender balanced,116610.0,134960.0,0.136,0.04,0.19
224712,2247,Organisation and Methods Analyst,False,20-24 year olds,False,Moderately female dominated,83733.0,94097.0,0.11,-0.12,0.136
224712,2247,Organisation and Methods Analyst,False,25-39 year olds,False,Moderately female dominated,96979.0,112002.0,0.134,0.06,0.152
224712,2247,Organisation and Methods Analyst,False,40-54 year olds,False,Moderately female dominated,101416.0,104340.0,0.028,0.05,0.179
224712,2247,Organisation and Methods Analyst,False,55+ year olds,False,Moderately female dominated,71687.0,87110.0,0.177,0.02,0.195
224712,2247,Organisation and Methods Analyst,False,Whole workforce,True,Moderately female dominated,95720.0,105420.0,0.092,0.05,0.163
224911,2249,Electorate Officer,False,20-24 year olds,False,Gender balanced,86898.0,85374.0,-0.018,0.01,0.125
224911,2249,Electorate Officer,False,25-39 year olds,False,Gender balanced,77663.5,97092.0,0.2,0.15,0.282
224911,2249,Electorate Officer,False,40-54 year olds,False,Moderately female dominated,73305.0,83869.5,0.126,0.18,0.16
224911,2249,Electorate Officer,False,55+ year olds,False,Moderately female dominated,44266.0,39454.0,-0.122,0.14,-1.218
224911,2249,Electorate Officer,False,Whole workforce,True,Moderately female dominated,75960.0,87150.0,0.128,0.11,0.198
224912,2249,Liaison Officer,False,20-24 year olds,False,Highly female dominated,72006.0,73894.0,0.026,-0.05,0.035
224912,2249,Liaison Officer,False,25-39 year olds,False,Moderately female dominated,76788.0,92980.0,0.174,0.09,0.174
224912,2249,Liaison Officer,False,40-54 year olds,False,Moderately female dominated,79297.0,87686.0,0.096,0.1,0.195
224912,2249,Liaison Officer,False,55+ year olds,False,Moderately female dominated,69001.0,76033.0,0.092,0.03,0.108
224912,2249,Liaison Officer,False,Whole workforce,True,Moderately female dominated,76320.0,85920.0,0.112,0.06,0.178
224913,2249,Migration Agent (Aus) \ Immigration Consultant (NZ),False,20-24 year olds,False,Moderately female dominated,,,,,
224913,2249,Migration Agent (Aus) \ Immigration Consultant (NZ),False,25-39 year olds,False,Moderately female dominated,63179.0,73279.5,0.138,0.07,-0.075
224913,2249,Migration Agent (Aus) \ Immigration Consultant (NZ),False,40-54 year olds,False,Gender balanced,74733.0,75234.5,0.007,0.05,0.047
224913,2249,Migration Agent (Aus) \ Immigration Consultant (NZ),False,55+ year olds,False,Moderately male dominated,42919.0,51936.0,0.174,-0.05,
224913,2249,Migration Agent (Aus) \ Immigration Consultant (NZ),False,Whole workforce,True,Gender balanced,65450.0,71920.0,0.09,0.05,-0.026
224999,2249,Information and Organisation Professionals nec,False,20-24 year olds,False,Moderately male dominated,69998.0,74883.0,0.065,-0.01,0.105
224999,2249,Information and Organisation Professionals nec,False,25-39 year olds,False,Gender balanced,76278.0,111740.0,0.317,0.05,0.566
224999,2249,Information and Organisation Professionals nec,False,40-54 year olds,False,Gender balanced,61519.0,103358.0,0.405,0.07,0.494
224999,2249,Information and Organisation Professionals nec,False,55+ year olds,False,Gender balanced,10129.0,12520.0,0.191,0.04,0.266
224999,2249,Information and Organisation Professionals nec,False,Whole workforce,True,Gender balanced,57240.0,83800.0,0.317,0.05,0.392
225111,2251,Advertising Specialist,False,20-24 year olds,False,Moderately female dominated,80072.0,85845.0,0.067,-0.01,0.178
225111,2251,Advertising Specialist,False,25-39 year olds,False,Moderately female dominated,90661.0,112589.0,0.195,0.06,0.249
225111,2251,Advertising Specialist,False,40-54 year olds,False,Gender balanced,86896.5,109976.0,0.21,0.13,0.218
225111,2251,Advertising Specialist,False,55+ year olds,False,Moderately male dominated,53106.0,57095.0,0.07,0.06,0.21
225111,2251,Advertising Specialist,False,Whole workforce,True,Gender balanced,85930.0,104820.0,0.18,0.08,0.221
225112,2251,Market Research Analyst,False,20-24 year olds,False,Moderately female dominated,84991.0,88861.0,0.044,0.11,0.091
225112,2251,Market Research Analyst,False,25-39 year olds,False,Gender balanced,94848.0,115871.0,0.181,0.05,0.261
225112,2251,Market Research Analyst,False,40-54 year olds,False,Gender balanced,100657.5,124802.0,0.193,0.14,0.292
225112,2251,Market Research Analyst,False,55+ year olds,False,Gender balanced,40254.0,85065.0,0.527,0.28,0.279
225112,2251,Market Research Analyst,False,Whole workforce,True,Gender balanced,93020.0,109980.0,0.154,0.09,0.243
225113,2251,Marketing Specialist,False,20-24 year olds,False,Moderately female dominated,79698.5,84450.5,0.056,0.01,0.115
225113,2251,Marketing Specialist,False,25-39 year olds,False,Moderately female dominated,85845.0,107933.0,0.205,0.1,0.283
225113,2251,Marketing Specialist,False,40-54 year olds,False,Gender balanced,92220.0,123288.0,0.252,0.14,0.339
225113,2251,Marketing Specialist,False,55+ year olds,False,Gender balanced,66557.0,93279.0,0.286,0.1,0.308
225113,2251,Marketing Specialist,False,Whole workforce,True,Moderately female dominated,85030.0,106340.0,0.2,0.11,0.282
225211,2252,ICT Account Manager,False,20-24 year olds,False,Gender balanced,94167.0,101003.0,0.068,0.04,-0.014
225211,2252,ICT Account Manager,False,25-39 year olds,False,Moderately male dominated,119324.0,150523.5,0.207,0.03,0.224
225211,2252,ICT Account Manager,False,40-54 year olds,False,Moderately male dominated,139348.0,167093.5,0.166,0.05,0.227
225211,2252,ICT Account Manager,False,55+ year olds,False,Moderately male dominated,86931.5,116297.5,0.253,0.07,0.168
225211,2252,ICT Account Manager,False,Whole workforce,True,Moderately male dominated,123530.0,154400.0,0.2,0.04,0.227
225212,2252,ICT Business Development Manager,False,20-24 year olds,False,Moderately male dominated,98033.5,105383.5,0.07,0.04,-0.058
225212,2252,ICT Business Development Manager,False,25-39 year olds,False,Highly male dominated,123882.5,146116.5,0.152,0.05,0.217
225212,2252,ICT Business Development Manager,False,40-54 year olds,False,Highly male dominated,138757.5,165615.0,0.162,0.03,0.171
225212,2252,ICT Business Development Manager,False,55+ year olds,False,Highly male dominated,104223.5,123276.5,0.155,-0.01,0.165
225212,2252,ICT Business Development Manager,False,Whole workforce,True,Highly male dominated,126970.0,152140.0,0.165,0.03,0.213
225213,2252,ICT Sales Representative,False,20-24 year olds,False,Moderately male dominated,74287.0,82467.0,0.099,0.08,0.13
225213,2252,ICT Sales Representative,False,25-39 year olds,False,Moderately male dominated,95621.5,131517.0,0.273,0.04,0.263
225213,2252,ICT Sales Representative,False,40-54 year olds,False,Highly male dominated,103112.0,169262.0,0.391,0.08,0.431
225213,2252,ICT Sales Representative,False,55+ year olds,False,Highly male dominated,68802.0,107424.5,0.36,0.06,0.294
225213,2252,ICT Sales Representative,False,Whole workforce,True,Highly male dominated,91260.0,132590.0,0.312,0.07,0.286
225311,2253,Public Relations Professional,True,20-24 year olds,False,Highly female dominated,82043.0,79880.5,-0.027,-0.07,0.064
225311,2253,Public Relations Professional,True,25-39 year olds,False,Highly female dominated,94902.0,108124.0,0.122,0.08,0.2
225311,2253,Public Relations Professional,True,40-54 year olds,False,Moderately female dominated,102851.0,111617.5,0.079,0.12,0.191
225311,2253,Public Relations Professional,True,55+ year olds,False,Gender balanced,76911.0,91736.0,0.162,0.05,0.177
225311,2253,Public Relations Professional,True,Whole workforce,True,Moderately female dominated,94280.0,105120.0,0.103,0.07,0.189
225411,2254,Sales Representative (Industrial Products),False,20-24 year olds,False,Moderately male dominated,65100.0,78515.5,0.171,0.03,0.263
225411,2254,Sales Representative (Industrial Products),False,25-39 year olds,False,Highly male dominated,70131.0,100140.0,0.3,0.1,0.337
225411,2254,Sales Representative (Industrial Products),False,40-54 year olds,False,Highly male dominated,74218.0,97655.0,0.24,0.11,0.291
225411,2254,Sales Representative (Industrial Products),False,55+ year olds,False,Almost completely male dominated,58851.0,79966.5,0.264,0.12,0.254
225411,2254,Sales Representative (Industrial Products),False,Whole workforce,True,Highly male dominated,69520.0,94510.0,0.264,0.1,0.316
225412,2254,Sales Representative (Medical and Pharmaceutical Products),False,20-24 year olds,False,Gender balanced,79502.0,108942.0,0.27,0.08,0.208
225412,2254,Sales Representative (Medical and Pharmaceutical Products),False,25-39 year olds,False,Gender balanced,115625.0,148483.0,0.221,0.08,0.286
225412,2254,Sales Representative (Medical and Pharmaceutical Products),False,40-54 year olds,False,Gender balanced,124789.5,146440.5,0.148,0.07,0.184
225412,2254,Sales Representative (Medical and Pharmaceutical Products),False,55+ year olds,False,Gender balanced,88790.0,111057.0,0.201,0.01,0.334
225412,2254,Sales Representative (Medical and Pharmaceutical Products),False,Whole workforce,True,Gender balanced,115720.0,143040.0,0.191,0.06,0.249
225499,2254,Technical Sales Representatives nec,False,20-24 year olds,False,Moderately male dominated,65791.0,76892.0,0.144,-0.07,0.167
225499,2254,Technical Sales Representatives nec,False,25-39 year olds,False,Moderately male dominated,75508.0,100135.0,0.246,0.08,0.304
225499,2254,Technical Sales Representatives nec,False,40-54 year olds,False,Moderately male dominated,76303.5,105202.0,0.275,0.07,0.294
225499,2254,Technical Sales Representatives nec,False,55+ year olds,False,Moderately male dominated,59384.0,80840.0,0.265,-0.03,0.249
225499,2254,Technical Sales Representatives nec,False,Whole workforce,True,Moderately male dominated,72490.0,97390.0,0.256,0.08,0.292
231111,2311,Aeroplane Pilot,False,20-24 year olds,False,Highly male dominated,94135.0,92230.5,-0.021,-0.03,0.173
231111,2311,Aeroplane Pilot,False,25-39 year olds,False,Highly male dominated,117916.0,158881.5,0.258,0.04,0.319
231111,2311,Aeroplane Pilot,False,40-54 year olds,False,Almost completely male dominated,175742.0,220261.0,0.202,0.04,0.656
231111,2311,Aeroplane Pilot,False,55+ year olds,False,Almost completely male dominated,83278.0,171755.0,0.515,-0.17,0.602
231111,2311,Aeroplane Pilot,False,Whole workforce,True,Almost completely male dominated,123270.0,173000.0,0.287,0.03,0.453
231112,2311,Air Traffic Controller,False,20-24 year olds,False,Moderately male dominated,82059.0,110909.0,0.26,-0.11,0.451
231112,2311,Air Traffic Controller,False,25-39 year olds,False,Highly male dominated,128878.0,205110.0,0.372,0.01,0.335
231112,2311,Air Traffic Controller,False,40-54 year olds,False,Highly male dominated,165740.0,218471.0,0.241,0.0,0.32
231112,2311,Air Traffic Controller,False,55+ year olds,False,Almost completely male dominated,64175.0,71386.0,0.101,0.44,
231112,2311,Air Traffic Controller,False,Whole workforce,True,Highly male dominated,132150.0,202490.0,0.347,0.01,0.34
231114,2311,Helicopter Pilot,False,20-24 year olds,False,Highly male dominated,,,,0.04,
231114,2311,Helicopter Pilot,False,25-39 year olds,False,Almost completely male dominated,77723.0,116662.0,0.334,0.21,0.392
231114,2311,Helicopter Pilot,False,40-54 year olds,False,Almost completely male dominated,94760.0,173514.0,0.454,0.41,
231114,2311,Helicopter Pilot,False,55+ year olds,False,Almost completely male dominated,,,,,
231114,2311,Helicopter Pilot,False,Whole workforce,True,Almost completely male dominated,77720.0,140180.0,0.446,0.09,0.423
231199,2311,Air Transport Professionals nec,False,20-24 year olds,False,Gender balanced,77484.5,86747.0,0.107,-0.23,-0.197
231199,2311,Air Transport Professionals nec,False,25-39 year olds,False,Highly male dominated,86373.0,111627.0,0.226,0.03,0.2
231199,2311,Air Transport Professionals nec,False,40-54 year olds,False,Highly male dominated,89781.5,129513.5,0.307,0.14,0.482
231199,2311,Air Transport Professionals nec,False,55+ year olds,False,Almost completely male dominated,73045.5,105563.0,0.308,0.05,
231199,2311,Air Transport Professionals nec,False,Whole workforce,True,Highly male dominated,85510.0,117460.0,0.272,0.11,0.28
231212,2312,Ship's Engineer,False,20-24 year olds,False,Almost completely male dominated,104127.0,103873.0,-0.002,,0.068
231212,2312,Ship's Engineer,False,25-39 year olds,False,Almost completely male dominated,123413.0,134358.0,0.081,0.29,0.173
231212,2312,Ship's Engineer,False,40-54 year olds,False,Almost completely male dominated,151798.0,146159.0,-0.039,0.21,
231212,2312,Ship's Engineer,False,55+ year olds,False,Almost completely male dominated,,,,,
231212,2312,Ship's Engineer,False,Whole workforce,True,Almost completely male dominated,122420.0,132340.0,0.075,0.3,0.224
231213,2312,Ship's Master,False,20-24 year olds,False,Highly male dominated,,,,-0.17,
231213,2312,Ship's Master,False,25-39 year olds,False,Almost completely male dominated,97631.0,113407.0,0.139,0.15,0.523
231213,2312,Ship's Master,False,40-54 year olds,False,Almost completely male dominated,105144.5,132251.0,0.205,0.21,
231213,2312,Ship's Master,False,55+ year olds,False,Almost completely male dominated,,,,0.53,
231213,2312,Ship's Master,False,Whole workforce,True,Almost completely male dominated,100180.0,119080.0,0.159,0.22,0.494
231214,2312,Ship's Officer,False,20-24 year olds,False,Highly male dominated,87454.0,101203.0,0.136,,
231214,2312,Ship's Officer,False,25-39 year olds,False,Highly male dominated,109817.0,128686.0,0.147,0.01,0.31
231214,2312,Ship's Officer,False,40-54 year olds,False,Almost completely male dominated,106997.5,148058.0,0.277,,0.39
231214,2312,Ship's Officer,False,55+ year olds,False,Almost completely male dominated,,,,,
231214,2312,Ship's Officer,False,Whole workforce,True,Almost completely male dominated,103580.0,131380.0,0.212,0.1,0.347
232111,2321,Architect,False,20-24 year olds,False,Gender balanced,70075.5,71308.5,0.017,0.0,0.124
232111,2321,Architect,False,25-39 year olds,False,Gender balanced,79980.0,95233.0,0.16,0.09,0.248
232111,2321,Architect,False,40-54 year olds,False,Moderately male dominated,103554.0,120794.0,0.143,0.14,0.196
232111,2321,Architect,False,55+ year olds,False,Highly male dominated,84998.0,101522.0,0.163,0.12,0.158
232111,2321,Architect,False,Whole workforce,True,Moderately male dominated,83370.0,102970.0,0.19,0.09,0.265
232112,2321,Landscape Architect,False,20-24 year olds,False,Gender balanced,64891.0,71592.0,0.094,0.04,0.046
232112,2321,Landscape Architect,False,25-39 year olds,False,Gender balanced,76645.0,93277.0,0.178,0.12,0.195
232112,2321,Landscape Architect,False,40-54 year olds,False,Gender balanced,91407.0,103576.5,0.117,0.19,0.169
232112,2321,Landscape Architect,False,55+ year olds,False,Gender balanced,91604.5,92745.5,0.012,0.17,0.293
232112,2321,Landscape Architect,False,Whole workforce,True,Gender balanced,78390.0,93720.0,0.164,0.15,0.135
232212,2322,Surveyor,False,20-24 year olds,False,Almost completely male dominated,82722.0,96924.5,0.147,0.01,0.166
232212,2322,Surveyor,False,25-39 year olds,False,Almost completely male dominated,91174.0,117049.0,0.221,0.05,0.29
232212,2322,Surveyor,False,40-54 year olds,False,Almost completely male dominated,102779.0,121810.0,0.156,0.2,0.265
232212,2322,Surveyor,False,55+ year olds,False,Almost completely male dominated,71664.0,94271.0,0.24,0.08,0.306
232212,2322,Surveyor,False,Whole workforce,True,Almost completely male dominated,91390.0,114540.0,0.202,0.11,0.267
232214,2322,Other Spatial Scientist,False,20-24 year olds,False,Gender balanced,86812.0,78858.0,-0.101,-0.02,0.109
232214,2322,Other Spatial Scientist,False,25-39 year olds,False,Gender balanced,95329.0,110960.0,0.141,0.05,0.158
232214,2322,Other Spatial Scientist,False,40-54 year olds,False,Moderately male dominated,99259.0,109747.0,0.096,0.1,0.168
232214,2322,Other Spatial Scientist,False,55+ year olds,False,Moderately male dominated,72864.0,97461.0,0.252,0.1,
232214,2322,Other Spatial Scientist,False,Whole workforce,True,Moderately male dominated,96060.0,108620.0,0.116,0.09,0.166
232311,2323,Fashion Designer,False,20-24 year olds,False,Highly female dominated,65544.0,53859.0,-0.217,-0.11,-0.005
232311,2323,Fashion Designer,False,25-39 year olds,False,Highly female dominated,73149.0,84987.0,0.139,0.09,0.227
232311,2323,Fashion Designer,False,40-54 year olds,False,Highly female dominated,73848.5,92379.5,0.201,0.14,0.196
232311,2323,Fashion Designer,False,55+ year olds,False,Highly female dominated,53032.0,62380.0,0.15,0.01,
232311,2323,Fashion Designer,False,Whole workforce,True,Highly female dominated,70820.0,83650.0,0.153,0.07,0.213
232312,2323,Industrial Designer,False,20-24 year olds,False,Moderately male dominated,70708.0,74565.0,0.052,0.05,0.116
232312,2323,Industrial Designer,False,25-39 year olds,False,Gender balanced,79420.5,93954.0,0.155,0.08,0.277
232312,2323,Industrial Designer,False,40-54 year olds,False,Moderately male dominated,83374.0,104964.0,0.206,0.09,0.319
232312,2323,Industrial Designer,False,55+ year olds,False,Highly male dominated,48762.0,85542.0,0.43,0.12,
232312,2323,Industrial Designer,False,Whole workforce,True,Moderately male dominated,76250.0,93290.0,0.183,0.09,0.268
232411,2324,Graphic Designer,False,20-24 year olds,False,Moderately female dominated,64370.0,67319.0,0.044,0.04,0.096
232411,2324,Graphic Designer,False,25-39 year olds,False,Moderately female dominated,66635.0,80736.0,0.175,0.14,0.228
232411,2324,Graphic Designer,False,40-54 year olds,False,Gender balanced,70516.0,82342.0,0.144,0.18,0.189
232411,2324,Graphic Designer,False,55+ year olds,False,Gender balanced,51428.0,61380.0,0.162,0.06,0.044
232411,2324,Graphic Designer,False,Whole workforce,True,Gender balanced,66820.0,78830.0,0.152,0.13,0.2
232413,2324,Multimedia Designer,False,20-24 year olds,False,Gender balanced,73566.0,71166.0,-0.034,0.09,0.081
232413,2324,Multimedia Designer,False,25-39 year olds,False,Gender balanced,89188.0,99325.5,0.102,0.07,0.159
232413,2324,Multimedia Designer,False,40-54 year olds,False,Gender balanced,92011.5,104440.0,0.119,0.08,0.002
232413,2324,Multimedia Designer,False,55+ year olds,False,Gender balanced,87278.5,83800.0,-0.042,0.09,
232413,2324,Multimedia Designer,False,Whole workforce,True,Gender balanced,85790.0,95530.0,0.102,0.08,0.121
232414,2324,Web Designer,False,20-24 year olds,False,Gender balanced,82771.0,86235.0,0.04,0.03,0.102
232414,2324,Web Designer,False,25-39 year olds,False,Gender balanced,99442.0,112511.0,0.116,0.11,0.179
232414,2324,Web Designer,False,40-54 year olds,False,Gender balanced,92711.5,104708.0,0.115,0.17,0.16
232414,2324,Web Designer,False,55+ year olds,False,Gender balanced,72528.5,91525.0,0.208,0.06,0.219
232414,2324,Web Designer,False,Whole workforce,True,Gender balanced,95170.0,107630.0,0.116,0.1,0.172
232511,2325,Interior Designer,True,20-24 year olds,False,Highly female dominated,66463.5,71413.0,0.069,0.05,0.128
232511,2325,Interior Designer,True,25-39 year olds,False,Highly female dominated,68365.0,86302.0,0.208,0.1,0.254
232511,2325,Interior Designer,True,40-54 year olds,False,Highly female dominated,74756.0,94430.0,0.208,0.19,0.272
232511,2325,Interior Designer,True,55+ year olds,False,Moderately female dominated,56418.0,66980.0,0.158,0.24,0.233
232511,2325,Interior Designer,True,Whole workforce,True,Highly female dominated,68720.0,84500.0,0.187,0.14,0.259
232611,2326,Urban and Regional Planner,True,20-24 year olds,False,Gender balanced,92677.5,91375.5,-0.014,0.02,0.099
232611,2326,Urban and Regional Planner,True,25-39 year olds,False,Gender balanced,95135.0,115090.0,0.173,0.08,0.243
232611,2326,Urban and Regional Planner,True,40-54 year olds,False,Gender balanced,109652.5,127950.0,0.143,0.14,0.174
232611,2326,Urban and Regional Planner,True,55+ year olds,False,Moderately male dominated,94427.0,104050.5,0.092,0.04,0.128
232611,2326,Urban and Regional Planner,True,Whole workforce,True,Gender balanced,98520.0,115360.0,0.146,0.08,0.216
233111,2331,Chemical Engineer,False,20-24 year olds,False,Moderately male dominated,114728.5,110849.0,-0.035,0.1,0.067
233111,2331,Chemical Engineer,False,25-39 year olds,False,Moderately male dominated,131838.0,147186.0,0.104,0.06,0.243
233111,2331,Chemical Engineer,False,40-54 year olds,False,Highly male dominated,146891.0,170092.5,0.136,0.12,0.228
233111,2331,Chemical Engineer,False,55+ year olds,False,Almost completely male dominated,123608.5,123817.0,0.002,-0.05,
233111,2331,Chemical Engineer,False,Whole workforce,True,Highly male dominated,130060.0,147350.0,0.117,0.05,0.245
233112,2331,Materials Engineer,False,20-24 year olds,False,Moderately male dominated,103480.5,96114.0,-0.077,-0.1,0.2
233112,2331,Materials Engineer,False,25-39 year olds,False,Moderately male dominated,108311.5,121559.0,0.109,0.07,0.148
233112,2331,Materials Engineer,False,40-54 year olds,False,Highly male dominated,125082.0,130797.0,0.044,0.07,0.171
233112,2331,Materials Engineer,False,55+ year olds,False,Almost completely male dominated,,,,,
233112,2331,Materials Engineer,False,Whole workforce,True,Highly male dominated,109580.0,121300.0,0.097,0.04,0.156
233211,2332,Civil Engineer,False,20-24 year olds,False,Highly male dominated,95563.0,103410.0,0.076,0.05,0.138
233211,2332,Civil Engineer,False,25-39 year olds,False,Highly male dominated,115232.0,136377.5,0.155,0.08,0.26
233211,2332,Civil Engineer,False,40-54 year olds,False,Highly male dominated,133338.0,159021.0,0.162,0.11,0.262
233211,2332,Civil Engineer,False,55+ year olds,False,Almost completely male dominated,111793.0,124816.0,0.104,0.03,0.152
233211,2332,Civil Engineer,False,Whole workforce,True,Highly male dominated,113560.0,135260.0,0.16,0.07,0.25
233212,2332,Geotechnical Engineer,False,20-24 year olds,False,Moderately male dominated,94159.0,95950.0,0.019,0.08,0.086
233212,2332,Geotechnical Engineer,False,25-39 year olds,False,Highly male dominated,125003.5,132225.0,0.055,0.02,0.076
233212,2332,Geotechnical Engineer,False,40-54 year olds,False,Highly male dominated,137927.0,169800.0,0.188,-0.09,0.159
233212,2332,Geotechnical Engineer,False,55+ year olds,False,Almost completely male dominated,,,,-0.03,
233212,2332,Geotechnical Engineer,False,Whole workforce,True,Highly male dominated,124450.0,134140.0,0.072,0.02,0.157
233213,2332,Quantity Surveyor,False,20-24 year olds,False,Moderately male dominated,86948.5,96260.0,0.097,0.03,0.162
233213,2332,Quantity Surveyor,False,25-39 year olds,False,Moderately male dominated,109452.0,137630.0,0.205,0.07,0.318
233213,2332,Quantity Surveyor,False,40-54 year olds,False,Highly male dominated,122628.0,155222.0,0.21,0.13,0.311
233213,2332,Quantity Surveyor,False,55+ year olds,False,Almost completely male dominated,74580.5,113833.0,0.345,0.0,
233213,2332,Quantity Surveyor,False,Whole workforce,True,Moderately male dominated,105370.0,134790.0,0.218,0.07,0.3
233214,2332,Structural Engineer,False,20-24 year olds,False,Highly male dominated,88135.0,92356.0,0.046,0.08,0.121
233214,2332,Structural Engineer,False,25-39 year olds,False,Highly male dominated,108105.0,125227.0,0.137,0.08,0.274
233214,2332,Structural Engineer,False,40-54 year olds,False,Highly male dominated,139611.0,150484.0,0.072,0.13,0.191
233214,2332,Structural Engineer,False,55+ year olds,False,Almost completely male dominated,162185.0,126189.0,-0.285,0.04,
233214,2332,Structural Engineer,False,Whole workforce,True,Highly male dominated,108080.0,125260.0,0.137,0.08,0.253
233215,2332,Transport Engineer,False,20-24 year olds,False,Moderately male dominated,100441.5,99992.0,-0.004,0.0,0.069
233215,2332,Transport Engineer,False,25-39 year olds,False,Highly male dominated,113255.5,137077.0,0.174,0.04,0.204
233215,2332,Transport Engineer,False,40-54 year olds,False,Highly male dominated,138772.0,145893.5,0.049,0.16,0.102
233215,2332,Transport Engineer,False,55+ year olds,False,Almost completely male dominated,136085.5,124873.0,-0.09,-0.06,
233215,2332,Transport Engineer,False,Whole workforce,True,Highly male dominated,116240.0,132610.0,0.123,0.05,0.221
233311,2333,Electrical Engineer,True,20-24 year olds,False,Highly male dominated,105179.0,104530.5,-0.006,0.08,0.153
233311,2333,Electrical Engineer,True,25-39 year olds,False,Highly male dominated,121789.5,142849.0,0.147,0.06,0.214
233311,2333,Electrical Engineer,True,40-54 year olds,False,Almost completely male dominated,141014.0,151345.0,0.068,0.07,0.076
233311,2333,Electrical Engineer,True,55+ year olds,False,Almost completely male dominated,130460.0,123456.0,-0.057,0.0,
233311,2333,Electrical Engineer,True,Whole workforce,True,Almost completely male dominated,123240.0,140910.0,0.125,0.07,0.201
233411,2334,Electronics Engineer,True,20-24 year olds,False,Highly male dominated,83631.5,94633.5,0.116,0.0,0.034
233411,2334,Electronics Engineer,True,25-39 year olds,False,Highly male dominated,106590.0,121668.0,0.124,0.04,0.183
233411,2334,Electronics Engineer,True,40-54 year olds,False,Almost completely male dominated,116620.0,129368.0,0.099,0.07,0.038
233411,2334,Electronics Engineer,True,55+ year olds,False,Almost completely male dominated,115683.0,107760.5,-0.074,-0.05,
233411,2334,Electronics Engineer,True,Whole workforce,True,Almost completely male dominated,108940.0,120610.0,0.097,0.05,0.158
233511,2335,Industrial Engineer,False,20-24 year olds,False,Moderately male dominated,96782.0,89497.0,-0.081,0.07,
233511,2335,Industrial Engineer,False,25-39 year olds,False,Highly male dominated,110278.0,123436.5,0.107,0.05,0.199
233511,2335,Industrial Engineer,False,40-54 year olds,False,Highly male dominated,111075.0,128384.0,0.135,0.08,0.336
233511,2335,Industrial Engineer,False,55+ year olds,False,Almost completely male dominated,,,,0.09,
233511,2335,Industrial Engineer,False,Whole workforce,True,Highly male dominated,109130.0,119810.0,0.089,0.06,0.196
233512,2335,Mechanical Engineer,False,20-24 year olds,False,Highly male dominated,106994.0,100080.0,-0.069,0.07,0.017
233512,2335,Mechanical Engineer,False,25-39 year olds,False,Almost completely male dominated,119266.0,128015.0,0.068,0.06,0.175
233512,2335,Mechanical Engineer,False,40-54 year olds,False,Almost completely male dominated,129870.5,136333.0,0.047,0.1,0.106
233512,2335,Mechanical Engineer,False,55+ year olds,False,Almost completely male dominated,96502.0,102110.5,0.055,0.1,
233512,2335,Mechanical Engineer,False,Whole workforce,True,Almost completely male dominated,117530.0,125110.0,0.061,0.07,0.148
233513,2335,Production or Plant Engineer,False,20-24 year olds,False,Highly male dominated,101644.0,92477.0,-0.099,-0.12,0.151
233513,2335,Production or Plant Engineer,False,25-39 year olds,False,Highly male dominated,105147.0,112354.0,0.064,0.06,0.194
233513,2335,Production or Plant Engineer,False,40-54 year olds,False,Almost completely male dominated,94981.0,113014.0,0.16,0.06,0.29
233513,2335,Production or Plant Engineer,False,55+ year olds,False,Almost completely male dominated,76101.0,92092.0,0.174,-0.09,
233513,2335,Production or Plant Engineer,False,Whole workforce,True,Highly male dominated,98610.0,108260.0,0.089,0.08,0.222
233611,2336,Mining Engineer (excluding Petroleum),False,20-24 year olds,False,Moderately male dominated,162658.0,155521.0,-0.046,0.06,0.077
233611,2336,Mining Engineer (excluding Petroleum),False,25-39 year olds,False,Highly male dominated,174801.0,195876.0,0.108,0.09,0.19
233611,2336,Mining Engineer (excluding Petroleum),False,40-54 year olds,False,Highly male dominated,203634.5,207790.0,0.02,0.11,0.27
233611,2336,Mining Engineer (excluding Petroleum),False,55+ year olds,False,Almost completely male dominated,,,,0.01,
233611,2336,Mining Engineer (excluding Petroleum),False,Whole workforce,True,Highly male dominated,175220.0,193710.0,0.095,0.04,0.196
233612,2336,Petroleum Engineer,False,20-24 year olds,False,Gender balanced,158763.5,131336.0,-0.209,0.11,0.185
233612,2336,Petroleum Engineer,False,25-39 year olds,False,Highly male dominated,179538.0,188584.5,0.048,0.04,0.133
233612,2336,Petroleum Engineer,False,40-54 year olds,False,Highly male dominated,236910.0,222441.0,-0.065,0.1,0.066
233612,2336,Petroleum Engineer,False,55+ year olds,False,Almost completely male dominated,,,,-0.03,
233612,2336,Petroleum Engineer,False,Whole workforce,True,Highly male dominated,182230.0,190770.0,0.045,0.06,0.169
233911,2339,Aeronautical Engineer,False,20-24 year olds,False,Highly male dominated,105255.5,103050.0,-0.021,0.06,0.014
233911,2339,Aeronautical Engineer,False,25-39 year olds,False,Highly male dominated,120258.0,128567.5,0.065,0.02,0.148
233911,2339,Aeronautical Engineer,False,40-54 year olds,False,Almost completely male dominated,142856.0,144850.0,0.014,0.03,0.035
233911,2339,Aeronautical Engineer,False,55+ year olds,False,Almost completely male dominated,,,,,
233911,2339,Aeronautical Engineer,False,Whole workforce,True,Highly male dominated,118600.0,129540.0,0.084,0.02,0.179
233913,2339,Biomedical Engineer,False,20-24 year olds,False,Gender balanced,97317.5,95279.0,-0.021,-0.11,0.07
233913,2339,Biomedical Engineer,False,25-39 year olds,False,Moderately male dominated,105637.0,119179.0,0.114,0.06,0.159
233913,2339,Biomedical Engineer,False,40-54 year olds,False,Highly male dominated,129571.5,130983.5,0.011,0.03,0.205
233913,2339,Biomedical Engineer,False,55+ year olds,False,Almost completely male dominated,,,,0.03,
233913,2339,Biomedical Engineer,False,Whole workforce,True,Highly male dominated,103220.0,119090.0,0.133,0.02,0.196
233914,2339,Engineering Technologist,False,20-24 year olds,False,Highly male dominated,106527.0,90668.0,-0.175,,0.162
233914,2339,Engineering Technologist,False,25-39 year olds,False,Highly male dominated,105819.5,119814.5,0.117,0.01,0.186
233914,2339,Engineering Technologist,False,40-54 year olds,False,Almost completely male dominated,104744.5,129431.0,0.191,-0.11,0.156
233914,2339,Engineering Technologist,False,55+ year olds,False,Almost completely male dominated,88990.0,104416.0,0.148,,
233914,2339,Engineering Technologist,False,Whole workforce,True,Highly male dominated,105280.0,119850.0,0.122,0.03,0.175
233915,2339,Environmental Engineer,False,20-24 year olds,False,Gender balanced,91866.0,95209.0,0.035,0.2,0.024
233915,2339,Environmental Engineer,False,25-39 year olds,False,Moderately male dominated,105903.5,123538.0,0.143,0.09,0.254
233915,2339,Environmental Engineer,False,40-54 year olds,False,Moderately male dominated,132727.5,140402.0,0.055,0.16,0.072
233915,2339,Environmental Engineer,False,55+ year olds,False,Highly male dominated,89928.0,99026.5,0.092,,
233915,2339,Environmental Engineer,False,Whole workforce,True,Moderately male dominated,108210.0,124590.0,0.131,0.12,0.221
233999,2339,Engineering Professionals nec,False,20-24 year olds,False,Highly male dominated,99940.0,98340.0,-0.016,-0.02,0.058
233999,2339,Engineering Professionals nec,False,25-39 year olds,False,Highly male dominated,118359.0,137373.5,0.138,0.06,0.208
233999,2339,Engineering Professionals nec,False,40-54 year olds,False,Highly male dominated,134006.0,148531.0,0.098,0.14,0.196
233999,2339,Engineering Professionals nec,False,55+ year olds,False,Almost completely male dominated,99782.0,114745.5,0.13,-0.07,0.236
233999,2339,Engineering Professionals nec,False,Whole workforce,True,Highly male dominated,119180.0,135410.0,0.12,0.07,0.204
234111,2341,Agricultural Consultant,False,20-24 year olds,False,Gender balanced,79054.0,65483.0,-0.207,-0.13,0.115
234111,2341,Agricultural Consultant,False,25-39 year olds,False,Gender balanced,73507.0,87437.0,0.159,0.09,0.222
234111,2341,Agricultural Consultant,False,40-54 year olds,False,Moderately male dominated,77335.0,91661.0,0.156,0.2,0.214
234111,2341,Agricultural Consultant,False,55+ year olds,False,Highly male dominated,63824.0,74085.0,0.139,0.01,0.426
234111,2341,Agricultural Consultant,False,Whole workforce,True,Moderately male dominated,74680.0,83780.0,0.109,0.04,0.201
234112,2341,Agricultural Scientist,False,20-24 year olds,False,Gender balanced,75996.0,86213.0,0.119,-0.03,0.26
234112,2341,Agricultural Scientist,False,25-39 year olds,False,Moderately male dominated,83220.0,109292.0,0.239,0.12,0.268
234112,2341,Agricultural Scientist,False,40-54 year olds,False,Moderately male dominated,102502.0,121250.0,0.155,0.2,0.166
234112,2341,Agricultural Scientist,False,55+ year olds,False,Highly male dominated,90679.0,106097.0,0.145,0.12,0.209
234112,2341,Agricultural Scientist,False,Whole workforce,True,Moderately male dominated,88920.0,111830.0,0.205,0.1,0.256
234113,2341,Forester (Aus) \ Forest Scientist (NZ),False,20-24 year olds,False,Moderately male dominated,71056.0,66504.0,-0.068,0.04,-0.083
234113,2341,Forester (Aus) \ Forest Scientist (NZ),False,25-39 year olds,False,Moderately male dominated,80389.5,99914.0,0.195,0.06,0.288
234113,2341,Forester (Aus) \ Forest Scientist (NZ),False,40-54 year olds,False,Highly male dominated,96663.0,104819.0,0.078,0.17,0.21
234113,2341,Forester (Aus) \ Forest Scientist (NZ),False,55+ year olds,False,Almost completely male dominated,79409.0,85618.5,0.073,0.16,
234113,2341,Forester (Aus) \ Forest Scientist (NZ),False,Whole workforce,True,Highly male dominated,86800.0,98860.0,0.122,0.08,0.226
234211,2342,Chemist,False,20-24 year olds,False,Gender balanced,77621.0,75875.0,-0.023,0.06,0.097
234211,2342,Chemist,False,25-39 year olds,False,Gender balanced,91707.0,102757.5,0.108,0.07,0.206
234211,2342,Chemist,False,40-54 year olds,False,Gender balanced,99674.0,117147.0,0.149,0.1,0.219
234211,2342,Chemist,False,55+ year olds,False,Moderately male dominated,84894.0,99330.5,0.145,0.02,0.224
234211,2342,Chemist,False,Whole workforce,True,Gender balanced,92470.0,106410.0,0.131,0.09,0.222
234212,2342,Food Technologist,False,20-24 year olds,False,Highly female dominated,75833.0,72220.5,-0.05,0.02,0.097
234212,2342,Food Technologist,False,25-39 year olds,False,Moderately female dominated,82485.5,97713.5,0.156,0.06,0.163
234212,2342,Food Technologist,False,40-54 year olds,False,Moderately female dominated,84449.5,100640.0,0.161,0.08,0.294
234212,2342,Food Technologist,False,55+ year olds,False,Gender balanced,55459.0,86396.0,0.358,-0.02,0.344
234212,2342,Food Technologist,False,Whole workforce,True,Moderately female dominated,80190.0,92980.0,0.138,0.04,0.217
234213,2342,Wine Maker,False,20-24 year olds,False,Highly male dominated,,,,0.03,0.198
234213,2342,Wine Maker,False,25-39 year olds,False,Moderately male dominated,73099.0,85366.5,0.144,0.1,0.225
234213,2342,Wine Maker,False,40-54 year olds,False,Highly male dominated,87710.0,94298.5,0.07,0.04,0.328
234213,2342,Wine Maker,False,55+ year olds,False,Highly male dominated,75544.0,77094.0,0.02,0.14,
234213,2342,Wine Maker,False,Whole workforce,True,Highly male dominated,76950.0,87540.0,0.121,0.07,0.245
234311,2343,Conservation Officer,False,20-24 year olds,False,Gender balanced,62585.0,57970.0,-0.08,-0.06,-0.134
234311,2343,Conservation Officer,False,25-39 year olds,False,Gender balanced,73456.0,81136.0,0.095,0.07,0.232
234311,2343,Conservation Officer,False,40-54 year olds,False,Gender balanced,78406.5,84560.5,0.073,0.13,0.09
234311,2343,Conservation Officer,False,55+ year olds,False,Moderately male dominated,63482.0,71877.5,0.117,0.04,
234311,2343,Conservation Officer,False,Whole workforce,True,Gender balanced,71670.0,76860.0,0.068,0.1,0.199
234312,2343,Environmental Consultant,False,20-24 year olds,False,Gender balanced,85181.5,84261.5,-0.011,0.01,0.11
234312,2343,Environmental Consultant,False,25-39 year olds,False,Gender balanced,90548.0,108613.0,0.166,0.1,0.212
234312,2343,Environmental Consultant,False,40-54 year olds,False,Gender balanced,95958.0,108549.0,0.116,0.16,0.182
234312,2343,Environmental Consultant,False,55+ year olds,False,Highly male dominated,67612.5,76794.5,0.12,0.06,0.223
234312,2343,Environmental Consultant,False,Whole workforce,True,Gender balanced,90430.0,103620.0,0.127,0.08,0.191
234313,2343,Environmental Research Scientist,False,20-24 year olds,False,Gender balanced,81576.0,86834.0,0.061,-0.02,0.102
234313,2343,Environmental Research Scientist,False,25-39 year olds,False,Gender balanced,94383.5,110008.5,0.142,0.11,0.22
234313,2343,Environmental Research Scientist,False,40-54 year olds,False,Gender balanced,109634.0,124375.0,0.119,0.16,0.162
234313,2343,Environmental Research Scientist,False,55+ year olds,False,Moderately male dominated,94171.0,107800.0,0.126,-0.06,0.23
234313,2343,Environmental Research Scientist,False,Whole workforce,True,Gender balanced,99330.0,114980.0,0.136,0.11,0.226
234314,2343,Park Ranger,False,20-24 year olds,False,Moderately male dominated,70935.0,58317.5,-0.216,0.0,0.11
234314,2343,Park Ranger,False,25-39 year olds,False,Moderately male dominated,73782.5,79459.0,0.071,0.04,0.185
234314,2343,Park Ranger,False,40-54 year olds,False,Moderately male dominated,81375.0,86571.5,0.06,0.06,0.218
234314,2343,Park Ranger,False,55+ year olds,False,Highly male dominated,64060.5,76978.5,0.168,0.2,0.112
234314,2343,Park Ranger,False,Whole workforce,True,Moderately male dominated,75270.0,80770.0,0.068,0.09,0.199
234411,2344,Geologist,True,20-24 year olds,False,Moderately male dominated,137957.0,132628.5,-0.04,0.14,0.132
234411,2344,Geologist,True,25-39 year olds,False,Moderately male dominated,128409.5,158611.0,0.19,0.1,0.268
234411,2344,Geologist,True,40-54 year olds,False,Highly male dominated,135436.0,177451.0,0.237,0.18,0.296
234411,2344,Geologist,True,55+ year olds,False,Highly male dominated,97759.5,122995.0,0.205,0.07,0.242
234411,2344,Geologist,True,Whole workforce,True,Moderately male dominated,130390.0,156870.0,0.169,0.09,0.267
234511,2345,Life Scientist (General),False,20-24 year olds,False,Moderately female dominated,73868.0,63924.0,-0.156,,-0.014
234511,2345,Life Scientist (General),False,25-39 year olds,False,Gender balanced,95935.0,107117.0,0.104,0.07,0.196
234511,2345,Life Scientist (General),False,40-54 year olds,False,Moderately male dominated,106718.5,124145.0,0.14,0.02,0.192
234511,2345,Life Scientist (General),False,55+ year olds,False,Moderately male dominated,95138.0,112749.0,0.156,0.09,0.067
234511,2345,Life Scientist (General),False,Whole workforce,True,Gender balanced,97430.0,112760.0,0.136,0.07,0.221
234513,2345,Biochemist,False,20-24 year olds,False,Almost completely female dominated,73925.0,72373.5,-0.021,,0.059
234513,2345,Biochemist,False,25-39 year olds,False,Gender balanced,94994.0,111415.0,0.147,-0.18,0.251
234513,2345,Biochemist,False,40-54 year olds,False,Moderately male dominated,104394.5,125932.0,0.171,0.09,0.215
234513,2345,Biochemist,False,55+ year olds,False,Gender balanced,97568.0,118287.5,0.175,-0.01,0.138
234513,2345,Biochemist,False,Whole workforce,True,Gender balanced,97040.0,116050.0,0.164,-0.08,0.248
234516,2345,Marine Biologist,False,20-24 year olds,False,Moderately male dominated,51728.0,72246.0,0.284,,0.277
234516,2345,Marine Biologist,False,25-39 year olds,False,Gender balanced,81028.0,97949.0,0.173,0.2,0.249
234516,2345,Marine Biologist,False,40-54 year olds,False,Gender balanced,104865.0,119883.0,0.125,0.06,0.145
234516,2345,Marine Biologist,False,55+ year olds,False,Highly male dominated,106151.0,104578.0,-0.015,0.13,
234516,2345,Marine Biologist,False,Whole workforce,True,Gender balanced,83280.0,106430.0,0.218,0.13,0.274
234517,2345,Microbiologist,False,20-24 year olds,False,Moderately female dominated,74219.0,77034.0,0.037,0.01,0.164
234517,2345,Microbiologist,False,25-39 year olds,False,Moderately female dominated,80973.5,97531.0,0.17,0.14,0.224
234517,2345,Microbiologist,False,40-54 year olds,False,Moderately female dominated,93187.5,122022.0,0.236,0.1,0.27
234517,2345,Microbiologist,False,55+ year olds,False,Moderately female dominated,81257.0,106600.0,0.238,0.04,0.313
234517,2345,Microbiologist,False,Whole workforce,True,Moderately female dominated,84510.0,101360.0,0.166,0.07,0.227
234518,2345,Zoologist,False,20-24 year olds,False,Gender balanced,70877.0,74078.0,0.043,-0.05,0.104
234518,2345,Zoologist,False,25-39 year olds,False,Moderately female dominated,80618.0,95106.0,0.152,-0.04,0.284
234518,2345,Zoologist,False,40-54 year olds,False,Gender balanced,97029.0,106533.0,0.089,0.16,0.249
234518,2345,Zoologist,False,55+ year olds,False,Highly male dominated,72708.0,90478.0,0.196,0.1,
234518,2345,Zoologist,False,Whole workforce,True,Gender balanced,82570.0,97040.0,0.149,0.04,0.298
234599,2345,Life Scientists nec,False,20-24 year olds,False,Moderately female dominated,77943.0,82224.0,0.052,0.11,-0.076
234599,2345,Life Scientists nec,False,25-39 year olds,False,Moderately female dominated,91272.5,104840.0,0.129,0.05,0.268
234599,2345,Life Scientists nec,False,40-54 year olds,False,Moderately female dominated,99718.0,127735.0,0.219,0.14,0.264
234599,2345,Life Scientists nec,False,55+ year olds,False,Gender balanced,93704.5,143492.0,0.347,0.05,0.107
234599,2345,Life Scientists nec,False,Whole workforce,True,Moderately female dominated,91070.0,108800.0,0.163,0.12,0.243
234611,2346,Medical Laboratory Scientist,True,20-24 year olds,False,Moderately female dominated,89750.0,86138.0,-0.042,-0.03,0.092
234611,2346,Medical Laboratory Scientist,True,25-39 year olds,False,Moderately female dominated,90848.0,110239.0,0.176,0.1,0.226
234611,2346,Medical Laboratory Scientist,True,40-54 year olds,False,Moderately female dominated,101783.0,123943.5,0.179,0.14,0.209
234611,2346,Medical Laboratory Scientist,True,55+ year olds,False,Moderately female dominated,94073.0,111080.0,0.153,0.11,0.207
234611,2346,Medical Laboratory Scientist,True,Whole workforce,True,Moderately female dominated,94450.0,113900.0,0.171,0.1,0.222
234711,2347,Veterinarian,True,20-24 year olds,False,Highly female dominated,94336.0,98648.0,0.044,0.02,0.146
234711,2347,Veterinarian,True,25-39 year olds,False,Highly female dominated,88115.0,115495.5,0.237,0.14,0.311
234711,2347,Veterinarian,True,40-54 year olds,False,Moderately female dominated,97262.0,120407.5,0.192,0.23,0.18
234711,2347,Veterinarian,True,55+ year olds,False,Moderately male dominated,79892.0,93437.5,0.145,0.11,0.216
234711,2347,Veterinarian,True,Whole workforce,True,Moderately female dominated,90910.0,113320.0,0.198,0.13,0.277
234912,2349,Metallurgist,False,20-24 year olds,False,Moderately male dominated,134816.5,126335.0,-0.067,0.2,0.153
234912,2349,Metallurgist,False,25-39 year olds,False,Moderately male dominated,142695.0,164878.0,0.135,0.0,0.227
234912,2349,Metallurgist,False,40-54 year olds,False,Highly male dominated,170486.5,177192.0,0.038,0.17,0.278
234912,2349,Metallurgist,False,55+ year olds,False,Almost completely male dominated,119581.0,136706.0,0.125,,
234912,2349,Metallurgist,False,Whole workforce,True,Highly male dominated,149670.0,164810.0,0.092,0.02,0.245
234914,2349,Physicist,False,20-24 year olds,False,Highly male dominated,85568.0,87762.0,0.025,-0.22,0.024
234914,2349,Physicist,False,25-39 year olds,False,Moderately male dominated,112089.0,124027.5,0.096,0.06,0.095
234914,2349,Physicist,False,40-54 year olds,False,Highly male dominated,138128.0,148320.0,0.069,0.04,0.117
234914,2349,Physicist,False,55+ year olds,False,Highly male dominated,86671.0,142926.0,0.394,0.09,0.319
234914,2349,Physicist,False,Whole workforce,True,Moderately male dominated,117920.0,134900.0,0.126,0.08,0.149
234915,2349,Exercise Physiologist,False,20-24 year olds,False,Gender balanced,75859.5,81759.0,0.072,0.07,
234915,2349,Exercise Physiologist,False,25-39 year olds,False,Gender balanced,70596.5,90966.0,0.224,0.11,
234915,2349,Exercise Physiologist,False,40-54 year olds,False,Gender balanced,74769.0,87052.0,0.141,0.2,
234915,2349,Exercise Physiologist,False,55+ year olds,False,Gender balanced,,,,0.11,
234915,2349,Exercise Physiologist,False,Whole workforce,True,Gender balanced,72430.0,87920.0,0.176,0.1,
234999,2349,Natural and Physical Science Professionals nec,False,20-24 year olds,False,Moderately female dominated,68307.0,76438.5,0.106,0.2,0.071
234999,2349,Natural and Physical Science Professionals nec,False,25-39 year olds,False,Gender balanced,83178.0,102573.0,0.189,0.08,0.265
234999,2349,Natural and Physical Science Professionals nec,False,40-54 year olds,False,Gender balanced,88376.0,119326.0,0.259,0.16,0.325
234999,2349,Natural and Physical Science Professionals nec,False,55+ year olds,False,Gender balanced,56785.0,93757.0,0.394,0.22,
234999,2349,Natural and Physical Science Professionals nec,False,Whole workforce,True,Gender balanced,81180.0,101270.0,0.198,0.13,0.208
241111,2411,Early Childhood (Pre-primary School) Teacher,True,20-24 year olds,False,Almost completely female dominated,66332.0,77489.0,0.144,-0.17,0.203
241111,2411,Early Childhood (Pre-primary School) Teacher,True,25-39 year olds,False,Almost completely female dominated,63786.0,85590.5,0.255,0.09,0.32
241111,2411,Early Childhood (Pre-primary School) Teacher,True,40-54 year olds,False,Almost completely female dominated,68174.0,89755.0,0.24,0.07,0.282
241111,2411,Early Childhood (Pre-primary School) Teacher,True,55+ year olds,False,Almost completely female dominated,49386.0,65179.0,0.242,0.04,0.054
241111,2411,Early Childhood (Pre-primary School) Teacher,True,Whole workforce,True,Almost completely female dominated,64050.0,82690.0,0.225,0.05,0.287
241213,2412,Primary School Teacher,True,20-24 year olds,False,Highly female dominated,82016.0,86250.0,0.049,-0.12,0.157
241213,2412,Primary School Teacher,True,25-39 year olds,False,Highly female dominated,79658.0,103316.5,0.229,0.12,0.263
241213,2412,Primary School Teacher,True,40-54 year olds,False,Highly female dominated,99196.0,106712.5,0.07,0.07,0.109
241213,2412,Primary School Teacher,True,55+ year olds,False,Highly female dominated,60249.0,64342.0,0.064,0.01,-0.021
241213,2412,Primary School Teacher,True,Whole workforce,True,Highly female dominated,84940.0,102130.0,0.168,0.08,0.198
241311,2413,Middle School Teacher (Aus) \ Intermediate School Teacher (NZ),True,20-24 year olds,False,Gender balanced,82974.0,86801.0,0.044,-0.13,0.109
241311,2413,Middle School Teacher (Aus) \ Intermediate School Teacher (NZ),True,25-39 year olds,False,Gender balanced,83971.0,103496.0,0.189,0.03,0.253
241311,2413,Middle School Teacher (Aus) \ Intermediate School Teacher (NZ),True,40-54 year olds,False,Moderately female dominated,96808.0,108157.0,0.105,0.03,0.123
241311,2413,Middle School Teacher (Aus) \ Intermediate School Teacher (NZ),True,55+ year olds,False,Highly female dominated,63236.0,73785.0,0.143,-0.23,0.073
241311,2413,Middle School Teacher (Aus) \ Intermediate School Teacher (NZ),True,Whole workforce,True,Moderately female dominated,85790.0,102070.0,0.159,-0.02,0.194
241411,2414,Secondary School Teacher,True,20-24 year olds,False,Moderately female dominated,88114.0,90358.0,0.025,-0.04,0.129
241411,2414,Secondary School Teacher,True,25-39 year olds,False,Moderately female dominated,91585.0,107830.5,0.151,0.06,0.198
241411,2414,Secondary School Teacher,True,40-54 year olds,False,Moderately female dominated,106266.0,109586.0,0.03,0.04,0.074
241411,2414,Secondary School Teacher,True,55+ year olds,False,Gender balanced,67874.0,76761.0,0.116,0.0,0.051
241411,2414,Secondary School Teacher,True,Whole workforce,True,Moderately female dominated,94750.0,106320.0,0.109,0.04,0.152
241511,2415,Special Needs Teacher,True,20-24 year olds,False,Highly female dominated,71492.5,71416.0,-0.001,-0.15,0.014
241511,2415,Special Needs Teacher,True,25-39 year olds,False,Highly female dominated,72785.0,96993.5,0.25,0.09,0.23
241511,2415,Special Needs Teacher,True,40-54 year olds,False,Highly female dominated,74458.0,99304.0,0.25,0.05,0.179
241511,2415,Special Needs Teacher,True,55+ year olds,False,Highly female dominated,56236.0,63249.0,0.111,-0.01,-0.173
241511,2415,Special Needs Teacher,True,Whole workforce,True,Highly female dominated,69870.0,91630.0,0.237,0.05,0.184
242111,2421,University Lecturer,False,20-24 year olds,False,Gender balanced,69213.0,76003.0,0.089,0.07,0.054
242111,2421,University Lecturer,False,25-39 year olds,False,Gender balanced,106130.0,119683.5,0.113,0.09,0.178
242111,2421,University Lecturer,False,40-54 year olds,False,Gender balanced,122408.0,142188.0,0.139,0.07,0.17
242111,2421,University Lecturer,False,55+ year olds,False,Gender balanced,97605.0,117270.0,0.168,0.03,0.154
242111,2421,University Lecturer,False,Whole workforce,True,Gender balanced,112100.0,128050.0,0.125,0.06,0.166
242112,2421,University Tutor,False,20-24 year olds,False,Gender balanced,74538.0,77063.5,0.033,-0.03,0.085
242112,2421,University Tutor,False,25-39 year olds,False,Gender balanced,77391.5,91596.0,0.155,0.05,0.177
242112,2421,University Tutor,False,40-54 year olds,False,Moderately female dominated,68460.0,78885.5,0.132,0.1,0.111
242112,2421,University Tutor,False,55+ year olds,False,Gender balanced,28514.0,30973.5,0.079,0.07,0.068
242112,2421,University Tutor,False,Whole workforce,True,Gender balanced,72880.0,85780.0,0.15,0.02,0.147
242211,2422,Vocational Education Teacher (Aus) \ Polytechnic Teacher (NZ),True,20-24 year olds,False,Moderately female dominated,68737.0,75201.0,0.086,0.03,0.139
242211,2422,Vocational Education Teacher (Aus) \ Polytechnic Teacher (NZ),True,25-39 year olds,False,Gender balanced,70946.0,89240.5,0.205,0.18,0.301
242211,2422,Vocational Education Teacher (Aus) \ Polytechnic Teacher (NZ),True,40-54 year olds,False,Gender balanced,84496.0,98609.0,0.143,0.15,0.173
242211,2422,Vocational Education Teacher (Aus) \ Polytechnic Teacher (NZ),True,55+ year olds,False,Gender balanced,61469.5,81639.0,0.247,0.16,0.104
242211,2422,Vocational Education Teacher (Aus) \ Polytechnic Teacher (NZ),True,Whole workforce,True,Gender balanced,74800.0,92150.0,0.188,0.15,0.204
249111,2491,Education Adviser,True,20-24 year olds,False,Moderately female dominated,63311.0,69777.0,0.093,-0.04,0.038
249111,2491,Education Adviser,True,25-39 year olds,False,Moderately female dominated,74237.0,89611.0,0.172,0.08,0.236
249111,2491,Education Adviser,True,40-54 year olds,False,Highly female dominated,84560.5,104662.0,0.192,0.05,0.175
249111,2491,Education Adviser,True,55+ year olds,False,Moderately female dominated,61567.0,66876.0,0.079,-0.11,0.045
249111,2491,Education Adviser,True,Whole workforce,True,Moderately female dominated,75540.0,89730.0,0.158,0.03,0.173
249211,2492,Art Teacher (Private Tuition),False,20-24 year olds,False,Moderately female dominated,49500.5,54051.0,0.084,-1.78,
249211,2492,Art Teacher (Private Tuition),False,25-39 year olds,False,Highly female dominated,64056.0,90332.5,0.291,0.16,0.334
249211,2492,Art Teacher (Private Tuition),False,40-54 year olds,False,Highly female dominated,65840.0,80524.0,0.182,0.33,0.067
249211,2492,Art Teacher (Private Tuition),False,55+ year olds,False,Highly female dominated,32583.0,45806.5,0.289,-0.08,-0.451
249211,2492,Art Teacher (Private Tuition),False,Whole workforce,True,Highly female dominated,60670.0,75160.0,0.193,0.02,0.149
249212,2492,Dance Teacher (Private Tuition),False,20-24 year olds,False,Almost completely female dominated,48487.0,49963.0,0.03,-0.1,-0.071
249212,2492,Dance Teacher (Private Tuition),False,25-39 year olds,False,Highly female dominated,43657.5,47371.0,0.078,-0.19,0.218
249212,2492,Dance Teacher (Private Tuition),False,40-54 year olds,False,Highly female dominated,40032.0,49014.5,0.183,0.06,0.147
249212,2492,Dance Teacher (Private Tuition),False,55+ year olds,False,Highly female dominated,,,,-0.42,
249212,2492,Dance Teacher (Private Tuition),False,Whole workforce,True,Highly female dominated,43630.0,47310.0,0.078,0.03,0.082
249214,2492,Music Teacher (Private Tuition),False,20-24 year olds,False,Gender balanced,52886.0,45985.5,-0.15,-0.02,-0.119
249214,2492,Music Teacher (Private Tuition),False,25-39 year olds,False,Gender balanced,49295.0,59717.0,0.175,0.06,0.156
249214,2492,Music Teacher (Private Tuition),False,40-54 year olds,False,Moderately female dominated,54123.0,69371.0,0.22,0.16,0.166
249214,2492,Music Teacher (Private Tuition),False,55+ year olds,False,Moderately female dominated,26451.0,40374.5,0.345,0.18,0.263
249214,2492,Music Teacher (Private Tuition),False,Whole workforce,True,Moderately female dominated,48310.0,56730.0,0.148,0.09,0.137
249299,2492,Private Tutors and Teachers nec,False,20-24 year olds,False,Gender balanced,70874.0,75876.5,0.066,-0.11,0.071
249299,2492,Private Tutors and Teachers nec,False,25-39 year olds,False,Moderately female dominated,64752.0,76528.0,0.154,0.04,0.157
249299,2492,Private Tutors and Teachers nec,False,40-54 year olds,False,Highly female dominated,71607.0,74644.0,0.041,0.25,0.042
249299,2492,Private Tutors and Teachers nec,False,55+ year olds,False,Moderately female dominated,44088.0,47279.5,0.068,0.13,-0.213
249299,2492,Private Tutors and Teachers nec,False,Whole workforce,True,Moderately female dominated,66100.0,74310.0,0.11,-0.07,0.105
249311,2493,Teacher of English to Speakers of Other Languages,True,20-24 year olds,False,Moderately female dominated,63934.5,49215.0,-0.299,-0.31,0.054
249311,2493,Teacher of English to Speakers of Other Languages,True,25-39 year olds,False,Highly female dominated,62222.0,70794.5,0.121,-0.04,0.184
249311,2493,Teacher of English to Speakers of Other Languages,True,40-54 year olds,False,Highly female dominated,69664.0,69078.0,-0.008,-0.03,0.008
249311,2493,Teacher of English to Speakers of Other Languages,True,55+ year olds,False,Highly female dominated,46120.0,51309.0,0.101,0.01,0.007
249311,2493,Teacher of English to Speakers of Other Languages,True,Whole workforce,True,Highly female dominated,62480.0,67790.0,0.078,-0.02,0.089
251111,2511,Dietitian,True,20-24 year olds,False,Almost completely female dominated,86817.0,85756.5,-0.012,0.18,-0.055
251111,2511,Dietitian,True,25-39 year olds,False,Almost completely female dominated,74930.0,106333.5,0.295,0.07,0.303
251111,2511,Dietitian,True,40-54 year olds,False,Almost completely female dominated,88550.0,113320.0,0.219,0.28,0.148
251111,2511,Dietitian,True,55+ year olds,False,Almost completely female dominated,69771.0,85131.5,0.18,0.18,
251111,2511,Dietitian,True,Whole workforce,True,Almost completely female dominated,79030.0,105230.0,0.249,0.07,0.255
251211,2512,Medical Diagnostic Radiographer,False,20-24 year olds,False,Moderately female dominated,107850.0,114463.0,0.058,0.02,0.119
251211,2512,Medical Diagnostic Radiographer,False,25-39 year olds,False,Moderately female dominated,97853.0,133053.0,0.265,0.11,0.325
251211,2512,Medical Diagnostic Radiographer,False,40-54 year olds,False,Moderately female dominated,103509.0,136592.5,0.242,0.21,0.289
251211,2512,Medical Diagnostic Radiographer,False,55+ year olds,False,Moderately female dominated,78018.0,111146.0,0.298,0.21,0.287
251211,2512,Medical Diagnostic Radiographer,False,Whole workforce,True,Moderately female dominated,99800.0,129770.0,0.231,0.13,0.288
251212,2512,Medical Radiation Therapist,False,20-24 year olds,False,Highly female dominated,104305.0,104524.0,0.002,0.09,0.076
251212,2512,Medical Radiation Therapist,False,25-39 year olds,False,Highly female dominated,100530.0,128442.0,0.217,0.11,0.246
251212,2512,Medical Radiation Therapist,False,40-54 year olds,False,Moderately female dominated,113975.5,142516.5,0.2,0.14,0.068
251212,2512,Medical Radiation Therapist,False,55+ year olds,False,Highly female dominated,89482.0,98202.0,0.089,0.01,
251212,2512,Medical Radiation Therapist,False,Whole workforce,True,Highly female dominated,102840.0,126180.0,0.185,0.12,0.157
251214,2512,Sonographer,False,20-24 year olds,False,Highly female dominated,119970.0,137057.0,0.125,-0.14,0.139
251214,2512,Sonographer,False,25-39 year olds,False,Highly female dominated,96972.0,142408.0,0.319,0.17,0.31
251214,2512,Sonographer,False,40-54 year olds,False,Highly female dominated,108791.0,136633.5,0.204,0.23,0.216
251214,2512,Sonographer,False,55+ year olds,False,Moderately female dominated,85516.0,119993.0,0.287,0.23,0.127
251214,2512,Sonographer,False,Whole workforce,True,Highly female dominated,102560.0,138860.0,0.261,0.19,0.266
251311,2513,Environmental Health Officer,False,20-24 year olds,False,Moderately female dominated,91105.0,96210.0,0.053,0.04,0.157
251311,2513,Environmental Health Officer,False,25-39 year olds,False,Moderately female dominated,86166.0,105344.5,0.182,0.08,0.268
251311,2513,Environmental Health Officer,False,40-54 year olds,False,Gender balanced,92619.0,103901.0,0.109,0.1,0.203
251311,2513,Environmental Health Officer,False,55+ year olds,False,Gender balanced,75018.0,78634.5,0.046,0.07,
251311,2513,Environmental Health Officer,False,Whole workforce,True,Gender balanced,89140.0,100680.0,0.115,0.07,0.24
251312,2513,Occupational Health and Safety Adviser,False,20-24 year olds,False,Gender balanced,99119.0,103531.5,0.043,0.05,0.174
251312,2513,Occupational Health and Safety Adviser,False,25-39 year olds,False,Gender balanced,101789.0,131343.0,0.225,0.13,0.231
251312,2513,Occupational Health and Safety Adviser,False,40-54 year olds,False,Gender balanced,108085.0,128420.5,0.158,0.15,0.19
251312,2513,Occupational Health and Safety Adviser,False,55+ year olds,False,Moderately male dominated,89951.0,104041.0,0.135,0.13,0.121
251312,2513,Occupational Health and Safety Adviser,False,Whole workforce,True,Gender balanced,102110.0,123150.0,0.171,0.13,0.213
251411,2514,Optometrist,True,20-24 year olds,False,Moderately female dominated,98403.0,104943.5,0.062,-0.06,0.151
251411,2514,Optometrist,True,25-39 year olds,False,Moderately female dominated,82558.5,105738.0,0.219,0.09,0.331
251411,2514,Optometrist,True,40-54 year olds,False,Gender balanced,80266.0,103872.5,0.227,0.27,0.214
251411,2514,Optometrist,True,55+ year olds,False,Moderately male dominated,58924.0,81118.0,0.274,0.23,0.293
251411,2514,Optometrist,True,Whole workforce,True,Gender balanced,84860.0,103140.0,0.177,0.14,0.247
251511,2515,Hospital Pharmacist,False,20-24 year olds,False,Moderately female dominated,108962.0,113398.0,0.039,0.01,0.04
251511,2515,Hospital Pharmacist,False,25-39 year olds,False,Highly female dominated,97945.5,127653.0,0.233,0.1,0.223
251511,2515,Hospital Pharmacist,False,40-54 year olds,False,Highly female dominated,106981.0,131295.0,0.185,0.18,0.26
251511,2515,Hospital Pharmacist,False,55+ year olds,False,Highly female dominated,76695.0,113991.0,0.327,0.19,0.207
251511,2515,Hospital Pharmacist,False,Whole workforce,True,Highly female dominated,101160.0,126750.0,0.202,0.11,0.194
251513,2515,Retail Pharmacist,False,20-24 year olds,False,Moderately female dominated,84882.0,93481.0,0.092,-0.02,0.108
251513,2515,Retail Pharmacist,False,25-39 year olds,False,Moderately female dominated,73522.5,99409.0,0.26,0.16,0.274
251513,2515,Retail Pharmacist,False,40-54 year olds,False,Gender balanced,69181.0,96151.0,0.28,0.24,0.253
251513,2515,Retail Pharmacist,False,55+ year olds,False,Gender balanced,48762.0,63397.0,0.231,0.15,0.134
251513,2515,Retail Pharmacist,False,Whole workforce,True,Moderately female dominated,72550.0,96250.0,0.246,0.17,0.226
251911,2519,Health Promotion Officer,True,20-24 year olds,False,Highly female dominated,78413.0,75795.0,-0.035,0.01,0.019
251911,2519,Health Promotion Officer,True,25-39 year olds,False,Highly female dominated,82420.5,97051.5,0.151,0.14,0.192
251911,2519,Health Promotion Officer,True,40-54 year olds,False,Highly female dominated,85564.5,91606.0,0.066,0.18,0.096
251911,2519,Health Promotion Officer,True,55+ year olds,False,Highly female dominated,64021.0,71691.0,0.107,0.13,0.127
251911,2519,Health Promotion Officer,True,Whole workforce,True,Highly female dominated,81760.0,91200.0,0.104,0.14,0.138
252111,2521,Chiropractor,True,20-24 year olds,False,Gender balanced,53491.0,66504.0,0.196,0.01,-0.15
252111,2521,Chiropractor,True,25-39 year olds,False,Gender balanced,59916.0,82436.0,0.273,0.19,0.224
252111,2521,Chiropractor,True,40-54 year olds,False,Moderately male dominated,65859.0,83325.0,0.21,0.2,0.253
252111,2521,Chiropractor,True,55+ year olds,False,Highly male dominated,39164.5,59507.0,0.342,0.2,0.496
252111,2521,Chiropractor,True,Whole workforce,True,Gender balanced,60120.0,79790.0,0.247,0.19,0.227
252299,2522,Complementary Health Therapists nec,True,20-24 year olds,False,Highly female dominated,69261.0,63267.0,-0.095,,-0.017
252299,2522,Complementary Health Therapists nec,True,25-39 year olds,False,Highly female dominated,59962.0,73023.0,0.179,0.02,0.2
252299,2522,Complementary Health Therapists nec,True,40-54 year olds,False,Highly female dominated,56546.0,75072.0,0.247,0.08,0.066
252299,2522,Complementary Health Therapists nec,True,55+ year olds,False,Moderately female dominated,47160.0,49417.0,0.046,-0.08,0.007
252299,2522,Complementary Health Therapists nec,True,Whole workforce,True,Highly female dominated,58690.0,68920.0,0.148,0.06,0.156
252312,2523,Dentist,True,20-24 year olds,False,Moderately female dominated,106039.0,110343.5,0.039,0.01,0.108
252312,2523,Dentist,True,25-39 year olds,False,Gender balanced,95559.5,132246.5,0.277,0.16,0.259
252312,2523,Dentist,True,40-54 year olds,False,Gender balanced,116803.5,131910.5,0.115,0.17,0.145
252312,2523,Dentist,True,55+ year olds,False,Moderately male dominated,82946.0,97219.0,0.147,0.11,0.084
252312,2523,Dentist,True,Whole workforce,True,Gender balanced,101960.0,124090.0,0.178,0.13,0.193
252411,2524,Occupational Therapist,True,20-24 year olds,False,Highly female dominated,87454.0,91154.0,0.041,0.02,0.154
252411,2524,Occupational Therapist,True,25-39 year olds,False,Almost completely female dominated,76569.0,106677.5,0.282,0.12,0.309
252411,2524,Occupational Therapist,True,40-54 year olds,False,Almost completely female dominated,88338.0,104975.5,0.158,0.21,0.205
252411,2524,Occupational Therapist,True,55+ year olds,False,Almost completely female dominated,64780.5,70049.5,0.075,0.15,0.128
252411,2524,Occupational Therapist,True,Whole workforce,True,Almost completely female dominated,80790.0,102290.0,0.21,0.13,0.26
252511,2525,Physiotherapist,True,20-24 year olds,False,Moderately female dominated,87528.0,87968.0,0.005,-0.01,0.102
252511,2525,Physiotherapist,True,25-39 year olds,False,Moderately female dominated,73987.5,98299.5,0.247,0.13,0.297
252511,2525,Physiotherapist,True,40-54 year olds,False,Moderately female dominated,82535.0,103412.5,0.202,0.27,0.221
252511,2525,Physiotherapist,True,55+ year olds,False,Moderately female dominated,62760.0,73575.5,0.147,0.21,0.0
252511,2525,Physiotherapist,True,Whole workforce,True,Moderately female dominated,77950.0,96190.0,0.19,0.16,0.239
252611,2526,Podiatrist,True,20-24 year olds,False,Moderately female dominated,79749.5,84257.5,0.054,-0.08,0.043
252611,2526,Podiatrist,True,25-39 year olds,False,Gender balanced,70956.0,91929.0,0.228,0.15,0.231
252611,2526,Podiatrist,True,40-54 year olds,False,Gender balanced,76829.0,91433.0,0.16,0.22,0.202
252611,2526,Podiatrist,True,55+ year olds,False,Gender balanced,65951.0,67381.0,0.021,0.25,0.539
252611,2526,Podiatrist,True,Whole workforce,True,Gender balanced,73480.0,88820.0,0.173,0.17,0.19
252711,2527,Audiologist,False,20-24 year olds,False,Highly female dominated,93609.0,98764.5,0.052,0.04,0.154
252711,2527,Audiologist,False,25-39 year olds,False,Highly female dominated,85755.5,108830.5,0.212,0.11,0.309
252711,2527,Audiologist,False,40-54 year olds,False,Highly female dominated,91887.0,113664.0,0.192,0.19,0.2
252711,2527,Audiologist,False,55+ year olds,False,Moderately female dominated,70752.0,90574.0,0.219,0.07,0.298
252711,2527,Audiologist,False,Whole workforce,True,Highly female dominated,87920.0,108130.0,0.187,0.1,0.273
252712,2527,Speech Pathologist (Aus) \ Speech Language Therapist (NZ),False,20-24 year olds,False,Almost completely female dominated,86936.0,94540.0,0.08,-0.03,0.055
252712,2527,Speech Pathologist (Aus) \ Speech Language Therapist (NZ),False,25-39 year olds,False,Almost completely female dominated,72086.5,102420.0,0.296,0.11,0.312
252712,2527,Speech Pathologist (Aus) \ Speech Language Therapist (NZ),False,40-54 year olds,False,Almost completely female dominated,85196.0,103007.0,0.173,0.2,0.054
252712,2527,Speech Pathologist (Aus) \ Speech Language Therapist (NZ),False,55+ year olds,False,Almost completely female dominated,,,,0.26,
252712,2527,Speech Pathologist (Aus) \ Speech Language Therapist (NZ),False,Whole workforce,True,Almost completely female dominated,77760.0,99810.0,0.221,0.12,0.218
253111,2531,General  Practitioner,False,20-24 year olds,False,Gender balanced,146933.0,152198.0,0.035,0.01,0.138
253111,2531,General  Practitioner,False,25-39 year olds,False,Gender balanced,134005.5,172745.5,0.224,0.14,0.26
253111,2531,General  Practitioner,False,40-54 year olds,False,Gender balanced,154468.0,185332.0,0.167,0.19,0.24
253111,2531,General  Practitioner,False,55+ year olds,False,Moderately male dominated,118935.0,145441.0,0.182,0.15,0.185
253111,2531,General  Practitioner,False,Whole workforce,True,Gender balanced,138630.0,169970.0,0.184,0.15,0.228
253112,2531,Resident Medical Officer,False,20-24 year olds,False,Gender balanced,151969.5,159057.0,0.045,0.05,0.168
253112,2531,Resident Medical Officer,False,25-39 year olds,False,Gender balanced,149978.0,172559.0,0.131,0.05,0.18
253112,2531,Resident Medical Officer,False,40-54 year olds,False,Gender balanced,158280.0,204217.0,0.225,0.11,0.184
253112,2531,Resident Medical Officer,False,55+ year olds,False,Moderately male dominated,137743.5,167932.5,0.18,0.12,
253112,2531,Resident Medical Officer,False,Whole workforce,True,Gender balanced,150670.0,171610.0,0.122,0.05,0.182
253211,2532,Anaesthetist,True,20-24 year olds,False,-,,,,,
253211,2532,Anaesthetist,True,25-39 year olds,False,Gender balanced,230841.0,295281.0,0.218,0.09,0.256
253211,2532,Anaesthetist,True,40-54 year olds,False,Moderately male dominated,277585.0,323885.0,0.143,0.16,0.24
253211,2532,Anaesthetist,True,55+ year olds,False,Highly male dominated,241993.0,240985.5,-0.004,0.13,0.298
253211,2532,Anaesthetist,True,Whole workforce,True,Moderately male dominated,253680.0,302480.0,0.161,0.11,0.282
253311,2533,Specialist Physician (General Medicine),False,20-24 year olds,False,-,,,,,
253311,2533,Specialist Physician (General Medicine),False,25-39 year olds,False,Gender balanced,179312.0,216673.0,0.172,0.29,0.286
253311,2533,Specialist Physician (General Medicine),False,40-54 year olds,False,Gender balanced,238076.0,329018.0,0.276,0.08,0.186
253311,2533,Specialist Physician (General Medicine),False,55+ year olds,False,Highly male dominated,222261.0,240026.0,0.074,-0.06,0.247
253311,2533,Specialist Physician (General Medicine),False,Whole workforce,True,Moderately male dominated,207290.0,275970.0,0.249,0.08,0.272
253321,2533,Paediatrician,False,20-24 year olds,False,-,,,,,
253321,2533,Paediatrician,False,25-39 year olds,False,Highly female dominated,181979.5,259896.0,0.3,0.08,0.282
253321,2533,Paediatrician,False,40-54 year olds,False,Moderately female dominated,265422.0,333288.0,0.204,0.2,0.195
253321,2533,Paediatrician,False,55+ year olds,False,Gender balanced,219181.5,277838.0,0.211,0.12,0.161
253321,2533,Paediatrician,False,Whole workforce,True,Moderately female dominated,219340.0,303520.0,0.277,0.12,0.295
253399,2533,Specialist Physicians nec,False,20-24 year olds,False,Highly female dominated,,,,0.76,
253399,2533,Specialist Physicians nec,False,25-39 year olds,False,Moderately female dominated,180517.0,239977.0,0.248,0.08,0.234
253399,2533,Specialist Physicians nec,False,40-54 year olds,False,Gender balanced,254736.0,313432.5,0.187,0.18,0.236
253399,2533,Specialist Physicians nec,False,55+ year olds,False,Gender balanced,197895.0,278096.0,0.288,0.04,0.268
253399,2533,Specialist Physicians nec,False,Whole workforce,True,Gender balanced,213430.0,285680.0,0.253,0.11,0.27
253411,2534,Psychiatrist,True,20-24 year olds,False,-,,,,,
253411,2534,Psychiatrist,True,25-39 year olds,False,Gender balanced,163579.0,225732.0,0.275,0.09,0.387
253411,2534,Psychiatrist,True,40-54 year olds,False,Gender balanced,231402.0,306239.0,0.244,0.14,0.237
253411,2534,Psychiatrist,True,55+ year olds,False,Moderately male dominated,174176.0,226752.0,0.232,0.17,0.259
253411,2534,Psychiatrist,True,Whole workforce,True,Gender balanced,196900.0,265640.0,0.259,0.11,0.299
253511,2535,Surgeon (General),True,20-24 year olds,False,-,,,,,
253511,2535,Surgeon (General),True,25-39 year olds,False,Moderately male dominated,186280.5,227509.0,0.181,0.06,0.138
253511,2535,Surgeon (General),True,40-54 year olds,False,Moderately male dominated,210492.0,259186.0,0.188,0.12,0.213
253511,2535,Surgeon (General),True,55+ year olds,False,Highly male dominated,196317.0,235131.0,0.165,-0.2,
253511,2535,Surgeon (General),True,Whole workforce,True,Moderately male dominated,194440.0,237080.0,0.18,0.12,0.22
253912,2539,Emergency Medicine Specialist,False,20-24 year olds,False,Almost completely female dominated,,,,,
253912,2539,Emergency Medicine Specialist,False,25-39 year olds,False,Gender balanced,222159.0,300974.5,0.262,0.06,0.236
253912,2539,Emergency Medicine Specialist,False,40-54 year olds,False,Gender balanced,351009.5,435469.0,0.194,0.12,0.15
253912,2539,Emergency Medicine Specialist,False,55+ year olds,False,Highly male dominated,256759.0,341759.0,0.249,0.06,
253912,2539,Emergency Medicine Specialist,False,Whole workforce,True,Gender balanced,284040.0,385720.0,0.264,0.08,0.323
253913,2539,Obstetrician and Gynaecologist,False,20-24 year olds,False,Almost completely female dominated,,,,,
253913,2539,Obstetrician and Gynaecologist,False,25-39 year olds,False,Highly female dominated,186711.0,208837.0,0.106,-0.04,0.21
253913,2539,Obstetrician and Gynaecologist,False,40-54 year olds,False,Moderately female dominated,225270.0,299857.0,0.249,0.11,0.331
253913,2539,Obstetrician and Gynaecologist,False,55+ year olds,False,Moderately male dominated,163535.5,235208.0,0.305,0.09,0.04
253913,2539,Obstetrician and Gynaecologist,False,Whole workforce,True,Moderately female dominated,196680.0,254030.0,0.226,0.0,0.282
253915,2539,Pathologist,False,20-24 year olds,False,Moderately female dominated,,,,-0.04,0.255
253915,2539,Pathologist,False,25-39 year olds,False,Moderately female dominated,67653.5,127784.0,0.471,0.16,0.503
253915,2539,Pathologist,False,40-54 year olds,False,Moderately female dominated,83694.0,337815.0,0.752,0.13,0.796
253915,2539,Pathologist,False,55+ year olds,False,Gender balanced,59712.0,298922.0,0.8,0.1,0.765
253915,2539,Pathologist,False,Whole workforce,True,Moderately female dominated,71700.0,275590.0,0.74,0.12,0.731
253917,2539,Diagnostic and Interventional Radiologist,False,20-24 year olds,False,Moderately female dominated,102744.0,123191.5,0.166,-0.01,0.196
253917,2539,Diagnostic and Interventional Radiologist,False,25-39 year olds,False,Gender balanced,129426.0,382033.5,0.661,0.13,0.582
253917,2539,Diagnostic and Interventional Radiologist,False,40-54 year olds,False,Moderately male dominated,225570.0,512085.0,0.56,0.19,0.631
253917,2539,Diagnostic and Interventional Radiologist,False,55+ year olds,False,Highly male dominated,163412.0,391909.0,0.583,0.03,0.691
253917,2539,Diagnostic and Interventional Radiologist,False,Whole workforce,True,Moderately male dominated,147430.0,438860.0,0.664,0.12,0.649
253999,2539,Medical Practitioners nec,False,20-24 year olds,False,Almost completely female dominated,148361.0,152434.0,0.027,,0.101
253999,2539,Medical Practitioners nec,False,25-39 year olds,False,Gender balanced,159287.0,186842.0,0.147,0.05,0.234
253999,2539,Medical Practitioners nec,False,40-54 year olds,False,Gender balanced,198081.0,269338.0,0.265,0.05,0.313
253999,2539,Medical Practitioners nec,False,55+ year olds,False,Moderately male dominated,152694.0,192188.5,0.205,0.08,0.243
253999,2539,Medical Practitioners nec,False,Whole workforce,True,Gender balanced,161470.0,195170.0,0.173,0.08,0.248
254111,2541,Midwife,True,20-24 year olds,False,Almost completely female dominated,90655.0,119972.0,0.244,0.15,0.15
254111,2541,Midwife,True,25-39 year olds,False,Almost completely female dominated,78009.0,111385.0,0.3,0.15,0.334
254111,2541,Midwife,True,40-54 year olds,False,Almost completely female dominated,96986.0,124677.0,0.222,0.08,0.153
254111,2541,Midwife,True,55+ year olds,False,Almost completely female dominated,77794.0,96146.5,0.191,0.06,
254111,2541,Midwife,True,Whole workforce,True,Almost completely female dominated,85890.0,115230.0,0.255,0.11,0.222
254211,2542,Nurse Educator,False,20-24 year olds,False,Highly female dominated,,,,,
254211,2542,Nurse Educator,False,25-39 year olds,False,Highly female dominated,96611.5,125351.0,0.229,0.11,0.208
254211,2542,Nurse Educator,False,40-54 year olds,False,Highly female dominated,106752.0,117898.0,0.095,0.1,0.094
254211,2542,Nurse Educator,False,55+ year olds,False,Almost completely female dominated,79123.5,90437.0,0.125,0.09,0.157
254211,2542,Nurse Educator,False,Whole workforce,True,Highly female dominated,98510.0,117140.0,0.159,0.12,0.134
254212,2542,Nurse Researcher,False,20-24 year olds,False,Almost completely female dominated,,,,,0.084
254212,2542,Nurse Researcher,False,25-39 year olds,False,Almost completely female dominated,89976.0,111024.0,0.19,0.14,0.264
254212,2542,Nurse Researcher,False,40-54 year olds,False,Almost completely female dominated,101442.0,111731.0,0.092,0.08,0.181
254212,2542,Nurse Researcher,False,55+ year olds,False,Almost completely female dominated,80223.0,107814.5,0.256,0.18,0.261
254212,2542,Nurse Researcher,False,Whole workforce,True,Almost completely female dominated,92250.0,109670.0,0.159,0.18,0.224
254311,2543,Nurse Manager,True,20-24 year olds,False,Highly female dominated,90466.0,70897.0,-0.276,0.05,
254311,2543,Nurse Manager,True,25-39 year olds,False,Highly female dominated,99846.5,131664.5,0.242,0.08,0.24
254311,2543,Nurse Manager,True,40-54 year olds,False,Highly female dominated,117629.0,128145.0,0.082,0.06,0.046
254311,2543,Nurse Manager,True,55+ year olds,False,Almost completely female dominated,91778.0,97042.5,0.054,0.02,0.083
254311,2543,Nurse Manager,True,Whole workforce,True,Highly female dominated,105540.0,124420.0,0.152,0.06,0.101
254411,2544,Nurse Practitioner,False,20-24 year olds,False,Highly female dominated,85987.0,99021.0,0.132,0.05,0.154
254411,2544,Nurse Practitioner,False,25-39 year olds,False,Highly female dominated,83374.0,119746.5,0.304,0.1,0.286
254411,2544,Nurse Practitioner,False,40-54 year olds,False,Highly female dominated,90787.0,114155.0,0.205,0.07,0.226
254411,2544,Nurse Practitioner,False,55+ year olds,False,Almost completely female dominated,67688.0,91814.0,0.263,0.07,0.167
254411,2544,Nurse Practitioner,False,Whole workforce,True,Highly female dominated,82250.0,112290.0,0.268,0.08,0.239
254412,2544,Registered Nurse (Aged Care),False,20-24 year olds,False,Highly female dominated,69092.0,82611.0,0.164,0.04,0.2
254412,2544,Registered Nurse (Aged Care),False,25-39 year olds,False,Highly female dominated,77751.5,102843.0,0.244,0.07,0.197
254412,2544,Registered Nurse (Aged Care),False,40-54 year olds,False,Highly female dominated,70365.0,82077.0,0.143,0.04,0.132
254412,2544,Registered Nurse (Aged Care),False,55+ year olds,False,Almost completely female dominated,57969.0,64681.0,0.104,0.03,0.15
254412,2544,Registered Nurse (Aged Care),False,Whole workforce,True,Highly female dominated,70170.0,92020.0,0.237,0.05,0.159
254413,2544,Registered Nurse (Child and Family Health),False,20-24 year olds,False,Almost completely female dominated,,,,0.04,0.195
254413,2544,Registered Nurse (Child and Family Health),False,25-39 year olds,False,Almost completely female dominated,83817.5,119893.5,0.301,0.22,0.309
254413,2544,Registered Nurse (Child and Family Health),False,40-54 year olds,False,Almost completely female dominated,94179.0,120794.0,0.22,0.08,0.149
254413,2544,Registered Nurse (Child and Family Health),False,55+ year olds,False,Almost completely female dominated,75138.5,90183.0,0.167,0.14,0.272
254413,2544,Registered Nurse (Child and Family Health),False,Whole workforce,True,Almost completely female dominated,86260.0,115850.0,0.255,0.16,0.25
254414,2544,Registered Nurse (Community Health),False,20-24 year olds,False,Highly female dominated,87560.0,101815.5,0.14,-0.11,0.098
254414,2544,Registered Nurse (Community Health),False,25-39 year olds,False,Highly female dominated,84311.5,115401.5,0.269,0.14,0.289
254414,2544,Registered Nurse (Community Health),False,40-54 year olds,False,Almost completely female dominated,90673.0,110485.0,0.179,0.13,0.2
254414,2544,Registered Nurse (Community Health),False,55+ year olds,False,Almost completely female dominated,68634.5,84533.0,0.188,0.09,0.151
254414,2544,Registered Nurse (Community Health),False,Whole workforce,True,Almost completely female dominated,84180.0,110360.0,0.237,0.13,0.219
254415,2544,Registered Nurse (Critical Care and Emergency),False,20-24 year olds,False,Highly female dominated,95731.0,105136.5,0.089,-0.02,0.159
254415,2544,Registered Nurse (Critical Care and Emergency),False,25-39 year olds,False,Highly female dominated,93779.0,122692.0,0.236,0.1,0.221
254415,2544,Registered Nurse (Critical Care and Emergency),False,40-54 year olds,False,Highly female dominated,107352.0,121254.0,0.115,0.11,0.123
254415,2544,Registered Nurse (Critical Care and Emergency),False,55+ year olds,False,Highly female dominated,84592.0,97727.0,0.134,0.08,-0.075
254415,2544,Registered Nurse (Critical Care and Emergency),False,Whole workforce,True,Highly female dominated,97440.0,120140.0,0.189,0.1,0.183
254417,2544,Registered Nurse (Disability and Rehabilitation),False,20-24 year olds,False,Almost completely female dominated,77330.0,84183.0,0.081,0.17,-0.091
254417,2544,Registered Nurse (Disability and Rehabilitation),False,25-39 year olds,False,Highly female dominated,83531.0,109307.0,0.236,0.1,0.215
254417,2544,Registered Nurse (Disability and Rehabilitation),False,40-54 year olds,False,Highly female dominated,89027.0,96191.0,0.074,0.09,0.075
254417,2544,Registered Nurse (Disability and Rehabilitation),False,55+ year olds,False,Highly female dominated,66816.0,73959.0,0.097,0.08,0.173
254417,2544,Registered Nurse (Disability and Rehabilitation),False,Whole workforce,True,Highly female dominated,81290.0,96680.0,0.159,0.08,0.134
254418,2544,Registered Nurse (Medical),False,20-24 year olds,False,Almost completely female dominated,89929.0,99387.0,0.095,0.03,0.176
254418,2544,Registered Nurse (Medical),False,25-39 year olds,False,Highly female dominated,89462.0,118096.5,0.242,0.11,0.245
254418,2544,Registered Nurse (Medical),False,40-54 year olds,False,Highly female dominated,97555.5,116144.5,0.16,0.11,0.187
254418,2544,Registered Nurse (Medical),False,55+ year olds,False,Almost completely female dominated,72724.5,89754.0,0.19,0.09,0.164
254418,2544,Registered Nurse (Medical),False,Whole workforce,True,Highly female dominated,89720.0,114420.0,0.216,0.1,0.21
254421,2544,Registered Nurse (Medical Practice),False,20-24 year olds,False,Almost completely female dominated,69302.0,92370.0,0.25,-0.02,
254421,2544,Registered Nurse (Medical Practice),False,25-39 year olds,False,Almost completely female dominated,69046.0,104901.0,0.342,0.15,0.411
254421,2544,Registered Nurse (Medical Practice),False,40-54 year olds,False,Almost completely female dominated,69327.0,110463.0,0.372,0.15,0.265
254421,2544,Registered Nurse (Medical Practice),False,55+ year olds,False,Almost completely female dominated,,,,0.03,
254421,2544,Registered Nurse (Medical Practice),False,Whole workforce,True,Almost completely female dominated,65630.0,103770.0,0.368,0.14,0.313
254422,2544,Registered Nurse (Mental Health),False,20-24 year olds,False,Highly female dominated,96247.0,103857.0,0.073,0.0,0.121
254422,2544,Registered Nurse (Mental Health),False,25-39 year olds,False,Moderately female dominated,101061.0,123592.5,0.182,0.09,0.186
254422,2544,Registered Nurse (Mental Health),False,40-54 year olds,False,Moderately female dominated,111773.0,123489.0,0.095,0.07,0.105
254422,2544,Registered Nurse (Mental Health),False,55+ year olds,False,Moderately female dominated,88650.0,97930.5,0.095,0.05,0.025
254422,2544,Registered Nurse (Mental Health),False,Whole workforce,True,Moderately female dominated,101990.0,118630.0,0.14,0.07,0.14
254423,2544,Registered Nurse (Perioperative),False,20-24 year olds,False,Almost completely female dominated,93048.0,99133.0,0.061,0.01,0.186
254423,2544,Registered Nurse (Perioperative),False,25-39 year olds,False,Highly female dominated,89939.0,114740.0,0.216,0.14,0.245
254423,2544,Registered Nurse (Perioperative),False,40-54 year olds,False,Highly female dominated,97844.0,114014.5,0.142,0.15,0.136
254423,2544,Registered Nurse (Perioperative),False,55+ year olds,False,Almost completely female dominated,71378.5,80934.0,0.118,0.14,0.142
254423,2544,Registered Nurse (Perioperative),False,Whole workforce,True,Highly female dominated,90900.0,111810.0,0.187,0.15,0.202
254424,2544,Registered Nurse (Surgical),False,20-24 year olds,False,Almost completely female dominated,91940.5,93566.5,0.017,0.0,0.187
254424,2544,Registered Nurse (Surgical),False,25-39 year olds,False,Highly female dominated,88199.0,118977.5,0.259,0.13,0.23
254424,2544,Registered Nurse (Surgical),False,40-54 year olds,False,Almost completely female dominated,98187.0,115383.5,0.149,0.14,0.144
254424,2544,Registered Nurse (Surgical),False,55+ year olds,False,Almost completely female dominated,75754.5,94803.0,0.201,0.12,0.07
254424,2544,Registered Nurse (Surgical),False,Whole workforce,True,Almost completely female dominated,90610.0,115360.0,0.215,0.12,0.195
254425,2544,Registered Nurse (Paediatrics),False,20-24 year olds,False,Almost completely female dominated,97140.0,112448.0,0.136,0.02,
254425,2544,Registered Nurse (Paediatrics),False,25-39 year olds,False,Almost completely female dominated,86115.0,118594.5,0.274,0.12,
254425,2544,Registered Nurse (Paediatrics),False,40-54 year olds,False,Almost completely female dominated,,,,0.12,
254425,2544,Registered Nurse (Paediatrics),False,55+ year olds,False,Almost completely female dominated,,,,0.2,
254425,2544,Registered Nurse (Paediatrics),False,Whole workforce,True,Almost completely female dominated,91200.0,112340.0,0.188,0.13,
254499,2544,Registered Nurses nec,False,20-24 year olds,False,Highly female dominated,90684.0,100363.5,0.096,-0.01,0.169
254499,2544,Registered Nurses nec,False,25-39 year olds,False,Highly female dominated,87651.0,115628.0,0.242,0.11,0.271
254499,2544,Registered Nurses nec,False,40-54 year olds,False,Almost completely female dominated,94467.5,115387.0,0.181,0.12,0.195
254499,2544,Registered Nurses nec,False,55+ year olds,False,Almost completely female dominated,72861.5,87900.0,0.171,0.09,0.173
254499,2544,Registered Nurses nec,False,Whole workforce,True,Almost completely female dominated,87850.0,111640.0,0.213,0.1,0.223
261111,2611,ICT Business Analyst,False,20-24 year olds,False,Gender balanced,111041.0,107416.5,-0.034,-0.06,0.115
261111,2611,ICT Business Analyst,False,25-39 year olds,False,Moderately male dominated,126030.5,143865.5,0.124,0.04,0.201
261111,2611,ICT Business Analyst,False,40-54 year olds,False,Moderately male dominated,132119.0,149846.5,0.118,0.06,0.153
261111,2611,ICT Business Analyst,False,55+ year olds,False,Moderately male dominated,111507.0,123439.0,0.097,0.01,0.208
261111,2611,ICT Business Analyst,False,Whole workforce,True,Moderately male dominated,126150.0,142690.0,0.116,0.04,0.186
261112,2611,Systems Analyst,False,20-24 year olds,False,Moderately male dominated,97116.0,94771.5,-0.025,-0.08,0.085
261112,2611,Systems Analyst,False,25-39 year olds,False,Moderately male dominated,113279.5,127386.0,0.111,0.06,0.201
261112,2611,Systems Analyst,False,40-54 year olds,False,Moderately male dominated,116588.5,135481.0,0.139,0.06,0.123
261112,2611,Systems Analyst,False,55+ year olds,False,Highly male dominated,105835.5,119749.0,0.116,0.02,0.015
261112,2611,Systems Analyst,False,Whole workforce,True,Moderately male dominated,113700.0,129000.0,0.119,0.05,0.162
261211,2612,Multimedia Specialist,False,20-24 year olds,False,Highly male dominated,64865.5,70628.0,0.082,-0.01,0.271
261211,2612,Multimedia Specialist,False,25-39 year olds,False,Highly male dominated,83290.5,94214.0,0.116,0.05,0.141
261211,2612,Multimedia Specialist,False,40-54 year olds,False,Highly male dominated,79367.0,99405.0,0.202,0.02,0.329
261211,2612,Multimedia Specialist,False,55+ year olds,False,Moderately male dominated,48888.0,89228.5,0.452,0.03,
261211,2612,Multimedia Specialist,False,Whole workforce,True,Highly male dominated,78680.0,90010.0,0.126,0.07,0.138
261212,2612,Web Developer,False,20-24 year olds,False,Highly male dominated,112255.5,99521.0,-0.128,-0.04,0.115
261212,2612,Web Developer,False,25-39 year olds,False,Highly male dominated,105193.0,122759.0,0.143,0.08,0.153
261212,2612,Web Developer,False,40-54 year olds,False,Highly male dominated,103051.5,122022.0,0.155,0.15,0.104
261212,2612,Web Developer,False,55+ year olds,False,Highly male dominated,73047.0,93283.0,0.217,0.11,
261212,2612,Web Developer,False,Whole workforce,True,Highly male dominated,103870.0,120590.0,0.139,0.11,0.147
261311,2613,Analyst Programmer,False,20-24 year olds,False,Highly male dominated,103413.0,107428.0,0.037,0.04,0.121
261311,2613,Analyst Programmer,False,25-39 year olds,False,Moderately male dominated,118320.0,135296.0,0.125,0.01,0.167
261311,2613,Analyst Programmer,False,40-54 year olds,False,Highly male dominated,116986.0,132261.0,0.115,0.07,0.135
261311,2613,Analyst Programmer,False,55+ year olds,False,Highly male dominated,105594.0,113844.0,0.072,0.02,0.082
261311,2613,Analyst Programmer,False,Whole workforce,True,Highly male dominated,116430.0,130640.0,0.109,0.04,0.156
261312,2613,Developer Programmer,False,20-24 year olds,False,Highly male dominated,103235.0,106788.0,0.033,0.04,0.071
261312,2613,Developer Programmer,False,25-39 year olds,False,Highly male dominated,119685.0,132800.0,0.099,0.04,0.169
261312,2613,Developer Programmer,False,40-54 year olds,False,Highly male dominated,117515.5,132763.0,0.115,0.07,0.122
261312,2613,Developer Programmer,False,55+ year olds,False,Highly male dominated,99044.5,112805.0,0.122,0.01,0.141
261312,2613,Developer Programmer,False,Whole workforce,True,Highly male dominated,116070.0,128750.0,0.098,0.04,0.14
261313,2613,Software Engineer,False,20-24 year olds,False,Highly male dominated,108599.5,117050.5,0.072,0.06,0.087
261313,2613,Software Engineer,False,25-39 year olds,False,Highly male dominated,126802.0,147387.0,0.14,0.03,0.208
261313,2613,Software Engineer,False,40-54 year olds,False,Highly male dominated,131364.0,147853.5,0.112,0.05,0.128
261313,2613,Software Engineer,False,55+ year olds,False,Almost completely male dominated,111046.0,125463.0,0.115,-0.02,0.323
261313,2613,Software Engineer,False,Whole workforce,True,Highly male dominated,126310.0,145140.0,0.13,0.04,0.193
261314,2613,Software Tester,False,20-24 year olds,False,Moderately male dominated,86422.0,86157.0,-0.003,0.0,0.083
261314,2613,Software Tester,False,25-39 year olds,False,Gender balanced,113316.0,124655.0,0.091,0.03,0.146
261314,2613,Software Tester,False,40-54 year olds,False,Gender balanced,111974.5,120853.5,0.073,0.04,0.154
261314,2613,Software Tester,False,55+ year olds,False,Gender balanced,98254.5,93108.5,-0.055,0.06,
261314,2613,Software Tester,False,Whole workforce,True,Gender balanced,111970.0,120570.0,0.071,0.04,0.144
262111,2621,Database Administrator,False,20-24 year olds,False,Gender balanced,68193.5,83566.0,0.184,0.09,0.134
262111,2621,Database Administrator,False,25-39 year olds,False,Gender balanced,85909.5,119690.0,0.282,0.08,0.367
262111,2621,Database Administrator,False,40-54 year olds,False,Moderately male dominated,84979.0,127503.0,0.334,0.12,0.369
262111,2621,Database Administrator,False,55+ year olds,False,Moderately male dominated,71371.0,112925.0,0.368,0.09,0.474
262111,2621,Database Administrator,False,Whole workforce,True,Moderately male dominated,82890.0,121340.0,0.317,0.11,0.376
262112,2621,ICT Security Specialist,False,20-24 year olds,False,Highly male dominated,108154.5,125481.0,0.138,0.01,0.135
262112,2621,ICT Security Specialist,False,25-39 year olds,False,Highly male dominated,137344.0,158706.0,0.135,0.05,0.202
262112,2621,ICT Security Specialist,False,40-54 year olds,False,Highly male dominated,146658.5,165979.5,0.116,0.04,0.177
262112,2621,ICT Security Specialist,False,55+ year olds,False,Highly male dominated,107287.5,129137.0,0.169,0.02,
262112,2621,ICT Security Specialist,False,Whole workforce,True,Highly male dominated,137000.0,156640.0,0.125,0.05,0.189
262113,2621,Systems Administrator,False,20-24 year olds,False,Highly male dominated,70282.0,87337.0,0.195,-0.07,0.282
262113,2621,Systems Administrator,False,25-39 year olds,False,Highly male dominated,86889.0,112626.0,0.229,0.07,0.261
262113,2621,Systems Administrator,False,40-54 year olds,False,Highly male dominated,93708.5,118969.0,0.212,0.05,0.261
262113,2621,Systems Administrator,False,55+ year olds,False,Highly male dominated,75544.0,103046.0,0.267,0.05,0.321
262113,2621,Systems Administrator,False,Whole workforce,True,Highly male dominated,87680.0,113320.0,0.226,0.05,0.269
263111,2631,Computer Network and Systems Engineer,False,20-24 year olds,False,Highly male dominated,96524.0,104773.0,0.079,0.01,0.212
263111,2631,Computer Network and Systems Engineer,False,25-39 year olds,False,Almost completely male dominated,118047.0,133470.0,0.116,0.06,0.187
263111,2631,Computer Network and Systems Engineer,False,40-54 year olds,False,Almost completely male dominated,126710.0,137358.0,0.078,0.03,0.188
263111,2631,Computer Network and Systems Engineer,False,55+ year olds,False,Almost completely male dominated,112777.0,115026.0,0.02,-0.02,
263111,2631,Computer Network and Systems Engineer,False,Whole workforce,True,Almost completely male dominated,119030.0,132310.0,0.1,0.05,0.189
263112,2631,Network Administrator,False,20-24 year olds,False,Almost completely male dominated,72314.0,84557.5,0.145,-0.04,0.16
263112,2631,Network Administrator,False,25-39 year olds,False,Highly male dominated,92183.0,114033.0,0.192,0.07,0.184
263112,2631,Network Administrator,False,40-54 year olds,False,Highly male dominated,98243.0,114760.0,0.144,0.05,0.112
263112,2631,Network Administrator,False,55+ year olds,False,Highly male dominated,74491.0,97912.0,0.239,-0.03,0.208
263112,2631,Network Administrator,False,Whole workforce,True,Highly male dominated,93130.0,112480.0,0.172,0.06,0.155
263113,2631,Network Analyst,False,20-24 year olds,False,Moderately male dominated,89311.5,91442.0,0.023,-0.01,0.162
263113,2631,Network Analyst,False,25-39 year olds,False,Highly male dominated,111777.0,132372.0,0.156,0.04,0.203
263113,2631,Network Analyst,False,40-54 year olds,False,Almost completely male dominated,124346.0,142271.0,0.126,0.03,0.141
263113,2631,Network Analyst,False,55+ year olds,False,Almost completely male dominated,87407.0,112528.0,0.223,0.05,
263113,2631,Network Analyst,False,Whole workforce,True,Highly male dominated,111420.0,132070.0,0.156,0.04,0.168
263211,2632,ICT Quality Assurance Engineer,False,20-24 year olds,False,Gender balanced,91040.0,95459.0,0.046,-0.03,0.071
263211,2632,ICT Quality Assurance Engineer,False,25-39 year olds,False,Gender balanced,118555.0,129694.0,0.086,0.02,0.152
263211,2632,ICT Quality Assurance Engineer,False,40-54 year olds,False,Moderately male dominated,112676.0,130137.5,0.134,-0.02,0.196
263211,2632,ICT Quality Assurance Engineer,False,55+ year olds,False,Moderately male dominated,97708.0,113269.0,0.137,-0.06,
263211,2632,ICT Quality Assurance Engineer,False,Whole workforce,True,Gender balanced,116060.0,126900.0,0.085,0.01,0.167
263212,2632,ICT Support Engineer,False,20-24 year olds,False,Highly male dominated,79618.0,83099.0,0.042,0.02,0.108
263212,2632,ICT Support Engineer,False,25-39 year olds,False,Highly male dominated,92302.0,103873.0,0.111,0.02,0.153
263212,2632,ICT Support Engineer,False,40-54 year olds,False,Highly male dominated,105182.0,114246.0,0.079,0.02,0.109
263212,2632,ICT Support Engineer,False,55+ year olds,False,Highly male dominated,94363.0,93626.5,-0.008,-0.01,
263212,2632,ICT Support Engineer,False,Whole workforce,True,Highly male dominated,93680.0,103390.0,0.094,0.03,0.126
263213,2632,ICT Systems Test Engineer,False,20-24 year olds,False,Moderately male dominated,71738.0,77183.0,0.071,0.21,0.005
263213,2632,ICT Systems Test Engineer,False,25-39 year olds,False,Gender balanced,114108.5,114341.5,0.002,0.03,0.154
263213,2632,ICT Systems Test Engineer,False,40-54 year olds,False,Gender balanced,112681.0,114484.0,0.016,0.03,0.032
263213,2632,ICT Systems Test Engineer,False,55+ year olds,False,Moderately male dominated,98298.0,93967.0,-0.046,-0.01,
263213,2632,ICT Systems Test Engineer,False,Whole workforce,True,Gender balanced,111740.0,111210.0,-0.005,0.02,0.109
263311,2633,Telecommunications Engineer,False,20-24 year olds,False,Moderately male dominated,80499.0,104459.0,0.229,0.06,0.007
263311,2633,Telecommunications Engineer,False,25-39 year olds,False,Highly male dominated,113182.0,127724.5,0.114,0.01,0.168
263311,2633,Telecommunications Engineer,False,40-54 year olds,False,Almost completely male dominated,132005.0,140128.0,0.058,0.02,0.07
263311,2633,Telecommunications Engineer,False,55+ year olds,False,Almost completely male dominated,,,,-0.01,
263311,2633,Telecommunications Engineer,False,Whole workforce,True,Highly male dominated,116410.0,130520.0,0.108,0.01,0.163
263312,2633,Telecommunications Network Engineer,False,20-24 year olds,False,Moderately male dominated,90397.0,101298.0,0.108,0.04,
263312,2633,Telecommunications Network Engineer,False,25-39 year olds,False,Moderately male dominated,109268.0,126684.5,0.137,0.09,0.188
263312,2633,Telecommunications Network Engineer,False,40-54 year olds,False,Highly male dominated,121386.5,135820.5,0.106,0.11,0.227
263312,2633,Telecommunications Network Engineer,False,55+ year olds,False,Highly male dominated,,,,0.11,
263312,2633,Telecommunications Network Engineer,False,Whole workforce,True,Highly male dominated,111050.0,127850.0,0.131,0.11,0.219
271299,2712,Judicial and Other Legal Professionals nec,True,20-24 year olds,False,Moderately female dominated,77909.0,87536.0,0.11,0.0,0.152
271299,2712,Judicial and Other Legal Professionals nec,True,25-39 year olds,False,Moderately female dominated,84141.0,102888.0,0.182,0.08,0.265
271299,2712,Judicial and Other Legal Professionals nec,True,40-54 year olds,False,Moderately female dominated,80986.0,122022.0,0.336,0.11,0.321
271299,2712,Judicial and Other Legal Professionals nec,True,55+ year olds,False,Gender balanced,56473.0,108154.0,0.478,0.0,0.386
271299,2712,Judicial and Other Legal Professionals nec,True,Whole workforce,True,Moderately female dominated,80510.0,100440.0,0.198,0.05,0.275
271311,2713,Solicitor,True,20-24 year olds,False,Moderately female dominated,102763.0,107338.0,0.043,0.05,0.137
271311,2713,Solicitor,True,25-39 year olds,False,Moderately female dominated,118305.0,142091.0,0.167,0.1,0.233
271311,2713,Solicitor,True,40-54 year olds,False,Gender balanced,146315.5,167880.5,0.128,0.14,0.161
271311,2713,Solicitor,True,55+ year olds,False,Moderately male dominated,111308.0,117117.0,0.05,0.05,0.002
271311,2713,Solicitor,True,Whole workforce,True,Gender balanced,122460.0,142300.0,0.139,0.08,0.205
272111,2721,Careers Counsellor,False,20-24 year olds,False,Moderately female dominated,76682.0,83096.0,0.077,0.1,0.118
272111,2721,Careers Counsellor,False,25-39 year olds,False,Highly female dominated,78792.0,96574.0,0.184,0.21,0.136
272111,2721,Careers Counsellor,False,40-54 year olds,False,Highly female dominated,81451.0,90933.0,0.104,0.14,0.186
272111,2721,Careers Counsellor,False,55+ year olds,False,Moderately female dominated,61568.0,65569.0,0.061,0.0,-0.004
272111,2721,Careers Counsellor,False,Whole workforce,True,Highly female dominated,77420.0,86730.0,0.107,0.1,0.142
272112,2721,Drug and Alcohol Counsellor,False,20-24 year olds,False,Highly female dominated,75119.0,75579.5,0.006,0.1,
272112,2721,Drug and Alcohol Counsellor,False,25-39 year olds,False,Moderately female dominated,79713.0,89352.0,0.108,0.05,0.152
272112,2721,Drug and Alcohol Counsellor,False,40-54 year olds,False,Moderately female dominated,84920.5,88346.0,0.039,0.08,-0.02
272112,2721,Drug and Alcohol Counsellor,False,55+ year olds,False,Moderately female dominated,71900.5,78296.0,0.082,0.06,-0.085
272112,2721,Drug and Alcohol Counsellor,False,Whole workforce,True,Moderately female dominated,80270.0,86450.0,0.071,0.05,0.058
272114,2721,Rehabilitation Counsellor,False,20-24 year olds,False,Moderately female dominated,89095.0,86467.5,-0.03,0.01,0.143
272114,2721,Rehabilitation Counsellor,False,25-39 year olds,False,Moderately female dominated,85386.0,102175.5,0.164,0.11,0.206
272114,2721,Rehabilitation Counsellor,False,40-54 year olds,False,Highly female dominated,88996.0,99892.0,0.109,0.15,0.005
272114,2721,Rehabilitation Counsellor,False,55+ year olds,False,Moderately female dominated,75412.0,71062.0,-0.061,-0.06,0.088
272114,2721,Rehabilitation Counsellor,False,Whole workforce,True,Moderately female dominated,86110.0,95560.0,0.099,0.09,0.142
272115,2721,Student Counsellor,False,20-24 year olds,False,Moderately female dominated,68486.0,69465.5,0.014,-0.25,0.04
272115,2721,Student Counsellor,False,25-39 year olds,False,Highly female dominated,69791.5,80597.0,0.134,0.08,0.128
272115,2721,Student Counsellor,False,40-54 year olds,False,Highly female dominated,78737.5,98066.0,0.197,0.12,0.115
272115,2721,Student Counsellor,False,55+ year olds,False,Highly female dominated,57299.0,74745.0,0.233,0.04,-0.214
272115,2721,Student Counsellor,False,Whole workforce,True,Highly female dominated,70960.0,80260.0,0.116,0.04,0.049
272199,2721,Counsellors nec,False,20-24 year olds,False,Moderately female dominated,73831.0,92877.5,0.205,-0.13,-0.075
272199,2721,Counsellors nec,False,25-39 year olds,False,Highly female dominated,75093.5,86648.0,0.133,0.15,0.195
272199,2721,Counsellors nec,False,40-54 year olds,False,Highly female dominated,78612.0,88959.0,0.116,0.19,0.097
272199,2721,Counsellors nec,False,55+ year olds,False,Highly female dominated,63064.0,75223.0,0.162,-0.01,0.103
272199,2721,Counsellors nec,False,Whole workforce,True,Highly female dominated,73170.0,84790.0,0.137,0.1,0.127
272211,2722,Minister of Religion,True,20-24 year olds,False,Gender balanced,33641.5,37259.5,0.097,0.0,0.096
272211,2722,Minister of Religion,True,25-39 year olds,False,Moderately male dominated,27388.0,36693.0,0.254,0.27,0.29
272211,2722,Minister of Religion,True,40-54 year olds,False,Moderately male dominated,30613.0,39283.0,0.221,0.26,0.26
272211,2722,Minister of Religion,True,55+ year olds,False,Moderately male dominated,27196.0,32681.0,0.168,0.2,0.231
272211,2722,Minister of Religion,True,Whole workforce,True,Moderately male dominated,28900.0,36630.0,0.211,0.23,0.255
272311,2723,Clinical Psychologist,False,20-24 year olds,False,Highly female dominated,76215.0,64519.5,-0.181,-0.12,
272311,2723,Clinical Psychologist,False,25-39 year olds,False,Highly female dominated,79172.0,103012.0,0.231,0.14,0.281
272311,2723,Clinical Psychologist,False,40-54 year olds,False,Highly female dominated,96932.0,115309.0,0.159,0.15,0.148
272311,2723,Clinical Psychologist,False,55+ year olds,False,Moderately female dominated,80058.0,86119.0,0.07,0.08,0.098
272311,2723,Clinical Psychologist,False,Whole workforce,True,Highly female dominated,84760.0,104120.0,0.186,0.12,0.24
272312,2723,Educational Psychologist,False,20-24 year olds,False,Almost completely female dominated,,,,0.13,
272312,2723,Educational Psychologist,False,25-39 year olds,False,Highly female dominated,73086.5,109459.0,0.332,0.13,0.31
272312,2723,Educational Psychologist,False,40-54 year olds,False,Highly female dominated,99694.0,110067.0,0.094,0.12,0.1
272312,2723,Educational Psychologist,False,55+ year olds,False,Highly female dominated,80016.0,91765.0,0.128,0.07,0.157
272312,2723,Educational Psychologist,False,Whole workforce,True,Highly female dominated,84680.0,107230.0,0.21,0.09,0.218
272399,2723,Psychologists nec,False,20-24 year olds,False,Highly female dominated,84866.0,81999.5,-0.035,0.2,0.099
272399,2723,Psychologists nec,False,25-39 year olds,False,Highly female dominated,82089.5,100150.5,0.18,0.15,0.232
272399,2723,Psychologists nec,False,40-54 year olds,False,Highly female dominated,94389.0,107799.0,0.124,0.16,0.173
272399,2723,Psychologists nec,False,55+ year olds,False,Highly female dominated,72178.5,85371.0,0.155,0.1,0.148
272399,2723,Psychologists nec,False,Whole workforce,True,Highly female dominated,85260.0,100150.0,0.149,0.1,0.218
272412,2724,Interpreter,False,20-24 year olds,False,Moderately female dominated,49412.5,61571.0,0.197,-0.02,0.222
272412,2724,Interpreter,False,25-39 year olds,False,Highly female dominated,44069.0,56226.0,0.216,0.15,0.335
272412,2724,Interpreter,False,40-54 year olds,False,Highly female dominated,38909.5,38660.0,-0.006,0.05,0.031
272412,2724,Interpreter,False,55+ year olds,False,Moderately female dominated,20721.0,20753.0,0.002,0.03,0.263
272412,2724,Interpreter,False,Whole workforce,True,Moderately female dominated,35430.0,36690.0,0.034,0.04,0.21
272499,2724,Social Professionals nec,False,20-24 year olds,False,Moderately female dominated,84922.0,45589.0,-0.863,0.12,-0.073
272499,2724,Social Professionals nec,False,25-39 year olds,False,Moderately female dominated,93481.0,105222.5,0.112,0.05,0.237
272499,2724,Social Professionals nec,False,40-54 year olds,False,Moderately female dominated,100629.5,115571.0,0.129,0.13,0.199
272499,2724,Social Professionals nec,False,55+ year olds,False,Gender balanced,83516.0,87858.0,0.049,0.08,0.06
272499,2724,Social Professionals nec,False,Whole workforce,True,Moderately female dominated,94210.0,107870.0,0.127,0.09,0.216
272511,2725,Social Worker,True,20-24 year olds,False,Highly female dominated,86572.0,83039.0,-0.043,-0.24,-0.017
272511,2725,Social Worker,True,25-39 year olds,False,Highly female dominated,84184.0,95662.0,0.12,0.07,0.136
272511,2725,Social Worker,True,40-54 year olds,False,Highly female dominated,92371.0,94959.0,0.027,0.07,0.05
272511,2725,Social Worker,True,55+ year olds,False,Highly female dominated,77034.0,79385.0,0.03,0.05,0.028
272511,2725,Social Worker,True,Whole workforce,True,Highly female dominated,86500.0,93110.0,0.071,0.06,0.093
272612,2726,Recreation Officer (Aus) \ Recreation Coordinator (NZ),False,20-24 year olds,False,Gender balanced,60288.0,67823.0,0.111,0.09,0.013
272612,2726,Recreation Officer (Aus) \ Recreation Coordinator (NZ),False,25-39 year olds,False,Gender balanced,58653.0,88447.0,0.337,0.18,0.325
272612,2726,Recreation Officer (Aus) \ Recreation Coordinator (NZ),False,40-54 year olds,False,Moderately female dominated,58291.0,91377.0,0.362,0.14,0.307
272612,2726,Recreation Officer (Aus) \ Recreation Coordinator (NZ),False,55+ year olds,False,Moderately female dominated,48478.5,42683.0,-0.136,0.25,0.189
272612,2726,Recreation Officer (Aus) \ Recreation Coordinator (NZ),False,Whole workforce,True,Moderately female dominated,56710.0,81390.0,0.303,0.13,0.271
272613,2726,Welfare Worker,False,20-24 year olds,False,Highly female dominated,85205.0,76828.5,-0.109,-0.08,0.145
272613,2726,Welfare Worker,False,25-39 year olds,False,Highly female dominated,82610.0,94209.5,0.123,0.04,0.137
272613,2726,Welfare Worker,False,40-54 year olds,False,Highly female dominated,85980.0,90735.5,0.052,0.05,0.043
272613,2726,Welfare Worker,False,55+ year olds,False,Highly female dominated,70451.0,72155.0,0.024,0.01,0.005
272613,2726,Welfare Worker,False,Whole workforce,True,Highly female dominated,82320.0,88190.0,0.067,0.03,0.075
311111,3111,Agricultural Technician,True,20-24 year olds,False,Gender balanced,68367.0,72751.5,0.06,0.08,0.252
311111,3111,Agricultural Technician,True,25-39 year olds,False,Gender balanced,62383.0,84492.0,0.262,0.13,0.289
311111,3111,Agricultural Technician,True,40-54 year olds,False,Moderately male dominated,69278.0,81179.0,0.147,0.17,0.268
311111,3111,Agricultural Technician,True,55+ year olds,False,Moderately male dominated,54056.0,71167.0,0.24,0.13,
311111,3111,Agricultural Technician,True,Whole workforce,True,Moderately male dominated,64910.0,79440.0,0.183,0.13,0.27
311212,3112,Cardiac Technician,False,20-24 year olds,False,Moderately female dominated,85412.0,84022.0,-0.017,0.05,0.141
311212,3112,Cardiac Technician,False,25-39 year olds,False,Moderately female dominated,86542.0,128431.5,0.326,0.1,0.354
311212,3112,Cardiac Technician,False,40-54 year olds,False,Moderately female dominated,93308.5,129678.0,0.28,0.18,0.211
311212,3112,Cardiac Technician,False,55+ year olds,False,Highly female dominated,65540.0,90132.0,0.273,0.31,
311212,3112,Cardiac Technician,False,Whole workforce,True,Moderately female dominated,86540.0,120790.0,0.284,0.18,0.282
311213,3112,Medical Laboratory Technician,False,20-24 year olds,False,Moderately female dominated,71682.0,72742.0,0.015,0.01,0.079
311213,3112,Medical Laboratory Technician,False,25-39 year olds,False,Moderately female dominated,68414.0,84464.0,0.19,0.09,0.244
311213,3112,Medical Laboratory Technician,False,40-54 year olds,False,Highly female dominated,68461.0,80888.0,0.154,0.08,0.242
311213,3112,Medical Laboratory Technician,False,55+ year olds,False,Highly female dominated,57180.0,73013.0,0.217,0.08,0.277
311213,3112,Medical Laboratory Technician,False,Whole workforce,True,Moderately female dominated,67190.0,80120.0,0.161,0.06,0.218
311214,3112,Operating Theatre Technician,False,20-24 year olds,False,Moderately male dominated,73332.0,68117.0,-0.077,0.19,0.386
311214,3112,Operating Theatre Technician,False,25-39 year olds,False,Highly male dominated,67316.0,76226.5,0.117,0.14,0.141
311214,3112,Operating Theatre Technician,False,40-54 year olds,False,Highly male dominated,71626.0,80551.0,0.111,0.09,0.106
311214,3112,Operating Theatre Technician,False,55+ year olds,False,Highly male dominated,66386.0,71752.0,0.075,0.06,0.213
311214,3112,Operating Theatre Technician,False,Whole workforce,True,Highly male dominated,68600.0,76650.0,0.105,0.11,0.146
311215,3112,Pharmacy Technician,False,20-24 year olds,False,Highly female dominated,57526.0,74555.5,0.228,-0.18,0.29
311215,3112,Pharmacy Technician,False,25-39 year olds,False,Highly female dominated,52691.5,77670.0,0.322,0.1,0.378
311215,3112,Pharmacy Technician,False,40-54 year olds,False,Almost completely female dominated,55714.0,80710.0,0.31,0.15,0.258
311215,3112,Pharmacy Technician,False,55+ year olds,False,Almost completely female dominated,48155.5,64199.0,0.25,0.14,0.499
311215,3112,Pharmacy Technician,False,Whole workforce,True,Highly female dominated,54230.0,76880.0,0.295,0.05,0.331
311216,3112,Pathology Collector (Aus) \ Phlebotomist (NZ),False,20-24 year olds,False,Highly female dominated,52908.5,59173.0,0.106,-0.05,0.267
311216,3112,Pathology Collector (Aus) \ Phlebotomist (NZ),False,25-39 year olds,False,Highly female dominated,49853.0,67635.5,0.263,0.16,0.271
311216,3112,Pathology Collector (Aus) \ Phlebotomist (NZ),False,40-54 year olds,False,Almost completely female dominated,51186.0,60235.0,0.15,0.13,0.179
311216,3112,Pathology Collector (Aus) \ Phlebotomist (NZ),False,55+ year olds,False,Almost completely female dominated,41225.0,47123.0,0.125,-0.02,-0.118
311216,3112,Pathology Collector (Aus) \ Phlebotomist (NZ),False,Whole workforce,True,Almost completely female dominated,49460.0,61680.0,0.198,0.07,0.235
311299,3112,Medical Technicians nec,False,20-24 year olds,False,Moderately female dominated,68720.0,78512.0,0.125,-0.24,0.042
311299,3112,Medical Technicians nec,False,25-39 year olds,False,Moderately female dominated,73102.0,87874.0,0.168,0.13,0.264
311299,3112,Medical Technicians nec,False,40-54 year olds,False,Moderately female dominated,69339.5,89913.0,0.229,0.21,0.211
311299,3112,Medical Technicians nec,False,55+ year olds,False,Gender balanced,57652.5,74795.0,0.229,0.21,0.16
311299,3112,Medical Technicians nec,False,Whole workforce,True,Moderately female dominated,68610.0,85950.0,0.202,0.16,0.217
311313,3113,Quarantine Officer,True,20-24 year olds,False,Gender balanced,76950.5,78249.0,0.017,0.04,-0.013
311313,3113,Quarantine Officer,True,25-39 year olds,False,Gender balanced,79414.0,90874.0,0.126,0.02,0.188
311313,3113,Quarantine Officer,True,40-54 year olds,False,Gender balanced,83591.5,92747.0,0.099,0.16,0.137
311313,3113,Quarantine Officer,True,55+ year olds,False,Moderately male dominated,68886.5,77510.5,0.111,0.05,0.174
311313,3113,Quarantine Officer,True,Whole workforce,True,Gender balanced,80270.0,87880.0,0.087,0.05,0.159
311411,3114,Chemistry Technician,False,20-24 year olds,False,Gender balanced,68030.0,70481.5,0.035,-0.04,0.133
311411,3114,Chemistry Technician,False,25-39 year olds,False,Gender balanced,69139.0,82526.5,0.162,0.09,0.223
311411,3114,Chemistry Technician,False,40-54 year olds,False,Gender balanced,70146.0,87369.0,0.197,0.1,0.255
311411,3114,Chemistry Technician,False,55+ year olds,False,Gender balanced,59325.0,75248.0,0.212,0.05,0.169
311411,3114,Chemistry Technician,False,Whole workforce,True,Gender balanced,68340.0,81020.0,0.157,0.06,0.205
311412,3114,Earth Science Technician,False,20-24 year olds,False,Moderately male dominated,66119.0,72223.0,0.085,-0.12,0.212
311412,3114,Earth Science Technician,False,25-39 year olds,False,Highly male dominated,66320.0,85450.0,0.224,0.11,0.295
311412,3114,Earth Science Technician,False,40-54 year olds,False,Highly male dominated,69192.0,85992.5,0.195,0.15,0.289
311412,3114,Earth Science Technician,False,55+ year olds,False,Highly male dominated,60444.0,73795.0,0.181,0.1,0.36
311412,3114,Earth Science Technician,False,Whole workforce,True,Highly male dominated,66500.0,82200.0,0.191,0.11,0.278
311413,3114,Life Science Technician,False,20-24 year olds,False,Moderately female dominated,66637.0,73409.0,0.092,-0.11,0.112
311413,3114,Life Science Technician,False,25-39 year olds,False,Moderately female dominated,74848.0,83770.0,0.107,0.07,0.182
311413,3114,Life Science Technician,False,40-54 year olds,False,Moderately female dominated,73693.0,87046.5,0.153,0.14,0.142
311413,3114,Life Science Technician,False,55+ year olds,False,Gender balanced,65633.5,68870.0,0.047,0.04,0.359
311413,3114,Life Science Technician,False,Whole workforce,True,Moderately female dominated,72170.0,81100.0,0.11,0.07,0.166
311414,3114,School Laboratory Technician,False,20-24 year olds,False,Gender balanced,59823.5,61192.5,0.022,-0.29,0.129
311414,3114,School Laboratory Technician,False,25-39 year olds,False,Moderately female dominated,63196.0,76055.0,0.169,0.03,0.26
311414,3114,School Laboratory Technician,False,40-54 year olds,False,Highly female dominated,59011.5,67655.0,0.128,0.18,0.242
311414,3114,School Laboratory Technician,False,55+ year olds,False,Highly female dominated,52285.5,64949.0,0.195,0.08,0.037
311414,3114,School Laboratory Technician,False,Whole workforce,True,Highly female dominated,57260.0,68400.0,0.163,0.06,0.191
312111,3121,Architectural Draftsperson,False,20-24 year olds,False,Gender balanced,65594.0,69169.0,0.052,0.01,0.118
312111,3121,Architectural Draftsperson,False,25-39 year olds,False,Moderately male dominated,68975.0,84169.5,0.181,0.13,0.273
312111,3121,Architectural Draftsperson,False,40-54 year olds,False,Moderately male dominated,75296.0,92360.5,0.185,0.15,0.232
312111,3121,Architectural Draftsperson,False,55+ year olds,False,Highly male dominated,67125.0,77688.0,0.136,0.13,0.217
312111,3121,Architectural Draftsperson,False,Whole workforce,True,Moderately male dominated,68980.0,83930.0,0.178,0.13,0.257
312112,3121,Building Associate,False,20-24 year olds,False,Highly male dominated,82434.0,94549.0,0.128,0.02,0.31
312112,3121,Building Associate,False,25-39 year olds,False,Almost completely male dominated,83746.0,110977.0,0.245,0.15,0.288
312112,3121,Building Associate,False,40-54 year olds,False,Almost completely male dominated,77489.0,111904.0,0.308,0.16,0.328
312112,3121,Building Associate,False,55+ year olds,False,Almost completely male dominated,72094.0,89268.0,0.192,0.2,0.356
312112,3121,Building Associate,False,Whole workforce,True,Almost completely male dominated,80620.0,106940.0,0.246,0.15,0.333
312113,3121,Building Inspector,False,20-24 year olds,False,Highly male dominated,82468.0,90721.0,0.091,-0.1,0.06
312113,3121,Building Inspector,False,25-39 year olds,False,Highly male dominated,86780.5,107461.0,0.192,0.08,0.2
312113,3121,Building Inspector,False,40-54 year olds,False,Highly male dominated,96168.0,104945.0,0.084,0.1,0.139
312113,3121,Building Inspector,False,55+ year olds,False,Almost completely male dominated,88254.5,93297.5,0.054,0.07,
312113,3121,Building Inspector,False,Whole workforce,True,Highly male dominated,91290.0,102290.0,0.108,0.11,0.163
312114,3121,Construction Estimator,False,20-24 year olds,False,Highly male dominated,73909.0,87405.0,0.154,-0.02,0.283
312114,3121,Construction Estimator,False,25-39 year olds,False,Highly male dominated,79101.0,103699.0,0.237,0.12,0.258
312114,3121,Construction Estimator,False,40-54 year olds,False,Highly male dominated,77137.0,105014.5,0.265,0.12,0.337
312114,3121,Construction Estimator,False,55+ year olds,False,Almost completely male dominated,54150.0,84087.5,0.356,-0.05,
312114,3121,Construction Estimator,False,Whole workforce,True,Highly male dominated,77610.0,100590.0,0.228,0.09,0.273
312116,3121,Surveying or Spatial Science Technician,False,20-24 year olds,False,Highly male dominated,84658.0,84335.0,-0.004,-0.08,0.016
312116,3121,Surveying or Spatial Science Technician,False,25-39 year olds,False,Highly male dominated,88914.0,102419.0,0.132,0.1,0.204
312116,3121,Surveying or Spatial Science Technician,False,40-54 year olds,False,Moderately male dominated,85102.0,98686.0,0.138,0.21,0.383
312116,3121,Surveying or Spatial Science Technician,False,55+ year olds,False,Highly male dominated,,,,-0.04,
312116,3121,Surveying or Spatial Science Technician,False,Whole workforce,True,Highly male dominated,86240.0,97910.0,0.119,0.16,0.185
312211,3122,Civil Engineering Draftsperson,False,20-24 year olds,False,Highly male dominated,73399.0,73915.5,0.007,0.03,0.196
312211,3122,Civil Engineering Draftsperson,False,25-39 year olds,False,Highly male dominated,75714.5,98496.0,0.231,0.13,0.263
312211,3122,Civil Engineering Draftsperson,False,40-54 year olds,False,Highly male dominated,89282.0,106232.0,0.16,0.11,0.269
312211,3122,Civil Engineering Draftsperson,False,55+ year olds,False,Highly male dominated,72143.0,91260.0,0.209,0.04,0.202
312211,3122,Civil Engineering Draftsperson,False,Whole workforce,True,Highly male dominated,79550.0,96530.0,0.176,0.1,0.251
312212,3122,Civil Engineering Technician,False,20-24 year olds,False,Highly male dominated,86568.5,91524.0,0.054,-0.04,0.138
312212,3122,Civil Engineering Technician,False,25-39 year olds,False,Highly male dominated,97440.5,107901.0,0.097,0.17,0.268
312212,3122,Civil Engineering Technician,False,40-54 year olds,False,Highly male dominated,102984.0,109324.0,0.058,0.11,0.27
312212,3122,Civil Engineering Technician,False,55+ year olds,False,Almost completely male dominated,,,,0.01,
312212,3122,Civil Engineering Technician,False,Whole workforce,True,Highly male dominated,95600.0,103870.0,0.08,0.11,0.243
312311,3123,Electrical Engineering Draftsperson,False,20-24 year olds,False,Highly male dominated,81958.0,81855.0,-0.001,-0.07,0.198
312311,3123,Electrical Engineering Draftsperson,False,25-39 year olds,False,Highly male dominated,78991.0,106004.0,0.255,0.09,0.242
312311,3123,Electrical Engineering Draftsperson,False,40-54 year olds,False,Highly male dominated,94452.0,115969.0,0.186,0.2,0.302
312311,3123,Electrical Engineering Draftsperson,False,55+ year olds,False,Highly male dominated,81077.0,105144.0,0.229,0.01,
312311,3123,Electrical Engineering Draftsperson,False,Whole workforce,True,Highly male dominated,83610.0,107520.0,0.222,0.13,0.244
312312,3123,Electrical Engineering Technician,False,20-24 year olds,False,Highly male dominated,70713.0,84280.0,0.161,-0.09,0.323
312312,3123,Electrical Engineering Technician,False,25-39 year olds,False,Almost completely male dominated,68234.0,115909.0,0.411,0.2,0.462
312312,3123,Electrical Engineering Technician,False,40-54 year olds,False,Almost completely male dominated,62424.0,114732.0,0.456,0.24,0.489
312312,3123,Electrical Engineering Technician,False,55+ year olds,False,Almost completely male dominated,55090.0,92732.0,0.406,0.09,0.478
312312,3123,Electrical Engineering Technician,False,Whole workforce,True,Almost completely male dominated,62860.0,109080.0,0.424,0.12,0.468
312412,3124,Electronic Engineering Technician,True,20-24 year olds,False,Almost completely male dominated,,,,0.03,0.138
312412,3124,Electronic Engineering Technician,True,25-39 year olds,False,Almost completely male dominated,75729.0,94519.5,0.199,0.1,0.314
312412,3124,Electronic Engineering Technician,True,40-54 year olds,False,Almost completely male dominated,71723.0,93329.5,0.232,0.07,0.317
312412,3124,Electronic Engineering Technician,True,55+ year olds,False,Almost completely male dominated,67849.0,79119.0,0.142,0.0,0.329
312412,3124,Electronic Engineering Technician,True,Whole workforce,True,Almost completely male dominated,72130.0,90680.0,0.205,0.09,0.296
312511,3125,Mechanical Engineering Draftsperson,False,20-24 year olds,False,Highly male dominated,63666.0,80965.0,0.214,-0.01,0.173
312511,3125,Mechanical Engineering Draftsperson,False,25-39 year olds,False,Highly male dominated,76195.5,99457.0,0.234,0.16,0.277
312511,3125,Mechanical Engineering Draftsperson,False,40-54 year olds,False,Almost completely male dominated,91587.0,101911.0,0.101,0.09,0.159
312511,3125,Mechanical Engineering Draftsperson,False,55+ year olds,False,Almost completely male dominated,89805.5,88108.0,-0.019,0.0,
312511,3125,Mechanical Engineering Draftsperson,False,Whole workforce,True,Almost completely male dominated,81010.0,96730.0,0.163,0.1,0.198
312512,3125,Mechanical Engineering Technician,False,20-24 year olds,False,Almost completely male dominated,86641.5,88255.5,0.018,0.14,
312512,3125,Mechanical Engineering Technician,False,25-39 year olds,False,Almost completely male dominated,97252.5,109853.0,0.115,0.1,0.123
312512,3125,Mechanical Engineering Technician,False,40-54 year olds,False,Almost completely male dominated,81672.5,104972.0,0.222,0.05,0.163
312512,3125,Mechanical Engineering Technician,False,55+ year olds,False,Almost completely male dominated,,,,,
312512,3125,Mechanical Engineering Technician,False,Whole workforce,True,Almost completely male dominated,85920.0,102100.0,0.158,0.09,0.159
312611,3126,Safety Inspector,True,20-24 year olds,False,Moderately male dominated,83098.0,85470.0,0.028,0.19,0.125
312611,3126,Safety Inspector,True,25-39 year olds,False,Moderately male dominated,106376.5,118065.0,0.099,0.09,0.168
312611,3126,Safety Inspector,True,40-54 year olds,False,Highly male dominated,106836.0,123351.0,0.134,0.05,0.182
312611,3126,Safety Inspector,True,55+ year olds,False,Highly male dominated,73284.0,99097.0,0.26,0.02,0.359
312611,3126,Safety Inspector,True,Whole workforce,True,Highly male dominated,101530.0,115790.0,0.123,0.05,0.174
312911,3129,Maintenance Planner,False,20-24 year olds,False,Gender balanced,89642.0,81218.0,-0.104,0.28,-0.028
312911,3129,Maintenance Planner,False,25-39 year olds,False,Moderately male dominated,107495.0,121211.0,0.113,0.1,0.205
312911,3129,Maintenance Planner,False,40-54 year olds,False,Highly male dominated,98674.0,110756.5,0.109,0.13,0.19
312911,3129,Maintenance Planner,False,55+ year olds,False,Almost completely male dominated,64058.0,76895.0,0.167,0.09,0.137
312911,3129,Maintenance Planner,False,Whole workforce,True,Highly male dominated,98020.0,103360.0,0.052,0.11,0.18
312912,3129,Metallurgical or Materials Technician,False,20-24 year olds,False,Moderately male dominated,,,,-0.02,-0.141
312912,3129,Metallurgical or Materials Technician,False,25-39 year olds,False,Moderately male dominated,93895.0,121944.5,0.23,0.07,0.308
312912,3129,Metallurgical or Materials Technician,False,40-54 year olds,False,Moderately male dominated,90645.0,118548.0,0.235,0.02,0.38
312912,3129,Metallurgical or Materials Technician,False,55+ year olds,False,Highly male dominated,,,,-0.05,
312912,3129,Metallurgical or Materials Technician,False,Whole workforce,True,Moderately male dominated,90770.0,113780.0,0.202,-0.01,0.276
312913,3129,Mine Deputy,False,20-24 year olds,False,Moderately male dominated,,,,-0.38,
312913,3129,Mine Deputy,False,25-39 year olds,False,Highly male dominated,145899.0,175711.0,0.17,0.02,0.392
312913,3129,Mine Deputy,False,40-54 year olds,False,Almost completely male dominated,139539.0,177201.0,0.213,0.08,0.326
312913,3129,Mine Deputy,False,55+ year olds,False,Almost completely male dominated,99071.0,143875.0,0.311,0.08,
312913,3129,Mine Deputy,False,Whole workforce,True,Almost completely male dominated,137320.0,172490.0,0.204,0.06,0.364
312999,3129,Building and Engineering Technicians nec,False,20-24 year olds,False,Moderately male dominated,79838.0,81813.0,0.024,0.18,0.112
312999,3129,Building and Engineering Technicians nec,False,25-39 year olds,False,Highly male dominated,88598.5,99352.0,0.108,0.12,0.244
312999,3129,Building and Engineering Technicians nec,False,40-54 year olds,False,Almost completely male dominated,86499.0,107673.5,0.197,0.12,0.282
312999,3129,Building and Engineering Technicians nec,False,55+ year olds,False,Almost completely male dominated,69606.0,96313.0,0.277,0.12,
312999,3129,Building and Engineering Technicians nec,False,Whole workforce,True,Almost completely male dominated,83670.0,100510.0,0.168,0.14,0.259
313111,3131,Hardware Technician,False,20-24 year olds,False,Almost completely male dominated,59533.5,73565.0,0.191,-0.07,0.212
313111,3131,Hardware Technician,False,25-39 year olds,False,Almost completely male dominated,78839.0,83603.0,0.057,-0.11,0.065
313111,3131,Hardware Technician,False,40-54 year olds,False,Almost completely male dominated,78978.0,80858.0,0.023,0.17,0.115
313111,3131,Hardware Technician,False,55+ year olds,False,Almost completely male dominated,,,,,
313111,3131,Hardware Technician,False,Whole workforce,True,Almost completely male dominated,77070.0,80370.0,0.041,0.03,0.094
313112,3131,ICT Customer Support Officer,False,20-24 year olds,False,Highly male dominated,66381.0,74727.5,0.112,0.04,0.101
313112,3131,ICT Customer Support Officer,False,25-39 year olds,False,Highly male dominated,70554.0,85053.0,0.17,0.05,0.151
313112,3131,ICT Customer Support Officer,False,40-54 year olds,False,Highly male dominated,72390.0,85788.5,0.156,0.06,0.138
313112,3131,ICT Customer Support Officer,False,55+ year olds,False,Highly male dominated,62543.5,78813.0,0.206,0.02,0.062
313112,3131,ICT Customer Support Officer,False,Whole workforce,True,Highly male dominated,70030.0,83120.0,0.157,0.05,0.131
313113,3131,Web Administrator,False,20-24 year olds,False,Moderately female dominated,68643.0,70913.0,0.032,0.07,0.187
313113,3131,Web Administrator,False,25-39 year olds,False,Gender balanced,84095.0,99345.0,0.154,0.04,0.222
313113,3131,Web Administrator,False,40-54 year olds,False,Gender balanced,91569.0,99678.0,0.081,0.13,0.165
313113,3131,Web Administrator,False,55+ year olds,False,Gender balanced,72413.0,78231.0,0.074,0.09,
313113,3131,Web Administrator,False,Whole workforce,True,Gender balanced,84790.0,97540.0,0.131,0.05,0.175
313199,3131,ICT Support Technicians nec,False,20-24 year olds,False,Highly male dominated,86852.5,79182.0,-0.097,-0.14,0.186
313199,3131,ICT Support Technicians nec,False,25-39 year olds,False,Highly male dominated,89963.0,97120.5,0.074,0.14,0.202
313199,3131,ICT Support Technicians nec,False,40-54 year olds,False,Highly male dominated,95569.0,117668.0,0.188,0.18,0.185
313199,3131,ICT Support Technicians nec,False,55+ year olds,False,Moderately male dominated,93531.0,102897.0,0.091,0.21,0.339
313199,3131,ICT Support Technicians nec,False,Whole workforce,True,Highly male dominated,90900.0,101880.0,0.108,0.15,0.208
313214,3132,Telecommunications Technical Officer or Technologist,True,20-24 year olds,False,Almost completely male dominated,81163.5,73286.5,-0.107,,0.278
313214,3132,Telecommunications Technical Officer or Technologist,True,25-39 year olds,False,Highly male dominated,85294.0,96445.0,0.116,-0.01,0.223
313214,3132,Telecommunications Technical Officer or Technologist,True,40-54 year olds,False,Highly male dominated,90410.5,104809.5,0.137,-0.04,0.315
313214,3132,Telecommunications Technical Officer or Technologist,True,55+ year olds,False,Almost completely male dominated,59911.0,93737.0,0.361,-0.05,0.453
313214,3132,Telecommunications Technical Officer or Technologist,True,Whole workforce,True,Highly male dominated,84080.0,99250.0,0.153,0.0,0.292
321111,3211,Automotive Electrician,True,20-24 year olds,False,Almost completely male dominated,82668.5,87503.0,0.055,-0.03,0.101
321111,3211,Automotive Electrician,True,25-39 year olds,False,Almost completely male dominated,88731.0,101469.0,0.126,-0.12,0.165
321111,3211,Automotive Electrician,True,40-54 year olds,False,Almost completely male dominated,,,,0.04,
321111,3211,Automotive Electrician,True,55+ year olds,False,Almost completely male dominated,,,,0.15,
321111,3211,Automotive Electrician,True,Whole workforce,True,Almost completely male dominated,84320.0,93580.0,0.099,-0.04,0.234
321211,3212,Motor Mechanic (General),False,20-24 year olds,False,Almost completely male dominated,66778.0,74197.0,0.1,-0.03,0.186
321211,3212,Motor Mechanic (General),False,25-39 year olds,False,Almost completely male dominated,61828.5,78385.5,0.211,0.07,0.184
321211,3212,Motor Mechanic (General),False,40-54 year olds,False,Almost completely male dominated,63087.0,75281.0,0.162,0.13,0.344
321211,3212,Motor Mechanic (General),False,55+ year olds,False,Almost completely male dominated,,,,0.1,
321211,3212,Motor Mechanic (General),False,Whole workforce,True,Almost completely male dominated,62920.0,75450.0,0.166,0.06,0.226
321212,3212,Diesel Motor Mechanic,False,20-24 year olds,False,Almost completely male dominated,83079.5,109504.0,0.241,0.07,0.241
321212,3212,Diesel Motor Mechanic,False,25-39 year olds,False,Almost completely male dominated,98161.5,119135.0,0.176,0.09,0.27
321212,3212,Diesel Motor Mechanic,False,40-54 year olds,False,Almost completely male dominated,93654.0,106849.0,0.123,0.1,
321212,3212,Diesel Motor Mechanic,False,55+ year olds,False,Almost completely male dominated,,,,,
321212,3212,Diesel Motor Mechanic,False,Whole workforce,True,Almost completely male dominated,92370.0,110800.0,0.166,0.04,0.249
322211,3222,Sheetmetal Trades Worker,True,20-24 year olds,False,Almost completely male dominated,68169.5,71522.0,0.047,0.06,
322211,3222,Sheetmetal Trades Worker,True,25-39 year olds,False,Almost completely male dominated,58592.5,81187.0,0.278,0.07,0.224
322211,3222,Sheetmetal Trades Worker,True,40-54 year olds,False,Almost completely male dominated,45584.0,78841.0,0.422,,0.235
322211,3222,Sheetmetal Trades Worker,True,55+ year olds,False,Almost completely male dominated,,,,,
322211,3222,Sheetmetal Trades Worker,True,Whole workforce,True,Almost completely male dominated,56510.0,77000.0,0.266,0.09,0.284
322311,3223,Metal Fabricator,False,20-24 year olds,False,Almost completely male dominated,64831.5,91125.0,0.289,0.05,0.27
322311,3223,Metal Fabricator,False,25-39 year olds,False,Almost completely male dominated,66077.0,99262.5,0.334,0.11,0.395
322311,3223,Metal Fabricator,False,40-54 year olds,False,Almost completely male dominated,50803.0,92741.5,0.452,0.16,0.435
322311,3223,Metal Fabricator,False,55+ year olds,False,Almost completely male dominated,52033.0,73925.0,0.296,0.04,
322311,3223,Metal Fabricator,False,Whole workforce,True,Almost completely male dominated,59750.0,93210.0,0.359,0.12,0.394
322313,3223,Welder (First Class) (Aus) \ Welder (NZ),False,20-24 year olds,False,Almost completely male dominated,53754.0,72265.5,0.256,0.04,
322313,3223,Welder (First Class) (Aus) \ Welder (NZ),False,25-39 year olds,False,Almost completely male dominated,75603.0,82301.5,0.081,0.03,0.179
322313,3223,Welder (First Class) (Aus) \ Welder (NZ),False,40-54 year olds,False,Almost completely male dominated,76877.0,80569.0,0.046,0.02,0.244
322313,3223,Welder (First Class) (Aus) \ Welder (NZ),False,55+ year olds,False,Almost completely male dominated,50247.5,65947.0,0.238,0.05,
322313,3223,Welder (First Class) (Aus) \ Welder (NZ),False,Whole workforce,True,Almost completely male dominated,72530.0,78510.0,0.076,0.04,0.232
323111,3231,Aircraft Maintenance Engineer (Avionics),False,20-24 year olds,False,Highly male dominated,84317.0,88106.5,0.043,0.03,
323111,3231,Aircraft Maintenance Engineer (Avionics),False,25-39 year olds,False,Almost completely male dominated,91699.0,108731.5,0.157,0.02,0.283
323111,3231,Aircraft Maintenance Engineer (Avionics),False,40-54 year olds,False,Almost completely male dominated,90776.5,121615.0,0.254,-0.02,0.372
323111,3231,Aircraft Maintenance Engineer (Avionics),False,55+ year olds,False,Almost completely male dominated,,,,0.02,
323111,3231,Aircraft Maintenance Engineer (Avionics),False,Whole workforce,True,Almost completely male dominated,89420.0,110640.0,0.192,-0.01,0.279
323112,3231,Aircraft Maintenance Engineer (Mechanical),False,20-24 year olds,False,Moderately male dominated,83181.5,88952.0,0.065,-0.01,0.121
323112,3231,Aircraft Maintenance Engineer (Mechanical),False,25-39 year olds,False,Almost completely male dominated,87781.0,108689.0,0.192,0.01,0.205
323112,3231,Aircraft Maintenance Engineer (Mechanical),False,40-54 year olds,False,Almost completely male dominated,93540.0,119639.0,0.218,0.02,0.338
323112,3231,Aircraft Maintenance Engineer (Mechanical),False,55+ year olds,False,Almost completely male dominated,,,,,
323112,3231,Aircraft Maintenance Engineer (Mechanical),False,Whole workforce,True,Almost completely male dominated,84510.0,108740.0,0.223,-0.03,0.229
323211,3232,Fitter (General),False,20-24 year olds,False,Almost completely male dominated,96018.5,120686.5,0.204,-0.07,0.326
323211,3232,Fitter (General),False,25-39 year olds,False,Almost completely male dominated,112486.0,131673.0,0.146,0.01,0.212
323211,3232,Fitter (General),False,40-54 year olds,False,Almost completely male dominated,83114.5,118896.5,0.301,-0.04,0.272
323211,3232,Fitter (General),False,55+ year olds,False,Almost completely male dominated,,,,0.12,
323211,3232,Fitter (General),False,Whole workforce,True,Almost completely male dominated,108000.0,119130.0,0.093,0.0,0.194
323212,3232,Fitter and Turner,False,20-24 year olds,False,Almost completely male dominated,92885.0,102262.0,0.092,0.03,0.24
323212,3232,Fitter and Turner,False,25-39 year olds,False,Almost completely male dominated,91062.5,112880.0,0.193,0.08,0.304
323212,3232,Fitter and Turner,False,40-54 year olds,False,Almost completely male dominated,70861.5,103840.0,0.318,0.12,0.229
323212,3232,Fitter and Turner,False,55+ year olds,False,Almost completely male dominated,,,,,
323212,3232,Fitter and Turner,False,Whole workforce,True,Almost completely male dominated,85110.0,102570.0,0.17,0.03,0.265
323214,3232,Metal Machinist (First Class),False,20-24 year olds,False,Almost completely male dominated,,,,,
323214,3232,Metal Machinist (First Class),False,25-39 year olds,False,Almost completely male dominated,64219.0,90176.5,0.288,0.51,0.363
323214,3232,Metal Machinist (First Class),False,40-54 year olds,False,Almost completely male dominated,57361.0,85533.0,0.329,0.11,0.303
323214,3232,Metal Machinist (First Class),False,55+ year olds,False,Almost completely male dominated,48194.5,71078.5,0.322,,0.215
323214,3232,Metal Machinist (First Class),False,Whole workforce,True,Almost completely male dominated,55800.0,84370.0,0.339,0.2,0.328
323313,3233,Locksmith,True,20-24 year olds,False,Almost completely male dominated,52615.0,68205.0,0.229,-0.05,0.217
323313,3233,Locksmith,True,25-39 year olds,False,Almost completely male dominated,61130.0,73664.5,0.17,-0.07,0.155
323313,3233,Locksmith,True,40-54 year olds,False,Almost completely male dominated,54336.0,71829.5,0.244,0.01,0.12
323313,3233,Locksmith,True,55+ year olds,False,Almost completely male dominated,,,,-0.07,
323313,3233,Locksmith,True,Whole workforce,True,Almost completely male dominated,56450.0,71170.0,0.207,0.02,0.184
324111,3241,Panelbeater,True,20-24 year olds,False,Almost completely male dominated,,,,0.02,
324111,3241,Panelbeater,True,25-39 year olds,False,Almost completely male dominated,68643.0,82456.0,0.168,0.09,
324111,3241,Panelbeater,True,40-54 year olds,False,Almost completely male dominated,,,,0.03,
324111,3241,Panelbeater,True,55+ year olds,False,Almost completely male dominated,,,,0.1,
324111,3241,Panelbeater,True,Whole workforce,True,Almost completely male dominated,50740.0,78140.0,0.351,0.1,0.252
324311,3243,Vehicle Painter,True,20-24 year olds,False,Almost completely male dominated,62892.5,69590.5,0.096,0.0,0.099
324311,3243,Vehicle Painter,True,25-39 year olds,False,Almost completely male dominated,71955.0,80695.0,0.108,0.07,0.273
324311,3243,Vehicle Painter,True,40-54 year olds,False,Almost completely male dominated,61379.0,77994.5,0.213,0.06,0.229
324311,3243,Vehicle Painter,True,55+ year olds,False,Almost completely male dominated,,,,0.01,
324311,3243,Vehicle Painter,True,Whole workforce,True,Almost completely male dominated,67230.0,76680.0,0.123,0.03,0.218
331111,3311,Bricklayer,True,20-24 year olds,False,Almost completely male dominated,,,,-0.29,
331111,3311,Bricklayer,True,25-39 year olds,False,Almost completely male dominated,51920.0,78426.0,0.338,0.17,
331111,3311,Bricklayer,True,40-54 year olds,False,Almost completely male dominated,,,,0.19,
331111,3311,Bricklayer,True,55+ year olds,False,Almost completely male dominated,,,,0.12,
331111,3311,Bricklayer,True,Whole workforce,True,Almost completely male dominated,44170.0,73160.0,0.396,0.12,
331211,3312,Carpenter and Joiner,False,20-24 year olds,False,Almost completely male dominated,57156.5,70375.0,0.188,-0.11,0.182
331211,3312,Carpenter and Joiner,False,25-39 year olds,False,Almost completely male dominated,61220.0,82294.0,0.256,-0.03,0.435
331211,3312,Carpenter and Joiner,False,40-54 year olds,False,Almost completely male dominated,53595.0,80956.5,0.338,0.03,0.453
331211,3312,Carpenter and Joiner,False,55+ year olds,False,Almost completely male dominated,29177.5,66348.0,0.56,,
331211,3312,Carpenter and Joiner,False,Whole workforce,True,Almost completely male dominated,56660.0,76220.0,0.257,0.08,0.364
331212,3312,Carpenter,False,20-24 year olds,False,Almost completely male dominated,50986.0,77656.5,0.343,0.01,0.26
331212,3312,Carpenter,False,25-39 year olds,False,Almost completely male dominated,66357.5,89013.5,0.255,0.1,0.187
331212,3312,Carpenter,False,40-54 year olds,False,Almost completely male dominated,62208.5,83023.5,0.251,0.15,0.272
331212,3312,Carpenter,False,55+ year olds,False,Almost completely male dominated,51913.0,65696.5,0.21,0.25,
331212,3312,Carpenter,False,Whole workforce,True,Almost completely male dominated,62110.0,83440.0,0.256,0.09,0.279
332111,3321,Floor Finisher,True,20-24 year olds,False,Almost completely male dominated,,,,-0.08,
332111,3321,Floor Finisher,True,25-39 year olds,False,Almost completely male dominated,49963.0,71094.0,0.297,0.24,0.05
332111,3321,Floor Finisher,True,40-54 year olds,False,Almost completely male dominated,36828.0,67174.0,0.452,0.21,0.353
332111,3321,Floor Finisher,True,55+ year olds,False,Almost completely male dominated,,,,0.15,
332111,3321,Floor Finisher,True,Whole workforce,True,Almost completely male dominated,44090.0,66290.0,0.335,0.2,0.202
332211,3322,Painting Trades Worker,True,20-24 year olds,False,Almost completely male dominated,53119.0,58923.0,0.099,0.03,0.197
332211,3322,Painting Trades Worker,True,25-39 year olds,False,Almost completely male dominated,49340.0,65312.0,0.245,0.15,0.263
332211,3322,Painting Trades Worker,True,40-54 year olds,False,Almost completely male dominated,44888.5,65341.0,0.313,0.18,0.387
332211,3322,Painting Trades Worker,True,55+ year olds,False,Almost completely male dominated,31523.0,56573.0,0.443,0.17,0.561
332211,3322,Painting Trades Worker,True,Whole workforce,True,Almost completely male dominated,48140.0,63070.0,0.237,0.14,0.281
333111,3331,Glazier,True,20-24 year olds,False,Almost completely male dominated,,,,0.1,
333111,3331,Glazier,True,25-39 year olds,False,Almost completely male dominated,54630.0,74920.0,0.271,0.01,0.293
333111,3331,Glazier,True,40-54 year olds,False,Almost completely male dominated,50478.5,71179.0,0.291,0.01,0.316
333111,3331,Glazier,True,55+ year olds,False,Almost completely male dominated,,,,0.07,
333111,3331,Glazier,True,Whole workforce,True,Almost completely male dominated,54490.0,71180.0,0.234,0.08,0.308
333211,3332,Fibrous Plasterer,True,20-24 year olds,False,Almost completely male dominated,,,,-0.03,
333211,3332,Fibrous Plasterer,True,25-39 year olds,False,Almost completely male dominated,37683.0,73839.0,0.49,0.17,0.429
333211,3332,Fibrous Plasterer,True,40-54 year olds,False,Almost completely male dominated,37772.0,72456.0,0.479,0.14,0.343
333211,3332,Fibrous Plasterer,True,55+ year olds,False,Almost completely male dominated,,,,0.18,
333211,3332,Fibrous Plasterer,True,Whole workforce,True,Almost completely male dominated,35100.0,70730.0,0.504,0.11,0.317
333411,3334,Wall and Floor Tiler,True,20-24 year olds,False,Almost completely male dominated,,,,0.09,0.129
333411,3334,Wall and Floor Tiler,True,25-39 year olds,False,Almost completely male dominated,38867.0,65693.0,0.408,0.17,0.445
333411,3334,Wall and Floor Tiler,True,40-54 year olds,False,Almost completely male dominated,41949.0,61280.0,0.315,0.22,0.368
333411,3334,Wall and Floor Tiler,True,55+ year olds,False,Almost completely male dominated,,,,0.04,
333411,3334,Wall and Floor Tiler,True,Whole workforce,True,Almost completely male dominated,37770.0,62600.0,0.397,0.15,0.383
334111,3341,Plumber (General),False,20-24 year olds,False,Almost completely male dominated,90526.0,85220.5,-0.062,0.04,0.433
334111,3341,Plumber (General),False,25-39 year olds,False,Almost completely male dominated,70973.0,94076.0,0.246,0.11,0.41
334111,3341,Plumber (General),False,40-54 year olds,False,Almost completely male dominated,66290.0,89314.0,0.258,0.2,
334111,3341,Plumber (General),False,55+ year olds,False,Almost completely male dominated,,,,0.12,
334111,3341,Plumber (General),False,Whole workforce,True,Almost completely male dominated,73480.0,89390.0,0.178,0.12,0.429
334115,3341,Roof Plumber,False,20-24 year olds,False,Almost completely male dominated,,,,0.0,
334115,3341,Roof Plumber,False,25-39 year olds,False,Almost completely male dominated,71758.0,84295.5,0.149,0.02,
334115,3341,Roof Plumber,False,40-54 year olds,False,Almost completely male dominated,,,,0.22,
334115,3341,Roof Plumber,False,55+ year olds,False,Almost completely male dominated,,,,0.33,
334115,3341,Roof Plumber,False,Whole workforce,True,Almost completely male dominated,62060.0,80750.0,0.231,0.15,
341111,3411,Electrician (General),True,20-24 year olds,False,Almost completely male dominated,91411.0,101401.0,0.099,-0.02,0.155
341111,3411,Electrician (General),True,25-39 year olds,False,Almost completely male dominated,101934.0,115649.0,0.119,0.02,0.235
341111,3411,Electrician (General),True,40-54 year olds,False,Almost completely male dominated,92428.0,113609.0,0.186,0.15,0.297
341111,3411,Electrician (General),True,55+ year olds,False,Almost completely male dominated,63604.0,85229.0,0.254,0.27,
341111,3411,Electrician (General),True,Whole workforce,True,Almost completely male dominated,97210.0,110910.0,0.124,0.04,0.241
342111,3421,Airconditioning and Refrigeration Mechanic,True,20-24 year olds,False,Almost completely male dominated,73196.5,83253.0,0.121,-0.02,
342111,3421,Airconditioning and Refrigeration Mechanic,True,25-39 year olds,False,Almost completely male dominated,71510.0,96209.5,0.257,0.06,0.323
342111,3421,Airconditioning and Refrigeration Mechanic,True,40-54 year olds,False,Almost completely male dominated,74060.0,93868.0,0.211,0.07,0.27
342111,3421,Airconditioning and Refrigeration Mechanic,True,55+ year olds,False,Almost completely male dominated,,,,,
342111,3421,Airconditioning and Refrigeration Mechanic,True,Whole workforce,True,Almost completely male dominated,70130.0,91510.0,0.234,0.08,0.258
342211,3422,Electrical Linesworker (Aus) \ Electrical Line Mechanic (NZ),True,20-24 year olds,False,Almost completely male dominated,121086.0,136860.5,0.115,0.04,
342211,3422,Electrical Linesworker (Aus) \ Electrical Line Mechanic (NZ),True,25-39 year olds,False,Almost completely male dominated,79460.0,142176.0,0.441,0.05,0.639
342211,3422,Electrical Linesworker (Aus) \ Electrical Line Mechanic (NZ),True,40-54 year olds,False,Almost completely male dominated,53799.5,137962.0,0.61,0.11,0.545
342211,3422,Electrical Linesworker (Aus) \ Electrical Line Mechanic (NZ),True,55+ year olds,False,Almost completely male dominated,59218.0,111787.5,0.47,,
342211,3422,Electrical Linesworker (Aus) \ Electrical Line Mechanic (NZ),True,Whole workforce,True,Almost completely male dominated,73740.0,137300.0,0.463,0.05,0.573
342312,3423,Communications Operator,False,20-24 year olds,False,Moderately male dominated,81841.0,96967.5,0.156,0.0,0.129
342312,3423,Communications Operator,False,25-39 year olds,False,Moderately male dominated,89083.0,108774.0,0.181,0.06,0.182
342312,3423,Communications Operator,False,40-54 year olds,False,Highly male dominated,99668.0,107887.5,0.076,0.18,0.12
342312,3423,Communications Operator,False,55+ year olds,False,Highly male dominated,56795.5,91695.5,0.381,-0.01,0.297
342312,3423,Communications Operator,False,Whole workforce,True,Moderately male dominated,89080.0,104530.0,0.148,0.05,0.149
342313,3423,Electronic Equipment Trades Worker,False,20-24 year olds,False,Almost completely male dominated,68045.5,73875.5,0.079,-0.02,0.029
342313,3423,Electronic Equipment Trades Worker,False,25-39 year olds,False,Almost completely male dominated,82135.0,87885.5,0.065,0.14,0.135
342313,3423,Electronic Equipment Trades Worker,False,40-54 year olds,False,Almost completely male dominated,91220.0,94577.0,0.035,0.06,0.126
342313,3423,Electronic Equipment Trades Worker,False,55+ year olds,False,Almost completely male dominated,73186.5,74738.5,0.021,0.04,0.164
342313,3423,Electronic Equipment Trades Worker,False,Whole workforce,True,Almost completely male dominated,83270.0,87170.0,0.045,0.09,0.109
342314,3423,Electronic Instrument Trades Worker (General),False,20-24 year olds,False,Highly male dominated,83602.0,97526.0,0.143,0.0,0.092
342314,3423,Electronic Instrument Trades Worker (General),False,25-39 year olds,False,Almost completely male dominated,80843.5,107460.0,0.248,0.11,0.36
342314,3423,Electronic Instrument Trades Worker (General),False,40-54 year olds,False,Almost completely male dominated,65985.0,100678.0,0.345,0.13,0.367
342314,3423,Electronic Instrument Trades Worker (General),False,55+ year olds,False,Almost completely male dominated,58746.0,74546.0,0.212,,0.272
342314,3423,Electronic Instrument Trades Worker (General),False,Whole workforce,True,Almost completely male dominated,71650.0,100200.0,0.285,0.08,0.344
342411,3424,Cabler (Data and Telecommunications),False,20-24 year olds,False,Almost completely male dominated,,,,,
342411,3424,Cabler (Data and Telecommunications),False,25-39 year olds,False,Almost completely male dominated,64411.0,80536.5,0.2,-0.13,0.51
342411,3424,Cabler (Data and Telecommunications),False,40-54 year olds,False,Almost completely male dominated,72244.0,78137.0,0.075,-0.11,0.508
342411,3424,Cabler (Data and Telecommunications),False,55+ year olds,False,Almost completely male dominated,,,,,
342411,3424,Cabler (Data and Telecommunications),False,Whole workforce,True,Almost completely male dominated,65550.0,77920.0,0.159,-0.04,0.482
342412,3424,Telecommunications Cable Jointer,False,20-24 year olds,False,Almost completely male dominated,,,,,
342412,3424,Telecommunications Cable Jointer,False,25-39 year olds,False,Almost completely male dominated,64936.0,94095.0,0.31,0.03,0.214
342412,3424,Telecommunications Cable Jointer,False,40-54 year olds,False,Almost completely male dominated,72888.0,91228.0,0.201,-0.04,0.483
342412,3424,Telecommunications Cable Jointer,False,55+ year olds,False,Almost completely male dominated,,,,,
342412,3424,Telecommunications Cable Jointer,False,Whole workforce,True,Almost completely male dominated,64740.0,87600.0,0.261,0.0,0.321
342414,3424,Telecommunications Technician,False,20-24 year olds,False,Highly male dominated,55240.0,76909.0,0.282,0.16,0.29
342414,3424,Telecommunications Technician,False,25-39 year olds,False,Almost completely male dominated,70823.0,88298.5,0.198,0.1,0.233
342414,3424,Telecommunications Technician,False,40-54 year olds,False,Almost completely male dominated,77350.0,92902.5,0.167,0.04,0.272
342414,3424,Telecommunications Technician,False,55+ year olds,False,Almost completely male dominated,68693.0,72969.0,0.059,0.01,
342414,3424,Telecommunications Technician,False,Whole workforce,True,Almost completely male dominated,70800.0,87110.0,0.187,0.12,0.276
351111,3511,Baker,False,20-24 year olds,False,Moderately male dominated,52889.5,60894.0,0.131,0.08,0.237
351111,3511,Baker,False,25-39 year olds,False,Moderately male dominated,52156.0,64762.0,0.195,0.17,0.248
351111,3511,Baker,False,40-54 year olds,False,Moderately male dominated,51803.5,64030.5,0.191,0.17,0.22
351111,3511,Baker,False,55+ year olds,False,Highly male dominated,43122.5,55872.0,0.228,0.18,0.25
351111,3511,Baker,False,Whole workforce,True,Moderately male dominated,51750.0,63660.0,0.187,0.17,0.235
351112,3511,Pastrycook,False,20-24 year olds,False,Highly female dominated,50944.0,59608.0,0.145,0.09,0.192
351112,3511,Pastrycook,False,25-39 year olds,False,Moderately female dominated,51866.0,63583.0,0.184,0.15,0.269
351112,3511,Pastrycook,False,40-54 year olds,False,Gender balanced,51500.0,60444.0,0.148,0.26,0.169
351112,3511,Pastrycook,False,55+ year olds,False,Moderately male dominated,45420.0,45055.5,-0.008,0.23,0.242
351112,3511,Pastrycook,False,Whole workforce,True,Moderately female dominated,51300.0,60440.0,0.151,0.17,0.231
351211,3512,Butcher or Smallgoods Maker,True,20-24 year olds,False,Almost completely male dominated,54207.5,62998.0,0.14,0.15,0.253
351211,3512,Butcher or Smallgoods Maker,True,25-39 year olds,False,Almost completely male dominated,49735.0,65436.0,0.24,0.15,0.325
351211,3512,Butcher or Smallgoods Maker,True,40-54 year olds,False,Almost completely male dominated,48294.0,61865.0,0.219,0.16,0.216
351211,3512,Butcher or Smallgoods Maker,True,55+ year olds,False,Almost completely male dominated,43603.0,50027.0,0.128,0.07,0.407
351211,3512,Butcher or Smallgoods Maker,True,Whole workforce,True,Almost completely male dominated,49210.0,61790.0,0.204,0.14,0.272
351311,3513,Chef,True,20-24 year olds,False,Moderately male dominated,53587.0,59743.0,0.103,-0.02,0.149
351311,3513,Chef,True,25-39 year olds,False,Moderately male dominated,54210.0,64652.0,0.162,0.08,0.209
351311,3513,Chef,True,40-54 year olds,False,Moderately male dominated,54935.0,64375.0,0.147,0.1,0.155
351311,3513,Chef,True,55+ year olds,False,Moderately male dominated,45578.5,50211.5,0.092,0.07,0.069
351311,3513,Chef,True,Whole workforce,True,Moderately male dominated,53770.0,63170.0,0.149,0.07,0.176
351411,3514,Cook,True,20-24 year olds,False,Moderately male dominated,49830.0,57373.0,0.131,-0.01,0.181
351411,3514,Cook,True,25-39 year olds,False,Gender balanced,48438.0,58175.0,0.167,0.09,0.222
351411,3514,Cook,True,40-54 year olds,False,Moderately female dominated,46058.0,50008.0,0.079,0.11,-0.012
351411,3514,Cook,True,55+ year olds,False,Highly female dominated,38640.5,37504.0,-0.03,0.13,-0.073
351411,3514,Cook,True,Whole workforce,True,Gender balanced,46260.0,56000.0,0.174,0.05,0.163
361111,3611,Dog Handler or Trainer,False,20-24 year olds,False,Moderately female dominated,49405.0,66911.0,0.262,0.17,0.357
361111,3611,Dog Handler or Trainer,False,25-39 year olds,False,Moderately female dominated,51857.0,84658.0,0.387,0.25,0.446
361111,3611,Dog Handler or Trainer,False,40-54 year olds,False,Gender balanced,48866.0,102836.0,0.525,0.3,0.519
361111,3611,Dog Handler or Trainer,False,55+ year olds,False,Gender balanced,37860.0,82719.0,0.542,0.43,
361111,3611,Dog Handler or Trainer,False,Whole workforce,True,Moderately female dominated,48880.0,86010.0,0.432,0.29,0.469
361112,3611,Horse Trainer,False,20-24 year olds,False,Moderately female dominated,50734.0,67391.0,0.247,0.24,0.18
361112,3611,Horse Trainer,False,25-39 year olds,False,Gender balanced,52972.0,68126.0,0.222,0.17,0.261
361112,3611,Horse Trainer,False,40-54 year olds,False,Moderately male dominated,51510.0,63994.0,0.195,0.11,0.319
361112,3611,Horse Trainer,False,55+ year olds,False,Highly male dominated,51045.0,52409.0,0.026,0.06,
361112,3611,Horse Trainer,False,Whole workforce,True,Gender balanced,51760.0,63600.0,0.186,0.15,0.248
361114,3611,Zookeeper,False,20-24 year olds,False,Moderately female dominated,56105.0,59309.0,0.054,0.09,0.146
361114,3611,Zookeeper,False,25-39 year olds,False,Moderately female dominated,56959.0,67033.0,0.15,0.05,0.205
361114,3611,Zookeeper,False,40-54 year olds,False,Gender balanced,69134.5,74716.5,0.075,0.13,0.107
361114,3611,Zookeeper,False,55+ year olds,False,Gender balanced,59044.0,73655.0,0.198,0.13,
361114,3611,Zookeeper,False,Whole workforce,True,Moderately female dominated,58280.0,67040.0,0.131,0.07,0.198
361199,3611,Animal Attendants and Trainers nec,False,20-24 year olds,False,Highly female dominated,52121.0,61586.5,0.154,0.02,0.126
361199,3611,Animal Attendants and Trainers nec,False,25-39 year olds,False,Highly female dominated,52314.0,67605.0,0.226,0.11,0.269
361199,3611,Animal Attendants and Trainers nec,False,40-54 year olds,False,Moderately female dominated,49614.0,66889.0,0.258,0.22,0.278
361199,3611,Animal Attendants and Trainers nec,False,55+ year olds,False,Moderately female dominated,34228.0,61441.0,0.443,0.19,0.405
361199,3611,Animal Attendants and Trainers nec,False,Whole workforce,True,Highly female dominated,51570.0,65340.0,0.211,0.13,0.236
361211,3612,Shearer,True,20-24 year olds,False,Almost completely male dominated,53128.0,70577.0,0.247,-0.04,0.387
361211,3612,Shearer,True,25-39 year olds,False,Almost completely male dominated,42217.5,65034.5,0.351,0.04,0.263
361211,3612,Shearer,True,40-54 year olds,False,Almost completely male dominated,53560.5,52346.5,-0.023,0.29,0.181
361211,3612,Shearer,True,55+ year olds,False,Almost completely male dominated,,,,-0.16,
361211,3612,Shearer,True,Whole workforce,True,Almost completely male dominated,42460.0,57530.0,0.262,0.18,0.224
361311,3613,Veterinary Nurse,True,20-24 year olds,False,Almost completely female dominated,56807.0,59515.0,0.046,-0.17,0.166
361311,3613,Veterinary Nurse,True,25-39 year olds,False,Almost completely female dominated,51278.0,63408.5,0.191,-0.07,0.245
361311,3613,Veterinary Nurse,True,40-54 year olds,False,Almost completely female dominated,51482.0,64089.5,0.197,0.09,0.248
361311,3613,Veterinary Nurse,True,55+ year olds,False,Almost completely female dominated,37987.0,47396.5,0.199,0.1,
361311,3613,Veterinary Nurse,True,Whole workforce,True,Almost completely female dominated,52620.0,61050.0,0.138,-0.08,0.211
362111,3621,Florist,True,20-24 year olds,False,Almost completely female dominated,44801.5,57498.0,0.221,0.11,0.231
362111,3621,Florist,True,25-39 year olds,False,Almost completely female dominated,39703.0,57817.5,0.313,0.22,0.323
362111,3621,Florist,True,40-54 year olds,False,Almost completely female dominated,39140.0,52211.5,0.25,0.29,0.374
362111,3621,Florist,True,55+ year olds,False,Highly female dominated,27891.0,32471.0,0.141,0.27,0.379
362111,3621,Florist,True,Whole workforce,True,Almost completely female dominated,39270.0,55180.0,0.288,0.23,0.315
362211,3622,Gardener (General),False,20-24 year olds,False,Highly male dominated,52188.0,59522.0,0.123,-0.04,0.105
362211,3622,Gardener (General),False,25-39 year olds,False,Highly male dominated,53108.5,63517.5,0.164,0.16,0.223
362211,3622,Gardener (General),False,40-54 year olds,False,Highly male dominated,49441.0,63041.0,0.216,0.2,0.301
362211,3622,Gardener (General),False,55+ year olds,False,Highly male dominated,32779.0,53584.0,0.388,0.22,0.254
362211,3622,Gardener (General),False,Whole workforce,True,Highly male dominated,49160.0,61130.0,0.196,0.16,0.248
362212,3622,Arborist,False,20-24 year olds,False,Almost completely male dominated,55279.0,71067.0,0.222,0.03,
362212,3622,Arborist,False,25-39 year olds,False,Almost completely male dominated,65197.0,77632.0,0.16,0.02,0.01
362212,3622,Arborist,False,40-54 year olds,False,Almost completely male dominated,79509.0,76266.5,-0.043,0.19,0.04
362212,3622,Arborist,False,55+ year olds,False,Almost completely male dominated,68226.0,68226.0,0.0,0.21,
362212,3622,Arborist,False,Whole workforce,True,Almost completely male dominated,73080.0,75600.0,0.033,0.1,0.028
362213,3622,Landscape Gardener,False,20-24 year olds,False,Almost completely male dominated,54163.0,62947.0,0.14,-0.04,0.171
362213,3622,Landscape Gardener,False,25-39 year olds,False,Almost completely male dominated,54963.0,68745.0,0.2,0.17,0.208
362213,3622,Landscape Gardener,False,40-54 year olds,False,Almost completely male dominated,54239.0,66571.0,0.185,0.2,0.278
362213,3622,Landscape Gardener,False,55+ year olds,False,Almost completely male dominated,41447.5,56162.0,0.262,0.24,-0.071
362213,3622,Landscape Gardener,False,Whole workforce,True,Almost completely male dominated,53930.0,66100.0,0.184,0.17,0.231
362311,3623,Greenkeeper,True,20-24 year olds,False,Almost completely male dominated,49632.5,62350.0,0.204,0.04,0.188
362311,3623,Greenkeeper,True,25-39 year olds,False,Almost completely male dominated,58046.0,67464.0,0.14,0.1,0.252
362311,3623,Greenkeeper,True,40-54 year olds,False,Almost completely male dominated,47885.0,61971.0,0.227,0.16,0.29
362311,3623,Greenkeeper,True,55+ year olds,False,Almost completely male dominated,36428.0,52556.5,0.307,0.26,
362311,3623,Greenkeeper,True,Whole workforce,True,Almost completely male dominated,50830.0,61420.0,0.172,0.14,0.258
362411,3624,Nurseryperson,True,20-24 year olds,False,Gender balanced,48271.0,54719.0,0.118,-0.08,0.131
362411,3624,Nurseryperson,True,25-39 year olds,False,Gender balanced,49690.0,62343.0,0.203,0.16,0.323
362411,3624,Nurseryperson,True,40-54 year olds,False,Gender balanced,47192.0,64364.0,0.267,0.19,0.276
362411,3624,Nurseryperson,True,55+ year olds,False,Moderately male dominated,37410.0,51023.5,0.267,0.25,0.089
362411,3624,Nurseryperson,True,Whole workforce,True,Gender balanced,46600.0,59990.0,0.223,0.17,0.262
391111,3911,Hairdresser,True,20-24 year olds,False,Highly female dominated,45041.0,52478.5,0.142,-0.01,0.141
391111,3911,Hairdresser,True,25-39 year olds,False,Highly female dominated,38536.0,53411.5,0.279,0.2,0.307
391111,3911,Hairdresser,True,40-54 year olds,False,Highly female dominated,40407.5,52538.0,0.231,0.23,0.316
391111,3911,Hairdresser,True,55+ year olds,False,Highly female dominated,31399.5,43163.0,0.273,0.22,0.286
391111,3911,Hairdresser,True,Whole workforce,True,Highly female dominated,40430.0,52340.0,0.228,0.17,0.246
392111,3921,Print Finisher,False,20-24 year olds,False,Highly male dominated,49554.0,59409.0,0.166,0.06,0.146
392111,3921,Print Finisher,False,25-39 year olds,False,Moderately male dominated,48588.5,67124.0,0.276,0.1,0.349
392111,3921,Print Finisher,False,40-54 year olds,False,Moderately male dominated,49179.5,67128.0,0.267,0.13,0.336
392111,3921,Print Finisher,False,55+ year olds,False,Moderately male dominated,44747.0,57361.0,0.22,0.1,0.314
392111,3921,Print Finisher,False,Whole workforce,True,Moderately male dominated,48080.0,64160.0,0.251,0.1,0.332
392112,3921,Screen Printer,False,20-24 year olds,False,Highly male dominated,48795.0,53551.5,0.089,-0.14,0.334
392112,3921,Screen Printer,False,25-39 year olds,False,Highly male dominated,46663.0,62403.5,0.252,0.13,0.297
392112,3921,Screen Printer,False,40-54 year olds,False,Highly male dominated,52413.0,66187.0,0.208,0.13,0.281
392112,3921,Screen Printer,False,55+ year olds,False,Highly male dominated,40336.5,54751.5,0.263,-0.02,0.325
392112,3921,Screen Printer,False,Whole workforce,True,Highly male dominated,48030.0,61580.0,0.22,0.14,0.282
392211,3922,Graphic Pre-press Trades Worker,True,20-24 year olds,False,Gender balanced,60796.5,63515.0,0.043,0.09,0.123
392211,3922,Graphic Pre-press Trades Worker,True,25-39 year olds,False,Moderately male dominated,63235.0,75606.0,0.164,0.1,0.227
392211,3922,Graphic Pre-press Trades Worker,True,40-54 year olds,False,Moderately male dominated,60794.0,72304.5,0.159,0.17,0.189
392211,3922,Graphic Pre-press Trades Worker,True,55+ year olds,False,Highly male dominated,55208.0,61003.0,0.095,0.18,0.273
392211,3922,Graphic Pre-press Trades Worker,True,Whole workforce,True,Moderately male dominated,60280.0,70010.0,0.139,0.15,0.202
392311,3923,Printing Machinist,False,20-24 year olds,False,Highly male dominated,48855.5,68213.0,0.284,0.15,0.268
392311,3923,Printing Machinist,False,25-39 year olds,False,Highly male dominated,54174.0,75755.5,0.285,0.21,0.317
392311,3923,Printing Machinist,False,40-54 year olds,False,Highly male dominated,53771.0,75217.0,0.285,0.1,0.308
392311,3923,Printing Machinist,False,55+ year olds,False,Highly male dominated,48775.5,59197.0,0.176,0.01,0.085
392311,3923,Printing Machinist,False,Whole workforce,True,Highly male dominated,53210.0,71010.0,0.251,0.12,0.312
392312,3923,Small Offset Printer,False,20-24 year olds,False,Almost completely male dominated,,,,,0.124
392312,3923,Small Offset Printer,False,25-39 year olds,False,Highly male dominated,58556.0,74785.5,0.217,0.02,0.331
392312,3923,Small Offset Printer,False,40-54 year olds,False,Highly male dominated,55066.0,72573.5,0.241,0.0,0.281
392312,3923,Small Offset Printer,False,55+ year olds,False,Highly male dominated,30608.0,57354.0,0.466,-0.07,
392312,3923,Small Offset Printer,False,Whole workforce,True,Highly male dominated,54250.0,69050.0,0.214,0.06,0.277
393213,3932,Dressmaker or Tailor,True,20-24 year olds,False,Highly female dominated,52320.0,56867.5,0.08,0.05,0.202
393213,3932,Dressmaker or Tailor,True,25-39 year olds,False,Highly female dominated,54063.0,60091.0,0.1,0.19,0.255
393213,3932,Dressmaker or Tailor,True,40-54 year olds,False,Highly female dominated,47772.0,50868.5,0.061,0.09,0.266
393213,3932,Dressmaker or Tailor,True,55+ year olds,False,Highly female dominated,38245.0,50118.0,0.237,0.08,0.22
393213,3932,Dressmaker or Tailor,True,Whole workforce,True,Highly female dominated,47050.0,56660.0,0.17,0.06,0.216
393311,3933,Upholsterer,True,20-24 year olds,False,Highly male dominated,45760.0,55391.0,0.174,-0.02,0.275
393311,3933,Upholsterer,True,25-39 year olds,False,Highly male dominated,52986.0,62937.0,0.158,0.02,0.133
393311,3933,Upholsterer,True,40-54 year olds,False,Highly male dominated,52924.0,61033.5,0.133,0.25,0.172
393311,3933,Upholsterer,True,55+ year olds,False,Almost completely male dominated,44551.0,53586.0,0.169,0.13,0.133
393311,3933,Upholsterer,True,Whole workforce,True,Highly male dominated,50730.0,59150.0,0.142,0.14,0.166
394111,3941,Cabinetmaker,True,20-24 year olds,False,Almost completely male dominated,56663.0,65171.5,0.131,0.01,0.225
394111,3941,Cabinetmaker,True,25-39 year olds,False,Almost completely male dominated,60195.0,72286.0,0.167,0.22,0.22
394111,3941,Cabinetmaker,True,40-54 year olds,False,Almost completely male dominated,56145.0,69403.0,0.191,0.17,0.253
394111,3941,Cabinetmaker,True,55+ year olds,False,Almost completely male dominated,46305.5,58497.0,0.208,0.23,
394111,3941,Cabinetmaker,True,Whole workforce,True,Almost completely male dominated,57580.0,68940.0,0.165,0.16,0.233
399111,3991,Boat Builder and Repairer,True,20-24 year olds,False,Almost completely male dominated,,,,-0.05,
399111,3991,Boat Builder and Repairer,True,25-39 year olds,False,Almost completely male dominated,,,,0.08,0.401
399111,3991,Boat Builder and Repairer,True,40-54 year olds,False,Almost completely male dominated,,,,0.17,
399111,3991,Boat Builder and Repairer,True,55+ year olds,False,Almost completely male dominated,,,,,
399111,3991,Boat Builder and Repairer,True,Whole workforce,True,Almost completely male dominated,53510.0,72010.0,0.257,0.12,0.296
399211,3992,Chemical Plant Operator,False,20-24 year olds,False,Highly male dominated,104243.0,92536.5,-0.127,-0.3,-0.001
399211,3992,Chemical Plant Operator,False,25-39 year olds,False,Almost completely male dominated,96301.5,113266.0,0.15,0.02,0.273
399211,3992,Chemical Plant Operator,False,40-54 year olds,False,Almost completely male dominated,74683.0,116467.0,0.359,0.11,0.335
399211,3992,Chemical Plant Operator,False,55+ year olds,False,Almost completely male dominated,52641.5,92353.0,0.43,0.1,
399211,3992,Chemical Plant Operator,False,Whole workforce,True,Almost completely male dominated,81870.0,110120.0,0.257,0.03,0.306
399212,3992,Gas or Petroleum Operator,False,20-24 year olds,False,Moderately male dominated,104650.5,114828.5,0.089,-0.28,
399212,3992,Gas or Petroleum Operator,False,25-39 year olds,False,Highly male dominated,132380.0,144637.0,0.085,-0.06,0.3
399212,3992,Gas or Petroleum Operator,False,40-54 year olds,False,Almost completely male dominated,126247.0,163383.0,0.227,0.11,0.499
399212,3992,Gas or Petroleum Operator,False,55+ year olds,False,Almost completely male dominated,87613.0,107813.5,0.187,0.24,
399212,3992,Gas or Petroleum Operator,False,Whole workforce,True,Almost completely male dominated,123170.0,145220.0,0.152,0.01,0.309
399213,3992,Power Generation Plant Operator,False,20-24 year olds,False,Moderately male dominated,136255.0,110591.0,-0.232,,
399213,3992,Power Generation Plant Operator,False,25-39 year olds,False,Almost completely male dominated,131087.0,153387.5,0.145,-0.21,0.245
399213,3992,Power Generation Plant Operator,False,40-54 year olds,False,Almost completely male dominated,141025.0,175146.5,0.195,0.07,0.358
399213,3992,Power Generation Plant Operator,False,55+ year olds,False,Almost completely male dominated,,,,,
399213,3992,Power Generation Plant Operator,False,Whole workforce,True,Almost completely male dominated,130110.0,160210.0,0.188,-0.1,0.313
399312,3993,Library Technician,True,20-24 year olds,False,Highly female dominated,63808.5,64842.5,0.016,-0.26,0.009
399312,3993,Library Technician,True,25-39 year olds,False,Highly female dominated,60379.0,72884.0,0.172,0.06,0.189
399312,3993,Library Technician,True,40-54 year olds,False,Highly female dominated,61415.5,70854.5,0.133,0.13,0.162
399312,3993,Library Technician,True,55+ year olds,False,Almost completely female dominated,48968.0,60769.0,0.194,0.08,-0.009
399312,3993,Library Technician,True,Whole workforce,True,Highly female dominated,57770.0,69770.0,0.172,0.08,0.161
399411,3994,Jeweller,True,20-24 year olds,False,Moderately female dominated,54191.0,58630.0,0.076,0.03,0.136
399411,3994,Jeweller,True,25-39 year olds,False,Moderately female dominated,48151.0,69127.0,0.303,0.23,0.317
399411,3994,Jeweller,True,40-54 year olds,False,Gender balanced,50746.0,71525.0,0.291,0.19,0.192
399411,3994,Jeweller,True,55+ year olds,False,Highly male dominated,38925.0,61281.0,0.365,0.11,0.232
399411,3994,Jeweller,True,Whole workforce,True,Gender balanced,48570.0,66670.0,0.271,0.18,0.235
399512,3995,"Camera Operator (Film, Television or Video)",False,20-24 year olds,False,Highly male dominated,65059.0,66928.5,0.028,-0.12,0.118
399512,3995,"Camera Operator (Film, Television or Video)",False,25-39 year olds,False,Highly male dominated,52442.0,75461.0,0.305,0.13,0.378
399512,3995,"Camera Operator (Film, Television or Video)",False,40-54 year olds,False,Almost completely male dominated,71452.0,81217.0,0.12,0.29,0.219
399512,3995,"Camera Operator (Film, Television or Video)",False,55+ year olds,False,Almost completely male dominated,,,,-0.09,
399512,3995,"Camera Operator (Film, Television or Video)",False,Whole workforce,True,Highly male dominated,60800.0,73870.0,0.177,0.16,0.246
399513,3995,Light Technician,False,20-24 year olds,False,Highly male dominated,59570.5,68796.5,0.134,-0.07,0.207
399513,3995,Light Technician,False,25-39 year olds,False,Highly male dominated,67111.0,80008.0,0.161,0.3,0.17
399513,3995,Light Technician,False,40-54 year olds,False,Almost completely male dominated,64225.5,81508.0,0.212,-0.1,0.368
399513,3995,Light Technician,False,55+ year olds,False,Almost completely male dominated,,,,,
399513,3995,Light Technician,False,Whole workforce,True,Highly male dominated,63230.0,76740.0,0.176,0.23,0.245
399514,3995,Make Up Artist,False,20-24 year olds,False,Almost completely female dominated,,,,0.32,0.181
399514,3995,Make Up Artist,False,25-39 year olds,False,Almost completely female dominated,43871.5,61835.5,0.291,0.44,0.144
399514,3995,Make Up Artist,False,40-54 year olds,False,Almost completely female dominated,53157.0,63840.0,0.167,0.24,0.436
399514,3995,Make Up Artist,False,55+ year olds,False,Highly female dominated,,,,,
399514,3995,Make Up Artist,False,Whole workforce,True,Almost completely female dominated,49210.0,61300.0,0.197,0.35,0.211
399516,3995,Sound Technician,False,20-24 year olds,False,Highly male dominated,53289.0,66501.0,0.199,-0.47,0.071
399516,3995,Sound Technician,False,25-39 year olds,False,Almost completely male dominated,68730.0,76035.0,0.096,0.05,0.202
399516,3995,Sound Technician,False,40-54 year olds,False,Almost completely male dominated,72252.0,79716.0,0.094,0.05,0.058
399516,3995,Sound Technician,False,55+ year olds,False,Almost completely male dominated,57548.0,64920.0,0.114,-0.24,
399516,3995,Sound Technician,False,Whole workforce,True,Almost completely male dominated,64670.0,74930.0,0.137,0.01,0.14
399611,3996,Signwriter,True,20-24 year olds,False,Highly male dominated,47431.0,65414.0,0.275,-0.08,0.211
399611,3996,Signwriter,True,25-39 year olds,False,Highly male dominated,56861.5,69351.5,0.18,0.12,0.219
399611,3996,Signwriter,True,40-54 year olds,False,Highly male dominated,64602.0,69587.0,0.072,0.14,0.193
399611,3996,Signwriter,True,55+ year olds,False,Almost completely male dominated,48159.0,60435.0,0.203,0.16,
399611,3996,Signwriter,True,Whole workforce,True,Highly male dominated,56060.0,67470.0,0.169,0.13,0.219
399911,3999,Diver,False,20-24 year olds,False,Highly male dominated,63210.0,80714.0,0.217,-0.37,0.297
399911,3999,Diver,False,25-39 year olds,False,Almost completely male dominated,55802.0,89696.0,0.378,0.22,0.483
399911,3999,Diver,False,40-54 year olds,False,Almost completely male dominated,58543.0,91975.0,0.363,,0.351
399911,3999,Diver,False,55+ year olds,False,Almost completely male dominated,,,,,
399911,3999,Diver,False,Whole workforce,True,Almost completely male dominated,57260.0,88890.0,0.356,0.2,0.442
399913,3999,Optical Dispenser (Aus) \ Dispensing Optician (NZ),False,20-24 year olds,False,Highly female dominated,58684.0,66212.5,0.114,-0.13,0.143
399913,3999,Optical Dispenser (Aus) \ Dispensing Optician (NZ),False,25-39 year olds,False,Highly female dominated,49122.0,61772.0,0.205,0.07,0.293
399913,3999,Optical Dispenser (Aus) \ Dispensing Optician (NZ),False,40-54 year olds,False,Highly female dominated,51307.0,66861.5,0.233,0.24,0.275
399913,3999,Optical Dispenser (Aus) \ Dispensing Optician (NZ),False,55+ year olds,False,Moderately female dominated,40872.0,56333.5,0.274,0.17,0.279
399913,3999,Optical Dispenser (Aus) \ Dispensing Optician (NZ),False,Whole workforce,True,Highly female dominated,51330.0,63930.0,0.197,0.11,0.243
399918,3999,Fire Protection Equipment Technician,False,20-24 year olds,False,Almost completely male dominated,67693.0,104741.5,0.354,-0.04,
399918,3999,Fire Protection Equipment Technician,False,25-39 year olds,False,Almost completely male dominated,74216.0,104460.5,0.29,0.02,
399918,3999,Fire Protection Equipment Technician,False,40-54 year olds,False,Almost completely male dominated,58466.5,93965.0,0.378,0.08,
399918,3999,Fire Protection Equipment Technician,False,55+ year olds,False,Almost completely male dominated,,,,-0.11,
399918,3999,Fire Protection Equipment Technician,False,Whole workforce,True,Almost completely male dominated,67070.0,98380.0,0.318,0.06,0.329
399999,3999,Technicians and Trades Workers nec,False,20-24 year olds,False,Highly male dominated,63843.0,71075.5,0.102,0.12,0.199
399999,3999,Technicians and Trades Workers nec,False,25-39 year olds,False,Highly male dominated,63543.0,83884.0,0.242,0.19,0.229
399999,3999,Technicians and Trades Workers nec,False,40-54 year olds,False,Highly male dominated,62523.0,83232.0,0.249,0.16,0.242
399999,3999,Technicians and Trades Workers nec,False,55+ year olds,False,Almost completely male dominated,53192.0,68562.0,0.224,0.19,0.104
399999,3999,Technicians and Trades Workers nec,False,Whole workforce,True,Highly male dominated,62520.0,80460.0,0.223,0.17,0.233
411111,4111,Ambulance Officer,True,20-24 year olds,False,Moderately female dominated,126996.0,136524.0,0.07,-0.04,0.138
411111,4111,Ambulance Officer,True,25-39 year olds,False,Gender balanced,114489.0,140170.0,0.183,0.05,0.224
411111,4111,Ambulance Officer,True,40-54 year olds,False,Moderately male dominated,119230.0,140475.5,0.151,0.11,0.176
411111,4111,Ambulance Officer,True,55+ year olds,False,Highly male dominated,71924.0,99813.0,0.279,0.04,0.175
411111,4111,Ambulance Officer,True,Whole workforce,True,Gender balanced,117050.0,136950.0,0.145,0.05,0.205
411211,4112,Dental Hygienist,False,20-24 year olds,False,Highly female dominated,86127.0,101864.0,0.154,,0.333
411211,4112,Dental Hygienist,False,25-39 year olds,False,Almost completely female dominated,66756.0,94908.0,0.297,0.27,0.368
411211,4112,Dental Hygienist,False,40-54 year olds,False,Almost completely female dominated,75840.0,89123.5,0.149,-2.3,
411211,4112,Dental Hygienist,False,55+ year olds,False,Almost completely female dominated,,,,,
411211,4112,Dental Hygienist,False,Whole workforce,True,Almost completely female dominated,70950.0,94940.0,0.253,0.14,0.274
411213,4112,Dental Technician,False,20-24 year olds,False,Gender balanced,56368.0,65646.0,0.141,0.0,0.107
411213,4112,Dental Technician,False,25-39 year olds,False,Gender balanced,61149.0,76974.0,0.206,0.13,0.307
411213,4112,Dental Technician,False,40-54 year olds,False,Moderately male dominated,66420.5,86621.0,0.233,0.24,0.191
411213,4112,Dental Technician,False,55+ year olds,False,Highly male dominated,61995.0,67346.5,0.079,0.18,0.143
411213,4112,Dental Technician,False,Whole workforce,True,Gender balanced,61880.0,77640.0,0.203,0.14,0.25
411214,4112,Dental Therapist,False,20-24 year olds,False,Highly female dominated,93521.0,92446.0,-0.012,0.02,0.02
411214,4112,Dental Therapist,False,25-39 year olds,False,Highly female dominated,72279.5,97450.0,0.258,0.14,0.32
411214,4112,Dental Therapist,False,40-54 year olds,False,Almost completely female dominated,81417.0,102138.0,0.203,0.23,0.177
411214,4112,Dental Therapist,False,55+ year olds,False,Almost completely female dominated,,,,0.29,
411214,4112,Dental Therapist,False,Whole workforce,True,Almost completely female dominated,77820.0,97210.0,0.199,0.12,0.21
411311,4113,Diversional Therapist,True,20-24 year olds,False,Moderately female dominated,,,,0.06,
411311,4113,Diversional Therapist,True,25-39 year olds,False,Highly female dominated,56568.0,67893.0,0.167,0.13,0.255
411311,4113,Diversional Therapist,True,40-54 year olds,False,Almost completely female dominated,54912.5,59345.0,0.075,0.02,0.122
411311,4113,Diversional Therapist,True,55+ year olds,False,Almost completely female dominated,46191.0,51807.5,0.108,0.01,
411311,4113,Diversional Therapist,True,Whole workforce,True,Highly female dominated,52680.0,59350.0,0.112,0.02,0.201
411411,4114,Enrolled Nurse,True,20-24 year olds,False,Highly female dominated,68417.0,80648.0,0.152,0.0,0.206
411411,4114,Enrolled Nurse,True,25-39 year olds,False,Highly female dominated,64940.0,84291.0,0.23,0.14,0.216
411411,4114,Enrolled Nurse,True,40-54 year olds,False,Highly female dominated,70032.0,78189.5,0.104,0.07,0.12
411411,4114,Enrolled Nurse,True,55+ year olds,False,Almost completely female dominated,60955.0,68237.5,0.107,0.09,0.082
411411,4114,Enrolled Nurse,True,Whole workforce,True,Highly female dominated,66430.0,80450.0,0.174,0.1,0.166
411511,4115,Aboriginal and Torres Strait Islander Health Worker,True,20-24 year olds,False,Moderately female dominated,56404.0,53495.5,-0.054,0.08,0.005
411511,4115,Aboriginal and Torres Strait Islander Health Worker,True,25-39 year olds,False,Moderately female dominated,67480.0,75878.0,0.111,0.04,0.143
411511,4115,Aboriginal and Torres Strait Islander Health Worker,True,40-54 year olds,False,Moderately female dominated,76385.0,76485.0,0.001,0.01,0.036
411511,4115,Aboriginal and Torres Strait Islander Health Worker,True,55+ year olds,False,Moderately female dominated,70508.0,77265.0,0.087,0.03,0.043
411511,4115,Aboriginal and Torres Strait Islander Health Worker,True,Whole workforce,True,Moderately female dominated,70600.0,74640.0,0.054,0.05,0.054
411611,4116,Massage Therapist,True,20-24 year olds,False,Moderately female dominated,42675.5,50700.0,0.158,0.0,0.1
411611,4116,Massage Therapist,True,25-39 year olds,False,Highly female dominated,37692.0,42321.0,0.109,0.14,0.188
411611,4116,Massage Therapist,True,40-54 year olds,False,Highly female dominated,31949.5,39207.0,0.185,0.08,0.12
411611,4116,Massage Therapist,True,55+ year olds,False,Moderately female dominated,23953.0,22049.5,-0.086,0.11,0.237
411611,4116,Massage Therapist,True,Whole workforce,True,Highly female dominated,35710.0,41130.0,0.132,0.1,0.145
411711,4117,Community Worker,False,20-24 year olds,False,Highly female dominated,65651.5,63396.5,-0.036,-0.1,0.015
411711,4117,Community Worker,False,25-39 year olds,False,Highly female dominated,66366.0,78642.5,0.156,0.08,0.124
411711,4117,Community Worker,False,40-54 year olds,False,Highly female dominated,63385.0,71541.0,0.114,0.07,0.131
411711,4117,Community Worker,False,55+ year olds,False,Highly female dominated,48936.5,56224.0,0.13,0.03,0.101
411711,4117,Community Worker,False,Whole workforce,True,Highly female dominated,62570.0,71640.0,0.127,0.06,0.116
411712,4117,Disabilities Services Officer,False,20-24 year olds,False,Highly female dominated,63682.0,71355.0,0.108,-0.07,0.121
411712,4117,Disabilities Services Officer,False,25-39 year olds,False,Highly female dominated,67204.0,83306.0,0.193,0.07,0.188
411712,4117,Disabilities Services Officer,False,40-54 year olds,False,Highly female dominated,68644.5,77714.0,0.117,0.09,0.077
411712,4117,Disabilities Services Officer,False,55+ year olds,False,Moderately female dominated,58715.0,62057.0,0.054,0.02,0.018
411712,4117,Disabilities Services Officer,False,Whole workforce,True,Highly female dominated,66130.0,77060.0,0.142,0.06,0.125
411713,4117,Family Support Worker,False,20-24 year olds,False,Highly female dominated,69804.0,66126.0,-0.056,0.11,0.135
411713,4117,Family Support Worker,False,25-39 year olds,False,Highly female dominated,70377.0,80348.0,0.124,0.08,0.121
411713,4117,Family Support Worker,False,40-54 year olds,False,Highly female dominated,72597.5,78540.5,0.076,0.05,0.111
411713,4117,Family Support Worker,False,55+ year olds,False,Highly female dominated,65195.5,72664.0,0.103,0.08,0.129
411713,4117,Family Support Worker,False,Whole workforce,True,Highly female dominated,70680.0,77100.0,0.083,0.06,0.119
411714,4117,Parole or Probation Officer,False,20-24 year olds,False,Highly female dominated,90578.0,95516.0,0.052,-0.07,0.085
411714,4117,Parole or Probation Officer,False,25-39 year olds,False,Highly female dominated,93091.0,101520.0,0.083,0.04,0.154
411714,4117,Parole or Probation Officer,False,40-54 year olds,False,Moderately female dominated,100774.5,100046.5,-0.007,0.05,0.045
411714,4117,Parole or Probation Officer,False,55+ year olds,False,Moderately female dominated,85976.0,93676.5,0.082,-0.08,-0.103
411714,4117,Parole or Probation Officer,False,Whole workforce,True,Moderately female dominated,94420.0,99500.0,0.051,0.0,0.132
411715,4117,Residential Care Officer,False,20-24 year olds,False,Moderately female dominated,73353.5,71970.0,-0.019,-0.01,0.053
411715,4117,Residential Care Officer,False,25-39 year olds,False,Moderately female dominated,72289.5,88704.0,0.185,0.05,0.11
411715,4117,Residential Care Officer,False,40-54 year olds,False,Moderately female dominated,76561.0,83626.5,0.084,0.1,0.15
411715,4117,Residential Care Officer,False,55+ year olds,False,Moderately female dominated,61932.0,77589.0,0.202,0.02,0.134
411715,4117,Residential Care Officer,False,Whole workforce,True,Moderately female dominated,71640.0,82110.0,0.128,0.04,0.112
411716,4117,Youth Worker,False,20-24 year olds,False,Moderately female dominated,67982.0,67464.0,-0.008,-0.01,0.04
411716,4117,Youth Worker,False,25-39 year olds,False,Gender balanced,73199.0,81725.0,0.104,0.06,0.146
411716,4117,Youth Worker,False,40-54 year olds,False,Gender balanced,77472.5,83121.0,0.068,0.07,0.119
411716,4117,Youth Worker,False,55+ year olds,False,Gender balanced,68040.5,69498.5,0.021,0.01,0.129
411716,4117,Youth Worker,False,Whole workforce,True,Gender balanced,73570.0,79130.0,0.07,0.06,0.129
421111,4211,Child Care Worker,False,20-24 year olds,False,Almost completely female dominated,50672.5,56836.0,0.108,-0.27,0.109
421111,4211,Child Care Worker,False,25-39 year olds,False,Almost completely female dominated,48205.0,57063.5,0.155,0.02,0.22
421111,4211,Child Care Worker,False,40-54 year olds,False,Almost completely female dominated,48923.5,54475.0,0.102,0.11,0.159
421111,4211,Child Care Worker,False,55+ year olds,False,Almost completely female dominated,36797.5,41726.5,0.118,0.1,-0.06
421111,4211,Child Care Worker,False,Whole workforce,True,Almost completely female dominated,48340.0,56240.0,0.14,-0.06,0.169
421112,4211,Family Day Care Worker,False,20-24 year olds,False,Almost completely female dominated,50130.0,65993.5,0.24,-0.25,0.105
421112,4211,Family Day Care Worker,False,25-39 year olds,False,Almost completely female dominated,50012.0,62384.0,0.198,-0.02,0.199
421112,4211,Family Day Care Worker,False,40-54 year olds,False,Almost completely female dominated,48757.0,61872.5,0.212,-0.2,0.133
421112,4211,Family Day Care Worker,False,55+ year olds,False,Almost completely female dominated,,,,-0.12,
421112,4211,Family Day Care Worker,False,Whole workforce,True,Almost completely female dominated,48570.0,62230.0,0.22,-0.28,0.146
421113,4211,Nanny,False,20-24 year olds,False,Almost completely female dominated,51567.5,59563.5,0.134,-0.8,0.209
421113,4211,Nanny,False,25-39 year olds,False,Almost completely female dominated,44611.0,58979.0,0.244,-0.03,0.241
421113,4211,Nanny,False,40-54 year olds,False,Almost completely female dominated,43404.0,69361.5,0.374,0.44,0.276
421113,4211,Nanny,False,55+ year olds,False,Almost completely female dominated,,,,,
421113,4211,Nanny,False,Whole workforce,True,Almost completely female dominated,44430.0,58980.0,0.247,-0.19,0.261
421114,4211,Out of School Hours Care Worker,False,20-24 year olds,False,Moderately female dominated,63677.5,62819.0,-0.014,-0.11,0.115
421114,4211,Out of School Hours Care Worker,False,25-39 year olds,False,Highly female dominated,50884.0,61238.0,0.169,-0.1,0.225
421114,4211,Out of School Hours Care Worker,False,40-54 year olds,False,Almost completely female dominated,49092.5,50540.0,0.029,-0.25,0.112
421114,4211,Out of School Hours Care Worker,False,55+ year olds,False,Almost completely female dominated,32021.5,58148.0,0.449,0.0,
421114,4211,Out of School Hours Care Worker,False,Whole workforce,True,Highly female dominated,53590.0,61510.0,0.129,-0.2,0.183
422111,4221,Aboriginal and Torres Strait Islander Education Worker,False,20-24 year olds,False,Moderately female dominated,57174.0,61613.0,0.072,0.03,0.066
422111,4221,Aboriginal and Torres Strait Islander Education Worker,False,25-39 year olds,False,Moderately female dominated,57395.0,72513.0,0.208,0.18,0.201
422111,4221,Aboriginal and Torres Strait Islander Education Worker,False,40-54 year olds,False,Highly female dominated,60639.5,70316.0,0.138,0.06,0.145
422111,4221,Aboriginal and Torres Strait Islander Education Worker,False,55+ year olds,False,Highly female dominated,58967.5,53603.5,-0.1,0.1,-0.124
422111,4221,Aboriginal and Torres Strait Islander Education Worker,False,Whole workforce,True,Highly female dominated,59260.0,68700.0,0.137,0.08,0.153
422112,4221,Integration Aide,False,20-24 year olds,False,Moderately female dominated,51619.0,50568.0,-0.021,-0.04,0.052
422112,4221,Integration Aide,False,25-39 year olds,False,Highly female dominated,44991.5,56975.5,0.21,0.11,0.339
422112,4221,Integration Aide,False,40-54 year olds,False,Almost completely female dominated,44785.0,48839.0,0.083,0.1,0.037
422112,4221,Integration Aide,False,55+ year olds,False,Almost completely female dominated,37217.5,41399.0,0.101,0.04,
422112,4221,Integration Aide,False,Whole workforce,True,Almost completely female dominated,44010.0,50680.0,0.132,0.05,0.211
422115,4221,Preschool Aide,False,20-24 year olds,False,Almost completely female dominated,51248.5,44597.0,-0.149,0.29,
422115,4221,Preschool Aide,False,25-39 year olds,False,Almost completely female dominated,40773.0,52257.0,0.22,0.31,0.297
422115,4221,Preschool Aide,False,40-54 year olds,False,Almost completely female dominated,38777.0,43887.0,0.116,,0.134
422115,4221,Preschool Aide,False,55+ year olds,False,Almost completely female dominated,,,,0.04,
422115,4221,Preschool Aide,False,Whole workforce,True,Almost completely female dominated,38030.0,48660.0,0.218,-0.07,0.275
422116,4221,Teachers' Aide,False,20-24 year olds,False,Moderately female dominated,52965.0,60137.5,0.119,-0.02,0.144
422116,4221,Teachers' Aide,False,25-39 year olds,False,Highly female dominated,44705.0,60007.0,0.255,0.1,0.292
422116,4221,Teachers' Aide,False,40-54 year olds,False,Almost completely female dominated,46655.0,55374.5,0.157,0.12,0.194
422116,4221,Teachers' Aide,False,55+ year olds,False,Almost completely female dominated,40539.0,45681.0,0.113,0.06,0.084
422116,4221,Teachers' Aide,False,Whole workforce,True,Highly female dominated,45470.0,56230.0,0.191,0.04,0.206
423111,4231,Aged or Disabled Carer,True,20-24 year olds,False,Highly female dominated,59631.0,66812.0,0.107,0.01,0.175
423111,4231,Aged or Disabled Carer,True,25-39 year olds,False,Moderately female dominated,58417.0,75128.5,0.222,0.14,0.264
423111,4231,Aged or Disabled Carer,True,40-54 year olds,False,Highly female dominated,54682.0,68297.5,0.199,0.14,0.202
423111,4231,Aged or Disabled Carer,True,55+ year olds,False,Highly female dominated,44782.0,53814.0,0.168,0.08,0.127
423111,4231,Aged or Disabled Carer,True,Whole workforce,True,Highly female dominated,53920.0,68120.0,0.208,0.11,0.215
423211,4232,Dental Assistant,True,20-24 year olds,False,Almost completely female dominated,51746.0,67048.0,0.228,-0.6,0.201
423211,4232,Dental Assistant,True,25-39 year olds,False,Almost completely female dominated,46686.5,63798.0,0.268,-0.06,0.24
423211,4232,Dental Assistant,True,40-54 year olds,False,Almost completely female dominated,52445.0,65279.0,0.197,0.09,0.193
423211,4232,Dental Assistant,True,55+ year olds,False,Almost completely female dominated,42980.0,40384.0,-0.064,0.18,0.334
423211,4232,Dental Assistant,True,Whole workforce,True,Almost completely female dominated,49140.0,64340.0,0.236,-0.15,0.214
423311,4233,Hospital Orderly,False,20-24 year olds,False,Moderately male dominated,58283.0,61293.0,0.049,0.01,0.129
423311,4233,Hospital Orderly,False,25-39 year olds,False,Moderately male dominated,59142.0,69016.5,0.143,0.09,0.226
423311,4233,Hospital Orderly,False,40-54 year olds,False,Gender balanced,62163.5,69446.5,0.105,0.12,0.13
423311,4233,Hospital Orderly,False,55+ year olds,False,Gender balanced,56168.0,62136.0,0.096,0.07,0.138
423311,4233,Hospital Orderly,False,Whole workforce,True,Moderately male dominated,59730.0,66630.0,0.104,0.08,0.146
423312,4233,Nursing Support Worker,False,20-24 year olds,False,Highly female dominated,71234.0,75883.0,0.061,0.05,0.179
423312,4233,Nursing Support Worker,False,25-39 year olds,False,Highly female dominated,64384.0,77592.0,0.17,0.09,0.203
423312,4233,Nursing Support Worker,False,40-54 year olds,False,Highly female dominated,60422.0,70879.0,0.148,0.06,0.132
423312,4233,Nursing Support Worker,False,55+ year olds,False,Highly female dominated,53238.0,57892.0,0.08,0.07,0.114
423312,4233,Nursing Support Worker,False,Whole workforce,True,Highly female dominated,62020.0,72750.0,0.147,0.07,0.163
423313,4233,Personal Care Assistant,False,20-24 year olds,False,Highly female dominated,63246.5,68760.0,0.08,-0.1,0.173
423313,4233,Personal Care Assistant,False,25-39 year olds,False,Highly female dominated,57579.0,72845.0,0.21,0.1,0.219
423313,4233,Personal Care Assistant,False,40-54 year olds,False,Highly female dominated,54781.0,68034.0,0.195,0.1,0.143
423313,4233,Personal Care Assistant,False,55+ year olds,False,Highly female dominated,45154.0,54085.5,0.165,0.02,0.104
423313,4233,Personal Care Assistant,False,Whole workforce,True,Highly female dominated,55170.0,68420.0,0.194,0.07,0.18
423314,4233,Therapy Aide,False,20-24 year olds,False,Highly female dominated,71207.0,71798.5,0.008,-0.1,0.125
423314,4233,Therapy Aide,False,25-39 year olds,False,Highly female dominated,52281.0,70295.0,0.256,0.07,0.247
423314,4233,Therapy Aide,False,40-54 year olds,False,Highly female dominated,53806.0,67698.0,0.205,0.17,0.206
423314,4233,Therapy Aide,False,55+ year olds,False,Highly female dominated,46274.0,55851.0,0.171,0.17,0.218
423314,4233,Therapy Aide,False,Whole workforce,True,Highly female dominated,53620.0,68230.0,0.214,0.07,0.215
423411,4234,Child or Youth Residential Care Assistant,True,20-24 year olds,False,Highly female dominated,68473.0,70715.5,0.032,0.19,0.219
423411,4234,Child or Youth Residential Care Assistant,True,25-39 year olds,False,Moderately female dominated,66479.5,79457.5,0.163,0.02,0.337
423411,4234,Child or Youth Residential Care Assistant,True,40-54 year olds,False,Moderately female dominated,66369.0,75718.0,0.123,-0.14,0.323
423411,4234,Child or Youth Residential Care Assistant,True,55+ year olds,False,Highly female dominated,49647.5,67247.0,0.262,0.04,0.293
423411,4234,Child or Youth Residential Care Assistant,True,Whole workforce,True,Moderately female dominated,65960.0,75400.0,0.125,0.09,0.308
431111,4311,Bar Attendant,False,20-24 year olds,False,Gender balanced,53977.5,59415.5,0.092,-0.01,0.123
431111,4311,Bar Attendant,False,25-39 year olds,False,Gender balanced,49475.5,61117.0,0.19,0.1,0.251
431111,4311,Bar Attendant,False,40-54 year olds,False,Moderately female dominated,48007.0,56556.5,0.151,0.11,0.174
431111,4311,Bar Attendant,False,55+ year olds,False,Gender balanced,39079.0,40390.0,0.032,0.08,0.053
431111,4311,Bar Attendant,False,Whole workforce,True,Gender balanced,50260.0,59210.0,0.151,0.04,0.179
431112,4311,Barista,False,20-24 year olds,False,Highly female dominated,50416.5,54096.0,0.068,-0.04,0.057
431112,4311,Barista,False,25-39 year olds,False,Moderately female dominated,45111.0,54137.0,0.167,0.1,0.166
431112,4311,Barista,False,40-54 year olds,False,Moderately female dominated,42714.5,49222.0,0.132,0.15,0.164
431112,4311,Barista,False,55+ year olds,False,Moderately female dominated,32673.0,48140.5,0.321,0.21,-0.146
431112,4311,Barista,False,Whole workforce,True,Moderately female dominated,47160.0,53720.0,0.122,0.09,0.102
431211,4312,Cafe Worker,True,20-24 year olds,False,Highly female dominated,52714.0,54832.5,0.039,-0.04,0.128
431211,4312,Cafe Worker,True,25-39 year olds,False,Highly female dominated,44246.0,54938.0,0.195,0.13,0.266
431211,4312,Cafe Worker,True,40-54 year olds,False,Almost completely female dominated,38054.0,49226.0,0.227,0.21,0.241
431211,4312,Cafe Worker,True,55+ year olds,False,Highly female dominated,30999.0,36615.5,0.153,0.27,0.168
431211,4312,Cafe Worker,True,Whole workforce,True,Highly female dominated,44160.0,53850.0,0.18,0.05,0.243
431311,4313,Gaming Worker,True,20-24 year olds,False,Moderately male dominated,59583.5,65606.0,0.092,0.03,0.113
431311,4313,Gaming Worker,True,25-39 year olds,False,Moderately male dominated,58475.0,70317.0,0.168,0.06,0.256
431311,4313,Gaming Worker,True,40-54 year olds,False,Gender balanced,58863.0,73683.0,0.201,0.14,0.253
431311,4313,Gaming Worker,True,55+ year olds,False,Gender balanced,47246.0,65733.0,0.281,0.09,0.318
431311,4313,Gaming Worker,True,Whole workforce,True,Moderately male dominated,57600.0,69920.0,0.176,0.08,0.212
431411,4314,Hotel Service Manager,True,20-24 year olds,False,Moderately female dominated,59586.5,66544.5,0.105,-0.02,0.033
431411,4314,Hotel Service Manager,True,25-39 year olds,False,Moderately female dominated,62581.0,71280.0,0.122,0.06,0.114
431411,4314,Hotel Service Manager,True,40-54 year olds,False,Moderately female dominated,61400.0,66769.0,0.08,0.08,0.055
431411,4314,Hotel Service Manager,True,55+ year olds,False,Moderately female dominated,54621.5,53476.0,-0.021,0.13,-0.07
431411,4314,Hotel Service Manager,True,Whole workforce,True,Moderately female dominated,61030.0,67800.0,0.1,0.05,0.08
431511,4315,Waiter,True,20-24 year olds,False,Moderately female dominated,54385.5,57385.0,0.052,0.0,0.09
431511,4315,Waiter,True,25-39 year olds,False,Moderately female dominated,47976.0,58565.0,0.181,0.1,0.249
431511,4315,Waiter,True,40-54 year olds,False,Highly female dominated,43123.0,52085.0,0.172,0.14,0.188
431511,4315,Waiter,True,55+ year olds,False,Highly female dominated,32674.0,38192.5,0.144,0.12,0.206
431511,4315,Waiter,True,Whole workforce,True,Moderately female dominated,49670.0,56660.0,0.123,0.07,0.171
431911,4319,Bar Useful or Busser,False,20-24 year olds,False,Highly male dominated,51796.5,55030.0,0.059,0.21,0.112
431911,4319,Bar Useful or Busser,False,25-39 year olds,False,Highly male dominated,46695.0,58119.0,0.197,,0.28
431911,4319,Bar Useful or Busser,False,40-54 year olds,False,Gender balanced,46339.5,46290.0,-0.001,,0.107
431911,4319,Bar Useful or Busser,False,55+ year olds,False,Moderately female dominated,36788.0,34308.5,-0.072,,-0.217
431911,4319,Bar Useful or Busser,False,Whole workforce,True,Highly male dominated,48070.0,54720.0,0.122,0.31,0.163
431912,4319,Doorperson or Luggage Porter,False,20-24 year olds,False,Moderately male dominated,57955.0,59725.5,0.03,0.34,0.126
431912,4319,Doorperson or Luggage Porter,False,25-39 year olds,False,Highly male dominated,50188.5,61883.0,0.189,0.21,0.298
431912,4319,Doorperson or Luggage Porter,False,40-54 year olds,False,Highly male dominated,40401.0,60118.5,0.328,0.11,0.354
431912,4319,Doorperson or Luggage Porter,False,55+ year olds,False,Highly male dominated,25303.0,48259.0,0.476,0.01,0.509
431912,4319,Doorperson or Luggage Porter,False,Whole workforce,True,Highly male dominated,48480.0,59200.0,0.181,0.25,0.311
431999,4319,Hospitality Workers nec,False,20-24 year olds,False,Moderately female dominated,55491.5,59624.5,0.069,-0.32,0.115
431999,4319,Hospitality Workers nec,False,25-39 year olds,False,Moderately female dominated,54119.0,64719.5,0.164,0.07,0.24
431999,4319,Hospitality Workers nec,False,40-54 year olds,False,Moderately female dominated,51574.0,61983.0,0.168,0.26,0.177
431999,4319,Hospitality Workers nec,False,55+ year olds,False,Gender balanced,44085.0,50931.0,0.134,-0.03,0.071
431999,4319,Hospitality Workers nec,False,Whole workforce,True,Moderately female dominated,53130.0,61960.0,0.143,0.13,0.186
441111,4411,Defence Force Member - Other Ranks,True,20-24 year olds,False,Highly male dominated,79405.5,83064.0,0.044,0.07,0.066
441111,4411,Defence Force Member - Other Ranks,True,25-39 year olds,False,Highly male dominated,83563.0,93564.0,0.107,0.04,0.124
441111,4411,Defence Force Member - Other Ranks,True,40-54 year olds,False,Highly male dominated,81915.0,92313.0,0.113,0.05,0.16
441111,4411,Defence Force Member - Other Ranks,True,55+ year olds,False,Highly male dominated,48373.0,48587.0,0.004,0.01,
441111,4411,Defence Force Member - Other Ranks,True,Whole workforce,True,Highly male dominated,81660.0,89630.0,0.089,0.04,0.095
441211,4412,Emergency Service Worker,False,20-24 year olds,False,Gender balanced,89622.5,105608.0,0.151,0.5,0.131
441211,4412,Emergency Service Worker,False,25-39 year olds,False,Moderately male dominated,93684.0,118884.0,0.212,0.07,0.259
441211,4412,Emergency Service Worker,False,40-54 year olds,False,Highly male dominated,104762.0,127905.0,0.181,0.14,0.203
441211,4412,Emergency Service Worker,False,55+ year olds,False,Highly male dominated,85505.5,102653.0,0.167,0.14,0.437
441211,4412,Emergency Service Worker,False,Whole workforce,True,Highly male dominated,96380.0,120580.0,0.201,0.19,0.241
441212,4412,Fire Fighter,False,20-24 year olds,False,Highly male dominated,73747.0,85040.0,0.133,-0.11,0.334
441212,4412,Fire Fighter,False,25-39 year olds,False,Highly male dominated,99559.0,119416.0,0.166,0.08,0.156
441212,4412,Fire Fighter,False,40-54 year olds,False,Almost completely male dominated,104571.5,125877.0,0.169,0.1,0.203
441212,4412,Fire Fighter,False,55+ year olds,False,Almost completely male dominated,73171.0,109212.0,0.33,0.14,0.392
441212,4412,Fire Fighter,False,Whole workforce,True,Almost completely male dominated,97500.0,120560.0,0.191,0.07,0.19
441311,4413,Detective,False,20-24 year olds,False,Almost completely male dominated,100552.0,108194.0,0.071,,0.171
441311,4413,Detective,False,25-39 year olds,False,Moderately male dominated,113423.0,126801.0,0.106,0.09,0.125
441311,4413,Detective,False,40-54 year olds,False,Highly male dominated,124143.5,134946.0,0.08,0.07,0.07
441311,4413,Detective,False,55+ year olds,False,Highly male dominated,96451.0,120690.0,0.201,0.02,
441311,4413,Detective,False,Whole workforce,True,Moderately male dominated,118990.0,130480.0,0.088,0.07,0.103
441312,4413,Police Officer,False,20-24 year olds,False,Moderately male dominated,94810.0,98626.0,0.039,0.02,0.093
441312,4413,Police Officer,False,25-39 year olds,False,Moderately male dominated,101564.5,113737.0,0.107,0.07,0.161
441312,4413,Police Officer,False,40-54 year olds,False,Moderately male dominated,112486.5,124269.0,0.095,0.07,0.12
441312,4413,Police Officer,False,55+ year olds,False,Highly male dominated,87144.0,100224.0,0.131,0.04,0.006
441312,4413,Police Officer,False,Whole workforce,True,Moderately male dominated,104890.0,116710.0,0.101,0.06,0.156
442111,4421,Prison Officer,True,20-24 year olds,False,Gender balanced,84676.0,88524.5,0.043,-0.04,0.134
442111,4421,Prison Officer,True,25-39 year olds,False,Moderately male dominated,87413.5,97911.0,0.107,0.04,0.133
442111,4421,Prison Officer,True,40-54 year olds,False,Moderately male dominated,93551.5,101681.5,0.08,0.03,0.082
442111,4421,Prison Officer,True,55+ year olds,False,Moderately male dominated,87067.0,88055.0,0.011,0.0,0.038
442111,4421,Prison Officer,True,Whole workforce,True,Moderately male dominated,89610.0,97460.0,0.081,0.02,0.105
442211,4422,"Alarm, Security or Surveillance Monitor",False,20-24 year olds,False,Gender balanced,62519.0,71721.0,0.128,-0.19,0.087
442211,4422,"Alarm, Security or Surveillance Monitor",False,25-39 year olds,False,Highly male dominated,69952.0,79012.0,0.115,0.13,0.119
442211,4422,"Alarm, Security or Surveillance Monitor",False,40-54 year olds,False,Moderately male dominated,70843.5,74552.0,0.05,0.1,0.175
442211,4422,"Alarm, Security or Surveillance Monitor",False,55+ year olds,False,Moderately male dominated,60738.0,65091.0,0.067,0.13,
442211,4422,"Alarm, Security or Surveillance Monitor",False,Whole workforce,True,Moderately male dominated,68130.0,74700.0,0.088,0.11,0.143
442213,4422,Crowd Controller,False,20-24 year olds,False,Highly male dominated,39615.0,56635.0,0.301,,0.226
442213,4422,Crowd Controller,False,25-39 year olds,False,Highly male dominated,56683.0,65777.5,0.138,,0.236
442213,4422,Crowd Controller,False,40-54 year olds,False,Highly male dominated,51575.0,65469.0,0.212,,0.035
442213,4422,Crowd Controller,False,55+ year olds,False,Moderately male dominated,48390.0,50874.0,0.049,0.25,0.233
442213,4422,Crowd Controller,False,Whole workforce,True,Highly male dominated,52490.0,62880.0,0.165,0.55,0.177
442216,4422,Security Consultant,False,20-24 year olds,False,Moderately male dominated,89099.0,84283.0,-0.057,0.02,0.124
442216,4422,Security Consultant,False,25-39 year olds,False,Moderately male dominated,92328.0,102733.0,0.101,0.08,0.148
442216,4422,Security Consultant,False,40-54 year olds,False,Highly male dominated,79547.0,101445.0,0.216,0.08,0.211
442216,4422,Security Consultant,False,55+ year olds,False,Highly male dominated,67244.5,73940.5,0.091,-0.05,0.193
442216,4422,Security Consultant,False,Whole workforce,True,Highly male dominated,82890.0,96080.0,0.137,0.05,0.177
442217,4422,Security Officer,False,20-24 year olds,False,Highly male dominated,59727.5,63808.5,0.064,-0.07,0.083
442217,4422,Security Officer,False,25-39 year olds,False,Highly male dominated,64198.0,73411.0,0.125,0.07,0.116
442217,4422,Security Officer,False,40-54 year olds,False,Highly male dominated,67185.0,73623.5,0.087,0.03,0.117
442217,4422,Security Officer,False,55+ year olds,False,Highly male dominated,58073.0,65223.0,0.11,0.01,0.074
442217,4422,Security Officer,False,Whole workforce,True,Highly male dominated,63910.0,71290.0,0.104,0.03,0.101
442299,4422,Security Officers and Guards nec,False,20-24 year olds,False,Gender balanced,57076.5,66825.5,0.146,0.17,-0.027
442299,4422,Security Officers and Guards nec,False,25-39 year olds,False,Gender balanced,64336.5,75025.0,0.142,0.02,0.164
442299,4422,Security Officers and Guards nec,False,40-54 year olds,False,Gender balanced,67042.0,74044.5,0.095,0.09,0.067
442299,4422,Security Officers and Guards nec,False,55+ year olds,False,Gender balanced,63037.0,64207.0,0.018,0.07,0.051
442299,4422,Security Officers and Guards nec,False,Whole workforce,True,Gender balanced,64510.0,72770.0,0.114,0.09,0.079
451111,4511,Beauty Therapist,True,20-24 year olds,False,Almost completely female dominated,44476.0,39601.0,-0.123,-0.06,-0.143
451111,4511,Beauty Therapist,True,25-39 year olds,False,Almost completely female dominated,36316.0,41182.0,0.118,0.18,0.183
451111,4511,Beauty Therapist,True,40-54 year olds,False,Almost completely female dominated,35833.0,43891.0,0.184,0.19,0.016
451111,4511,Beauty Therapist,True,55+ year olds,False,Almost completely female dominated,,,,0.35,
451111,4511,Beauty Therapist,True,Whole workforce,True,Almost completely female dominated,38100.0,41400.0,0.08,0.16,0.066
451311,4513,Funeral Director,False,20-24 year olds,False,Gender balanced,61694.0,67778.0,0.09,-0.06,0.17
451311,4513,Funeral Director,False,25-39 year olds,False,Gender balanced,65547.0,77644.0,0.156,0.12,0.249
451311,4513,Funeral Director,False,40-54 year olds,False,Gender balanced,66513.0,77530.0,0.142,0.12,0.17
451311,4513,Funeral Director,False,55+ year olds,False,Gender balanced,58210.5,66808.0,0.129,0.05,0.007
451311,4513,Funeral Director,False,Whole workforce,True,Gender balanced,64680.0,74520.0,0.132,0.08,0.177
451399,4513,Funeral Workers nec,False,20-24 year olds,False,Gender balanced,50954.0,60541.0,0.158,0.25,0.309
451399,4513,Funeral Workers nec,False,25-39 year olds,False,Gender balanced,61380.0,74893.0,0.18,0.22,0.213
451399,4513,Funeral Workers nec,False,40-54 year olds,False,Gender balanced,55421.5,68467.5,0.191,0.17,0.182
451399,4513,Funeral Workers nec,False,55+ year olds,False,Moderately male dominated,46140.5,40981.0,-0.126,-0.17,-0.302
451399,4513,Funeral Workers nec,False,Whole workforce,True,Gender balanced,54680.0,62550.0,0.126,0.05,0.152
451411,4514,Gallery or Museum Guide,False,20-24 year olds,False,Highly female dominated,53079.5,57979.0,0.085,-0.13,0.087
451411,4514,Gallery or Museum Guide,False,25-39 year olds,False,Moderately female dominated,55340.0,55513.0,0.003,0.18,0.149
451411,4514,Gallery or Museum Guide,False,40-54 year olds,False,Moderately female dominated,50383.5,60172.0,0.163,0.17,0.203
451411,4514,Gallery or Museum Guide,False,55+ year olds,False,Moderately female dominated,34929.5,47876.0,0.27,0.24,
451411,4514,Gallery or Museum Guide,False,Whole workforce,True,Moderately female dominated,51920.0,55320.0,0.061,0.14,0.145
451412,4514,Tour Guide,False,20-24 year olds,False,Gender balanced,53752.0,57664.0,0.068,0.08,0.059
451412,4514,Tour Guide,False,25-39 year olds,False,Gender balanced,47448.0,58110.0,0.183,0.04,0.224
451412,4514,Tour Guide,False,40-54 year olds,False,Gender balanced,44349.5,53918.0,0.177,0.16,0.211
451412,4514,Tour Guide,False,55+ year olds,False,Moderately male dominated,29618.5,29947.5,0.011,0.26,0.277
451412,4514,Tour Guide,False,Whole workforce,True,Gender balanced,45090.0,53200.0,0.152,0.07,0.194
451611,4516,Tourist Information Officer,False,20-24 year olds,False,Highly female dominated,60619.0,68067.5,0.109,0.05,0.167
451611,4516,Tourist Information Officer,False,25-39 year olds,False,Highly female dominated,56955.0,71823.0,0.207,0.24,0.221
451611,4516,Tourist Information Officer,False,40-54 year olds,False,Highly female dominated,56431.0,65851.0,0.143,0.25,0.239
451611,4516,Tourist Information Officer,False,55+ year olds,False,Highly female dominated,36124.0,49221.0,0.266,0.13,-0.008
451611,4516,Tourist Information Officer,False,Whole workforce,True,Highly female dominated,54280.0,65570.0,0.172,0.18,0.197
451612,4516,Travel Consultant,False,20-24 year olds,False,Highly female dominated,61793.0,67970.0,0.091,0.0,0.126
451612,4516,Travel Consultant,False,25-39 year olds,False,Highly female dominated,60861.0,75506.5,0.194,0.13,0.264
451612,4516,Travel Consultant,False,40-54 year olds,False,Highly female dominated,62140.0,73279.0,0.152,0.16,0.187
451612,4516,Travel Consultant,False,55+ year olds,False,Moderately female dominated,46158.5,59890.5,0.229,0.06,0.065
451612,4516,Travel Consultant,False,Whole workforce,True,Highly female dominated,60570.0,73120.0,0.172,0.11,0.223
451711,4517,Flight Attendant,True,20-24 year olds,False,Highly female dominated,59078.0,71715.0,0.176,0.0,0.175
451711,4517,Flight Attendant,True,25-39 year olds,False,Highly female dominated,54894.5,75814.0,0.276,0.16,0.271
451711,4517,Flight Attendant,True,40-54 year olds,False,Moderately female dominated,70056.5,89803.0,0.22,0.13,0.21
451711,4517,Flight Attendant,True,55+ year olds,False,Moderately female dominated,52673.0,63745.0,0.174,0.05,0.259
451711,4517,Flight Attendant,True,Whole workforce,True,Highly female dominated,59940.0,79440.0,0.245,0.12,0.32
451812,4518,Hair or Beauty Salon Assistant,True,20-24 year olds,False,Highly female dominated,41852.0,44580.5,0.061,0.14,0.065
451812,4518,Hair or Beauty Salon Assistant,True,25-39 year olds,False,Almost completely female dominated,31752.0,38740.0,0.18,0.24,0.143
451812,4518,Hair or Beauty Salon Assistant,True,40-54 year olds,False,Highly female dominated,24629.5,32950.0,0.253,0.4,0.146
451812,4518,Hair or Beauty Salon Assistant,True,55+ year olds,False,Highly female dominated,,,,,
451812,4518,Hair or Beauty Salon Assistant,True,Whole workforce,True,Almost completely female dominated,32050.0,37780.0,0.152,0.25,0.146
452111,4521,Fitness Instructor,True,20-24 year olds,False,Gender balanced,52310.5,60564.0,0.136,0.09,0.134
452111,4521,Fitness Instructor,True,25-39 year olds,False,Gender balanced,43893.5,64489.0,0.319,0.25,0.378
452111,4521,Fitness Instructor,True,40-54 year olds,False,Moderately female dominated,38014.5,55532.0,0.315,0.32,0.355
452111,4521,Fitness Instructor,True,55+ year olds,False,Highly female dominated,22151.0,34635.5,0.36,0.31,0.421
452111,4521,Fitness Instructor,True,Whole workforce,True,Moderately female dominated,41610.0,61140.0,0.319,0.26,0.321
452215,4522,Outdoor Adventure Instructor,True,20-24 year olds,False,Gender balanced,53033.0,56170.0,0.056,-0.04,0.191
452215,4522,Outdoor Adventure Instructor,True,25-39 year olds,False,Gender balanced,48766.0,67696.5,0.28,0.01,0.238
452215,4522,Outdoor Adventure Instructor,True,40-54 year olds,False,Moderately male dominated,49442.0,67738.5,0.27,0.06,0.417
452215,4522,Outdoor Adventure Instructor,True,55+ year olds,False,Moderately male dominated,19922.5,32705.0,0.391,0.25,
452215,4522,Outdoor Adventure Instructor,True,Whole workforce,True,Gender balanced,50880.0,61980.0,0.179,0.07,0.235
452312,4523,Gymnastics Coach or Instructor,False,20-24 year olds,False,Highly female dominated,58418.0,56309.0,-0.037,-0.06,0.082
452312,4523,Gymnastics Coach or Instructor,False,25-39 year olds,False,Moderately female dominated,46959.0,61582.5,0.237,0.19,0.214
452312,4523,Gymnastics Coach or Instructor,False,40-54 year olds,False,Highly female dominated,42346.5,62084.5,0.318,0.34,0.431
452312,4523,Gymnastics Coach or Instructor,False,55+ year olds,False,Moderately female dominated,29681.0,54592.0,0.456,0.34,0.564
452312,4523,Gymnastics Coach or Instructor,False,Whole workforce,True,Highly female dominated,51720.0,59660.0,0.133,0.27,0.264
452315,4523,Swimming Coach or Instructor,False,20-24 year olds,False,Moderately female dominated,62415.5,61272.0,-0.019,-0.05,0.093
452315,4523,Swimming Coach or Instructor,False,25-39 year olds,False,Moderately female dominated,40681.0,65059.0,0.375,0.35,0.495
452315,4523,Swimming Coach or Instructor,False,40-54 year olds,False,Highly female dominated,39790.0,58529.0,0.32,0.31,0.404
452315,4523,Swimming Coach or Instructor,False,55+ year olds,False,Highly female dominated,24115.5,36898.0,0.346,0.22,0.398
452315,4523,Swimming Coach or Instructor,False,Whole workforce,True,Moderately female dominated,44530.0,60780.0,0.267,0.13,0.349
452316,4523,Tennis Coach,False,20-24 year olds,False,Highly male dominated,63581.0,56275.0,-0.13,0.24,-0.118
452316,4523,Tennis Coach,False,25-39 year olds,False,Highly male dominated,52864.0,63757.5,0.171,0.28,0.24
452316,4523,Tennis Coach,False,40-54 year olds,False,Highly male dominated,36131.0,58384.0,0.381,0.31,0.534
452316,4523,Tennis Coach,False,55+ year olds,False,Highly male dominated,,,,0.28,
452316,4523,Tennis Coach,False,Whole workforce,True,Highly male dominated,52180.0,58860.0,0.113,0.39,0.076
452317,4523,Other Sports Coach or Instructor,False,20-24 year olds,False,Moderately male dominated,63129.0,65838.0,0.041,0.19,0.066
452317,4523,Other Sports Coach or Instructor,False,25-39 year olds,False,Highly male dominated,58495.0,75856.0,0.229,0.26,0.385
452317,4523,Other Sports Coach or Instructor,False,40-54 year olds,False,Highly male dominated,53179.0,85339.5,0.377,0.33,0.454
452317,4523,Other Sports Coach or Instructor,False,55+ year olds,False,Highly male dominated,27592.5,41570.5,0.336,0.19,0.51
452317,4523,Other Sports Coach or Instructor,False,Whole workforce,True,Moderately male dominated,58640.0,72550.0,0.192,0.39,0.292
452321,4523,Sports Development Officer,False,20-24 year olds,False,Moderately male dominated,69260.0,66788.0,-0.037,-0.08,0.176
452321,4523,Sports Development Officer,False,25-39 year olds,False,Moderately male dominated,70334.0,87374.0,0.195,0.06,0.172
452321,4523,Sports Development Officer,False,40-54 year olds,False,Gender balanced,71668.0,83534.0,0.142,0.1,0.182
452321,4523,Sports Development Officer,False,55+ year olds,False,Moderately male dominated,62375.5,58028.5,-0.075,0.22,
452321,4523,Sports Development Officer,False,Whole workforce,True,Gender balanced,70130.0,80880.0,0.133,0.05,0.155
452411,4524,Footballer,False,20-24 year olds,False,Almost completely male dominated,82984.5,120580.0,0.312,0.15,
452411,4524,Footballer,False,25-39 year olds,False,Almost completely male dominated,89183.0,117479.0,0.241,0.08,
452411,4524,Footballer,False,40-54 year olds,False,Almost completely male dominated,,,,,
452411,4524,Footballer,False,55+ year olds,False,Almost completely male dominated,,,,,
452411,4524,Footballer,False,Whole workforce,True,Almost completely male dominated,83810.0,119180.0,0.297,0.23,0.458
452414,4524,Lifeguard,False,20-24 year olds,False,Gender balanced,65644.0,66149.0,0.008,0.05,0.1
452414,4524,Lifeguard,False,25-39 year olds,False,Moderately male dominated,53950.0,72662.0,0.258,0.25,0.393
452414,4524,Lifeguard,False,40-54 year olds,False,Moderately male dominated,48909.0,66946.5,0.269,0.3,0.323
452414,4524,Lifeguard,False,55+ year olds,False,Highly male dominated,34513.5,44155.0,0.218,-0.1,0.32
452414,4524,Lifeguard,False,Whole workforce,True,Moderately male dominated,58760.0,67050.0,0.124,0.13,0.213
511111,5111,Contract Administrator,False,20-24 year olds,False,Gender balanced,77959.0,102989.0,0.243,0.07,0.332
511111,5111,Contract Administrator,False,25-39 year olds,False,Gender balanced,85464.0,126884.0,0.326,0.12,0.368
511111,5111,Contract Administrator,False,40-54 year olds,False,Gender balanced,89095.0,126356.0,0.295,0.1,0.341
511111,5111,Contract Administrator,False,55+ year olds,False,Moderately male dominated,67262.0,98365.5,0.316,0.07,0.378
511111,5111,Contract Administrator,False,Whole workforce,True,Gender balanced,84300.0,120250.0,0.299,0.1,0.351
511112,5111,Program or Project Administrator,False,20-24 year olds,False,Moderately female dominated,70304.0,81839.5,0.141,0.02,0.22
511112,5111,Program or Project Administrator,False,25-39 year olds,False,Moderately female dominated,77676.0,107202.5,0.275,0.12,0.22
511112,5111,Program or Project Administrator,False,40-54 year olds,False,Gender balanced,79368.0,107371.0,0.261,0.12,0.191
511112,5111,Program or Project Administrator,False,55+ year olds,False,Gender balanced,65078.0,89116.0,0.27,0.1,0.207
511112,5111,Program or Project Administrator,False,Whole workforce,True,Gender balanced,76210.0,102670.0,0.258,0.11,0.209
512111,5121,Office Manager,True,20-24 year olds,False,Highly female dominated,62648.5,69900.5,0.104,-0.04,0.166
512111,5121,Office Manager,True,25-39 year olds,False,Highly female dominated,62844.0,83351.0,0.246,0.16,0.293
512111,5121,Office Manager,True,40-54 year olds,False,Almost completely female dominated,64785.0,85516.0,0.242,0.17,0.297
512111,5121,Office Manager,True,55+ year olds,False,Highly female dominated,52902.5,65660.5,0.194,0.12,0.175
512111,5121,Office Manager,True,Whole workforce,True,Highly female dominated,62160.0,79830.0,0.221,0.14,0.266
512211,5122,Health Practice Manager,False,20-24 year olds,False,Almost completely female dominated,59871.0,84509.5,0.292,-0.12,0.193
512211,5122,Health Practice Manager,False,25-39 year olds,False,Almost completely female dominated,68137.0,94430.0,0.278,0.07,0.352
512211,5122,Health Practice Manager,False,40-54 year olds,False,Almost completely female dominated,76312.0,107834.0,0.292,0.09,0.323
512211,5122,Health Practice Manager,False,55+ year olds,False,Almost completely female dominated,63525.0,84088.0,0.245,-0.02,0.206
512211,5122,Health Practice Manager,False,Whole workforce,True,Almost completely female dominated,70630.0,99020.0,0.287,0.07,0.307
512299,5122,Practice Managers nec,False,20-24 year olds,False,Highly female dominated,64504.5,81231.0,0.206,-0.2,0.184
512299,5122,Practice Managers nec,False,25-39 year olds,False,Highly female dominated,82594.0,111154.0,0.257,0.18,0.281
512299,5122,Practice Managers nec,False,40-54 year olds,False,Highly female dominated,90411.0,119669.0,0.244,0.13,0.274
512299,5122,Practice Managers nec,False,55+ year olds,False,Highly female dominated,64421.5,88014.0,0.268,0.11,0.197
512299,5122,Practice Managers nec,False,Whole workforce,True,Highly female dominated,81890.0,109360.0,0.251,0.12,0.276
521111,5211,Personal Assistant,True,20-24 year olds,False,Almost completely female dominated,71154.5,72990.0,0.025,-0.1,-0.017
521111,5211,Personal Assistant,True,25-39 year olds,False,Almost completely female dominated,75617.0,82707.0,0.086,0.02,0.137
521111,5211,Personal Assistant,True,40-54 year olds,False,Almost completely female dominated,82005.0,87233.0,0.06,0.01,0.036
521111,5211,Personal Assistant,True,55+ year olds,False,Almost completely female dominated,69678.0,62916.5,-0.107,-0.16,-0.164
521111,5211,Personal Assistant,True,Whole workforce,True,Almost completely female dominated,77360.0,80270.0,0.036,-0.04,0.073
521211,5212,Secretary (General),False,20-24 year olds,False,Almost completely female dominated,61758.0,84098.0,0.266,0.09,0.138
521211,5212,Secretary (General),False,25-39 year olds,False,Almost completely female dominated,55213.0,81331.0,0.321,0.21,0.127
521211,5212,Secretary (General),False,40-54 year olds,False,Almost completely female dominated,57225.0,73413.5,0.221,0.3,0.212
521211,5212,Secretary (General),False,55+ year olds,False,Almost completely female dominated,44730.5,55191.0,0.19,0.17,0.002
521211,5212,Secretary (General),False,Whole workforce,True,Almost completely female dominated,53180.0,75650.0,0.297,0.21,0.143
521212,5212,Legal Secretary,False,20-24 year olds,False,Almost completely female dominated,67258.0,73131.0,0.08,-0.11,-0.106
521212,5212,Legal Secretary,False,25-39 year olds,False,Almost completely female dominated,63341.0,73353.0,0.136,0.13,0.066
521212,5212,Legal Secretary,False,40-54 year olds,False,Almost completely female dominated,66040.5,75827.0,0.129,0.11,0.14
521212,5212,Legal Secretary,False,55+ year olds,False,Almost completely female dominated,57507.0,63259.0,0.091,0.17,
521212,5212,Legal Secretary,False,Whole workforce,True,Almost completely female dominated,63950.0,73270.0,0.127,0.11,0.019
531111,5311,General Clerk,True,20-24 year olds,False,Highly female dominated,62599.0,68710.5,0.089,-0.08,0.111
531111,5311,General Clerk,True,25-39 year olds,False,Highly female dominated,59117.5,75838.0,0.22,0.14,0.264
531111,5311,General Clerk,True,40-54 year olds,False,Highly female dominated,59761.0,73383.0,0.186,0.15,0.249
531111,5311,General Clerk,True,55+ year olds,False,Highly female dominated,47376.0,56395.0,0.16,0.1,0.086
531111,5311,General Clerk,True,Whole workforce,True,Highly female dominated,58190.0,71480.0,0.186,0.1,0.21
532111,5321,Data Entry Operator,False,20-24 year olds,False,Moderately female dominated,63230.0,67909.0,0.069,-0.13,0.064
532111,5321,Data Entry Operator,False,25-39 year olds,False,Highly female dominated,62341.0,75017.0,0.169,0.11,0.218
532111,5321,Data Entry Operator,False,40-54 year olds,False,Highly female dominated,58290.0,72020.0,0.191,0.13,0.228
532111,5321,Data Entry Operator,False,55+ year olds,False,Highly female dominated,49843.0,58085.0,0.142,0.05,0.127
532111,5321,Data Entry Operator,False,Whole workforce,True,Highly female dominated,58840.0,71800.0,0.181,0.04,0.166
532113,5321,Word Processing Operator,False,20-24 year olds,False,Moderately female dominated,58975.5,59915.0,0.016,-0.56,0.025
532113,5321,Word Processing Operator,False,25-39 year olds,False,Highly female dominated,58094.0,62007.0,0.063,0.11,0.208
532113,5321,Word Processing Operator,False,40-54 year olds,False,Almost completely female dominated,58621.0,63400.0,0.075,0.07,0.236
532113,5321,Word Processing Operator,False,55+ year olds,False,Almost completely female dominated,46054.0,52716.0,0.126,0.16,0.257
532113,5321,Word Processing Operator,False,Whole workforce,True,Almost completely female dominated,53950.0,61940.0,0.129,-0.01,0.178
541111,5411,Call or Contact Centre Team Leader,False,20-24 year olds,False,Gender balanced,72880.0,79048.5,0.078,0.07,0.083
541111,5411,Call or Contact Centre Team Leader,False,25-39 year olds,False,Gender balanced,82838.5,91030.0,0.09,0.06,0.133
541111,5411,Call or Contact Centre Team Leader,False,40-54 year olds,False,Moderately female dominated,85098.5,86743.0,0.019,0.06,0.107
541111,5411,Call or Contact Centre Team Leader,False,55+ year olds,False,Moderately female dominated,72875.5,78373.5,0.07,0.04,0.021
541111,5411,Call or Contact Centre Team Leader,False,Whole workforce,True,Moderately female dominated,81780.0,88300.0,0.074,0.04,0.118
541112,5411,Call or Contact Centre Operator,False,20-24 year olds,False,Moderately female dominated,60727.5,65222.0,0.069,0.01,0.096
541112,5411,Call or Contact Centre Operator,False,25-39 year olds,False,Moderately female dominated,60724.5,67637.0,0.102,0.08,0.149
541112,5411,Call or Contact Centre Operator,False,40-54 year olds,False,Moderately female dominated,61286.0,64810.0,0.054,0.09,0.096
541112,5411,Call or Contact Centre Operator,False,55+ year olds,False,Highly female dominated,52031.0,55457.0,0.062,0.05,0.064
541112,5411,Call or Contact Centre Operator,False,Whole workforce,True,Moderately female dominated,60170.0,66100.0,0.09,0.06,0.119
541211,5412,Information Officer,True,20-24 year olds,False,Moderately female dominated,71345.0,79272.0,0.1,0.0,0.115
541211,5412,Information Officer,True,25-39 year olds,False,Moderately female dominated,74518.0,95407.0,0.219,0.09,0.312
541211,5412,Information Officer,True,40-54 year olds,False,Moderately female dominated,69666.0,93709.0,0.257,0.12,0.306
541211,5412,Information Officer,True,55+ year olds,False,Moderately female dominated,53844.0,78272.5,0.312,0.1,0.351
541211,5412,Information Officer,True,Whole workforce,True,Moderately female dominated,68080.0,92200.0,0.262,0.09,0.246
542111,5421,Receptionist (General),False,20-24 year olds,False,Almost completely female dominated,57319.0,62188.0,0.078,-0.2,0.114
542111,5421,Receptionist (General),False,25-39 year olds,False,Almost completely female dominated,51283.0,63270.5,0.189,0.06,0.181
542111,5421,Receptionist (General),False,40-54 year olds,False,Almost completely female dominated,51189.0,55179.5,0.072,0.1,0.106
542111,5421,Receptionist (General),False,55+ year olds,False,Almost completely female dominated,40470.0,38651.0,-0.047,0.0,0.035
542111,5421,Receptionist (General),False,Whole workforce,True,Almost completely female dominated,51120.0,61050.0,0.163,-0.03,0.145
542112,5421,Admissions Clerk,False,20-24 year olds,False,Highly female dominated,65683.0,67371.0,0.025,-0.15,0.173
542112,5421,Admissions Clerk,False,25-39 year olds,False,Highly female dominated,65383.0,76333.0,0.143,0.07,0.216
542112,5421,Admissions Clerk,False,40-54 year olds,False,Almost completely female dominated,64371.0,75472.5,0.147,0.15,0.187
542112,5421,Admissions Clerk,False,55+ year olds,False,Almost completely female dominated,54014.5,60289.0,0.104,0.03,-0.029
542112,5421,Admissions Clerk,False,Whole workforce,True,Almost completely female dominated,62730.0,72110.0,0.13,0.04,0.178
542113,5421,Hotel or Motel Receptionist,False,20-24 year olds,False,Highly female dominated,59692.0,63651.5,0.062,0.03,0.106
542113,5421,Hotel or Motel Receptionist,False,25-39 year olds,False,Moderately female dominated,53716.5,62955.0,0.147,0.09,0.183
542113,5421,Hotel or Motel Receptionist,False,40-54 year olds,False,Highly female dominated,50243.0,57495.0,0.126,0.17,0.139
542113,5421,Hotel or Motel Receptionist,False,55+ year olds,False,Highly female dominated,36011.5,37309.0,0.035,0.13,0.13
542113,5421,Hotel or Motel Receptionist,False,Whole workforce,True,Highly female dominated,53830.0,62280.0,0.136,0.11,0.145
542114,5421,Medical Receptionist,False,20-24 year olds,False,Almost completely female dominated,58158.5,64600.0,0.1,-0.24,0.17
542114,5421,Medical Receptionist,False,25-39 year olds,False,Almost completely female dominated,49192.5,60798.0,0.191,0.02,0.228
542114,5421,Medical Receptionist,False,40-54 year olds,False,Almost completely female dominated,50218.0,61383.0,0.182,0.13,0.23
542114,5421,Medical Receptionist,False,55+ year olds,False,Almost completely female dominated,39565.0,45489.0,0.13,0.08,0.087
542114,5421,Medical Receptionist,False,Whole workforce,True,Almost completely female dominated,48810.0,62440.0,0.218,-0.09,0.21
551111,5511,Accounts Clerk,False,20-24 year olds,False,Moderately female dominated,66329.0,76644.0,0.135,-0.03,0.182
551111,5511,Accounts Clerk,False,25-39 year olds,False,Highly female dominated,67703.0,85438.5,0.208,0.15,0.245
551111,5511,Accounts Clerk,False,40-54 year olds,False,Highly female dominated,67257.5,82109.5,0.181,0.16,0.22
551111,5511,Accounts Clerk,False,55+ year olds,False,Highly female dominated,56495.0,67741.0,0.166,0.08,0.191
551111,5511,Accounts Clerk,False,Whole workforce,True,Highly female dominated,65720.0,81150.0,0.19,0.13,0.22
551112,5511,Cost Clerk,False,20-24 year olds,False,Moderately male dominated,70018.0,78936.0,0.113,0.06,-0.202
551112,5511,Cost Clerk,False,25-39 year olds,False,Moderately male dominated,78581.5,89528.5,0.122,0.13,0.178
551112,5511,Cost Clerk,False,40-54 year olds,False,Highly male dominated,72484.5,92267.0,0.214,0.12,0.142
551112,5511,Cost Clerk,False,55+ year olds,False,Highly male dominated,64252.0,74329.0,0.136,0.08,0.354
551112,5511,Cost Clerk,False,Whole workforce,True,Highly male dominated,73420.0,87530.0,0.161,0.11,0.134
551211,5512,Bookkeeper,True,20-24 year olds,False,Moderately female dominated,56579.0,65299.0,0.134,-0.07,0.168
551211,5512,Bookkeeper,True,25-39 year olds,False,Highly female dominated,51083.0,69794.0,0.268,0.28,0.216
551211,5512,Bookkeeper,True,40-54 year olds,False,Almost completely female dominated,57508.0,63636.0,0.096,0.19,0.115
551211,5512,Bookkeeper,True,55+ year olds,False,Highly female dominated,43627.0,38457.0,-0.134,0.05,-0.029
551211,5512,Bookkeeper,True,Whole workforce,True,Almost completely female dominated,52990.0,61350.0,0.136,0.13,0.133
551311,5513,Payroll Clerk,True,20-24 year olds,False,Highly female dominated,74475.0,78092.0,0.046,-0.04,0.136
551311,5513,Payroll Clerk,True,25-39 year olds,False,Highly female dominated,77244.0,91314.5,0.154,0.14,0.231
551311,5513,Payroll Clerk,True,40-54 year olds,False,Highly female dominated,80154.0,89586.0,0.105,0.12,0.134
551311,5513,Payroll Clerk,True,55+ year olds,False,Highly female dominated,70054.5,73688.0,0.049,0.06,0.07
551311,5513,Payroll Clerk,True,Whole workforce,True,Highly female dominated,77360.0,87050.0,0.111,0.1,0.17
552111,5521,Bank Worker,True,20-24 year olds,False,Gender balanced,75542.5,88218.0,0.144,0.01,0.238
552111,5521,Bank Worker,True,25-39 year olds,False,Moderately female dominated,75878.0,110985.0,0.316,0.14,0.381
552111,5521,Bank Worker,True,40-54 year olds,False,Moderately female dominated,71066.0,113045.5,0.371,0.21,0.411
552111,5521,Bank Worker,True,55+ year olds,False,Highly female dominated,49332.5,82917.0,0.405,0.2,0.329
552111,5521,Bank Worker,True,Whole workforce,True,Moderately female dominated,70880.0,105750.0,0.33,0.16,0.361
552211,5522,Credit or Loans Officer (Aus) \ Finance Clerk (NZ),True,20-24 year olds,False,Gender balanced,72706.0,87432.0,0.168,0.01,0.219
552211,5522,Credit or Loans Officer (Aus) \ Finance Clerk (NZ),True,25-39 year olds,False,Gender balanced,78015.0,99564.0,0.216,0.07,0.258
552211,5522,Credit or Loans Officer (Aus) \ Finance Clerk (NZ),True,40-54 year olds,False,Gender balanced,76550.0,96869.0,0.21,0.1,0.209
552211,5522,Credit or Loans Officer (Aus) \ Finance Clerk (NZ),True,55+ year olds,False,Gender balanced,66601.5,74446.0,0.105,0.09,0.036
552211,5522,Credit or Loans Officer (Aus) \ Finance Clerk (NZ),True,Whole workforce,True,Gender balanced,75400.0,94650.0,0.203,0.08,0.217
552312,5523,Insurance Consultant,False,20-24 year olds,False,Moderately female dominated,70026.0,78118.0,0.104,0.02,0.161
552312,5523,Insurance Consultant,False,25-39 year olds,False,Moderately female dominated,76436.0,94722.0,0.193,0.07,0.265
552312,5523,Insurance Consultant,False,40-54 year olds,False,Moderately female dominated,77775.5,101062.0,0.23,0.1,0.312
552312,5523,Insurance Consultant,False,55+ year olds,False,Moderately female dominated,63185.0,88366.0,0.285,0.05,0.266
552312,5523,Insurance Consultant,False,Whole workforce,True,Moderately female dominated,75130.0,94830.0,0.208,0.07,0.269
552313,5523,Money Market Clerk,False,20-24 year olds,False,Gender balanced,75008.0,84295.0,0.11,0.05,0.123
552313,5523,Money Market Clerk,False,25-39 year olds,False,Moderately female dominated,78717.0,110152.0,0.285,0.06,0.256
552313,5523,Money Market Clerk,False,40-54 year olds,False,Moderately female dominated,82318.0,122875.5,0.33,0.15,0.399
552313,5523,Money Market Clerk,False,55+ year olds,False,Moderately female dominated,64861.0,109900.0,0.41,0.03,0.219
552313,5523,Money Market Clerk,False,Whole workforce,True,Moderately female dominated,78550.0,110930.0,0.292,0.1,0.243
552314,5523,Statistical Clerk,False,20-24 year olds,False,Moderately female dominated,93333.0,115233.0,0.19,,0.102
552314,5523,Statistical Clerk,False,25-39 year olds,False,Gender balanced,94931.5,121973.5,0.222,-0.06,0.191
552314,5523,Statistical Clerk,False,40-54 year olds,False,Moderately female dominated,73093.0,102785.5,0.289,-0.09,0.195
552314,5523,Statistical Clerk,False,55+ year olds,False,Moderately female dominated,45103.0,52331.0,0.138,0.2,-0.169
552314,5523,Statistical Clerk,False,Whole workforce,True,Moderately female dominated,81580.0,114630.0,0.288,0.04,0.268
561211,5612,Courier,False,20-24 year olds,False,Highly male dominated,51043.0,59347.0,0.14,0.05,0.289
561211,5612,Courier,False,25-39 year olds,False,Almost completely male dominated,49455.0,63829.0,0.225,0.2,0.288
561211,5612,Courier,False,40-54 year olds,False,Highly male dominated,46858.0,60713.0,0.228,0.18,0.263
561211,5612,Courier,False,55+ year olds,False,Highly male dominated,35389.0,47040.0,0.248,0.19,0.164
561211,5612,Courier,False,Whole workforce,True,Highly male dominated,43890.0,57710.0,0.239,0.16,0.268
561212,5612,Postal Delivery Officer,False,20-24 year olds,False,Highly male dominated,52076.0,64553.0,0.193,0.1,0.179
561212,5612,Postal Delivery Officer,False,25-39 year olds,False,Highly male dominated,60698.0,69348.5,0.125,0.14,0.216
561212,5612,Postal Delivery Officer,False,40-54 year olds,False,Moderately male dominated,60277.0,70028.5,0.139,0.16,0.222
561212,5612,Postal Delivery Officer,False,55+ year olds,False,Highly male dominated,46906.0,62949.5,0.255,0.2,0.355
561212,5612,Postal Delivery Officer,False,Whole workforce,True,Highly male dominated,58020.0,68180.0,0.149,0.17,0.23
561411,5614,Mail Clerk,False,20-24 year olds,False,Moderately male dominated,53951.0,60183.0,0.104,-0.01,0.103
561411,5614,Mail Clerk,False,25-39 year olds,False,Moderately male dominated,52255.0,61907.5,0.156,0.13,0.148
561411,5614,Mail Clerk,False,40-54 year olds,False,Gender balanced,61258.0,67146.0,0.088,0.12,0.209
561411,5614,Mail Clerk,False,55+ year olds,False,Gender balanced,56736.5,61391.0,0.076,0.11,0.141
561411,5614,Mail Clerk,False,Whole workforce,True,Gender balanced,57520.0,63880.0,0.1,0.1,0.166
561412,5614,Postal Sorting Officer,False,20-24 year olds,False,Gender balanced,55777.0,61639.5,0.095,0.06,0.234
561412,5614,Postal Sorting Officer,False,25-39 year olds,False,Gender balanced,53437.0,69869.0,0.235,0.11,0.217
561412,5614,Postal Sorting Officer,False,40-54 year olds,False,Gender balanced,63024.0,71277.0,0.116,0.14,0.167
561412,5614,Postal Sorting Officer,False,55+ year olds,False,Gender balanced,59112.5,67542.5,0.125,0.14,0.203
561412,5614,Postal Sorting Officer,False,Whole workforce,True,Gender balanced,60290.0,69330.0,0.13,0.11,0.181
561511,5615,Survey Interviewer,True,20-24 year olds,False,Gender balanced,59430.0,66520.0,0.107,-0.11,0.01
561511,5615,Survey Interviewer,True,25-39 year olds,False,Gender balanced,56617.0,58191.0,0.027,0.07,-0.07
561511,5615,Survey Interviewer,True,40-54 year olds,False,Moderately female dominated,46824.5,44389.5,-0.055,0.22,0.1
561511,5615,Survey Interviewer,True,55+ year olds,False,Moderately female dominated,27182.0,33404.0,0.186,0.03,0.239
561511,5615,Survey Interviewer,True,Whole workforce,True,Moderately female dominated,48590.0,55240.0,0.12,0.03,0.089
561611,5616,Switchboard Operator,True,20-24 year olds,False,Moderately female dominated,59589.0,59785.0,0.003,-0.09,0.072
561611,5616,Switchboard Operator,True,25-39 year olds,False,Moderately female dominated,56765.0,75651.0,0.25,0.11,0.253
561611,5616,Switchboard Operator,True,40-54 year olds,False,Highly female dominated,60240.0,64498.0,0.066,0.15,0.226
561611,5616,Switchboard Operator,True,55+ year olds,False,Highly female dominated,54164.0,65588.0,0.174,0.09,0.098
561611,5616,Switchboard Operator,True,Whole workforce,True,Highly female dominated,57070.0,68100.0,0.162,0.09,0.147
561912,5619,Meter Reader,False,20-24 year olds,False,Highly male dominated,38131.0,55815.0,0.317,0.13,
561912,5619,Meter Reader,False,25-39 year olds,False,Highly male dominated,51803.5,56726.0,0.087,0.04,0.181
561912,5619,Meter Reader,False,40-54 year olds,False,Highly male dominated,51968.0,54081.5,0.039,0.0,0.104
561912,5619,Meter Reader,False,55+ year olds,False,Highly male dominated,45840.5,48190.0,0.049,-0.13,
561912,5619,Meter Reader,False,Whole workforce,True,Highly male dominated,51020.0,54030.0,0.056,0.09,0.083
561913,5619,Parking Inspector,False,20-24 year olds,False,Moderately male dominated,55341.5,65403.0,0.154,0.23,-0.03
561913,5619,Parking Inspector,False,25-39 year olds,False,Moderately male dominated,71006.0,81498.0,0.129,-0.07,0.178
561913,5619,Parking Inspector,False,40-54 year olds,False,Highly male dominated,67129.0,79289.0,0.153,0.04,0.121
561913,5619,Parking Inspector,False,55+ year olds,False,Highly male dominated,76547.0,69617.5,-0.1,0.09,0.057
561913,5619,Parking Inspector,False,Whole workforce,True,Highly male dominated,68640.0,77520.0,0.115,0.04,0.127
561999,5619,Clerical and Office Support Workers nec,False,20-24 year olds,False,Moderately female dominated,57379.0,66305.0,0.135,-0.24,0.09
561999,5619,Clerical and Office Support Workers nec,False,25-39 year olds,False,Moderately female dominated,55235.5,69091.0,0.201,-0.04,0.345
561999,5619,Clerical and Office Support Workers nec,False,40-54 year olds,False,Highly female dominated,52279.0,54730.0,0.045,0.02,
561999,5619,Clerical and Office Support Workers nec,False,55+ year olds,False,Moderately female dominated,47198.0,38935.0,-0.212,0.02,
561999,5619,Clerical and Office Support Workers nec,False,Whole workforce,True,Moderately female dominated,55060.0,64650.0,0.148,-0.08,0.108
591112,5911,Production Clerk,False,20-24 year olds,False,Gender balanced,65096.0,69284.0,0.06,0.05,0.179
591112,5911,Production Clerk,False,25-39 year olds,False,Moderately female dominated,71804.5,80871.0,0.112,0.08,0.228
591112,5911,Production Clerk,False,40-54 year olds,False,Gender balanced,71900.0,81667.0,0.12,0.1,0.243
591112,5911,Production Clerk,False,55+ year olds,False,Gender balanced,60872.0,66469.0,0.084,0.08,0.237
591112,5911,Production Clerk,False,Whole workforce,True,Gender balanced,69530.0,77930.0,0.108,0.06,0.237
591113,5911,Purchasing Officer,False,20-24 year olds,False,Moderately female dominated,74166.0,79522.0,0.067,0.01,0.154
591113,5911,Purchasing Officer,False,25-39 year olds,False,Moderately female dominated,78114.5,88823.0,0.121,0.09,0.188
591113,5911,Purchasing Officer,False,40-54 year olds,False,Gender balanced,78028.5,86305.0,0.096,0.08,0.152
591113,5911,Purchasing Officer,False,55+ year olds,False,Gender balanced,69381.0,74408.0,0.068,0.06,0.095
591113,5911,Purchasing Officer,False,Whole workforce,True,Gender balanced,76860.0,84610.0,0.092,0.08,0.164
591115,5911,Stock Clerk,False,20-24 year olds,False,Gender balanced,58072.0,58578.5,0.009,0.02,0.137
591115,5911,Stock Clerk,False,25-39 year olds,False,Gender balanced,55495.0,67091.5,0.173,0.1,0.249
591115,5911,Stock Clerk,False,40-54 year olds,False,Gender balanced,57236.0,68411.5,0.163,0.11,0.257
591115,5911,Stock Clerk,False,55+ year olds,False,Gender balanced,42203.0,58900.0,0.283,0.15,0.2
591115,5911,Stock Clerk,False,Whole workforce,True,Gender balanced,54110.0,64450.0,0.16,0.1,0.229
591116,5911,Warehouse Administrator,False,20-24 year olds,False,Moderately male dominated,61926.0,69587.5,0.11,-0.01,0.153
591116,5911,Warehouse Administrator,False,25-39 year olds,False,Highly male dominated,67977.0,78978.5,0.139,0.06,0.181
591116,5911,Warehouse Administrator,False,40-54 year olds,False,Highly male dominated,67570.0,78305.0,0.137,0.1,0.164
591116,5911,Warehouse Administrator,False,55+ year olds,False,Highly male dominated,57008.0,67429.0,0.155,0.11,0.065
591116,5911,Warehouse Administrator,False,Whole workforce,True,Highly male dominated,66210.0,76870.0,0.139,0.09,0.17
591117,5911,Order Clerk,False,20-24 year olds,False,Moderately female dominated,58248.5,63850.0,0.088,0.02,0.126
591117,5911,Order Clerk,False,25-39 year olds,False,Moderately female dominated,50803.5,65231.0,0.221,0.09,0.322
591117,5911,Order Clerk,False,40-54 year olds,False,Moderately female dominated,46361.0,63490.5,0.27,0.11,0.329
591117,5911,Order Clerk,False,55+ year olds,False,Moderately female dominated,33921.5,51120.0,0.336,0.11,0.279
591117,5911,Order Clerk,False,Whole workforce,True,Moderately female dominated,48480.0,62900.0,0.229,0.09,0.27
591211,5912,Despatching and Receiving Clerk,False,20-24 year olds,False,Gender balanced,68462.0,70860.5,0.034,0.01,0.127
591211,5912,Despatching and Receiving Clerk,False,25-39 year olds,False,Moderately male dominated,71033.0,82608.0,0.14,0.08,0.239
591211,5912,Despatching and Receiving Clerk,False,40-54 year olds,False,Moderately male dominated,69648.0,82824.0,0.159,0.12,0.228
591211,5912,Despatching and Receiving Clerk,False,55+ year olds,False,Moderately male dominated,61513.0,69267.0,0.112,0.14,0.179
591211,5912,Despatching and Receiving Clerk,False,Whole workforce,True,Moderately male dominated,69120.0,79880.0,0.135,0.1,0.22
591212,5912,Import-Export Clerk,False,20-24 year olds,False,Gender balanced,69121.5,75071.0,0.079,0.01,0.179
591212,5912,Import-Export Clerk,False,25-39 year olds,False,Gender balanced,73880.0,93235.0,0.208,0.08,0.305
591212,5912,Import-Export Clerk,False,40-54 year olds,False,Gender balanced,77434.0,106627.0,0.274,0.09,0.348
591212,5912,Import-Export Clerk,False,55+ year olds,False,Moderately male dominated,67696.0,94693.0,0.285,0.04,0.259
591212,5912,Import-Export Clerk,False,Whole workforce,True,Gender balanced,74440.0,95650.0,0.222,0.08,0.31
599111,5991,Conveyancer,False,20-24 year olds,False,Highly female dominated,62538.0,75725.0,0.174,-0.08,0.256
599111,5991,Conveyancer,False,25-39 year olds,False,Highly female dominated,65380.5,82077.0,0.203,0.1,0.318
599111,5991,Conveyancer,False,40-54 year olds,False,Highly female dominated,70823.0,85646.0,0.173,0.12,0.12
599111,5991,Conveyancer,False,55+ year olds,False,Highly female dominated,64000.0,54392.0,-0.177,0.04,0.111
599111,5991,Conveyancer,False,Whole workforce,True,Highly female dominated,66890.0,79790.0,0.162,0.04,0.232
599112,5991,Legal Executive,False,20-24 year olds,False,Moderately female dominated,84281.0,90093.5,0.065,-0.08,0.117
599112,5991,Legal Executive,False,25-39 year olds,False,Highly female dominated,77107.0,96748.0,0.203,0.02,0.239
599112,5991,Legal Executive,False,40-54 year olds,False,Almost completely female dominated,80570.5,108018.0,0.254,0.14,0.336
599112,5991,Legal Executive,False,55+ year olds,False,Highly female dominated,69124.5,100084.0,0.309,0.01,0.405
599112,5991,Legal Executive,False,Whole workforce,True,Highly female dominated,79870.0,95220.0,0.161,-0.06,0.198
599211,5992,Clerk of Court,False,20-24 year olds,False,Highly female dominated,78701.0,86205.0,0.087,-0.08,0.116
599211,5992,Clerk of Court,False,25-39 year olds,False,Highly female dominated,77372.0,90390.0,0.144,0.06,0.206
599211,5992,Clerk of Court,False,40-54 year olds,False,Highly female dominated,80787.0,101160.5,0.201,0.12,0.193
599211,5992,Clerk of Court,False,55+ year olds,False,Moderately female dominated,64839.0,73856.0,0.122,0.04,0.048
599211,5992,Clerk of Court,False,Whole workforce,True,Highly female dominated,77540.0,90430.0,0.143,0.06,0.161
599214,5992,Law Clerk,False,20-24 year olds,False,Moderately female dominated,82591.0,87166.0,0.052,-0.15,0.139
599214,5992,Law Clerk,False,25-39 year olds,False,Highly female dominated,76310.0,96614.0,0.21,0.06,0.221
599214,5992,Law Clerk,False,40-54 year olds,False,Almost completely female dominated,71942.5,84729.0,0.151,0.1,0.215
599214,5992,Law Clerk,False,55+ year olds,False,Highly female dominated,58706.0,77430.5,0.242,0.06,0.071
599214,5992,Law Clerk,False,Whole workforce,True,Highly female dominated,74810.0,89220.0,0.162,-0.07,0.18
599311,5993,Debt Collector,True,20-24 year olds,False,Moderately female dominated,63809.0,68442.5,0.068,-0.08,0.126
599311,5993,Debt Collector,True,25-39 year olds,False,Moderately female dominated,66101.0,74513.0,0.113,0.09,0.168
599311,5993,Debt Collector,True,40-54 year olds,False,Moderately female dominated,67176.0,74247.0,0.095,0.06,0.113
599311,5993,Debt Collector,True,55+ year olds,False,Moderately female dominated,62481.0,59820.0,-0.044,-0.02,0.011
599311,5993,Debt Collector,True,Whole workforce,True,Moderately female dominated,65310.0,72370.0,0.098,0.04,0.141
599411,5994,Human Resource Clerk,True,20-24 year olds,False,Highly female dominated,82984.5,77504.0,-0.071,-0.04,0.08
599411,5994,Human Resource Clerk,True,25-39 year olds,False,Highly female dominated,78711.0,89702.0,0.123,0.11,0.154
599411,5994,Human Resource Clerk,True,40-54 year olds,False,Highly female dominated,75731.0,82758.0,0.085,0.11,0.109
599411,5994,Human Resource Clerk,True,55+ year olds,False,Highly female dominated,63471.0,69771.0,0.09,0.1,0.093
599411,5994,Human Resource Clerk,True,Whole workforce,True,Highly female dominated,77040.0,83330.0,0.075,0.08,0.13
599511,5995,Customs Officer,False,20-24 year olds,False,Gender balanced,75212.0,85574.0,0.121,-0.07,0.196
599511,5995,Customs Officer,False,25-39 year olds,False,Gender balanced,82312.0,100473.0,0.181,0.04,0.21
599511,5995,Customs Officer,False,40-54 year olds,False,Gender balanced,85437.5,97000.0,0.119,0.08,0.132
599511,5995,Customs Officer,False,55+ year olds,False,Gender balanced,62670.0,78527.5,0.202,0.18,0.374
599511,5995,Customs Officer,False,Whole workforce,True,Gender balanced,81970.0,95770.0,0.144,0.13,0.175
599512,5995,Immigration Officer,False,20-24 year olds,False,Moderately female dominated,85336.0,82998.0,-0.028,0.04,0.239
599512,5995,Immigration Officer,False,25-39 year olds,False,Gender balanced,77120.0,90333.5,0.146,0.16,0.155
599512,5995,Immigration Officer,False,40-54 year olds,False,Gender balanced,81155.0,88005.0,0.078,0.13,0.081
599512,5995,Immigration Officer,False,55+ year olds,False,Gender balanced,73444.0,78171.0,0.06,0.07,0.297
599512,5995,Immigration Officer,False,Whole workforce,True,Gender balanced,78140.0,87870.0,0.111,0.12,0.132
599518,5995,Transport Operations Inspector,False,20-24 year olds,False,Moderately male dominated,70100.0,79586.5,0.119,0.01,0.298
599518,5995,Transport Operations Inspector,False,25-39 year olds,False,Moderately male dominated,78634.5,102139.0,0.23,0.0,0.201
599518,5995,Transport Operations Inspector,False,40-54 year olds,False,Moderately male dominated,82233.0,101057.5,0.186,0.03,0.242
599518,5995,Transport Operations Inspector,False,55+ year olds,False,Highly male dominated,56953.0,86411.5,0.341,0.02,0.687
599518,5995,Transport Operations Inspector,False,Whole workforce,True,Moderately male dominated,75830.0,97130.0,0.219,-0.01,0.237
599521,5995,Water Inspector,False,20-24 year olds,False,Gender balanced,,,,,
599521,5995,Water Inspector,False,25-39 year olds,False,Gender balanced,83063.5,94935.0,0.125,0.08,0.26
599521,5995,Water Inspector,False,40-54 year olds,False,Moderately male dominated,90561.0,88405.0,-0.024,0.01,0.115
599521,5995,Water Inspector,False,55+ year olds,False,Highly male dominated,86429.0,77864.0,-0.11,-0.04,
599521,5995,Water Inspector,False,Whole workforce,True,Moderately male dominated,85860.0,88370.0,0.028,0.03,0.235
599599,5995,Inspectors and Regulatory Officers nec,False,20-24 year olds,False,Gender balanced,89169.0,90298.5,0.013,-0.02,0.096
599599,5995,Inspectors and Regulatory Officers nec,False,25-39 year olds,False,Gender balanced,93285.0,107628.5,0.133,0.09,0.16
599599,5995,Inspectors and Regulatory Officers nec,False,40-54 year olds,False,Gender balanced,98340.5,109198.0,0.099,0.08,0.136
599599,5995,Inspectors and Regulatory Officers nec,False,55+ year olds,False,Moderately male dominated,83889.0,93630.0,0.104,0.05,0.051
599599,5995,Inspectors and Regulatory Officers nec,False,Whole workforce,True,Gender balanced,94620.0,105620.0,0.104,0.07,0.154
599711,5997,Library Assistant,True,20-24 year olds,False,Moderately female dominated,62873.0,63811.0,0.015,-0.11,-0.005
599711,5997,Library Assistant,True,25-39 year olds,False,Highly female dominated,55671.0,63169.0,0.119,0.1,0.169
599711,5997,Library Assistant,True,40-54 year olds,False,Highly female dominated,53643.0,60794.0,0.118,0.1,0.198
599711,5997,Library Assistant,True,55+ year olds,False,Almost completely female dominated,39575.5,56074.0,0.294,0.13,0.216
599711,5997,Library Assistant,True,Whole workforce,True,Highly female dominated,51290.0,61560.0,0.167,0.02,0.15
599912,5999,"Production Assistant (Film, Television, Radio or Stage)",False,20-24 year olds,False,Gender balanced,68933.0,68832.0,-0.001,-0.09,-0.035
599912,5999,"Production Assistant (Film, Television, Radio or Stage)",False,25-39 year olds,False,Moderately female dominated,69967.0,75470.0,0.073,-0.03,0.085
599912,5999,"Production Assistant (Film, Television, Radio or Stage)",False,40-54 year olds,False,Moderately female dominated,78450.0,87282.0,0.101,0.26,0.178
599912,5999,"Production Assistant (Film, Television, Radio or Stage)",False,55+ year olds,False,Gender balanced,56475.5,62533.5,0.097,0.17,
599912,5999,"Production Assistant (Film, Television, Radio or Stage)",False,Whole workforce,True,Gender balanced,70840.0,74730.0,0.052,0.01,0.088
599916,5999,Facilities Administrator,False,20-24 year olds,False,Gender balanced,67975.0,73668.0,0.077,-0.11,0.021
599916,5999,Facilities Administrator,False,25-39 year olds,False,Gender balanced,71219.5,81553.0,0.127,0.06,0.225
599916,5999,Facilities Administrator,False,40-54 year olds,False,Moderately male dominated,71107.0,85537.0,0.169,0.05,0.183
599916,5999,Facilities Administrator,False,55+ year olds,False,Moderately male dominated,62900.0,71380.0,0.119,0.07,0.196
599916,5999,Facilities Administrator,False,Whole workforce,True,Moderately male dominated,70160.0,79950.0,0.122,0.05,0.174
599999,5999,Clerical and Administrative Workers nec,False,20-24 year olds,False,Highly female dominated,65820.0,73612.0,0.106,-0.09,0.104
599999,5999,Clerical and Administrative Workers nec,False,25-39 year olds,False,Moderately female dominated,60787.0,76383.0,0.204,0.08,0.278
599999,5999,Clerical and Administrative Workers nec,False,40-54 year olds,False,Moderately female dominated,58310.0,76344.0,0.236,0.18,0.291
599999,5999,Clerical and Administrative Workers nec,False,55+ year olds,False,Moderately female dominated,39866.0,32583.0,-0.224,0.11,-0.097
599999,5999,Clerical and Administrative Workers nec,False,Whole workforce,True,Moderately female dominated,54120.0,70210.0,0.229,0.07,0.236
611112,6111,Stock and Station Agent,True,20-24 year olds,False,Highly male dominated,59491.0,88011.5,0.324,0.13,
611112,6111,Stock and Station Agent,True,25-39 year olds,False,Highly male dominated,65227.0,106184.0,0.386,0.16,0.339
611112,6111,Stock and Station Agent,True,40-54 year olds,False,Highly male dominated,60035.0,101874.0,0.411,0.15,0.501
611112,6111,Stock and Station Agent,True,55+ year olds,False,Almost completely male dominated,52848.0,87402.0,0.395,0.05,
611112,6111,Stock and Station Agent,True,Whole workforce,True,Highly male dominated,60040.0,97890.0,0.387,0.16,0.306
611211,6112,Insurance Agent,True,20-24 year olds,False,Gender balanced,65054.0,72872.0,0.107,-0.03,0.192
611211,6112,Insurance Agent,True,25-39 year olds,False,Gender balanced,70772.0,91750.0,0.229,0.08,0.313
611211,6112,Insurance Agent,True,40-54 year olds,False,Gender balanced,72753.0,109720.5,0.337,0.12,0.446
611211,6112,Insurance Agent,True,55+ year olds,False,Gender balanced,54029.5,79835.0,0.323,0.1,0.36
611211,6112,Insurance Agent,True,Whole workforce,True,Gender balanced,69400.0,91430.0,0.241,0.09,0.333
611311,6113,Sales Representative (Building and Plumbing Supplies),False,20-24 year olds,False,Moderately male dominated,58620.0,66328.0,0.116,0.05,0.218
611311,6113,Sales Representative (Building and Plumbing Supplies),False,25-39 year olds,False,Moderately male dominated,55443.0,74271.0,0.254,0.13,0.338
611311,6113,Sales Representative (Building and Plumbing Supplies),False,40-54 year olds,False,Highly male dominated,54886.0,71116.0,0.228,0.12,0.263
611311,6113,Sales Representative (Building and Plumbing Supplies),False,55+ year olds,False,Highly male dominated,42599.0,52696.0,0.192,0.1,0.148
611311,6113,Sales Representative (Building and Plumbing Supplies),False,Whole workforce,True,Highly male dominated,53610.0,67360.0,0.204,0.12,0.277
611312,6113,Sales Representative (Business Services),False,20-24 year olds,False,Gender balanced,61837.5,64546.5,0.042,-0.04,0.174
611312,6113,Sales Representative (Business Services),False,25-39 year olds,False,Gender balanced,59152.5,82751.5,0.285,0.08,0.348
611312,6113,Sales Representative (Business Services),False,40-54 year olds,False,Gender balanced,53269.5,88514.0,0.398,0.09,0.397
611312,6113,Sales Representative (Business Services),False,55+ year olds,False,Moderately male dominated,39006.0,60431.0,0.355,0.1,0.377
611312,6113,Sales Representative (Business Services),False,Whole workforce,True,Gender balanced,56070.0,78430.0,0.285,0.07,0.328
611313,6113,Sales Representative (Motor Vehicle Parts and Accessories),False,20-24 year olds,False,Highly male dominated,58972.0,66592.0,0.114,0.05,0.203
611313,6113,Sales Representative (Motor Vehicle Parts and Accessories),False,25-39 year olds,False,Highly male dominated,59428.5,75537.0,0.213,0.1,0.277
611313,6113,Sales Representative (Motor Vehicle Parts and Accessories),False,40-54 year olds,False,Highly male dominated,59126.0,73120.5,0.191,0.12,0.245
611313,6113,Sales Representative (Motor Vehicle Parts and Accessories),False,55+ year olds,False,Almost completely male dominated,53402.0,60448.0,0.117,0.06,0.183
611313,6113,Sales Representative (Motor Vehicle Parts and Accessories),False,Whole workforce,True,Highly male dominated,58850.0,71500.0,0.177,0.11,0.247
611314,6113,Sales Representative (Personal and Household Goods),False,20-24 year olds,False,Gender balanced,58175.0,61831.5,0.059,0.02,0.132
611314,6113,Sales Representative (Personal and Household Goods),False,25-39 year olds,False,Gender balanced,47670.0,66305.0,0.281,0.1,0.379
611314,6113,Sales Representative (Personal and Household Goods),False,40-54 year olds,False,Moderately male dominated,42443.0,66465.0,0.361,0.12,0.384
611314,6113,Sales Representative (Personal and Household Goods),False,55+ year olds,False,Moderately male dominated,32120.0,49949.0,0.357,0.11,0.36
611314,6113,Sales Representative (Personal and Household Goods),False,Whole workforce,True,Moderately male dominated,44990.0,63310.0,0.289,0.12,0.312
611399,6113,Sales Representatives nec,False,20-24 year olds,False,Gender balanced,64807.0,74552.0,0.131,0.12,0.217
611399,6113,Sales Representatives nec,False,25-39 year olds,False,Gender balanced,72708.5,94429.0,0.23,0.09,0.32
611399,6113,Sales Representatives nec,False,40-54 year olds,False,Moderately male dominated,70828.0,94332.0,0.249,0.12,0.333
611399,6113,Sales Representatives nec,False,55+ year olds,False,Moderately male dominated,50146.0,72295.0,0.306,0.15,0.314
611399,6113,Sales Representatives nec,False,Whole workforce,True,Moderately male dominated,68770.0,89570.0,0.232,0.12,0.317
612112,6121,Property Manager,False,20-24 year olds,False,Highly female dominated,63661.0,77508.0,0.179,-0.06,0.27
612112,6121,Property Manager,False,25-39 year olds,False,Moderately female dominated,66168.5,100815.0,0.344,0.09,0.447
612112,6121,Property Manager,False,40-54 year olds,False,Moderately female dominated,70043.0,111259.0,0.37,0.09,0.434
612112,6121,Property Manager,False,55+ year olds,False,Gender balanced,59495.0,78123.0,0.238,0.02,0.247
612112,6121,Property Manager,False,Whole workforce,True,Moderately female dominated,66320.0,97030.0,0.317,0.04,0.4
612113,6121,Real Estate Agency Principal (Aus) \ Real Estate Agency Licensee (NZ),False,20-24 year olds,False,Moderately female dominated,69281.0,80530.0,0.14,0.18,0.285
612113,6121,Real Estate Agency Principal (Aus) \ Real Estate Agency Licensee (NZ),False,25-39 year olds,False,Gender balanced,74705.0,101909.5,0.267,0.16,0.321
612113,6121,Real Estate Agency Principal (Aus) \ Real Estate Agency Licensee (NZ),False,40-54 year olds,False,Moderately male dominated,76081.5,104469.0,0.272,0.1,0.22
612113,6121,Real Estate Agency Principal (Aus) \ Real Estate Agency Licensee (NZ),False,55+ year olds,False,Moderately male dominated,63948.5,72995.5,0.124,0.08,0.083
612113,6121,Real Estate Agency Principal (Aus) \ Real Estate Agency Licensee (NZ),False,Whole workforce,True,Moderately male dominated,73180.0,94550.0,0.226,0.11,0.253
612114,6121,Real Estate Agent,False,20-24 year olds,False,Moderately male dominated,64434.0,86059.5,0.251,0.07,0.243
612114,6121,Real Estate Agent,False,25-39 year olds,False,Moderately male dominated,70646.0,102253.0,0.309,0.15,0.349
612114,6121,Real Estate Agent,False,40-54 year olds,False,Moderately male dominated,76111.5,99282.0,0.233,0.1,0.216
612114,6121,Real Estate Agent,False,55+ year olds,False,Moderately male dominated,62982.0,71455.5,0.119,0.03,0.097
612114,6121,Real Estate Agent,False,Whole workforce,True,Moderately male dominated,70300.0,94430.0,0.256,0.09,0.266
612115,6121,Real Estate Representative,False,20-24 year olds,False,Gender balanced,66899.0,77587.0,0.138,0.05,0.263
612115,6121,Real Estate Representative,False,25-39 year olds,False,Gender balanced,68229.0,102621.0,0.335,0.11,0.393
612115,6121,Real Estate Representative,False,40-54 year olds,False,Gender balanced,73344.0,100395.0,0.269,0.11,0.253
612115,6121,Real Estate Representative,False,55+ year olds,False,Moderately male dominated,61380.0,72438.5,0.153,0.03,0.105
612115,6121,Real Estate Representative,False,Whole workforce,True,Gender balanced,69070.0,93870.0,0.264,0.08,0.296
621111,6211,Sales Assistant (General),True,20-24 year olds,False,Moderately female dominated,56347.0,59560.0,0.054,0.07,0.123
621111,6211,Sales Assistant (General),True,25-39 year olds,False,Moderately female dominated,46909.0,59842.5,0.216,0.18,0.318
621111,6211,Sales Assistant (General),True,40-54 year olds,False,Moderately female dominated,42008.0,55154.5,0.238,0.24,0.279
621111,6211,Sales Assistant (General),True,55+ year olds,False,Moderately female dominated,31601.0,42462.0,0.256,0.22,0.242
621111,6211,Sales Assistant (General),True,Whole workforce,True,Moderately female dominated,46320.0,58100.0,0.203,0.16,0.254
621211,6212,ICT Sales Assistant,True,20-24 year olds,False,Gender balanced,63320.0,67048.5,0.056,0.0,0.111
621211,6212,ICT Sales Assistant,True,25-39 year olds,False,Moderately male dominated,62999.0,72111.5,0.126,0.12,0.216
621211,6212,ICT Sales Assistant,True,40-54 year olds,False,Moderately male dominated,53042.0,97829.0,0.458,0.11,0.318
621211,6212,ICT Sales Assistant,True,55+ year olds,False,Highly male dominated,38232.0,55176.0,0.307,0.18,0.418
621211,6212,ICT Sales Assistant,True,Whole workforce,True,Moderately male dominated,60360.0,71600.0,0.157,0.14,0.195
621311,6213,Motor Vehicle or Caravan Salesperson,True,20-24 year olds,False,Moderately male dominated,63551.0,85429.0,0.256,0.02,0.189
621311,6213,Motor Vehicle or Caravan Salesperson,True,25-39 year olds,False,Highly male dominated,70576.0,98239.0,0.282,0.11,0.288
621311,6213,Motor Vehicle or Caravan Salesperson,True,40-54 year olds,False,Highly male dominated,72822.0,97806.0,0.255,0.15,0.214
621311,6213,Motor Vehicle or Caravan Salesperson,True,55+ year olds,False,Highly male dominated,71145.0,78582.0,0.095,0.17,-0.011
621311,6213,Motor Vehicle or Caravan Salesperson,True,Whole workforce,True,Highly male dominated,69380.0,94160.0,0.263,0.11,0.248
621411,6214,Pharmacy Sales Assistant,True,20-24 year olds,False,Highly female dominated,57956.0,65054.5,0.109,-0.18,0.215
621411,6214,Pharmacy Sales Assistant,True,25-39 year olds,False,Highly female dominated,44685.0,64074.0,0.303,0.1,0.387
621411,6214,Pharmacy Sales Assistant,True,40-54 year olds,False,Almost completely female dominated,43471.5,58987.0,0.263,0.13,0.349
621411,6214,Pharmacy Sales Assistant,True,55+ year olds,False,Almost completely female dominated,33209.0,51464.5,0.355,0.02,0.225
621411,6214,Pharmacy Sales Assistant,True,Whole workforce,True,Highly female dominated,45910.0,63970.0,0.282,-0.12,0.328
621511,6215,Retail Supervisor,True,20-24 year olds,False,Gender balanced,56583.0,63840.0,0.114,0.06,0.204
621511,6215,Retail Supervisor,True,25-39 year olds,False,Gender balanced,56635.5,73923.0,0.234,0.09,0.276
621511,6215,Retail Supervisor,True,40-54 year olds,False,Moderately female dominated,54297.0,74085.0,0.267,0.11,0.298
621511,6215,Retail Supervisor,True,55+ year olds,False,Moderately female dominated,42920.0,58718.0,0.269,0.15,0.222
621511,6215,Retail Supervisor,True,Whole workforce,True,Gender balanced,54240.0,70650.0,0.232,0.11,0.263
621611,6216,Service Station Attendant,True,20-24 year olds,False,Moderately male dominated,47626.0,55906.0,0.148,-0.05,0.215
621611,6216,Service Station Attendant,True,25-39 year olds,False,Gender balanced,45188.0,55190.0,0.181,0.08,0.265
621611,6216,Service Station Attendant,True,40-54 year olds,False,Moderately female dominated,46809.0,52373.0,0.106,0.13,0.162
621611,6216,Service Station Attendant,True,55+ year olds,False,Moderately female dominated,37790.5,46700.0,0.191,0.02,-0.017
621611,6216,Service Station Attendant,True,Whole workforce,True,Gender balanced,44690.0,53430.0,0.164,0.04,0.21
621911,6219,Materials Recycler,False,20-24 year olds,False,Almost completely male dominated,,,,-0.18,
621911,6219,Materials Recycler,False,25-39 year olds,False,Almost completely male dominated,64685.0,61817.0,-0.046,0.13,0.093
621911,6219,Materials Recycler,False,40-54 year olds,False,Highly male dominated,51711.0,61699.0,0.162,0.18,0.201
621911,6219,Materials Recycler,False,55+ year olds,False,Almost completely male dominated,,,,0.16,
621911,6219,Materials Recycler,False,Whole workforce,True,Almost completely male dominated,53810.0,60200.0,0.106,0.12,0.212
621912,6219,Rental Salesperson,False,20-24 year olds,False,Gender balanced,55989.0,64307.0,0.129,-0.04,0.117
621912,6219,Rental Salesperson,False,25-39 year olds,False,Gender balanced,53878.0,66439.0,0.189,0.11,0.267
621912,6219,Rental Salesperson,False,40-54 year olds,False,Gender balanced,55732.0,62951.0,0.115,0.22,0.327
621912,6219,Rental Salesperson,False,55+ year olds,False,Gender balanced,38826.0,58586.0,0.337,0.11,0.229
621912,6219,Rental Salesperson,False,Whole workforce,True,Gender balanced,54120.0,64670.0,0.163,0.12,0.216
621999,6219,Sales Assistants and Salespersons nec,False,20-24 year olds,False,Gender balanced,56788.0,61333.0,0.074,-0.01,0.133
621999,6219,Sales Assistants and Salespersons nec,False,25-39 year olds,False,Gender balanced,48158.0,63051.0,0.236,0.22,0.336
621999,6219,Sales Assistants and Salespersons nec,False,40-54 year olds,False,Moderately male dominated,42464.0,58665.0,0.276,0.26,0.319
621999,6219,Sales Assistants and Salespersons nec,False,55+ year olds,False,Highly male dominated,30767.0,46297.0,0.335,0.25,0.293
621999,6219,Sales Assistants and Salespersons nec,False,Whole workforce,True,Moderately male dominated,47050.0,60600.0,0.224,0.2,0.266
631111,6311,Checkout Operator,False,20-24 year olds,False,Moderately female dominated,53789.5,56294.0,0.044,-0.02,0.119
631111,6311,Checkout Operator,False,25-39 year olds,False,Moderately female dominated,43084.0,54999.0,0.217,0.1,0.298
631111,6311,Checkout Operator,False,40-54 year olds,False,Highly female dominated,40485.0,49970.0,0.19,0.17,0.187
631111,6311,Checkout Operator,False,55+ year olds,False,Highly female dominated,30241.5,39459.0,0.234,0.06,0.14
631111,6311,Checkout Operator,False,Whole workforce,True,Moderately female dominated,43810.0,54330.0,0.194,-0.02,0.217
631112,6311,Office Cashier,False,20-24 year olds,False,Moderately female dominated,54615.5,57365.0,0.048,-0.05,0.13
631112,6311,Office Cashier,False,25-39 year olds,False,Highly female dominated,44920.0,55748.0,0.194,0.14,0.322
631112,6311,Office Cashier,False,40-54 year olds,False,Highly female dominated,40390.0,58853.5,0.314,0.18,0.376
631112,6311,Office Cashier,False,55+ year olds,False,Highly female dominated,30536.0,45486.0,0.329,0.21,0.29
631112,6311,Office Cashier,False,Whole workforce,True,Highly female dominated,46840.0,56660.0,0.173,0.01,0.249
639112,6391,Sales Demonstrator,True,20-24 year olds,False,Gender balanced,57655.0,62176.0,0.073,-0.12,0.127
639112,6391,Sales Demonstrator,True,25-39 year olds,False,Moderately female dominated,54382.0,69781.5,0.221,0.27,0.366
639112,6391,Sales Demonstrator,True,40-54 year olds,False,Highly female dominated,43890.0,69165.0,0.365,0.28,0.381
639112,6391,Sales Demonstrator,True,55+ year olds,False,Highly female dominated,28880.0,44012.5,0.344,0.21,0.449
639112,6391,Sales Demonstrator,True,Whole workforce,True,Highly female dominated,46420.0,65470.0,0.291,0.22,0.34
639211,6392,Retail Buyer,True,20-24 year olds,False,Gender balanced,68252.0,67150.5,-0.016,0.1,0.14
639211,6392,Retail Buyer,True,25-39 year olds,False,Moderately female dominated,83658.0,102824.0,0.186,0.05,0.341
639211,6392,Retail Buyer,True,40-54 year olds,False,Gender balanced,94577.0,120599.0,0.216,0.09,0.252
639211,6392,Retail Buyer,True,55+ year olds,False,Gender balanced,68005.5,84820.0,0.198,0.12,0.189
639211,6392,Retail Buyer,True,Whole workforce,True,Moderately female dominated,81010.0,97880.0,0.172,0.07,0.292
639311,6393,Telemarketer,True,20-24 year olds,False,Gender balanced,56605.0,58824.0,0.038,0.01,0.107
639311,6393,Telemarketer,True,25-39 year olds,False,Gender balanced,54129.0,63148.5,0.143,0.12,0.19
639311,6393,Telemarketer,True,40-54 year olds,False,Moderately female dominated,46097.0,50309.5,0.084,0.2,0.096
639311,6393,Telemarketer,True,55+ year olds,False,Moderately female dominated,32795.0,33994.0,0.035,0.14,0.111
639311,6393,Telemarketer,True,Whole workforce,True,Gender balanced,49230.0,58960.0,0.165,0.13,0.162
639411,6394,Ticket Seller,False,20-24 year olds,False,Moderately female dominated,60704.5,64704.0,0.062,-0.1,0.091
639411,6394,Ticket Seller,False,25-39 year olds,False,Moderately female dominated,57915.0,72087.0,0.197,0.11,0.26
639411,6394,Ticket Seller,False,40-54 year olds,False,Moderately female dominated,60267.0,77690.0,0.224,0.18,0.315
639411,6394,Ticket Seller,False,55+ year olds,False,Moderately female dominated,52056.0,68895.0,0.244,0.19,0.294
639411,6394,Ticket Seller,False,Whole workforce,True,Moderately female dominated,58690.0,71420.0,0.178,0.09,0.24
639412,6394,Transport Conductor,False,20-24 year olds,False,Highly female dominated,61060.0,79198.0,0.229,-0.02,0.086
639412,6394,Transport Conductor,False,25-39 year olds,False,Moderately male dominated,95170.5,105312.0,0.096,-0.07,0.166
639412,6394,Transport Conductor,False,40-54 year olds,False,Highly male dominated,77527.5,105651.0,0.266,0.02,0.214
639412,6394,Transport Conductor,False,55+ year olds,False,Highly male dominated,42858.0,94296.0,0.545,-0.02,0.537
639412,6394,Transport Conductor,False,Whole workforce,True,Moderately male dominated,76560.0,102370.0,0.252,0.05,0.212
711112,7111,Concrete Products Machine Operator,False,20-24 year olds,False,Almost completely male dominated,,,,,
711112,7111,Concrete Products Machine Operator,False,25-39 year olds,False,Almost completely male dominated,62329.0,87949.5,0.291,,0.216
711112,7111,Concrete Products Machine Operator,False,40-54 year olds,False,Almost completely male dominated,64082.5,85465.0,0.25,,0.384
711112,7111,Concrete Products Machine Operator,False,55+ year olds,False,Almost completely male dominated,59486.0,73502.0,0.191,,
711112,7111,Concrete Products Machine Operator,False,Whole workforce,True,Almost completely male dominated,62280.0,84980.0,0.267,,0.322
711113,7111,Glass Production Machine Operator,False,20-24 year olds,False,Almost completely male dominated,,,,,
711113,7111,Glass Production Machine Operator,False,25-39 year olds,False,Almost completely male dominated,68323.0,79118.0,0.136,0.04,0.301
711113,7111,Glass Production Machine Operator,False,40-54 year olds,False,Almost completely male dominated,68801.0,80396.0,0.144,0.01,0.294
711113,7111,Glass Production Machine Operator,False,55+ year olds,False,Almost completely male dominated,59095.5,73782.0,0.199,0.01,
711113,7111,Glass Production Machine Operator,False,Whole workforce,True,Almost completely male dominated,67880.0,78070.0,0.131,0.0,0.274
711114,7111,Stone Processing Machine Operator,False,20-24 year olds,False,Almost completely male dominated,52671.0,70478.0,0.253,,
711114,7111,Stone Processing Machine Operator,False,25-39 year olds,False,Almost completely male dominated,53326.0,77062.0,0.308,,0.35
711114,7111,Stone Processing Machine Operator,False,40-54 year olds,False,Almost completely male dominated,54933.0,73928.0,0.257,,0.348
711114,7111,Stone Processing Machine Operator,False,55+ year olds,False,Almost completely male dominated,46866.5,61662.0,0.24,,0.413
711114,7111,Stone Processing Machine Operator,False,Whole workforce,True,Almost completely male dominated,52410.0,73490.0,0.287,,0.358
711211,7112,Industrial Spraypainter,True,20-24 year olds,False,Almost completely male dominated,65292.0,69606.5,0.062,-0.05,0.228
711211,7112,Industrial Spraypainter,True,25-39 year olds,False,Almost completely male dominated,58522.5,84969.0,0.311,0.14,0.188
711211,7112,Industrial Spraypainter,True,40-54 year olds,False,Almost completely male dominated,63033.0,79565.0,0.208,0.07,0.291
711211,7112,Industrial Spraypainter,True,55+ year olds,False,Almost completely male dominated,,,,0.12,
711211,7112,Industrial Spraypainter,True,Whole workforce,True,Almost completely male dominated,60770.0,79180.0,0.233,0.13,0.253
711311,7113,Paper Products Machine Operator,False,20-24 year olds,False,Almost completely male dominated,66360.5,77296.0,0.141,-0.06,0.428
711311,7113,Paper Products Machine Operator,False,25-39 year olds,False,Highly male dominated,65619.5,84070.0,0.219,0.14,0.393
711311,7113,Paper Products Machine Operator,False,40-54 year olds,False,Highly male dominated,55446.5,86281.0,0.357,0.17,0.443
711311,7113,Paper Products Machine Operator,False,55+ year olds,False,Almost completely male dominated,51127.0,78373.0,0.348,0.16,0.386
711311,7113,Paper Products Machine Operator,False,Whole workforce,True,Highly male dominated,56190.0,83860.0,0.33,0.17,0.411
711313,7113,Sawmilling Operator,False,20-24 year olds,False,Almost completely male dominated,43421.0,62303.0,0.303,0.05,
711313,7113,Sawmilling Operator,False,25-39 year olds,False,Almost completely male dominated,56904.0,66567.0,0.145,0.14,0.091
711313,7113,Sawmilling Operator,False,40-54 year olds,False,Almost completely male dominated,50771.0,60776.0,0.165,0.01,0.13
711313,7113,Sawmilling Operator,False,55+ year olds,False,Almost completely male dominated,50507.0,60571.0,0.166,0.0,
711313,7113,Sawmilling Operator,False,Whole workforce,True,Almost completely male dominated,52720.0,62930.0,0.162,-0.05,0.116
711314,7113,Other Wood Processing Machine Operator,False,20-24 year olds,False,Almost completely male dominated,56761.0,63645.0,0.108,-0.06,0.216
711314,7113,Other Wood Processing Machine Operator,False,25-39 year olds,False,Almost completely male dominated,55205.0,72866.5,0.242,-0.04,0.227
711314,7113,Other Wood Processing Machine Operator,False,40-54 year olds,False,Almost completely male dominated,53564.0,68500.0,0.218,0.16,0.206
711314,7113,Other Wood Processing Machine Operator,False,55+ year olds,False,Almost completely male dominated,50439.0,59334.0,0.15,-0.02,
711314,7113,Other Wood Processing Machine Operator,False,Whole workforce,True,Almost completely male dominated,54140.0,67930.0,0.203,0.03,0.209
711411,7114,Photographic Developer and Printer,True,20-24 year olds,False,Moderately female dominated,54566.0,53957.0,-0.011,0.0,0.219
711411,7114,Photographic Developer and Printer,True,25-39 year olds,False,Gender balanced,48704.0,66534.5,0.268,0.13,0.406
711411,7114,Photographic Developer and Printer,True,40-54 year olds,False,Gender balanced,45473.5,67122.5,0.323,0.18,0.38
711411,7114,Photographic Developer and Printer,True,55+ year olds,False,Gender balanced,42234.0,61396.5,0.312,0.11,0.058
711411,7114,Photographic Developer and Printer,True,Whole workforce,True,Gender balanced,47730.0,64750.0,0.263,0.12,0.344
711514,7115,Plastics Production Machine Operator (General),True,20-24 year olds,False,Almost completely male dominated,55332.5,62675.5,0.117,0.0,
711514,7115,Plastics Production Machine Operator (General),True,25-39 year olds,False,Highly male dominated,53190.0,73619.0,0.277,0.04,0.311
711514,7115,Plastics Production Machine Operator (General),True,40-54 year olds,False,Highly male dominated,54121.0,73284.0,0.261,0.06,0.287
711514,7115,Plastics Production Machine Operator (General),True,55+ year olds,False,Highly male dominated,49923.0,62989.0,0.207,0.02,0.304
711514,7115,Plastics Production Machine Operator (General),True,Whole workforce,True,Highly male dominated,52090.0,69790.0,0.254,0.06,0.298
711611,7116,Sewing Machinist,True,20-24 year olds,False,Gender balanced,49024.0,54622.0,0.102,0.14,0.263
711611,7116,Sewing Machinist,True,25-39 year olds,False,Moderately female dominated,44046.0,55633.5,0.208,0.17,0.24
711611,7116,Sewing Machinist,True,40-54 year olds,False,Highly female dominated,46047.5,53260.5,0.135,0.12,0.088
711611,7116,Sewing Machinist,True,55+ year olds,False,Highly female dominated,43030.5,44086.0,0.024,0.1,0.103
711611,7116,Sewing Machinist,True,Whole workforce,True,Highly female dominated,44450.0,51700.0,0.14,0.11,0.161
711911,7119,Chemical Production Machine Operator,False,20-24 year olds,False,Moderately male dominated,74394.0,73020.0,-0.019,0.23,
711911,7119,Chemical Production Machine Operator,False,25-39 year olds,False,Moderately male dominated,66486.0,78465.0,0.153,0.18,0.273
711911,7119,Chemical Production Machine Operator,False,40-54 year olds,False,Moderately male dominated,57009.0,79680.5,0.285,0.22,0.3
711911,7119,Chemical Production Machine Operator,False,55+ year olds,False,Moderately male dominated,55958.0,67873.0,0.176,0.1,0.161
711911,7119,Chemical Production Machine Operator,False,Whole workforce,True,Moderately male dominated,61530.0,75870.0,0.189,0.19,0.269
711914,7119,Sterilisation Technician,False,20-24 year olds,False,Gender balanced,60246.5,71319.0,0.155,-0.04,0.123
711914,7119,Sterilisation Technician,False,25-39 year olds,False,Moderately female dominated,62722.0,77369.0,0.189,0.13,0.196
711914,7119,Sterilisation Technician,False,40-54 year olds,False,Moderately female dominated,68509.0,76444.0,0.104,0.07,0.117
711914,7119,Sterilisation Technician,False,55+ year olds,False,Highly female dominated,63514.0,68456.0,0.072,0.08,0.07
711914,7119,Sterilisation Technician,False,Whole workforce,True,Moderately female dominated,65980.0,75670.0,0.128,0.08,0.127
711999,7119,Machine Operators nec,False,20-24 year olds,False,Moderately male dominated,56859.0,71868.0,0.209,0.19,0.301
711999,7119,Machine Operators nec,False,25-39 year olds,False,Highly male dominated,62164.0,85197.0,0.27,-0.14,0.338
711999,7119,Machine Operators nec,False,40-54 year olds,False,Highly male dominated,58781.5,81816.5,0.282,-0.06,0.318
711999,7119,Machine Operators nec,False,55+ year olds,False,Highly male dominated,50914.5,69251.0,0.265,0.07,0.285
711999,7119,Machine Operators nec,False,Whole workforce,True,Highly male dominated,58320.0,80110.0,0.272,-0.03,0.321
712111,7121,"Crane, Hoist or Lift Operator",True,20-24 year olds,False,Moderately male dominated,55516.0,103223.5,0.462,0.21,0.518
712111,7121,"Crane, Hoist or Lift Operator",True,25-39 year olds,False,Almost completely male dominated,80111.0,128954.0,0.379,0.18,0.406
712111,7121,"Crane, Hoist or Lift Operator",True,40-54 year olds,False,Almost completely male dominated,96348.5,120932.0,0.203,0.04,0.258
712111,7121,"Crane, Hoist or Lift Operator",True,55+ year olds,False,Almost completely male dominated,,,,0.27,
712111,7121,"Crane, Hoist or Lift Operator",True,Whole workforce,True,Almost completely male dominated,69840.0,118220.0,0.409,0.23,0.445
712211,7122,Driller,False,20-24 year olds,False,Almost completely male dominated,108662.0,110046.0,0.013,0.21,0.028
712211,7122,Driller,False,25-39 year olds,False,Almost completely male dominated,120600.0,136782.0,0.118,0.01,0.146
712211,7122,Driller,False,40-54 year olds,False,Almost completely male dominated,122749.0,135689.0,0.095,-0.05,0.146
712211,7122,Driller,False,55+ year olds,False,Almost completely male dominated,,,,0.31,
712211,7122,Driller,False,Whole workforce,True,Almost completely male dominated,120720.0,132840.0,0.091,0.03,0.117
712212,7122,Miner,False,20-24 year olds,False,Highly male dominated,113186.5,124712.5,0.092,-0.11,0.162
712212,7122,Miner,False,25-39 year olds,False,Highly male dominated,114128.5,145968.0,0.218,0.0,0.283
712212,7122,Miner,False,40-54 year olds,False,Almost completely male dominated,120018.0,146444.5,0.18,-0.05,0.272
712212,7122,Miner,False,55+ year olds,False,Almost completely male dominated,97179.0,129042.5,0.247,-0.13,0.22
712212,7122,Miner,False,Whole workforce,True,Highly male dominated,114900.0,143230.0,0.198,-0.03,0.266
712213,7122,Shot Firer,False,20-24 year olds,False,Highly male dominated,95899.0,129501.0,0.259,-0.02,0.24
712213,7122,Shot Firer,False,25-39 year olds,False,Highly male dominated,127034.0,142795.0,0.11,-0.06,0.301
712213,7122,Shot Firer,False,40-54 year olds,False,Almost completely male dominated,112459.5,140385.0,0.199,-0.1,0.33
712213,7122,Shot Firer,False,55+ year olds,False,Almost completely male dominated,,,,0.33,
712213,7122,Shot Firer,False,Whole workforce,True,Highly male dominated,120320.0,140220.0,0.142,-0.06,0.308
712311,7123,Engineering Production Worker,True,20-24 year olds,False,Highly male dominated,105673.0,76883.0,-0.374,-0.08,
712311,7123,Engineering Production Worker,True,25-39 year olds,False,Almost completely male dominated,79349.0,97401.5,0.185,-0.01,0.325
712311,7123,Engineering Production Worker,True,40-54 year olds,False,Almost completely male dominated,66750.0,88592.5,0.247,0.05,0.304
712311,7123,Engineering Production Worker,True,55+ year olds,False,Almost completely male dominated,,,,0.12,
712311,7123,Engineering Production Worker,True,Whole workforce,True,Almost completely male dominated,78020.0,86600.0,0.099,0.02,0.346
712912,7129,Bulk Materials Handling Plant Operator,False,20-24 year olds,False,Moderately male dominated,82482.5,84136.0,0.02,0.05,0.234
712912,7129,Bulk Materials Handling Plant Operator,False,25-39 year olds,False,Highly male dominated,96072.0,104098.0,0.077,0.05,0.022
712912,7129,Bulk Materials Handling Plant Operator,False,40-54 year olds,False,Almost completely male dominated,91204.0,108343.0,0.158,0.1,-0.086
712912,7129,Bulk Materials Handling Plant Operator,False,55+ year olds,False,Almost completely male dominated,73235.0,83667.0,0.125,0.18,
712912,7129,Bulk Materials Handling Plant Operator,False,Whole workforce,True,Highly male dominated,88580.0,100610.0,0.12,0.06,0.072
712914,7129,Concrete Batching Plant Operator,False,20-24 year olds,False,Highly male dominated,,,,,
712914,7129,Concrete Batching Plant Operator,False,25-39 year olds,False,Almost completely male dominated,76997.0,98375.5,0.217,,
712914,7129,Concrete Batching Plant Operator,False,40-54 year olds,False,Almost completely male dominated,,,,,
712914,7129,Concrete Batching Plant Operator,False,55+ year olds,False,Almost completely male dominated,,,,,
712914,7129,Concrete Batching Plant Operator,False,Whole workforce,True,Almost completely male dominated,84140.0,92990.0,0.095,-0.07,0.261
712918,7129,Train Controller,False,20-24 year olds,False,Gender balanced,,,,0.02,0.242
712918,7129,Train Controller,False,25-39 year olds,False,Moderately male dominated,123067.5,157496.0,0.219,0.02,0.148
712918,7129,Train Controller,False,40-54 year olds,False,Highly male dominated,132642.0,152036.5,0.128,0.08,0.311
712918,7129,Train Controller,False,55+ year olds,False,Almost completely male dominated,96847.0,130466.0,0.258,0.09,
712918,7129,Train Controller,False,Whole workforce,True,Highly male dominated,124570.0,151660.0,0.179,-0.01,0.283
712921,7129,Waste Water or Water Plant Operator,False,20-24 year olds,False,Highly male dominated,83273.0,87774.5,0.051,0.08,-0.156
712921,7129,Waste Water or Water Plant Operator,False,25-39 year olds,False,Highly male dominated,86689.0,99391.5,0.128,0.06,0.326
712921,7129,Waste Water or Water Plant Operator,False,40-54 year olds,False,Almost completely male dominated,83584.0,95313.0,0.123,0.09,0.227
712921,7129,Waste Water or Water Plant Operator,False,55+ year olds,False,Almost completely male dominated,73583.0,80394.5,0.085,0.19,
712921,7129,Waste Water or Water Plant Operator,False,Whole workforce,True,Almost completely male dominated,83580.0,93270.0,0.104,0.09,0.216
721111,7211,Agricultural and Horticultural Mobile Plant Operator,True,20-24 year olds,False,Highly male dominated,57640.0,68108.0,0.154,0.21,0.3
721111,7211,Agricultural and Horticultural Mobile Plant Operator,True,25-39 year olds,False,Highly male dominated,54347.0,71538.0,0.24,0.16,0.352
721111,7211,Agricultural and Horticultural Mobile Plant Operator,True,40-54 year olds,False,Almost completely male dominated,49005.0,64963.5,0.246,0.22,0.369
721111,7211,Agricultural and Horticultural Mobile Plant Operator,True,55+ year olds,False,Almost completely male dominated,26557.0,52038.0,0.49,0.28,0.526
721111,7211,Agricultural and Horticultural Mobile Plant Operator,True,Whole workforce,True,Almost completely male dominated,52280.0,66120.0,0.209,0.18,0.361
721211,7212,Earthmoving Plant Operator (General),False,20-24 year olds,False,Almost completely male dominated,94332.0,96165.5,0.019,,0.036
721211,7212,Earthmoving Plant Operator (General),False,25-39 year olds,False,Almost completely male dominated,104013.0,107161.0,0.029,0.2,-0.011
721211,7212,Earthmoving Plant Operator (General),False,40-54 year olds,False,Almost completely male dominated,110592.0,99017.0,-0.117,0.25,-0.127
721211,7212,Earthmoving Plant Operator (General),False,55+ year olds,False,Almost completely male dominated,85731.0,78442.0,-0.093,0.11,-0.027
721211,7212,Earthmoving Plant Operator (General),False,Whole workforce,True,Almost completely male dominated,103710.0,97670.0,-0.062,0.18,-0.063
721214,7212,Excavator Operator,False,20-24 year olds,False,Almost completely male dominated,,,,0.21,
721214,7212,Excavator Operator,False,25-39 year olds,False,Almost completely male dominated,95120.0,92745.5,-0.026,0.13,0.329
721214,7212,Excavator Operator,False,40-54 year olds,False,Almost completely male dominated,71160.0,86529.0,0.178,0.0,0.083
721214,7212,Excavator Operator,False,55+ year olds,False,Almost completely male dominated,,,,0.0,
721214,7212,Excavator Operator,False,Whole workforce,True,Almost completely male dominated,74440.0,87700.0,0.151,0.1,0.226
721215,7212,Grader Operator,False,20-24 year olds,False,Almost completely male dominated,,,,,
721215,7212,Grader Operator,False,25-39 year olds,False,Almost completely male dominated,53202.0,98207.0,0.458,-0.25,0.38
721215,7212,Grader Operator,False,40-54 year olds,False,Almost completely male dominated,57938.0,84177.0,0.312,-0.32,0.428
721215,7212,Grader Operator,False,55+ year olds,False,Almost completely male dominated,,,,,
721215,7212,Grader Operator,False,Whole workforce,True,Almost completely male dominated,57940.0,83540.0,0.306,-0.28,0.359
721216,7212,Loader Operator,False,20-24 year olds,False,Almost completely male dominated,48052.0,80968.0,0.407,0.07,
721216,7212,Loader Operator,False,25-39 year olds,False,Almost completely male dominated,64842.0,88762.0,0.269,-0.02,0.073
721216,7212,Loader Operator,False,40-54 year olds,False,Almost completely male dominated,70725.5,81878.5,0.136,0.04,-0.128
721216,7212,Loader Operator,False,55+ year olds,False,Almost completely male dominated,,,,-0.01,
721216,7212,Loader Operator,False,Whole workforce,True,Almost completely male dominated,68020.0,82380.0,0.174,-0.01,0.023
721311,7213,Forklift Driver,True,20-24 year olds,False,Almost completely male dominated,57749.0,63969.5,0.097,0.03,0.096
721311,7213,Forklift Driver,True,25-39 year olds,False,Almost completely male dominated,62549.0,68428.5,0.086,0.04,0.14
721311,7213,Forklift Driver,True,40-54 year olds,False,Almost completely male dominated,64503.0,67451.0,0.044,0.04,0.099
721311,7213,Forklift Driver,True,55+ year olds,False,Almost completely male dominated,58127.0,62113.0,0.064,0.06,-0.071
721311,7213,Forklift Driver,True,Whole workforce,True,Almost completely male dominated,62350.0,66620.0,0.064,0.04,0.114
721911,7219,Aircraft Baggage Handler and Airline Ground Crew,False,20-24 year olds,False,Highly male dominated,61938.0,67552.0,0.083,0.12,0.131
721911,7219,Aircraft Baggage Handler and Airline Ground Crew,False,25-39 year olds,False,Highly male dominated,60051.0,76383.5,0.214,0.05,0.234
721911,7219,Aircraft Baggage Handler and Airline Ground Crew,False,40-54 year olds,False,Highly male dominated,67198.0,72054.5,0.067,0.14,0.146
721911,7219,Aircraft Baggage Handler and Airline Ground Crew,False,55+ year olds,False,Highly male dominated,52665.0,59998.0,0.122,0.13,0.156
721911,7219,Aircraft Baggage Handler and Airline Ground Crew,False,Whole workforce,True,Highly male dominated,62370.0,71640.0,0.129,0.09,0.193
721914,7219,Railway Track Plant Operator,False,20-24 year olds,False,Almost completely male dominated,,,,,
721914,7219,Railway Track Plant Operator,False,25-39 year olds,False,Almost completely male dominated,127936.0,137058.0,0.067,,
721914,7219,Railway Track Plant Operator,False,40-54 year olds,False,Almost completely male dominated,107654.5,124034.0,0.132,,
721914,7219,Railway Track Plant Operator,False,55+ year olds,False,Almost completely male dominated,,,,,
721914,7219,Railway Track Plant Operator,False,Whole workforce,True,Almost completely male dominated,119430.0,124930.0,0.044,,
731111,7311,Chauffeur,True,20-24 year olds,False,Highly male dominated,36327.5,57014.5,0.363,,
731111,7311,Chauffeur,True,25-39 year olds,False,Almost completely male dominated,35359.0,64282.5,0.45,0.51,0.33
731111,7311,Chauffeur,True,40-54 year olds,False,Highly male dominated,33569.0,59091.0,0.432,0.21,0.523
731111,7311,Chauffeur,True,55+ year olds,False,Almost completely male dominated,22737.0,36230.0,0.372,0.38,0.033
731111,7311,Chauffeur,True,Whole workforce,True,Highly male dominated,29580.0,50340.0,0.412,0.23,0.344
731211,7312,Bus Driver,False,20-24 year olds,False,Highly male dominated,55977.0,67062.0,0.165,0.05,0.351
731211,7312,Bus Driver,False,25-39 year olds,False,Almost completely male dominated,54004.0,80691.5,0.331,0.23,0.332
731211,7312,Bus Driver,False,40-54 year olds,False,Highly male dominated,52665.5,77422.0,0.32,0.19,0.299
731211,7312,Bus Driver,False,55+ year olds,False,Highly male dominated,34778.5,55016.0,0.368,0.12,0.407
731211,7312,Bus Driver,False,Whole workforce,True,Highly male dominated,46680.0,70910.0,0.342,0.16,0.306
731213,7312,Passenger Coach Driver,False,20-24 year olds,False,Almost completely male dominated,,,,,
731213,7312,Passenger Coach Driver,False,25-39 year olds,False,Highly male dominated,70463.5,76729.5,0.082,0.32,0.346
731213,7312,Passenger Coach Driver,False,40-54 year olds,False,Highly male dominated,55135.0,71423.0,0.228,-0.01,0.288
731213,7312,Passenger Coach Driver,False,55+ year olds,False,Almost completely male dominated,28618.5,54855.0,0.478,0.05,0.576
731213,7312,Passenger Coach Driver,False,Whole workforce,True,Highly male dominated,50890.0,64890.0,0.216,0.02,0.299
731311,7313,Train Driver,False,20-24 year olds,False,Gender balanced,119946.0,133169.0,0.099,0.06,0.2
731311,7313,Train Driver,False,25-39 year olds,False,Highly male dominated,134393.5,142023.0,0.054,0.04,0.14
731311,7313,Train Driver,False,40-54 year olds,False,Highly male dominated,135991.0,142484.0,0.046,0.02,0.171
731311,7313,Train Driver,False,55+ year olds,False,Almost completely male dominated,95095.0,126353.5,0.247,-0.01,
731311,7313,Train Driver,False,Whole workforce,True,Highly male dominated,132850.0,138760.0,0.043,0.03,0.16
731312,7313,Tram Driver,False,20-24 year olds,False,Almost completely male dominated,,,,,
731312,7313,Tram Driver,False,25-39 year olds,False,Moderately male dominated,99569.5,103688.0,0.04,0.09,0.129
731312,7313,Tram Driver,False,40-54 year olds,False,Moderately male dominated,98370.5,103046.0,0.045,0.04,0.037
731312,7313,Tram Driver,False,55+ year olds,False,Highly male dominated,99012.0,105889.0,0.065,0.01,-0.011
731312,7313,Tram Driver,False,Whole workforce,True,Moderately male dominated,98820.0,104190.0,0.052,0.05,0.06
732111,7321,Delivery Driver,True,20-24 year olds,False,Highly male dominated,49737.0,57449.0,0.134,0.09,0.196
732111,7321,Delivery Driver,True,25-39 year olds,False,Highly male dominated,48679.0,61612.0,0.21,0.22,0.318
732111,7321,Delivery Driver,True,40-54 year olds,False,Highly male dominated,46376.5,58982.0,0.214,0.19,0.228
732111,7321,Delivery Driver,True,55+ year olds,False,Almost completely male dominated,40036.5,47310.5,0.154,0.18,0.238
732111,7321,Delivery Driver,True,Whole workforce,True,Highly male dominated,46670.0,57450.0,0.188,0.19,0.255
733111,7331,Truck Driver (General),False,20-24 year olds,False,Highly male dominated,89582.0,83785.0,-0.069,-0.26,0.007
733111,7331,Truck Driver (General),False,25-39 year olds,False,Almost completely male dominated,79445.0,86855.5,0.085,-0.13,0.082
733111,7331,Truck Driver (General),False,40-54 year olds,False,Almost completely male dominated,77383.0,84415.5,0.083,-0.09,0.082
733111,7331,Truck Driver (General),False,55+ year olds,False,Almost completely male dominated,61426.5,71078.0,0.136,0.0,0.13
733111,7331,Truck Driver (General),False,Whole workforce,True,Almost completely male dominated,77300.0,81740.0,0.054,-0.1,0.069
733113,7331,Furniture Removalist,False,20-24 year olds,False,Almost completely male dominated,50389.0,56703.0,0.111,-0.36,0.15
733113,7331,Furniture Removalist,False,25-39 year olds,False,Almost completely male dominated,50173.5,62010.0,0.191,0.21,0.291
733113,7331,Furniture Removalist,False,40-54 year olds,False,Almost completely male dominated,39463.0,58871.0,0.33,0.25,0.214
733113,7331,Furniture Removalist,False,55+ year olds,False,Highly male dominated,24105.5,47318.5,0.491,0.43,0.669
733113,7331,Furniture Removalist,False,Whole workforce,True,Almost completely male dominated,43770.0,58920.0,0.257,0.26,0.246
733115,7331,Tow Truck Driver,False,20-24 year olds,False,Almost completely male dominated,,,,,
733115,7331,Tow Truck Driver,False,25-39 year olds,False,Almost completely male dominated,59517.0,78111.5,0.238,0.22,
733115,7331,Tow Truck Driver,False,40-54 year olds,False,Almost completely male dominated,,,,0.65,
733115,7331,Tow Truck Driver,False,55+ year olds,False,Almost completely male dominated,,,,0.85,
733115,7331,Tow Truck Driver,False,Whole workforce,True,Almost completely male dominated,68860.0,75070.0,0.083,0.28,0.166
741111,7411,Storeperson,True,20-24 year olds,False,Moderately male dominated,54018.0,60315.0,0.104,0.06,0.158
741111,7411,Storeperson,True,25-39 year olds,False,Moderately male dominated,53239.0,65083.0,0.182,0.12,0.217
741111,7411,Storeperson,True,40-54 year olds,False,Moderately male dominated,53527.0,63972.0,0.163,0.12,0.183
741111,7411,Storeperson,True,55+ year olds,False,Highly male dominated,47492.0,56657.0,0.162,0.11,0.162
741111,7411,Storeperson,True,Whole workforce,True,Moderately male dominated,52780.0,62700.0,0.158,0.1,0.188
811111,8111,Car Detailer,True,20-24 year olds,False,Highly male dominated,49467.0,52400.5,0.056,0.07,0.167
811111,8111,Car Detailer,True,25-39 year olds,False,Highly male dominated,47697.0,53173.0,0.103,0.11,0.157
811111,8111,Car Detailer,True,40-54 year olds,False,Highly male dominated,46812.0,49805.5,0.06,0.12,0.09
811111,8111,Car Detailer,True,55+ year olds,False,Highly male dominated,42684.0,45047.5,0.052,0.09,0.075
811111,8111,Car Detailer,True,Whole workforce,True,Highly male dominated,46950.0,50890.0,0.077,0.1,0.118
811211,8112,Commercial Cleaner,True,20-24 year olds,False,Gender balanced,51139.0,56716.0,0.098,0.03,0.209
811211,8112,Commercial Cleaner,True,25-39 year olds,False,Gender balanced,47491.0,58969.0,0.195,0.16,0.292
811211,8112,Commercial Cleaner,True,40-54 year olds,False,Moderately female dominated,43762.0,52945.0,0.173,0.14,0.219
811211,8112,Commercial Cleaner,True,55+ year olds,False,Moderately female dominated,35737.0,45033.0,0.206,0.11,0.194
811211,8112,Commercial Cleaner,True,Whole workforce,True,Gender balanced,43820.0,54470.0,0.196,0.1,0.237
811311,8113,Domestic Cleaner,True,20-24 year olds,False,Moderately female dominated,45548.0,52848.5,0.138,0.15,0.205
811311,8113,Domestic Cleaner,True,25-39 year olds,False,Highly female dominated,38587.0,55882.0,0.309,0.27,0.279
811311,8113,Domestic Cleaner,True,40-54 year olds,False,Highly female dominated,38053.0,47248.0,0.195,0.25,0.184
811311,8113,Domestic Cleaner,True,55+ year olds,False,Highly female dominated,32069.0,37109.5,0.136,0.16,0.206
811311,8113,Domestic Cleaner,True,Whole workforce,True,Highly female dominated,37320.0,50440.0,0.26,0.22,0.224
811411,8114,Commercial Housekeeper,False,20-24 year olds,False,Moderately female dominated,56312.5,59145.0,0.048,0.04,0.222
811411,8114,Commercial Housekeeper,False,25-39 year olds,False,Highly female dominated,48508.5,59046.0,0.178,0.25,0.252
811411,8114,Commercial Housekeeper,False,40-54 year olds,False,Highly female dominated,44055.5,52866.0,0.167,0.28,0.205
811411,8114,Commercial Housekeeper,False,55+ year olds,False,Highly female dominated,37960.0,48539.0,0.218,0.18,0.218
811411,8114,Commercial Housekeeper,False,Whole workforce,True,Highly female dominated,47020.0,57300.0,0.179,0.21,0.225
811412,8114,Domestic Housekeeper,False,20-24 year olds,False,Highly female dominated,53440.0,54223.0,0.014,-0.16,-0.006
811412,8114,Domestic Housekeeper,False,25-39 year olds,False,Highly female dominated,45276.0,58038.0,0.22,0.19,0.337
811412,8114,Domestic Housekeeper,False,40-54 year olds,False,Almost completely female dominated,40469.0,50520.0,0.199,0.21,0.203
811412,8114,Domestic Housekeeper,False,55+ year olds,False,Almost completely female dominated,36047.0,43142.0,0.164,0.24,
811412,8114,Domestic Housekeeper,False,Whole workforce,True,Highly female dominated,43710.0,55240.0,0.209,0.15,0.23
811511,8115,Laundry Worker (General),False,20-24 year olds,False,Gender balanced,50471.0,55663.0,0.093,0.13,0.191
811511,8115,Laundry Worker (General),False,25-39 year olds,False,Moderately female dominated,48861.0,57128.0,0.145,0.14,0.172
811511,8115,Laundry Worker (General),False,40-54 year olds,False,Moderately female dominated,49267.0,54816.0,0.101,0.06,0.134
811511,8115,Laundry Worker (General),False,55+ year olds,False,Highly female dominated,44631.0,50842.0,0.122,0.07,0.08
811511,8115,Laundry Worker (General),False,Whole workforce,True,Moderately female dominated,47900.0,55410.0,0.136,0.05,0.12
811512,8115,Drycleaner,False,20-24 year olds,False,Moderately female dominated,46375.0,51392.0,0.098,-0.04,0.12
811512,8115,Drycleaner,False,25-39 year olds,False,Gender balanced,47603.0,54566.0,0.128,0.27,0.245
811512,8115,Drycleaner,False,40-54 year olds,False,Moderately female dominated,45303.0,54217.5,0.164,0.2,0.135
811512,8115,Drycleaner,False,55+ year olds,False,Gender balanced,35735.0,45602.0,0.216,0.25,0.182
811512,8115,Drycleaner,False,Whole workforce,True,Gender balanced,43200.0,52020.0,0.17,0.24,0.164
811699,8116,Cleaners nec,True,20-24 year olds,False,Almost completely male dominated,49792.0,55141.0,0.097,0.04,0.155
811699,8116,Cleaners nec,True,25-39 year olds,False,Highly male dominated,47203.0,59494.0,0.207,0.2,0.281
811699,8116,Cleaners nec,True,40-54 year olds,False,Highly male dominated,45979.0,57386.0,0.199,0.23,0.215
811699,8116,Cleaners nec,True,55+ year olds,False,Almost completely male dominated,39835.0,48681.0,0.182,0.19,0.182
811699,8116,Cleaners nec,True,Whole workforce,True,Almost completely male dominated,45210.0,55970.0,0.192,0.2,0.217
821111,8211,Builder's Labourer,False,20-24 year olds,False,Almost completely male dominated,64948.0,65526.5,0.009,0.0,0.117
821111,8211,Builder's Labourer,False,25-39 year olds,False,Almost completely male dominated,54202.0,75573.0,0.283,0.13,0.332
821111,8211,Builder's Labourer,False,40-54 year olds,False,Almost completely male dominated,54474.0,75427.0,0.278,0.16,0.272
821111,8211,Builder's Labourer,False,55+ year olds,False,Almost completely male dominated,40444.0,62667.0,0.355,0.19,0.57
821111,8211,Builder's Labourer,False,Whole workforce,True,Almost completely male dominated,55790.0,72020.0,0.225,0.1,0.285
821112,8211,"Drainage, Sewerage and Stormwater Labourer",False,20-24 year olds,False,Almost completely male dominated,63827.0,80234.0,0.204,0.04,
821112,8211,"Drainage, Sewerage and Stormwater Labourer",False,25-39 year olds,False,Almost completely male dominated,54490.5,86131.0,0.367,0.12,
821112,8211,"Drainage, Sewerage and Stormwater Labourer",False,40-54 year olds,False,Almost completely male dominated,68075.0,81445.0,0.164,0.07,0.353
821112,8211,"Drainage, Sewerage and Stormwater Labourer",False,55+ year olds,False,Almost completely male dominated,,,,0.0,
821112,8211,"Drainage, Sewerage and Stormwater Labourer",False,Whole workforce,True,Almost completely male dominated,58390.0,81640.0,0.285,0.11,0.334
821113,8211,Earthmoving Labourer,False,20-24 year olds,False,Almost completely male dominated,67644.0,76295.0,0.113,-0.03,0.201
821113,8211,Earthmoving Labourer,False,25-39 year olds,False,Almost completely male dominated,65852.0,84322.5,0.219,0.1,0.377
821113,8211,Earthmoving Labourer,False,40-54 year olds,False,Almost completely male dominated,63531.0,79369.0,0.2,0.08,0.354
821113,8211,Earthmoving Labourer,False,55+ year olds,False,Almost completely male dominated,38724.5,66328.0,0.416,0.58,0.563
821113,8211,Earthmoving Labourer,False,Whole workforce,True,Almost completely male dominated,60970.0,78660.0,0.225,0.13,0.353
821211,8212,Concreter,True,20-24 year olds,False,Almost completely male dominated,46860.5,74705.0,0.373,0.09,0.151
821211,8212,Concreter,True,25-39 year olds,False,Almost completely male dominated,54003.0,85487.0,0.368,0.16,0.468
821211,8212,Concreter,True,40-54 year olds,False,Almost completely male dominated,59642.0,81764.0,0.271,0.13,0.278
821211,8212,Concreter,True,55+ year olds,False,Almost completely male dominated,,,,0.22,
821211,8212,Concreter,True,Whole workforce,True,Almost completely male dominated,53220.0,81060.0,0.343,0.13,0.371
821311,8213,Fencer,True,20-24 year olds,False,Almost completely male dominated,,,,-0.13,
821311,8213,Fencer,True,25-39 year olds,False,Almost completely male dominated,43964.0,64879.0,0.322,-0.03,0.308
821311,8213,Fencer,True,40-54 year olds,False,Almost completely male dominated,42843.0,63013.0,0.32,0.08,
821311,8213,Fencer,True,55+ year olds,False,Almost completely male dominated,,,,-0.09,
821311,8213,Fencer,True,Whole workforce,True,Almost completely male dominated,43710.0,62010.0,0.295,0.1,0.244
821411,8214,Building Insulation Installer,False,20-24 year olds,False,Almost completely male dominated,,,,0.49,
821411,8214,Building Insulation Installer,False,25-39 year olds,False,Almost completely male dominated,71757.5,75335.0,0.047,0.2,
821411,8214,Building Insulation Installer,False,40-54 year olds,False,Almost completely male dominated,,,,0.17,
821411,8214,Building Insulation Installer,False,55+ year olds,False,Almost completely male dominated,,,,0.07,
821411,8214,Building Insulation Installer,False,Whole workforce,True,Almost completely male dominated,69510.0,72410.0,0.04,0.16,0.208
821412,8214,Home Improvement Installer,False,20-24 year olds,False,Almost completely male dominated,,,,0.03,
821412,8214,Home Improvement Installer,False,25-39 year olds,False,Almost completely male dominated,54560.0,70256.0,0.223,0.18,0.32
821412,8214,Home Improvement Installer,False,40-54 year olds,False,Almost completely male dominated,48910.0,67382.0,0.274,0.18,0.112
821412,8214,Home Improvement Installer,False,55+ year olds,False,Almost completely male dominated,40269.0,55189.0,0.27,0.2,
821412,8214,Home Improvement Installer,False,Whole workforce,True,Almost completely male dominated,49440.0,66250.0,0.254,0.19,0.157
821511,8215,Paving and Surfacing Labourer,True,20-24 year olds,False,Almost completely male dominated,67764.0,77279.0,0.123,0.0,0.373
821511,8215,Paving and Surfacing Labourer,True,25-39 year olds,False,Almost completely male dominated,69851.0,87298.0,0.2,0.05,0.317
821511,8215,Paving and Surfacing Labourer,True,40-54 year olds,False,Almost completely male dominated,71258.5,77956.0,0.086,0.04,0.228
821511,8215,Paving and Surfacing Labourer,True,55+ year olds,False,Almost completely male dominated,59766.0,67583.0,0.116,0.02,
821511,8215,Paving and Surfacing Labourer,True,Whole workforce,True,Almost completely male dominated,67950.0,78600.0,0.135,-0.03,0.293
821611,8216,Railway Track Worker,True,20-24 year olds,False,Highly male dominated,74299.0,101288.0,0.266,0.03,0.215
821611,8216,Railway Track Worker,True,25-39 year olds,False,Almost completely male dominated,98292.5,121822.0,0.193,0.1,0.253
821611,8216,Railway Track Worker,True,40-54 year olds,False,Almost completely male dominated,118922.0,115003.0,-0.034,0.03,0.269
821611,8216,Railway Track Worker,True,55+ year olds,False,Almost completely male dominated,82489.0,98279.0,0.161,0.21,
821611,8216,Railway Track Worker,True,Whole workforce,True,Almost completely male dominated,98870.0,113820.0,0.131,0.06,0.262
821711,8217,Construction Rigger,False,20-24 year olds,False,Almost completely male dominated,80249.0,103351.0,0.224,0.13,
821711,8217,Construction Rigger,False,25-39 year olds,False,Almost completely male dominated,102953.0,125641.0,0.181,-0.03,0.321
821711,8217,Construction Rigger,False,40-54 year olds,False,Almost completely male dominated,78961.5,121266.0,0.349,0.75,0.489
821711,8217,Construction Rigger,False,55+ year olds,False,Almost completely male dominated,,,,,
821711,8217,Construction Rigger,False,Whole workforce,True,Almost completely male dominated,95030.0,119230.0,0.203,0.05,0.352
821712,8217,Scaffolder,False,20-24 year olds,False,Almost completely male dominated,,,,0.12,
821712,8217,Scaffolder,False,25-39 year olds,False,Almost completely male dominated,55743.5,102811.5,0.458,-0.01,0.221
821712,8217,Scaffolder,False,40-54 year olds,False,Almost completely male dominated,76168.0,101703.0,0.251,0.16,
821712,8217,Scaffolder,False,55+ year olds,False,Almost completely male dominated,,,,,
821712,8217,Scaffolder,False,Whole workforce,True,Almost completely male dominated,57050.0,97300.0,0.414,0.04,0.229
821713,8217,Steel Fixer,False,20-24 year olds,False,Almost completely male dominated,,,,-0.04,
821713,8217,Steel Fixer,False,25-39 year olds,False,Almost completely male dominated,,,,0.59,
821713,8217,Steel Fixer,False,40-54 year olds,False,Almost completely male dominated,,,,0.01,0.396
821713,8217,Steel Fixer,False,55+ year olds,False,Almost completely male dominated,,,,,
821713,8217,Steel Fixer,False,Whole workforce,True,Almost completely male dominated,53330.0,90320.0,0.41,0.04,0.499
821912,8219,Driller's Assistant,False,20-24 year olds,False,Almost completely male dominated,121203.0,103156.0,-0.175,-0.2,
821912,8219,Driller's Assistant,False,25-39 year olds,False,Almost completely male dominated,99299.0,118369.0,0.161,-0.08,0.368
821912,8219,Driller's Assistant,False,40-54 year olds,False,Almost completely male dominated,84957.0,130040.0,0.347,0.09,0.417
821912,8219,Driller's Assistant,False,55+ year olds,False,Almost completely male dominated,,,,,
821912,8219,Driller's Assistant,False,Whole workforce,True,Almost completely male dominated,96990.0,116900.0,0.17,0.0,0.338
821914,8219,Mining Support Worker,False,20-24 year olds,False,Highly male dominated,74620.0,98532.5,0.243,-0.1,0.275
821914,8219,Mining Support Worker,False,25-39 year olds,False,Highly male dominated,101186.0,123501.0,0.181,-0.02,0.307
821914,8219,Mining Support Worker,False,40-54 year olds,False,Highly male dominated,100249.0,125886.0,0.204,0.01,0.226
821914,8219,Mining Support Worker,False,55+ year olds,False,Almost completely male dominated,75015.0,104199.5,0.28,-0.36,
821914,8219,Mining Support Worker,False,Whole workforce,True,Highly male dominated,93880.0,119520.0,0.215,-0.02,0.275
821915,8219,Surveyor's Assistant,False,20-24 year olds,False,Almost completely male dominated,73620.0,75798.5,0.029,-0.11,0.186
821915,8219,Surveyor's Assistant,False,25-39 year olds,False,Highly male dominated,64599.0,83124.0,0.223,-0.15,0.32
821915,8219,Surveyor's Assistant,False,40-54 year olds,False,Highly male dominated,50971.0,70916.5,0.281,-0.08,0.396
821915,8219,Surveyor's Assistant,False,55+ year olds,False,Almost completely male dominated,33883.0,54381.0,0.377,-0.15,
821915,8219,Surveyor's Assistant,False,Whole workforce,True,Highly male dominated,63950.0,76890.0,0.168,-0.11,0.303
831111,8311,Baking Factory Worker,False,20-24 year olds,False,Moderately male dominated,48507.0,56339.0,0.139,0.06,0.215
831111,8311,Baking Factory Worker,False,25-39 year olds,False,Moderately male dominated,52241.5,64228.0,0.187,0.1,0.274
831111,8311,Baking Factory Worker,False,40-54 year olds,False,Gender balanced,51440.0,63974.0,0.196,0.08,0.215
831111,8311,Baking Factory Worker,False,55+ year olds,False,Gender balanced,49199.0,56469.0,0.129,0.01,0.191
831111,8311,Baking Factory Worker,False,Whole workforce,True,Moderately male dominated,51080.0,61900.0,0.175,0.06,0.216
831112,8311,Brewery Worker,False,20-24 year olds,False,Highly male dominated,60702.0,63171.0,0.039,0.66,0.339
831112,8311,Brewery Worker,False,25-39 year olds,False,Highly male dominated,60196.5,77309.0,0.221,0.05,0.415
831112,8311,Brewery Worker,False,40-54 year olds,False,Almost completely male dominated,55498.5,91236.0,0.392,-0.13,0.517
831112,8311,Brewery Worker,False,55+ year olds,False,Highly male dominated,52924.0,109802.0,0.518,-0.07,
831112,8311,Brewery Worker,False,Whole workforce,True,Almost completely male dominated,56700.0,82510.0,0.313,0.04,0.457
831113,8311,Confectionery Maker,False,20-24 year olds,False,Gender balanced,49043.0,64672.0,0.242,0.07,0.382
831113,8311,Confectionery Maker,False,25-39 year olds,False,Gender balanced,54563.0,80297.0,0.32,0.12,0.4
831113,8311,Confectionery Maker,False,40-54 year olds,False,Gender balanced,62802.0,93981.0,0.332,0.12,0.344
831113,8311,Confectionery Maker,False,55+ year olds,False,Gender balanced,53306.0,76442.0,0.303,0.12,0.193
831113,8311,Confectionery Maker,False,Whole workforce,True,Gender balanced,56180.0,83930.0,0.331,0.15,0.33
831114,8311,Dairy Products Maker,False,20-24 year olds,False,Moderately male dominated,54594.5,63603.5,0.142,-0.02,0.248
831114,8311,Dairy Products Maker,False,25-39 year olds,False,Highly male dominated,53138.5,78774.0,0.325,0.07,0.381
831114,8311,Dairy Products Maker,False,40-54 year olds,False,Moderately male dominated,55201.5,81351.0,0.321,0.11,0.324
831114,8311,Dairy Products Maker,False,55+ year olds,False,Moderately male dominated,48528.5,71911.0,0.325,0.06,0.222
831114,8311,Dairy Products Maker,False,Whole workforce,True,Highly male dominated,53890.0,76580.0,0.296,0.08,0.339
831115,8311,Fruit and Vegetable Factory Worker,False,20-24 year olds,False,Gender balanced,45856.0,56137.5,0.183,0.23,0.23
831115,8311,Fruit and Vegetable Factory Worker,False,25-39 year olds,False,Moderately male dominated,49662.0,60754.0,0.183,0.08,0.292
831115,8311,Fruit and Vegetable Factory Worker,False,40-54 year olds,False,Gender balanced,48439.0,61228.0,0.209,0.08,0.306
831115,8311,Fruit and Vegetable Factory Worker,False,55+ year olds,False,Gender balanced,40293.0,47917.0,0.159,0.13,0.229
831115,8311,Fruit and Vegetable Factory Worker,False,Whole workforce,True,Gender balanced,47460.0,58930.0,0.195,0.18,0.277
831116,8311,Grain Mill Worker,False,20-24 year olds,False,Almost completely male dominated,70814.5,69459.0,-0.02,0.02,0.089
831116,8311,Grain Mill Worker,False,25-39 year olds,False,Almost completely male dominated,58347.0,77284.5,0.245,0.03,0.365
831116,8311,Grain Mill Worker,False,40-54 year olds,False,Almost completely male dominated,56707.0,75631.0,0.25,0.16,0.368
831116,8311,Grain Mill Worker,False,55+ year olds,False,Almost completely male dominated,49272.5,67329.0,0.268,0.06,
831116,8311,Grain Mill Worker,False,Whole workforce,True,Almost completely male dominated,61430.0,74550.0,0.176,0.09,0.31
831118,8311,Winery Cellar Hand,False,20-24 year olds,False,Highly male dominated,59035.5,62831.0,0.06,-0.03,0.134
831118,8311,Winery Cellar Hand,False,25-39 year olds,False,Highly male dominated,50476.0,68619.0,0.264,0.15,0.339
831118,8311,Winery Cellar Hand,False,40-54 year olds,False,Highly male dominated,47215.0,67232.5,0.298,0.14,0.338
831118,8311,Winery Cellar Hand,False,55+ year olds,False,Highly male dominated,29413.0,52318.5,0.438,0.27,0.445
831118,8311,Winery Cellar Hand,False,Whole workforce,True,Highly male dominated,48990.0,64820.0,0.244,0.23,0.304
831199,8311,Food and Drink Factory Workers nec,False,20-24 year olds,False,Moderately male dominated,50634.0,57932.5,0.126,0.05,0.237
831199,8311,Food and Drink Factory Workers nec,False,25-39 year olds,False,Moderately male dominated,53978.0,68722.0,0.215,0.1,0.275
831199,8311,Food and Drink Factory Workers nec,False,40-54 year olds,False,Moderately male dominated,55622.5,70862.0,0.215,0.1,0.27
831199,8311,Food and Drink Factory Workers nec,False,55+ year olds,False,Moderately male dominated,51079.0,63014.0,0.189,0.11,0.27
831199,8311,Food and Drink Factory Workers nec,False,Whole workforce,True,Moderately male dominated,54120.0,67820.0,0.202,0.11,0.25
831211,8312,Meat Boner and Slicer,False,20-24 year olds,False,Highly male dominated,50939.5,59489.5,0.144,0.04,0.171
831211,8312,Meat Boner and Slicer,False,25-39 year olds,False,Highly male dominated,54124.0,65254.0,0.171,0.01,0.223
831211,8312,Meat Boner and Slicer,False,40-54 year olds,False,Highly male dominated,57284.0,63859.0,0.103,0.04,0.195
831211,8312,Meat Boner and Slicer,False,55+ year olds,False,Highly male dominated,53633.5,58354.0,0.081,0.03,
831211,8312,Meat Boner and Slicer,False,Whole workforce,True,Highly male dominated,55340.0,63800.0,0.133,0.03,0.213
831212,8312,Slaughterer,False,20-24 year olds,False,Almost completely male dominated,49335.0,61514.0,0.198,0.04,0.242
831212,8312,Slaughterer,False,25-39 year olds,False,Almost completely male dominated,54281.0,68125.0,0.203,-0.08,0.266
831212,8312,Slaughterer,False,40-54 year olds,False,Almost completely male dominated,57998.5,64813.0,0.105,-0.04,0.236
831212,8312,Slaughterer,False,55+ year olds,False,Almost completely male dominated,,,,,
831212,8312,Slaughterer,False,Whole workforce,True,Almost completely male dominated,55190.0,65540.0,0.158,-0.02,0.233
831311,8313,Meat Process Worker,False,20-24 year olds,False,Highly male dominated,48968.0,58096.0,0.157,0.0,0.197
831311,8313,Meat Process Worker,False,25-39 year olds,False,Highly male dominated,53868.0,63487.0,0.152,0.04,0.187
831311,8313,Meat Process Worker,False,40-54 year olds,False,Moderately male dominated,54522.0,61262.0,0.11,0.04,0.145
831311,8313,Meat Process Worker,False,55+ year olds,False,Moderately male dominated,51421.0,54667.0,0.059,0.07,0.148
831311,8313,Meat Process Worker,False,Whole workforce,True,Moderately male dominated,53300.0,60860.0,0.124,0.04,0.159
831312,8313,Poultry Process Worker,False,20-24 year olds,False,Highly male dominated,51826.0,57055.5,0.092,-0.02,0.198
831312,8313,Poultry Process Worker,False,25-39 year olds,False,Moderately male dominated,55520.0,62809.0,0.116,0.03,0.155
831312,8313,Poultry Process Worker,False,40-54 year olds,False,Gender balanced,55670.0,62357.0,0.107,0.02,0.092
831312,8313,Poultry Process Worker,False,55+ year olds,False,Gender balanced,54916.0,57736.0,0.049,0.0,-0.038
831312,8313,Poultry Process Worker,False,Whole workforce,True,Moderately male dominated,55170.0,61570.0,0.104,0.02,0.119
831313,8313,Seafood Process Worker,False,20-24 year olds,False,Moderately male dominated,46523.5,57380.0,0.189,0.0,0.279
831313,8313,Seafood Process Worker,False,25-39 year olds,False,Moderately male dominated,50052.0,59870.0,0.164,0.11,0.326
831313,8313,Seafood Process Worker,False,40-54 year olds,False,Moderately male dominated,45761.0,57883.5,0.209,0.16,0.281
831313,8313,Seafood Process Worker,False,55+ year olds,False,Moderately male dominated,35577.0,49614.0,0.283,0.08,0.303
831313,8313,Seafood Process Worker,False,Whole workforce,True,Moderately male dominated,46170.0,57450.0,0.196,0.11,0.305
832113,8321,Fruit and Vegetable Packer,False,20-24 year olds,False,Gender balanced,47571.0,56108.0,0.152,-0.15,0.294
832113,8321,Fruit and Vegetable Packer,False,25-39 year olds,False,Moderately female dominated,46446.5,54618.0,0.15,0.03,0.264
832113,8321,Fruit and Vegetable Packer,False,40-54 year olds,False,Moderately female dominated,45290.0,52032.5,0.13,0.09,0.223
832113,8321,Fruit and Vegetable Packer,False,55+ year olds,False,Highly female dominated,33055.5,40135.5,0.176,0.07,0.187
832113,8321,Fruit and Vegetable Packer,False,Whole workforce,True,Moderately female dominated,44880.0,53540.0,0.162,-0.02,0.256
832114,8321,Meat Packer,False,20-24 year olds,False,Gender balanced,47274.0,55945.0,0.155,-0.01,0.177
832114,8321,Meat Packer,False,25-39 year olds,False,Moderately female dominated,51105.5,57742.0,0.115,0.01,0.121
832114,8321,Meat Packer,False,40-54 year olds,False,Moderately female dominated,51615.0,56460.0,0.086,0.05,0.099
832114,8321,Meat Packer,False,55+ year olds,False,Moderately female dominated,48739.0,52069.0,0.064,0.04,0.011
832114,8321,Meat Packer,False,Whole workforce,True,Moderately female dominated,50710.0,56570.0,0.104,0.0,0.111
832199,8321,Packers nec,False,20-24 year olds,False,Gender balanced,49312.0,56822.5,0.132,0.03,0.249
832199,8321,Packers nec,False,25-39 year olds,False,Gender balanced,49446.0,59435.5,0.168,0.09,0.22
832199,8321,Packers nec,False,40-54 year olds,False,Moderately female dominated,48551.5,56591.0,0.142,0.1,0.161
832199,8321,Packers nec,False,55+ year olds,False,Moderately female dominated,43800.0,49930.0,0.123,0.06,0.089
832199,8321,Packers nec,False,Whole workforce,True,Gender balanced,48280.0,57290.0,0.157,0.05,0.175
832211,8322,Product Assembler,True,20-24 year olds,False,Highly male dominated,49068.5,57764.0,0.151,0.1,0.195
832211,8322,Product Assembler,True,25-39 year olds,False,Highly male dominated,51267.0,63011.0,0.186,0.09,0.224
832211,8322,Product Assembler,True,40-54 year olds,False,Moderately male dominated,51716.0,61629.5,0.161,0.06,0.182
832211,8322,Product Assembler,True,55+ year olds,False,Moderately male dominated,48037.0,56008.0,0.142,0.06,0.176
832211,8322,Product Assembler,True,Whole workforce,True,Highly male dominated,50730.0,60560.0,0.162,0.07,0.188
839111,8391,Metal Engineering Process Worker,True,20-24 year olds,False,Almost completely male dominated,51824.5,61978.5,0.164,-0.24,0.265
839111,8391,Metal Engineering Process Worker,True,25-39 year olds,False,Almost completely male dominated,52247.5,68867.0,0.241,0.0,0.333
839111,8391,Metal Engineering Process Worker,True,40-54 year olds,False,Almost completely male dominated,53024.5,72181.0,0.265,0.08,0.32
839111,8391,Metal Engineering Process Worker,True,55+ year olds,False,Almost completely male dominated,46082.5,62379.0,0.261,0.05,0.28
839111,8391,Metal Engineering Process Worker,True,Whole workforce,True,Almost completely male dominated,51460.0,67410.0,0.237,0.01,0.294
839211,8392,Plastics Factory Worker,True,20-24 year olds,False,Highly male dominated,49259.5,60451.5,0.185,0.08,0.312
839211,8392,Plastics Factory Worker,True,25-39 year olds,False,Highly male dominated,48668.5,64694.0,0.248,0.1,0.24
839211,8392,Plastics Factory Worker,True,40-54 year olds,False,Moderately male dominated,52142.0,63938.0,0.184,0.03,0.194
839211,8392,Plastics Factory Worker,True,55+ year olds,False,Moderately male dominated,46993.0,56011.5,0.161,0.07,-0.033
839211,8392,Plastics Factory Worker,True,Whole workforce,True,Moderately male dominated,49450.0,62340.0,0.207,0.07,0.205
839411,8394,Paper and Pulp Mill Worker,False,20-24 year olds,False,Highly male dominated,,,,-0.95,0.231
839411,8394,Paper and Pulp Mill Worker,False,25-39 year olds,False,Highly male dominated,61706.0,92577.0,0.333,0.37,0.309
839411,8394,Paper and Pulp Mill Worker,False,40-54 year olds,False,Highly male dominated,51060.0,94015.0,0.457,0.14,0.321
839411,8394,Paper and Pulp Mill Worker,False,55+ year olds,False,Highly male dominated,48048.5,68425.0,0.298,0.25,0.264
839411,8394,Paper and Pulp Mill Worker,False,Whole workforce,True,Highly male dominated,50370.0,84950.0,0.407,0.28,0.301
839412,8394,Sawmill or Timber Yard Worker,False,20-24 year olds,False,Almost completely male dominated,60506.0,56425.5,-0.072,-0.12,0.271
839412,8394,Sawmill or Timber Yard Worker,False,25-39 year olds,False,Almost completely male dominated,52615.0,60164.5,0.125,0.14,0.203
839412,8394,Sawmill or Timber Yard Worker,False,40-54 year olds,False,Almost completely male dominated,51732.0,59592.0,0.132,0.0,0.065
839412,8394,Sawmill or Timber Yard Worker,False,55+ year olds,False,Almost completely male dominated,48914.5,53248.0,0.081,0.1,
839412,8394,Sawmill or Timber Yard Worker,False,Whole workforce,True,Almost completely male dominated,53130.0,58010.0,0.084,0.04,0.112
839413,8394,Wood and Wood Products Factory Worker,False,20-24 year olds,False,Almost completely male dominated,48330.5,55504.0,0.129,0.09,0.279
839413,8394,Wood and Wood Products Factory Worker,False,25-39 year olds,False,Almost completely male dominated,52667.0,59177.0,0.11,0.11,0.176
839413,8394,Wood and Wood Products Factory Worker,False,40-54 year olds,False,Almost completely male dominated,52272.0,58901.5,0.113,0.09,0.149
839413,8394,Wood and Wood Products Factory Worker,False,55+ year olds,False,Almost completely male dominated,50910.0,52741.5,0.035,-0.06,
839413,8394,Wood and Wood Products Factory Worker,False,Whole workforce,True,Almost completely male dominated,51730.0,57740.0,0.104,0.06,0.149
839911,8399,Cement and Concrete Plant Worker,False,20-24 year olds,False,Almost completely male dominated,,,,0.0,
839911,8399,Cement and Concrete Plant Worker,False,25-39 year olds,False,Almost completely male dominated,55407.0,72525.0,0.236,,0.117
839911,8399,Cement and Concrete Plant Worker,False,40-54 year olds,False,Almost completely male dominated,52450.0,77617.0,0.324,0.26,0.322
839911,8399,Cement and Concrete Plant Worker,False,55+ year olds,False,Almost completely male dominated,,,,,
839911,8399,Cement and Concrete Plant Worker,False,Whole workforce,True,Almost completely male dominated,58040.0,71990.0,0.194,0.34,0.288
839912,8399,Chemical Plant Worker,False,20-24 year olds,False,Moderately male dominated,62138.0,61237.0,-0.015,-0.02,0.205
839912,8399,Chemical Plant Worker,False,25-39 year olds,False,Moderately male dominated,62116.0,73040.0,0.15,0.08,0.293
839912,8399,Chemical Plant Worker,False,40-54 year olds,False,Moderately male dominated,52945.0,81559.0,0.351,0.03,0.371
839912,8399,Chemical Plant Worker,False,55+ year olds,False,Moderately male dominated,49395.5,66265.0,0.255,-0.03,0.08
839912,8399,Chemical Plant Worker,False,Whole workforce,True,Moderately male dominated,55740.0,72530.0,0.231,0.06,0.286
839914,8399,Fabric and Textile Factory Worker,False,20-24 year olds,False,Moderately male dominated,49537.0,54577.5,0.092,0.18,0.201
839914,8399,Fabric and Textile Factory Worker,False,25-39 year olds,False,Gender balanced,49004.0,58536.0,0.163,0.06,0.261
839914,8399,Fabric and Textile Factory Worker,False,40-54 year olds,False,Gender balanced,46196.5,56227.5,0.178,0.15,0.21
839914,8399,Fabric and Textile Factory Worker,False,55+ year olds,False,Gender balanced,42943.0,52976.5,0.189,0.16,0.175
839914,8399,Fabric and Textile Factory Worker,False,Whole workforce,True,Gender balanced,46070.0,56240.0,0.181,0.1,0.218
839916,8399,Glass Processing Worker,False,20-24 year olds,False,Almost completely male dominated,,,,,
839916,8399,Glass Processing Worker,False,25-39 year olds,False,Almost completely male dominated,61643.0,66355.5,0.071,-0.01,0.204
839916,8399,Glass Processing Worker,False,40-54 year olds,False,Highly male dominated,52343.0,68548.0,0.236,-0.05,0.255
839916,8399,Glass Processing Worker,False,55+ year olds,False,Almost completely male dominated,38168.0,60002.0,0.364,-0.02,
839916,8399,Glass Processing Worker,False,Whole workforce,True,Almost completely male dominated,53070.0,65840.0,0.194,0.03,0.215
839918,8399,Recycling Worker,False,20-24 year olds,False,Highly male dominated,51745.5,55759.0,0.072,0.05,
839918,8399,Recycling Worker,False,25-39 year olds,False,Highly male dominated,63245.0,62423.5,-0.013,0.14,0.294
839918,8399,Recycling Worker,False,40-54 year olds,False,Highly male dominated,53942.0,61478.5,0.123,0.06,0.203
839918,8399,Recycling Worker,False,55+ year olds,False,Highly male dominated,41744.0,61721.0,0.324,0.11,
839918,8399,Recycling Worker,False,Whole workforce,True,Highly male dominated,55460.0,61140.0,0.093,0.1,0.255
839999,8399,Factory Process Workers nec,False,20-24 year olds,False,Highly male dominated,49715.5,58101.5,0.144,0.01,0.21
839999,8399,Factory Process Workers nec,False,25-39 year olds,False,Moderately male dominated,51312.0,63925.0,0.197,0.11,0.259
839999,8399,Factory Process Workers nec,False,40-54 year olds,False,Moderately male dominated,51376.0,63552.0,0.192,0.13,0.242
839999,8399,Factory Process Workers nec,False,55+ year olds,False,Moderately male dominated,47023.0,56662.0,0.17,-0.03,0.171
839999,8399,Factory Process Workers nec,False,Whole workforce,True,Moderately male dominated,50400.0,61660.0,0.183,0.14,0.225
841111,8411,Aquaculture Worker,True,20-24 year olds,False,Highly male dominated,51541.0,61377.0,0.16,0.11,0.15
841111,8411,Aquaculture Worker,True,25-39 year olds,False,Highly male dominated,54276.0,66104.5,0.179,0.34,0.273
841111,8411,Aquaculture Worker,True,40-54 year olds,False,Highly male dominated,48181.0,61281.0,0.214,0.31,0.357
841111,8411,Aquaculture Worker,True,55+ year olds,False,Highly male dominated,43359.0,52332.0,0.171,0.28,
841111,8411,Aquaculture Worker,True,Whole workforce,True,Highly male dominated,49890.0,63040.0,0.209,0.29,0.239
841211,8412,Fruit or Nut Farm Worker,False,20-24 year olds,False,Moderately male dominated,47346.5,51538.0,0.081,0.01,0.253
841211,8412,Fruit or Nut Farm Worker,False,25-39 year olds,False,Moderately male dominated,43444.0,51735.0,0.16,0.1,0.252
841211,8412,Fruit or Nut Farm Worker,False,40-54 year olds,False,Moderately male dominated,42268.0,48801.5,0.134,0.17,0.251
841211,8412,Fruit or Nut Farm Worker,False,55+ year olds,False,Highly male dominated,27359.0,38091.0,0.282,0.13,0.292
841211,8412,Fruit or Nut Farm Worker,False,Whole workforce,True,Moderately male dominated,42720.0,49430.0,0.136,0.11,0.249
841212,8412,Fruit or Nut Picker,False,20-24 year olds,False,Moderately male dominated,45131.0,46638.0,0.032,0.16,0.149
841212,8412,Fruit or Nut Picker,False,25-39 year olds,False,Moderately male dominated,43292.5,46562.0,0.07,0.11,0.193
841212,8412,Fruit or Nut Picker,False,40-54 year olds,False,Moderately male dominated,38359.0,40649.0,0.056,0.09,0.103
841212,8412,Fruit or Nut Picker,False,55+ year olds,False,Moderately male dominated,21908.0,27554.0,0.205,0.06,0.212
841212,8412,Fruit or Nut Picker,False,Whole workforce,True,Moderately male dominated,42130.0,44390.0,0.051,0.1,0.15
841213,8412,"Grain, Oilseed or Pasture Farm Worker (Aus) \ Field Crop Farm Worker (NZ)",False,20-24 year olds,False,Highly male dominated,64114.5,73485.0,0.128,0.07,0.114
841213,8412,"Grain, Oilseed or Pasture Farm Worker (Aus) \ Field Crop Farm Worker (NZ)",False,25-39 year olds,False,Highly male dominated,58133.5,68461.0,0.151,0.37,0.431
841213,8412,"Grain, Oilseed or Pasture Farm Worker (Aus) \ Field Crop Farm Worker (NZ)",False,40-54 year olds,False,Highly male dominated,43762.0,66724.0,0.344,0.3,0.355
841213,8412,"Grain, Oilseed or Pasture Farm Worker (Aus) \ Field Crop Farm Worker (NZ)",False,55+ year olds,False,Highly male dominated,19226.0,47487.0,0.595,0.09,
841213,8412,"Grain, Oilseed or Pasture Farm Worker (Aus) \ Field Crop Farm Worker (NZ)",False,Whole workforce,True,Highly male dominated,55270.0,66880.0,0.174,0.27,0.284
841214,8412,Vegetable Farm Worker (Aus) \ Market Garden Worker (NZ),False,20-24 year olds,False,Moderately male dominated,46960.0,55972.5,0.161,0.09,0.238
841214,8412,Vegetable Farm Worker (Aus) \ Market Garden Worker (NZ),False,25-39 year olds,False,Gender balanced,46630.0,56053.0,0.168,0.1,0.299
841214,8412,Vegetable Farm Worker (Aus) \ Market Garden Worker (NZ),False,40-54 year olds,False,Gender balanced,42916.0,53546.0,0.199,0.09,0.239
841214,8412,Vegetable Farm Worker (Aus) \ Market Garden Worker (NZ),False,55+ year olds,False,Moderately male dominated,30744.0,43231.0,0.289,0.15,0.323
841214,8412,Vegetable Farm Worker (Aus) \ Market Garden Worker (NZ),False,Whole workforce,True,Moderately male dominated,44250.0,53800.0,0.178,0.09,0.27
841215,8412,Vegetable Picker,False,20-24 year olds,False,Moderately male dominated,45113.5,45853.0,0.016,-0.07,0.05
841215,8412,Vegetable Picker,False,25-39 year olds,False,Gender balanced,46126.0,49492.0,0.068,0.06,0.128
841215,8412,Vegetable Picker,False,40-54 year olds,False,Gender balanced,44117.0,46872.5,0.059,0.12,0.249
841215,8412,Vegetable Picker,False,55+ year olds,False,Moderately female dominated,31929.5,43071.0,0.259,0.0,0.281
841215,8412,Vegetable Picker,False,Whole workforce,True,Gender balanced,44530.0,47180.0,0.056,0.09,0.167
841216,8412,Vineyard Worker,False,20-24 year olds,False,Highly male dominated,47738.0,54788.0,0.129,0.05,0.266
841216,8412,Vineyard Worker,False,25-39 year olds,False,Moderately male dominated,39386.5,59091.0,0.333,0.1,0.425
841216,8412,Vineyard Worker,False,40-54 year olds,False,Moderately male dominated,36063.5,57343.0,0.371,0.1,0.329
841216,8412,Vineyard Worker,False,55+ year olds,False,Highly male dominated,22102.5,48383.0,0.543,0.15,0.239
841216,8412,Vineyard Worker,False,Whole workforce,True,Moderately male dominated,36330.0,55650.0,0.347,0.12,0.366
841217,8412,Mushroom Picker,False,20-24 year olds,False,Moderately female dominated,46807.5,52783.0,0.113,0.03,0.172
841217,8412,Mushroom Picker,False,25-39 year olds,False,Highly female dominated,52465.5,57393.5,0.086,0.08,0.093
841217,8412,Mushroom Picker,False,40-54 year olds,False,Highly female dominated,50287.0,57280.0,0.122,0.18,-0.017
841217,8412,Mushroom Picker,False,55+ year olds,False,Highly female dominated,42229.0,37115.0,-0.138,-0.05,
841217,8412,Mushroom Picker,False,Whole workforce,True,Highly female dominated,50210.0,55490.0,0.095,0.09,0.078
841299,8412,Crop Farm Workers nec,False,20-24 year olds,False,Moderately male dominated,62360.0,61241.0,-0.018,0.18,0.222
841299,8412,Crop Farm Workers nec,False,25-39 year olds,False,Moderately male dominated,41484.0,61718.5,0.328,0.2,0.377
841299,8412,Crop Farm Workers nec,False,40-54 year olds,False,Moderately male dominated,42467.0,60692.0,0.3,0.34,0.392
841299,8412,Crop Farm Workers nec,False,55+ year olds,False,Highly male dominated,24557.0,49292.0,0.502,0.18,
841299,8412,Crop Farm Workers nec,False,Whole workforce,True,Moderately male dominated,44860.0,59370.0,0.244,0.22,0.362
841311,8413,Forestry Worker,False,20-24 year olds,False,Highly male dominated,47698.0,63191.5,0.245,0.28,0.381
841311,8413,Forestry Worker,False,25-39 year olds,False,Highly male dominated,54239.5,71328.0,0.24,0.04,0.348
841311,8413,Forestry Worker,False,40-54 year olds,False,Highly male dominated,49906.0,75487.0,0.339,0.31,0.428
841311,8413,Forestry Worker,False,55+ year olds,False,Almost completely male dominated,36821.5,62181.0,0.408,-0.08,
841311,8413,Forestry Worker,False,Whole workforce,True,Highly male dominated,48800.0,69760.0,0.3,0.17,0.392
841313,8413,Tree Faller,False,20-24 year olds,False,Almost completely male dominated,,,,,
841313,8413,Tree Faller,False,25-39 year olds,False,Almost completely male dominated,63391.5,72819.0,0.129,0.58,
841313,8413,Tree Faller,False,40-54 year olds,False,Almost completely male dominated,,,,,
841313,8413,Tree Faller,False,55+ year olds,False,Almost completely male dominated,,,,,
841313,8413,Tree Faller,False,Whole workforce,True,Almost completely male dominated,66110.0,70350.0,0.06,0.37,0.242
841411,8414,Garden Labourer,False,20-24 year olds,False,Almost completely male dominated,53542.0,55944.5,0.043,0.03,0.087
841411,8414,Garden Labourer,False,25-39 year olds,False,Almost completely male dominated,48408.0,57916.0,0.164,0.1,0.253
841411,8414,Garden Labourer,False,40-54 year olds,False,Almost completely male dominated,44010.5,59670.0,0.262,0.11,0.286
841411,8414,Garden Labourer,False,55+ year olds,False,Almost completely male dominated,40377.0,51366.0,0.214,0.21,0.517
841411,8414,Garden Labourer,False,Whole workforce,True,Almost completely male dominated,46380.0,57290.0,0.19,0.11,0.242
841412,8414,Horticultural Nursery Assistant,False,20-24 year olds,False,Gender balanced,46858.0,55703.5,0.159,0.01,0.186
841412,8414,Horticultural Nursery Assistant,False,25-39 year olds,False,Gender balanced,43189.0,56751.0,0.239,0.12,0.256
841412,8414,Horticultural Nursery Assistant,False,40-54 year olds,False,Moderately female dominated,43675.0,52011.0,0.16,0.12,0.214
841412,8414,Horticultural Nursery Assistant,False,55+ year olds,False,Moderately female dominated,35665.0,42218.0,0.155,0.11,0.316
841412,8414,Horticultural Nursery Assistant,False,Whole workforce,True,Gender balanced,42720.0,53620.0,0.203,0.09,0.233
841511,8415,Beef Cattle Farm Worker,False,20-24 year olds,False,Moderately male dominated,50813.0,63377.0,0.198,-0.03,0.236
841511,8415,Beef Cattle Farm Worker,False,25-39 year olds,False,Moderately male dominated,44823.0,65143.0,0.312,0.17,0.344
841511,8415,Beef Cattle Farm Worker,False,40-54 year olds,False,Moderately male dominated,43765.0,59537.0,0.265,0.12,0.378
841511,8415,Beef Cattle Farm Worker,False,55+ year olds,False,Moderately male dominated,33926.0,49500.0,0.315,0.16,0.401
841511,8415,Beef Cattle Farm Worker,False,Whole workforce,True,Moderately male dominated,45930.0,62470.0,0.265,0.06,0.314
841512,8415,Dairy Cattle Farm Worker,False,20-24 year olds,False,Gender balanced,51718.5,61171.0,0.155,0.2,0.241
841512,8415,Dairy Cattle Farm Worker,False,25-39 year olds,False,Moderately male dominated,45308.0,63868.5,0.291,0.24,0.402
841512,8415,Dairy Cattle Farm Worker,False,40-54 year olds,False,Moderately male dominated,40063.0,59043.5,0.321,0.25,0.296
841512,8415,Dairy Cattle Farm Worker,False,55+ year olds,False,Moderately male dominated,28118.0,46296.0,0.393,0.25,0.388
841512,8415,Dairy Cattle Farm Worker,False,Whole workforce,True,Moderately male dominated,44950.0,60380.0,0.256,0.2,0.331
841513,8415,Mixed Livestock Farm Worker,False,20-24 year olds,False,Moderately male dominated,53398.0,65499.0,0.185,0.09,0.1
841513,8415,Mixed Livestock Farm Worker,False,25-39 year olds,False,Moderately male dominated,49504.0,67373.5,0.265,0.2,0.302
841513,8415,Mixed Livestock Farm Worker,False,40-54 year olds,False,Highly male dominated,44108.0,61380.0,0.281,-0.11,0.253
841513,8415,Mixed Livestock Farm Worker,False,55+ year olds,False,Moderately male dominated,28610.0,44802.0,0.361,0.27,0.331
841513,8415,Mixed Livestock Farm Worker,False,Whole workforce,True,Moderately male dominated,48940.0,63000.0,0.223,0.19,0.246
841514,8415,Poultry Farm Worker,False,20-24 year olds,False,Moderately male dominated,51639.0,54555.5,0.053,-0.08,0.132
841514,8415,Poultry Farm Worker,False,25-39 year olds,False,Moderately male dominated,52802.5,60780.5,0.131,0.14,0.221
841514,8415,Poultry Farm Worker,False,40-54 year olds,False,Gender balanced,51616.0,58227.0,0.114,0.08,0.164
841514,8415,Poultry Farm Worker,False,55+ year olds,False,Gender balanced,43570.0,51009.5,0.146,0.09,0.138
841514,8415,Poultry Farm Worker,False,Whole workforce,True,Moderately male dominated,51630.0,58020.0,0.11,0.09,0.188
841515,8415,Sheep Farm Worker,False,20-24 year olds,False,Moderately male dominated,55123.0,63457.0,0.131,0.08,0.039
841515,8415,Sheep Farm Worker,False,25-39 year olds,False,Moderately male dominated,34352.0,56960.0,0.397,0.25,0.453
841515,8415,Sheep Farm Worker,False,40-54 year olds,False,Moderately male dominated,31274.0,52811.0,0.408,0.17,0.218
841515,8415,Sheep Farm Worker,False,55+ year olds,False,Highly male dominated,23608.0,28663.0,0.176,0.2,
841515,8415,Sheep Farm Worker,False,Whole workforce,True,Moderately male dominated,38210.0,54490.0,0.299,0.2,0.266
841516,8415,Stablehand,False,20-24 year olds,False,Highly female dominated,52697.5,58410.0,0.098,0.06,0.123
841516,8415,Stablehand,False,25-39 year olds,False,Moderately female dominated,48698.0,60720.0,0.198,0.1,0.181
841516,8415,Stablehand,False,40-54 year olds,False,Gender balanced,47215.0,55129.0,0.144,0.08,0.255
841516,8415,Stablehand,False,55+ year olds,False,Gender balanced,36179.5,41723.5,0.133,0.17,0.419
841516,8415,Stablehand,False,Whole workforce,True,Moderately female dominated,49520.0,57280.0,0.135,0.11,0.174
841517,8415,Wool Handler,False,20-24 year olds,False,Moderately female dominated,43205.0,57027.0,0.242,-0.18,0.319
841517,8415,Wool Handler,False,25-39 year olds,False,Gender balanced,37446.0,51954.5,0.279,0.17,0.296
841517,8415,Wool Handler,False,40-54 year olds,False,Gender balanced,39280.0,48971.5,0.198,0.04,0.188
841517,8415,Wool Handler,False,55+ year olds,False,Highly male dominated,27214.0,29860.0,0.089,-0.11,
841517,8415,Wool Handler,False,Whole workforce,True,Gender balanced,39110.0,50520.0,0.226,0.02,0.255
841611,8416,Mixed Crop and Livestock Farm Worker,True,20-24 year olds,False,Highly male dominated,57395.5,66994.5,0.143,0.08,0.141
841611,8416,Mixed Crop and Livestock Farm Worker,True,25-39 year olds,False,Highly male dominated,42703.5,68610.5,0.378,0.29,0.406
841611,8416,Mixed Crop and Livestock Farm Worker,True,40-54 year olds,False,Highly male dominated,49457.0,65544.5,0.245,0.22,0.395
841611,8416,Mixed Crop and Livestock Farm Worker,True,55+ year olds,False,Highly male dominated,31183.0,49104.0,0.365,0.16,
841611,8416,Mixed Crop and Livestock Farm Worker,True,Whole workforce,True,Highly male dominated,49080.0,65560.0,0.251,0.19,0.365
841913,8419,Pest Controller,False,20-24 year olds,False,Almost completely male dominated,48705.0,66392.0,0.266,-0.08,
841913,8419,Pest Controller,False,25-39 year olds,False,Almost completely male dominated,63288.5,71513.0,0.115,0.0,0.316
841913,8419,Pest Controller,False,40-54 year olds,False,Almost completely male dominated,54760.0,69619.0,0.213,-0.02,0.31
841913,8419,Pest Controller,False,55+ year olds,False,Almost completely male dominated,56128.0,58546.0,0.041,-0.01,
841913,8419,Pest Controller,False,Whole workforce,True,Almost completely male dominated,55030.0,68620.0,0.198,0.05,0.274
841999,8419,"Farm, Forestry and Garden Workers nec",False,20-24 year olds,False,Moderately male dominated,51338.5,58698.0,0.125,0.23,0.256
841999,8419,"Farm, Forestry and Garden Workers nec",False,25-39 year olds,False,Moderately male dominated,47139.0,61919.0,0.239,0.17,0.341
841999,8419,"Farm, Forestry and Garden Workers nec",False,40-54 year olds,False,Highly male dominated,42256.0,57883.0,0.27,0.19,0.295
841999,8419,"Farm, Forestry and Garden Workers nec",False,55+ year olds,False,Highly male dominated,29982.0,45280.0,0.338,0.32,0.349
841999,8419,"Farm, Forestry and Garden Workers nec",False,Whole workforce,True,Highly male dominated,44830.0,58050.0,0.228,0.22,0.304
851111,8511,Fast Food Cook,True,20-24 year olds,False,Moderately male dominated,51740.0,55591.0,0.069,-0.02,0.143
851111,8511,Fast Food Cook,True,25-39 year olds,False,Moderately male dominated,45228.0,54033.0,0.163,0.14,0.219
851111,8511,Fast Food Cook,True,40-54 year olds,False,Gender balanced,41828.5,47952.0,0.128,0.2,0.037
851111,8511,Fast Food Cook,True,55+ year olds,False,Gender balanced,32882.0,32131.0,-0.023,0.18,-0.145
851111,8511,Fast Food Cook,True,Whole workforce,True,Moderately male dominated,47470.0,54400.0,0.127,-0.07,0.172
851211,8512,Pastrycook's Assistant,True,20-24 year olds,False,Gender balanced,50924.0,55840.0,0.088,0.1,0.102
851211,8512,Pastrycook's Assistant,True,25-39 year olds,False,Moderately female dominated,45720.0,56664.0,0.193,0.13,0.25
851211,8512,Pastrycook's Assistant,True,40-54 year olds,False,Moderately female dominated,43961.0,52063.0,0.156,0.16,0.119
851211,8512,Pastrycook's Assistant,True,55+ year olds,False,Highly female dominated,33459.0,30641.0,-0.092,0.07,0.166
851211,8512,Pastrycook's Assistant,True,Whole workforce,True,Moderately female dominated,44530.0,54760.0,0.187,0.07,0.183
851311,8513,Kitchenhand,True,20-24 year olds,False,Gender balanced,50206.0,54899.5,0.085,-0.06,0.111
851311,8513,Kitchenhand,True,25-39 year olds,False,Gender balanced,46705.0,54349.5,0.141,0.04,0.188
851311,8513,Kitchenhand,True,40-54 year olds,False,Highly female dominated,44196.0,47326.5,0.066,0.08,-0.136
851311,8513,Kitchenhand,True,55+ year olds,False,Highly female dominated,38578.5,34593.0,-0.115,0.02,-0.175
851311,8513,Kitchenhand,True,Whole workforce,True,Gender balanced,45160.0,53050.0,0.149,-0.23,0.099
891111,8911,Freight Handler (Rail or Road),False,20-24 year olds,False,Almost completely male dominated,56869.0,64904.0,0.124,-0.08,0.021
891111,8911,Freight Handler (Rail or Road),False,25-39 year olds,False,Almost completely male dominated,60503.0,73784.0,0.18,0.01,0.268
891111,8911,Freight Handler (Rail or Road),False,40-54 year olds,False,Highly male dominated,60039.0,74022.0,0.189,0.09,0.21
891111,8911,Freight Handler (Rail or Road),False,55+ year olds,False,Almost completely male dominated,54224.0,64335.0,0.157,0.16,
891111,8911,Freight Handler (Rail or Road),False,Whole workforce,True,Almost completely male dominated,60040.0,70770.0,0.152,0.02,0.219
891112,8911,Truck Driver's Offsider,False,20-24 year olds,False,Almost completely male dominated,47917.0,55581.5,0.138,,
891112,8911,Truck Driver's Offsider,False,25-39 year olds,False,Almost completely male dominated,52720.0,56414.0,0.065,0.49,
891112,8911,Truck Driver's Offsider,False,40-54 year olds,False,Highly male dominated,32885.0,58065.5,0.434,0.3,
891112,8911,Truck Driver's Offsider,False,55+ year olds,False,Moderately male dominated,20911.0,51895.0,0.597,-0.13,
891112,8911,Truck Driver's Offsider,False,Whole workforce,True,Highly male dominated,42010.0,56090.0,0.251,0.35,-0.063
891113,8911,Waterside Worker,False,20-24 year olds,False,Almost completely male dominated,79142.0,90860.0,0.129,0.04,
891113,8911,Waterside Worker,False,25-39 year olds,False,Almost completely male dominated,98512.5,117869.5,0.164,0.06,0.273
891113,8911,Waterside Worker,False,40-54 year olds,False,Almost completely male dominated,83415.5,124969.5,0.333,0.15,0.295
891113,8911,Waterside Worker,False,55+ year olds,False,Almost completely male dominated,52584.5,104404.0,0.496,0.1,
891113,8911,Waterside Worker,False,Whole workforce,True,Almost completely male dominated,87170.0,118890.0,0.267,0.13,0.278
891211,8912,Shelf Filler,True,20-24 year olds,False,Moderately male dominated,48525.0,56127.0,0.135,-0.02,0.221
891211,8912,Shelf Filler,True,25-39 year olds,False,Moderately male dominated,40099.0,52512.0,0.236,0.12,0.339
891211,8912,Shelf Filler,True,40-54 year olds,False,Moderately female dominated,39680.0,46859.0,0.153,0.12,0.233
891211,8912,Shelf Filler,True,55+ year olds,False,Moderately female dominated,31722.5,37257.0,0.149,0.07,0.17
891211,8912,Shelf Filler,True,Whole workforce,True,Moderately male dominated,39790.0,52130.0,0.237,-0.05,0.306
899111,8991,Caretaker,True,20-24 year olds,False,Highly male dominated,49698.0,60389.0,0.177,0.05,0.187
899111,8991,Caretaker,True,25-39 year olds,False,Highly male dominated,44596.0,61521.5,0.275,0.14,0.138
899111,8991,Caretaker,True,40-54 year olds,False,Highly male dominated,46791.0,61511.0,0.239,0.14,0.141
899111,8991,Caretaker,True,55+ year olds,False,Highly male dominated,40118.5,51431.0,0.22,0.11,0.268
899111,8991,Caretaker,True,Whole workforce,True,Highly male dominated,44600.0,57110.0,0.219,0.13,0.153
899211,8992,Deck Hand,False,20-24 year olds,False,Moderately male dominated,53307.0,71721.0,0.257,0.0,0.224
899211,8992,Deck Hand,False,25-39 year olds,False,Highly male dominated,56582.5,99540.0,0.432,0.26,0.257
899211,8992,Deck Hand,False,40-54 year olds,False,Highly male dominated,80717.0,115553.0,0.301,0.42,0.466
899211,8992,Deck Hand,False,55+ year olds,False,Almost completely male dominated,69304.5,91804.0,0.245,0.57,0.68
899211,8992,Deck Hand,False,Whole workforce,True,Highly male dominated,59110.0,100210.0,0.41,0.3,0.314
899212,8992,Fishing Hand,False,20-24 year olds,False,Almost completely male dominated,,,,-1.03,
899212,8992,Fishing Hand,False,25-39 year olds,False,Almost completely male dominated,38628.0,63690.5,0.394,0.24,0.476
899212,8992,Fishing Hand,False,40-54 year olds,False,Almost completely male dominated,50374.5,57991.0,0.131,0.06,0.28
899212,8992,Fishing Hand,False,55+ year olds,False,Almost completely male dominated,,,,0.45,
899212,8992,Fishing Hand,False,Whole workforce,True,Almost completely male dominated,41350.0,60400.0,0.315,0.1,0.338
899311,8993,Handyperson,True,20-24 year olds,False,Almost completely male dominated,55478.0,59438.0,0.067,0.01,0.166
899311,8993,Handyperson,True,25-39 year olds,False,Almost completely male dominated,43723.0,64181.0,0.319,0.06,0.329
899311,8993,Handyperson,True,40-54 year olds,False,Almost completely male dominated,33287.0,59383.5,0.439,0.11,0.284
899311,8993,Handyperson,True,55+ year olds,False,Almost completely male dominated,38193.0,48611.0,0.214,0.16,0.775
899311,8993,Handyperson,True,Whole workforce,True,Almost completely male dominated,37800.0,56780.0,0.334,0.09,0.294
899411,8994,Motor Vehicle Parts and Accessories Fitter (General),False,20-24 year olds,False,Almost completely male dominated,,,,-0.02,
899411,8994,Motor Vehicle Parts and Accessories Fitter (General),False,25-39 year olds,False,Almost completely male dominated,59809.0,68517.0,0.127,0.22,0.095
899411,8994,Motor Vehicle Parts and Accessories Fitter (General),False,40-54 year olds,False,Almost completely male dominated,45721.5,64886.0,0.295,-0.07,0.31
899411,8994,Motor Vehicle Parts and Accessories Fitter (General),False,55+ year olds,False,Almost completely male dominated,,,,,
899411,8994,Motor Vehicle Parts and Accessories Fitter (General),False,Whole workforce,True,Almost completely male dominated,59810.0,65760.0,0.09,0.35,0.201
899415,8994,Tyre Fitter,False,20-24 year olds,False,Almost completely male dominated,58082.0,62204.0,0.066,-0.28,
899415,8994,Tyre Fitter,False,25-39 year olds,False,Almost completely male dominated,59596.5,68495.5,0.13,0.13,
899415,8994,Tyre Fitter,False,40-54 year olds,False,Almost completely male dominated,,,,-0.13,
899415,8994,Tyre Fitter,False,55+ year olds,False,Almost completely male dominated,,,,,
899415,8994,Tyre Fitter,False,Whole workforce,True,Almost completely male dominated,61600.0,66670.0,0.076,0.03,0.272
899511,8995,Printer's Assistant,True,20-24 year olds,False,Moderately male dominated,51713.0,55962.5,0.076,0.17,0.266
899511,8995,Printer's Assistant,True,25-39 year olds,False,Gender balanced,45948.5,63333.5,0.274,0.18,0.337
899511,8995,Printer's Assistant,True,40-54 year olds,False,Moderately male dominated,48460.0,64950.0,0.254,0.11,0.344
899511,8995,Printer's Assistant,True,55+ year olds,False,Gender balanced,41530.0,57038.5,0.272,0.19,0.144
899511,8995,Printer's Assistant,True,Whole workforce,True,Moderately male dominated,45990.0,62070.0,0.259,0.15,0.323
899611,8996,Recycling or Rubbish Collector,True,20-24 year olds,False,Almost completely male dominated,,,,-0.15,
899611,8996,Recycling or Rubbish Collector,True,25-39 year olds,False,Almost completely male dominated,60344.5,81442.0,0.259,0.0,0.421
899611,8996,Recycling or Rubbish Collector,True,40-54 year olds,False,Almost completely male dominated,56678.0,79536.5,0.287,0.24,0.431
899611,8996,Recycling or Rubbish Collector,True,55+ year olds,False,Almost completely male dominated,37648.0,71926.5,0.477,-0.22,
899611,8996,Recycling or Rubbish Collector,True,Whole workforce,True,Almost completely male dominated,55890.0,77500.0,0.279,0.19,0.415
899711,8997,Vending Machine Attendant,True,20-24 year olds,False,Gender balanced,59541.0,60172.0,0.01,-0.07,0.232
899711,8997,Vending Machine Attendant,True,25-39 year olds,False,Moderately female dominated,52635.0,61802.0,0.148,0.06,0.153
899711,8997,Vending Machine Attendant,True,40-54 year olds,False,Moderately female dominated,49663.5,60344.5,0.177,0.09,0.067
899711,8997,Vending Machine Attendant,True,55+ year olds,False,Moderately female dominated,44741.5,45577.0,0.018,0.04,
899711,8997,Vending Machine Attendant,True,Whole workforce,True,Moderately female dominated,54980.0,60380.0,0.089,0.04,0.128
899912,8999,Car Park Attendant,False,20-24 year olds,False,Highly male dominated,52831.0,61434.0,0.14,-0.03,0.016
899912,8999,Car Park Attendant,False,25-39 year olds,False,Highly male dominated,51724.0,59998.0,0.138,-0.07,0.125
899912,8999,Car Park Attendant,False,40-54 year olds,False,Highly male dominated,51143.0,54803.0,0.067,0.04,0.094
899912,8999,Car Park Attendant,False,55+ year olds,False,Highly male dominated,34141.0,47043.0,0.274,-0.09,0.298
899912,8999,Car Park Attendant,False,Whole workforce,True,Highly male dominated,48320.0,55380.0,0.127,0.04,0.1
899913,8999,Crossing Supervisor,False,20-24 year olds,False,Gender balanced,43374.0,46649.5,0.07,-0.06,
899913,8999,Crossing Supervisor,False,25-39 year olds,False,Moderately female dominated,23801.0,43607.0,0.454,0.22,0.612
899913,8999,Crossing Supervisor,False,40-54 year olds,False,Highly female dominated,13579.0,14266.0,0.048,0.23,0.503
899913,8999,Crossing Supervisor,False,55+ year olds,False,Gender balanced,9987.0,10836.0,0.078,0.1,0.071
899913,8999,Crossing Supervisor,False,Whole workforce,True,Moderately female dominated,11340.0,11940.0,0.05,0.09,0.132
899914,8999,Electrical or Telecommunications Trades Assistant,False,20-24 year olds,False,Almost completely male dominated,65116.5,70891.5,0.081,-0.05,0.269
899914,8999,Electrical or Telecommunications Trades Assistant,False,25-39 year olds,False,Highly male dominated,60690.5,84360.0,0.281,-0.02,0.347
899914,8999,Electrical or Telecommunications Trades Assistant,False,40-54 year olds,False,Highly male dominated,61169.5,80409.0,0.239,0.25,0.396
899914,8999,Electrical or Telecommunications Trades Assistant,False,55+ year olds,False,Highly male dominated,31592.0,66808.0,0.527,0.35,
899914,8999,Electrical or Telecommunications Trades Assistant,False,Whole workforce,True,Almost completely male dominated,57470.0,78130.0,0.264,0.11,0.339
899917,8999,Railways Assistant,False,20-24 year olds,False,Gender balanced,96897.0,104479.0,0.073,0.07,0.177
899917,8999,Railways Assistant,False,25-39 year olds,False,Moderately male dominated,99807.0,110813.0,0.099,0.11,0.157
899917,8999,Railways Assistant,False,40-54 year olds,False,Moderately male dominated,98448.0,109444.0,0.1,0.07,0.143
899917,8999,Railways Assistant,False,55+ year olds,False,Highly male dominated,92164.0,102712.0,0.103,0.04,0.116
899917,8999,Railways Assistant,False,Whole workforce,True,Moderately male dominated,97210.0,107980.0,0.1,0.07,0.149
899921,8999,Ticket Collector or Usher,False,20-24 year olds,False,Gender balanced,55485.0,57828.0,0.041,0.33,0.05
899921,8999,Ticket Collector or Usher,False,25-39 year olds,False,Gender balanced,47208.5,56212.5,0.16,0.13,0.284
899921,8999,Ticket Collector or Usher,False,40-54 year olds,False,Gender balanced,30857.0,73368.0,0.579,0.29,0.288
899921,8999,Ticket Collector or Usher,False,55+ year olds,False,Gender balanced,12579.5,16988.0,0.26,0.38,-0.008
899921,8999,Ticket Collector or Usher,False,Whole workforce,True,Gender balanced,44920.0,53820.0,0.165,0.11,0.189
899922,8999,Trolley Collector,False,20-24 year olds,False,Almost completely male dominated,45249.5,49541.0,0.087,0.43,
899922,8999,Trolley Collector,False,25-39 year olds,False,Almost completely male dominated,42296.0,44803.0,0.056,0.38,-0.02
899922,8999,Trolley Collector,False,40-54 year olds,False,Almost completely male dominated,39132.0,40981.0,0.045,-0.07,
899922,8999,Trolley Collector,False,55+ year olds,False,Almost completely male dominated,,,,0.25,
899922,8999,Trolley Collector,False,Whole workforce,True,Almost completely male dominated,40900.0,46140.0,0.114,0.08,0.299
899923,8999,Road Traffic Controller,False,20-24 year olds,False,Gender balanced,59790.0,60236.0,0.007,-0.06,0.154
899923,8999,Road Traffic Controller,False,25-39 year olds,False,Gender balanced,61726.5,67952.0,0.092,0.08,0.187
899923,8999,Road Traffic Controller,False,40-54 year olds,False,Moderately male dominated,57608.0,65066.0,0.115,0.06,0.181
899923,8999,Road Traffic Controller,False,55+ year olds,False,Highly male dominated,45083.0,52694.0,0.144,0.08,0.718
899923,8999,Road Traffic Controller,False,Whole workforce,True,Moderately male dominated,58550.0,62360.0,0.061,0.04,0.183
899999,8999,Labourers nec,False,20-24 year olds,False,Highly male dominated,52115.0,61888.0,0.158,,0.119
899999,8999,Labourers nec,False,25-39 year olds,False,Highly male dominated,51428.0,66691.0,0.229,0.07,0.219
899999,8999,Labourers nec,False,40-54 year olds,False,Highly male dominated,50658.5,64742.0,0.218,0.11,0.258
899999,8999,Labourers nec,False,55+ year olds,False,Highly male dominated,40011.0,57103.0,0.299,0.19,0.409
899999,8999,Labourers nec,False,Whole workforce,True,Highly male dominated,50480.0,63970.0,0.211,0.12,0.209
