occupation_code,occupation_title,anzsco_level,financial_year,measure_type,frequency_rate,is_suppressed,is_preliminary
1111,Chief executives and managing directors,4,2014-15,workers_compensation_injury_frequency_rate,2.7169505073035816,False,False
1111,Chief executives and managing directors,4,2015-16,workers_compensation_injury_frequency_rate,2.2249106435318065,False,False
1111,Chief executives and managing directors,4,2016-17,workers_compensation_injury_frequency_rate,2.6871881340808446,False,False
1111,Chief executives and managing directors,4,2017-18,workers_compensation_injury_frequency_rate,3.4851314049033544,False,False
1111,Chief executives and managing directors,4,2018-19,workers_compensation_injury_frequency_rate,3.016074806634625,False,False
1111,Chief executives and managing directors,4,2019-20,workers_compensation_injury_frequency_rate,5.63124260821317,False,False
1111,Chief executives and managing directors,4,2020-21,workers_compensation_injury_frequency_rate,6.077137692694774,False,False
1111,Chief executives and managing directors,4,2021-22,workers_compensation_injury_frequency_rate,7.1809545095563285,False,False
1111,Chief executives and managing directors,4,2022-23,workers_compensation_injury_frequency_rate,5.3886659355102084,False,False
1111,Chief executives and managing directors,4,2023-24,workers_compensation_injury_frequency_rate,4.693780561639364,False,True
1112,General managers,4,2014-15,workers_compensation_injury_frequency_rate,3.980364461376893,False,False
1112,General managers,4,2015-16,workers_compensation_injury_frequency_rate,3.6061541091125666,False,False
1112,General managers,4,2016-17,workers_compensation_injury_frequency_rate,5.082625869363103,False,False
1112,General managers,4,2017-18,workers_compensation_injury_frequency_rate,4.133693636978242,False,False
1112,General managers,4,2018-19,workers_compensation_injury_frequency_rate,3.0696007285627362,False,False
1112,General managers,4,2019-20,workers_compensation_injury_frequency_rate,3.9222106787664055,False,False
1112,General managers,4,2020-21,workers_compensation_injury_frequency_rate,4.364053206563831,False,False
1112,General managers,4,2021-22,workers_compensation_injury_frequency_rate,2.533165868788647,False,False
1112,General managers,4,2022-23,workers_compensation_injury_frequency_rate,2.8971699618384923,False,False
1112,General managers,4,2023-24,workers_compensation_injury_frequency_rate,4.536196263617026,False,True
1113,Legislators,4,2014-15,workers_compensation_injury_frequency_rate,3.3818822765344523,False,False
1113,Legislators,4,2015-16,workers_compensation_injury_frequency_rate,3.072376824225729,False,False
1113,Legislators,4,2016-17,workers_compensation_injury_frequency_rate,2.342824448242497,False,False
1113,Legislators,4,2017-18,workers_compensation_injury_frequency_rate,2.3662933515947246,False,False
1113,Legislators,4,2018-19,workers_compensation_injury_frequency_rate,1.868171021659732,False,False
1113,Legislators,4,2019-20,workers_compensation_injury_frequency_rate,5.6097117750785275,False,False
1113,Legislators,4,2020-21,workers_compensation_injury_frequency_rate,2.5141711658531176,False,False
1113,Legislators,4,2021-22,workers_compensation_injury_frequency_rate,4.991691149712115,False,False
1113,Legislators,4,2022-23,workers_compensation_injury_frequency_rate,2.746638518125065,False,False
1113,Legislators,4,2023-24,workers_compensation_injury_frequency_rate,1.3232832222537516,False,True
1211,Aquaculture farmers,4,2014-15,workers_compensation_injury_frequency_rate,4.896260383990908,False,False
1211,Aquaculture farmers,4,2015-16,workers_compensation_injury_frequency_rate,6.649457129587596,False,False
1211,Aquaculture farmers,4,2016-17,workers_compensation_injury_frequency_rate,6.191819048339131,False,False
1211,Aquaculture farmers,4,2017-18,workers_compensation_injury_frequency_rate,5.526442603106753,False,False
1211,Aquaculture farmers,4,2018-19,workers_compensation_injury_frequency_rate,8.327229013090447,False,False
1211,Aquaculture farmers,4,2019-20,workers_compensation_injury_frequency_rate,9.929407587649237,False,False
1211,Aquaculture farmers,4,2020-21,workers_compensation_injury_frequency_rate,15.309784652749673,False,False
1211,Aquaculture farmers,4,2021-22,workers_compensation_injury_frequency_rate,9.684165401033484,False,False
1211,Aquaculture farmers,4,2022-23,workers_compensation_injury_frequency_rate,13.370476936553521,False,False
1211,Aquaculture farmers,4,2023-24,workers_compensation_injury_frequency_rate,11.939833290542841,False,True
1212,Crop farmers,4,2014-15,workers_compensation_injury_frequency_rate,2.679613600214515,False,False
1212,Crop farmers,4,2015-16,workers_compensation_injury_frequency_rate,1.947680424269816,False,False
1212,Crop farmers,4,2016-17,workers_compensation_injury_frequency_rate,1.9837733130712991,False,False
1212,Crop farmers,4,2017-18,workers_compensation_injury_frequency_rate,3.2452032816080445,False,False
1212,Crop farmers,4,2018-19,workers_compensation_injury_frequency_rate,3.784969369661632,False,False
1212,Crop farmers,4,2019-20,workers_compensation_injury_frequency_rate,3.15193911813415,False,False
1212,Crop farmers,4,2020-21,workers_compensation_injury_frequency_rate,2.7891194496923917,False,False
1212,Crop farmers,4,2021-22,workers_compensation_injury_frequency_rate,3.752844567968185,False,False
1212,Crop farmers,4,2022-23,workers_compensation_injury_frequency_rate,2.9811018792328126,False,False
1212,Crop farmers,4,2023-24,workers_compensation_injury_frequency_rate,2.3171489996950387,False,True
1213,Livestock farmers,4,2014-15,workers_compensation_injury_frequency_rate,4.946681332986242,False,False
1213,Livestock farmers,4,2015-16,workers_compensation_injury_frequency_rate,4.622597358170513,False,False
1213,Livestock farmers,4,2016-17,workers_compensation_injury_frequency_rate,6.017485811145005,False,False
1213,Livestock farmers,4,2017-18,workers_compensation_injury_frequency_rate,3.772182766101488,False,False
1213,Livestock farmers,4,2018-19,workers_compensation_injury_frequency_rate,5.042173717617434,False,False
1213,Livestock farmers,4,2019-20,workers_compensation_injury_frequency_rate,4.213645432360314,False,False
1213,Livestock farmers,4,2020-21,workers_compensation_injury_frequency_rate,5.968635284880684,False,False
1213,Livestock farmers,4,2021-22,workers_compensation_injury_frequency_rate,3.9222313798795274,False,False
1213,Livestock farmers,4,2022-23,workers_compensation_injury_frequency_rate,5.754587699194093,False,False
1213,Livestock farmers,4,2023-24,workers_compensation_injury_frequency_rate,5.145355735906638,False,True
1214,Mixed crop and livestock farmers,4,2014-15,workers_compensation_injury_frequency_rate,2.449134727953943,False,False
1214,Mixed crop and livestock farmers,4,2015-16,workers_compensation_injury_frequency_rate,2.062637082839326,False,False
1214,Mixed crop and livestock farmers,4,2016-17,workers_compensation_injury_frequency_rate,2.067361770595303,False,False
1214,Mixed crop and livestock farmers,4,2017-18,workers_compensation_injury_frequency_rate,1.3640393515152192,False,False
1214,Mixed crop and livestock farmers,4,2018-19,workers_compensation_injury_frequency_rate,1.9047434770864944,False,False
1214,Mixed crop and livestock farmers,4,2019-20,workers_compensation_injury_frequency_rate,1.1358359114368874,False,False
1214,Mixed crop and livestock farmers,4,2020-21,workers_compensation_injury_frequency_rate,1.8751037185082788,False,False
1214,Mixed crop and livestock farmers,4,2021-22,workers_compensation_injury_frequency_rate,3.3954307779938273,False,False
1214,Mixed crop and livestock farmers,4,2022-23,workers_compensation_injury_frequency_rate,2.355466143962443,False,False
1214,Mixed crop and livestock farmers,4,2023-24,workers_compensation_injury_frequency_rate,2.484769678239116,False,True
1311,Advertising and sales managers,4,2014-15,workers_compensation_injury_frequency_rate,0.9190089414432812,False,False
1311,Advertising and sales managers,4,2015-16,workers_compensation_injury_frequency_rate,0.9600611279613842,False,False
1311,Advertising and sales managers,4,2016-17,workers_compensation_injury_frequency_rate,0.9806675979970074,False,False
1311,Advertising and sales managers,4,2017-18,workers_compensation_injury_frequency_rate,0.9973409724737355,False,False
1311,Advertising and sales managers,4,2018-19,workers_compensation_injury_frequency_rate,0.8888486956312283,False,False
1311,Advertising and sales managers,4,2019-20,workers_compensation_injury_frequency_rate,0.8865774951866908,False,False
1311,Advertising and sales managers,4,2020-21,workers_compensation_injury_frequency_rate,0.8005575217324441,False,False
1311,Advertising and sales managers,4,2021-22,workers_compensation_injury_frequency_rate,0.742150541567738,False,False
1311,Advertising and sales managers,4,2022-23,workers_compensation_injury_frequency_rate,0.89993294320603,False,False
1311,Advertising and sales managers,4,2023-24,workers_compensation_injury_frequency_rate,0.9881923784355929,False,True
1321,Corporate services managers,4,2014-15,workers_compensation_injury_frequency_rate,3.482568233436269,False,False
1321,Corporate services managers,4,2015-16,workers_compensation_injury_frequency_rate,2.8556549406682747,False,False
1321,Corporate services managers,4,2016-17,workers_compensation_injury_frequency_rate,2.1045671832374047,False,False
1321,Corporate services managers,4,2017-18,workers_compensation_injury_frequency_rate,1.0914937218102936,False,False
1321,Corporate services managers,4,2018-19,workers_compensation_injury_frequency_rate,2.234496780154361,False,False
1321,Corporate services managers,4,2019-20,workers_compensation_injury_frequency_rate,3.6216631944518074,False,False
1321,Corporate services managers,4,2020-21,workers_compensation_injury_frequency_rate,1.5299285551859387,False,False
1321,Corporate services managers,4,2021-22,workers_compensation_injury_frequency_rate,2.007711265816173,False,False
1321,Corporate services managers,4,2022-23,workers_compensation_injury_frequency_rate,2.4914213903116154,False,False
1321,Corporate services managers,4,2023-24,workers_compensation_injury_frequency_rate,2.653790769566776,False,True
1322,Finance managers,4,2014-15,workers_compensation_injury_frequency_rate,0.9469819844876667,False,False
1322,Finance managers,4,2015-16,workers_compensation_injury_frequency_rate,0.7553909218531453,False,False
1322,Finance managers,4,2016-17,workers_compensation_injury_frequency_rate,0.8174440204793748,False,False
1322,Finance managers,4,2017-18,workers_compensation_injury_frequency_rate,0.8052785203749305,False,False
1322,Finance managers,4,2018-19,workers_compensation_injury_frequency_rate,0.8380410769735205,False,False
1322,Finance managers,4,2019-20,workers_compensation_injury_frequency_rate,0.7864282050892168,False,False
1322,Finance managers,4,2020-21,workers_compensation_injury_frequency_rate,0.6504691719928586,False,False
1322,Finance managers,4,2021-22,workers_compensation_injury_frequency_rate,0.5368070310857542,False,False
1322,Finance managers,4,2022-23,workers_compensation_injury_frequency_rate,0.7787887491304142,False,False
1322,Finance managers,4,2023-24,workers_compensation_injury_frequency_rate,0.7874474643076583,False,True
1323,Human resource managers,4,2014-15,workers_compensation_injury_frequency_rate,0.789860108491797,False,False
1323,Human resource managers,4,2015-16,workers_compensation_injury_frequency_rate,0.6624756401765349,False,False
1323,Human resource managers,4,2016-17,workers_compensation_injury_frequency_rate,0.5769879151464983,False,False
1323,Human resource managers,4,2017-18,workers_compensation_injury_frequency_rate,0.5910205096755315,False,False
1323,Human resource managers,4,2018-19,workers_compensation_injury_frequency_rate,0.80232524590301,False,False
1323,Human resource managers,4,2019-20,workers_compensation_injury_frequency_rate,0.6073027947680368,False,False
1323,Human resource managers,4,2020-21,workers_compensation_injury_frequency_rate,0.6481294674550325,False,False
1323,Human resource managers,4,2021-22,workers_compensation_injury_frequency_rate,0.40391895846943127,False,False
1323,Human resource managers,4,2022-23,workers_compensation_injury_frequency_rate,0.5486931257067035,False,False
1323,Human resource managers,4,2023-24,workers_compensation_injury_frequency_rate,0.7948877103936564,False,True
1324,Policy and planning managers,4,2014-15,workers_compensation_injury_frequency_rate,0.7995756960785869,False,False
1324,Policy and planning managers,4,2015-16,workers_compensation_injury_frequency_rate,0.7034072147419103,False,False
1324,Policy and planning managers,4,2016-17,workers_compensation_injury_frequency_rate,0.6894231496856494,False,False
1324,Policy and planning managers,4,2017-18,workers_compensation_injury_frequency_rate,0.42610108024758936,False,False
1324,Policy and planning managers,4,2018-19,workers_compensation_injury_frequency_rate,0.667341658156776,False,False
1324,Policy and planning managers,4,2019-20,workers_compensation_injury_frequency_rate,0.6661210136540195,False,False
1324,Policy and planning managers,4,2020-21,workers_compensation_injury_frequency_rate,0.6179587674643535,False,False
1324,Policy and planning managers,4,2021-22,workers_compensation_injury_frequency_rate,0.7065047378823742,False,False
1324,Policy and planning managers,4,2022-23,workers_compensation_injury_frequency_rate,0.5906902173535573,False,False
1324,Policy and planning managers,4,2023-24,workers_compensation_injury_frequency_rate,0.796159620898412,False,True
1325,Research and development managers,4,2014-15,workers_compensation_injury_frequency_rate,4.770445711864052,False,False
1325,Research and development managers,4,2015-16,workers_compensation_injury_frequency_rate,4.403680690264421,False,False
1325,Research and development managers,4,2016-17,workers_compensation_injury_frequency_rate,4.039662725044677,False,False
1325,Research and development managers,4,2017-18,workers_compensation_injury_frequency_rate,5.353951907075858,False,False
1325,Research and development managers,4,2018-19,workers_compensation_injury_frequency_rate,4.538046497130317,False,False
1325,Research and development managers,4,2019-20,workers_compensation_injury_frequency_rate,5.660552569607534,False,False
1325,Research and development managers,4,2020-21,workers_compensation_injury_frequency_rate,3.5502764048313296,False,False
1325,Research and development managers,4,2021-22,workers_compensation_injury_frequency_rate,3.3188858812676334,False,False
1325,Research and development managers,4,2022-23,workers_compensation_injury_frequency_rate,2.723521021300658,False,False
1325,Research and development managers,4,2023-24,workers_compensation_injury_frequency_rate,4.002546567238701,False,True
1331,Construction managers,4,2014-15,workers_compensation_injury_frequency_rate,1.659866180113618,False,False
1331,Construction managers,4,2015-16,workers_compensation_injury_frequency_rate,1.6205233731220423,False,False
1331,Construction managers,4,2016-17,workers_compensation_injury_frequency_rate,1.7152766966808375,False,False
1331,Construction managers,4,2017-18,workers_compensation_injury_frequency_rate,1.3201878430747684,False,False
1331,Construction managers,4,2018-19,workers_compensation_injury_frequency_rate,1.7540909368759048,False,False
1331,Construction managers,4,2019-20,workers_compensation_injury_frequency_rate,1.6534282582523816,False,False
1331,Construction managers,4,2020-21,workers_compensation_injury_frequency_rate,1.640652880394196,False,False
1331,Construction managers,4,2021-22,workers_compensation_injury_frequency_rate,1.9255678281136261,False,False
1331,Construction managers,4,2022-23,workers_compensation_injury_frequency_rate,1.925671792091302,False,False
1331,Construction managers,4,2023-24,workers_compensation_injury_frequency_rate,2.2996948062977154,False,True
1332,Engineering managers,4,2014-15,workers_compensation_injury_frequency_rate,1.4069500355683118,False,False
1332,Engineering managers,4,2015-16,workers_compensation_injury_frequency_rate,1.0874446694503723,False,False
1332,Engineering managers,4,2016-17,workers_compensation_injury_frequency_rate,1.121359826885977,False,False
1332,Engineering managers,4,2017-18,workers_compensation_injury_frequency_rate,1.0584229466831887,False,False
1332,Engineering managers,4,2018-19,workers_compensation_injury_frequency_rate,1.1355187873160726,False,False
1332,Engineering managers,4,2019-20,workers_compensation_injury_frequency_rate,0.7081293358425251,False,False
1332,Engineering managers,4,2020-21,workers_compensation_injury_frequency_rate,0.748040154141951,False,False
1332,Engineering managers,4,2021-22,workers_compensation_injury_frequency_rate,0.888781496947407,False,False
1332,Engineering managers,4,2022-23,workers_compensation_injury_frequency_rate,0.742732606338689,False,False
1332,Engineering managers,4,2023-24,workers_compensation_injury_frequency_rate,1.0227374688923128,False,True
1333,"Importers, exporters and wholesalers",4,2014-15,workers_compensation_injury_frequency_rate,0.35588372164215515,False,False
1333,"Importers, exporters and wholesalers",4,2015-16,workers_compensation_injury_frequency_rate,0.34085400035252705,False,False
1333,"Importers, exporters and wholesalers",4,2016-17,workers_compensation_injury_frequency_rate,0.5404366550422246,False,False
1333,"Importers, exporters and wholesalers",4,2017-18,workers_compensation_injury_frequency_rate,3.4439670385462664,False,False
1333,"Importers, exporters and wholesalers",4,2018-19,workers_compensation_injury_frequency_rate,7.688716278504985,False,False
1333,"Importers, exporters and wholesalers",4,2019-20,workers_compensation_injury_frequency_rate,7.685529530236195,False,False
1333,"Importers, exporters and wholesalers",4,2020-21,workers_compensation_injury_frequency_rate,8.241338195542832,False,False
1333,"Importers, exporters and wholesalers",4,2021-22,workers_compensation_injury_frequency_rate,7.269469871895907,False,False
1333,"Importers, exporters and wholesalers",4,2022-23,workers_compensation_injury_frequency_rate,4.903778288492048,False,False
1333,"Importers, exporters and wholesalers",4,2023-24,workers_compensation_injury_frequency_rate,3.039503924940491,False,True
1334,Manufacturers,4,2014-15,workers_compensation_injury_frequency_rate,5.541986769582967,False,False
1334,Manufacturers,4,2015-16,workers_compensation_injury_frequency_rate,3.958377787716808,False,False
1334,Manufacturers,4,2016-17,workers_compensation_injury_frequency_rate,4.4952807597761,False,False
1334,Manufacturers,4,2017-18,workers_compensation_injury_frequency_rate,7.4000366208795985,False,False
1334,Manufacturers,4,2018-19,workers_compensation_injury_frequency_rate,12.770568737568592,False,False
1334,Manufacturers,4,2019-20,workers_compensation_injury_frequency_rate,18.071630978922034,False,False
1334,Manufacturers,4,2020-21,workers_compensation_injury_frequency_rate,15.759208403640747,False,False
1334,Manufacturers,4,2021-22,workers_compensation_injury_frequency_rate,12.272663696654986,False,False
1334,Manufacturers,4,2022-23,workers_compensation_injury_frequency_rate,14.686940677279523,False,False
1334,Manufacturers,4,2023-24,workers_compensation_injury_frequency_rate,11.103972240585566,False,True
1335,Production managers,4,2014-15,workers_compensation_injury_frequency_rate,2.0340656763416702,False,False
1335,Production managers,4,2015-16,workers_compensation_injury_frequency_rate,2.0218211697996225,False,False
1335,Production managers,4,2016-17,workers_compensation_injury_frequency_rate,1.9354146482284094,False,False
1335,Production managers,4,2017-18,workers_compensation_injury_frequency_rate,1.9342484510792686,False,False
1335,Production managers,4,2018-19,workers_compensation_injury_frequency_rate,2.3127839280848574,False,False
1335,Production managers,4,2019-20,workers_compensation_injury_frequency_rate,2.45156170350533,False,False
1335,Production managers,4,2020-21,workers_compensation_injury_frequency_rate,2.0135886025535683,False,False
1335,Production managers,4,2021-22,workers_compensation_injury_frequency_rate,2.1504442788055034,False,False
1335,Production managers,4,2022-23,workers_compensation_injury_frequency_rate,2.8981668537059804,False,False
1335,Production managers,4,2023-24,workers_compensation_injury_frequency_rate,2.3314764931768757,False,True
1336,Supply and distribution managers,4,2014-15,workers_compensation_injury_frequency_rate,0.9697843263319547,False,False
1336,Supply and distribution managers,4,2015-16,workers_compensation_injury_frequency_rate,0.9385337586560143,False,False
1336,Supply and distribution managers,4,2016-17,workers_compensation_injury_frequency_rate,0.7909874189104747,False,False
1336,Supply and distribution managers,4,2017-18,workers_compensation_injury_frequency_rate,0.8154838274276391,False,False
1336,Supply and distribution managers,4,2018-19,workers_compensation_injury_frequency_rate,0.7232476643552904,False,False
1336,Supply and distribution managers,4,2019-20,workers_compensation_injury_frequency_rate,0.8618454108742505,False,False
1336,Supply and distribution managers,4,2020-21,workers_compensation_injury_frequency_rate,0.9117944387562515,False,False
1336,Supply and distribution managers,4,2021-22,workers_compensation_injury_frequency_rate,1.0825873405835418,False,False
1336,Supply and distribution managers,4,2022-23,workers_compensation_injury_frequency_rate,1.652904135446448,False,False
1336,Supply and distribution managers,4,2023-24,workers_compensation_injury_frequency_rate,1.262829307989656,False,True
1341,Child care centre managers,4,2014-15,workers_compensation_injury_frequency_rate,5.507083059809354,False,False
1341,Child care centre managers,4,2015-16,workers_compensation_injury_frequency_rate,4.446879651433807,False,False
1341,Child care centre managers,4,2016-17,workers_compensation_injury_frequency_rate,3.2815449536343517,False,False
1341,Child care centre managers,4,2017-18,workers_compensation_injury_frequency_rate,3.5812500844758763,False,False
1341,Child care centre managers,4,2018-19,workers_compensation_injury_frequency_rate,3.493221686022974,False,False
1341,Child care centre managers,4,2019-20,workers_compensation_injury_frequency_rate,3.2036237238884606,False,False
1341,Child care centre managers,4,2020-21,workers_compensation_injury_frequency_rate,3.9525168462295333,False,False
1341,Child care centre managers,4,2021-22,workers_compensation_injury_frequency_rate,2.5062646090408482,False,False
1341,Child care centre managers,4,2022-23,workers_compensation_injury_frequency_rate,3.5397308853440923,False,False
1341,Child care centre managers,4,2023-24,workers_compensation_injury_frequency_rate,4.318830941716028,False,True
1342,Health and welfare services managers,4,2014-15,workers_compensation_injury_frequency_rate,4.001596400757473,False,False
1342,Health and welfare services managers,4,2015-16,workers_compensation_injury_frequency_rate,3.1426332110063786,False,False
1342,Health and welfare services managers,4,2016-17,workers_compensation_injury_frequency_rate,3.854468179154809,False,False
1342,Health and welfare services managers,4,2017-18,workers_compensation_injury_frequency_rate,3.8949394060699385,False,False
1342,Health and welfare services managers,4,2018-19,workers_compensation_injury_frequency_rate,3.593985226238194,False,False
1342,Health and welfare services managers,4,2019-20,workers_compensation_injury_frequency_rate,3.579764043527378,False,False
1342,Health and welfare services managers,4,2020-21,workers_compensation_injury_frequency_rate,3.3682291465886225,False,False
1342,Health and welfare services managers,4,2021-22,workers_compensation_injury_frequency_rate,3.14975261028701,False,False
1342,Health and welfare services managers,4,2022-23,workers_compensation_injury_frequency_rate,3.6715415481441798,False,False
1342,Health and welfare services managers,4,2023-24,workers_compensation_injury_frequency_rate,4.140171838675796,False,True
1343,School principals,4,2014-15,workers_compensation_injury_frequency_rate,3.535611408116766,False,False
1343,School principals,4,2015-16,workers_compensation_injury_frequency_rate,2.4427371236208537,False,False
1343,School principals,4,2016-17,workers_compensation_injury_frequency_rate,3.109232328176268,False,False
1343,School principals,4,2017-18,workers_compensation_injury_frequency_rate,2.903975754789597,False,False
1343,School principals,4,2018-19,workers_compensation_injury_frequency_rate,2.7896808598505234,False,False
1343,School principals,4,2019-20,workers_compensation_injury_frequency_rate,3.048107699059525,False,False
1343,School principals,4,2020-21,workers_compensation_injury_frequency_rate,4.26765637156747,False,False
1343,School principals,4,2021-22,workers_compensation_injury_frequency_rate,3.6653294021010336,False,False
1343,School principals,4,2022-23,workers_compensation_injury_frequency_rate,4.126590096531564,False,False
1343,School principals,4,2023-24,workers_compensation_injury_frequency_rate,4.271825442613956,False,True
1344,Other education managers,4,2014-15,workers_compensation_injury_frequency_rate,4.93476578080003,False,False
1344,Other education managers,4,2015-16,workers_compensation_injury_frequency_rate,7.320040646934069,False,False
1344,Other education managers,4,2016-17,workers_compensation_injury_frequency_rate,6.108090661629589,False,False
1344,Other education managers,4,2017-18,workers_compensation_injury_frequency_rate,6.287007606850484,False,False
1344,Other education managers,4,2018-19,workers_compensation_injury_frequency_rate,11.77557673959534,False,False
1344,Other education managers,4,2019-20,workers_compensation_injury_frequency_rate,7.387599270840385,False,False
1344,Other education managers,4,2020-21,workers_compensation_injury_frequency_rate,6.629289864343335,False,False
1344,Other education managers,4,2021-22,workers_compensation_injury_frequency_rate,6.445268087993165,False,False
1344,Other education managers,4,2022-23,workers_compensation_injury_frequency_rate,17.25872448487737,False,False
1344,Other education managers,4,2023-24,workers_compensation_injury_frequency_rate,14.348635746209078,False,True
1351,ICT managers,4,2014-15,workers_compensation_injury_frequency_rate,0.4133480835070668,False,False
1351,ICT managers,4,2015-16,workers_compensation_injury_frequency_rate,0.363571738391283,False,False
1351,ICT managers,4,2016-17,workers_compensation_injury_frequency_rate,0.4674238744599469,False,False
1351,ICT managers,4,2017-18,workers_compensation_injury_frequency_rate,0.38663979624615996,False,False
1351,ICT managers,4,2018-19,workers_compensation_injury_frequency_rate,0.7329824840167622,False,False
1351,ICT managers,4,2019-20,workers_compensation_injury_frequency_rate,0.5386192617540789,False,False
1351,ICT managers,4,2020-21,workers_compensation_injury_frequency_rate,0.26731346930783895,False,False
1351,ICT managers,4,2021-22,workers_compensation_injury_frequency_rate,0.3216219895132474,False,False
1351,ICT managers,4,2022-23,workers_compensation_injury_frequency_rate,0.34133319802167855,False,False
1351,ICT managers,4,2023-24,workers_compensation_injury_frequency_rate,0.4307407002284083,False,True
1391,Commissioned officers (management),4,2014-15,workers_compensation_injury_frequency_rate,2.493108576938839,False,False
1391,Commissioned officers (management),4,2015-16,workers_compensation_injury_frequency_rate,3.7375889421090043,False,False
1391,Commissioned officers (management),4,2016-17,workers_compensation_injury_frequency_rate,5.591772521916098,False,False
1391,Commissioned officers (management),4,2017-18,workers_compensation_injury_frequency_rate,3.3958275302459633,False,False
1391,Commissioned officers (management),4,2018-19,workers_compensation_injury_frequency_rate,3.8858110947307707,False,False
1391,Commissioned officers (management),4,2019-20,workers_compensation_injury_frequency_rate,6.740698901488625,False,False
1391,Commissioned officers (management),4,2020-21,workers_compensation_injury_frequency_rate,6.076044156772767,False,False
1391,Commissioned officers (management),4,2021-22,workers_compensation_injury_frequency_rate,1.3354356375470267,False,False
1391,Commissioned officers (management),4,2022-23,workers_compensation_injury_frequency_rate,2.6844612397159198,False,False
1391,Commissioned officers (management),4,2023-24,workers_compensation_injury_frequency_rate,6.096494815496391,False,True
1392,Senior non-commissioned defence force members,4,2014-15,workers_compensation_injury_frequency_rate,,True,False
1392,Senior non-commissioned defence force members,4,2015-16,workers_compensation_injury_frequency_rate,,True,False
1392,Senior non-commissioned defence force members,4,2016-17,workers_compensation_injury_frequency_rate,,True,False
1392,Senior non-commissioned defence force members,4,2017-18,workers_compensation_injury_frequency_rate,,True,False
1392,Senior non-commissioned defence force members,4,2018-19,workers_compensation_injury_frequency_rate,,True,False
1392,Senior non-commissioned defence force members,4,2019-20,workers_compensation_injury_frequency_rate,,True,False
1392,Senior non-commissioned defence force members,4,2020-21,workers_compensation_injury_frequency_rate,,True,False
1392,Senior non-commissioned defence force members,4,2021-22,workers_compensation_injury_frequency_rate,,True,False
1392,Senior non-commissioned defence force members,4,2022-23,workers_compensation_injury_frequency_rate,,True,False
1392,Senior non-commissioned defence force members,4,2023-24,workers_compensation_injury_frequency_rate,,True,True
1399,Other specialist managers,4,2014-15,workers_compensation_injury_frequency_rate,9.289874537263783,False,False
1399,Other specialist managers,4,2015-16,workers_compensation_injury_frequency_rate,10.027784481485954,False,False
1399,Other specialist managers,4,2016-17,workers_compensation_injury_frequency_rate,8.716980118850092,False,False
1399,Other specialist managers,4,2017-18,workers_compensation_injury_frequency_rate,8.401439114416581,False,False
1399,Other specialist managers,4,2018-19,workers_compensation_injury_frequency_rate,10.120048822490942,False,False
1399,Other specialist managers,4,2019-20,workers_compensation_injury_frequency_rate,8.351200101609804,False,False
1399,Other specialist managers,4,2020-21,workers_compensation_injury_frequency_rate,7.878410106523215,False,False
1399,Other specialist managers,4,2021-22,workers_compensation_injury_frequency_rate,5.448318575303067,False,False
1399,Other specialist managers,4,2022-23,workers_compensation_injury_frequency_rate,6.83648801388431,False,False
1399,Other specialist managers,4,2023-24,workers_compensation_injury_frequency_rate,7.1303767484929566,False,True
1411,Cafe and restaurant managers,4,2014-15,workers_compensation_injury_frequency_rate,2.889978137605533,False,False
1411,Cafe and restaurant managers,4,2015-16,workers_compensation_injury_frequency_rate,2.3779362524405294,False,False
1411,Cafe and restaurant managers,4,2016-17,workers_compensation_injury_frequency_rate,2.177354107254736,False,False
1411,Cafe and restaurant managers,4,2017-18,workers_compensation_injury_frequency_rate,2.13159260526908,False,False
1411,Cafe and restaurant managers,4,2018-19,workers_compensation_injury_frequency_rate,2.233189319794026,False,False
1411,Cafe and restaurant managers,4,2019-20,workers_compensation_injury_frequency_rate,2.448704960094773,False,False
1411,Cafe and restaurant managers,4,2020-21,workers_compensation_injury_frequency_rate,3.132919983545082,False,False
1411,Cafe and restaurant managers,4,2021-22,workers_compensation_injury_frequency_rate,3.3992058082257524,False,False
1411,Cafe and restaurant managers,4,2022-23,workers_compensation_injury_frequency_rate,3.421773479414077,False,False
1411,Cafe and restaurant managers,4,2023-24,workers_compensation_injury_frequency_rate,3.2894375784064045,False,True
1412,Caravan park and camping ground managers,4,2014-15,workers_compensation_injury_frequency_rate,2.2481129391052623,False,False
1412,Caravan park and camping ground managers,4,2015-16,workers_compensation_injury_frequency_rate,2.384876958946822,False,False
1412,Caravan park and camping ground managers,4,2016-17,workers_compensation_injury_frequency_rate,3.6118250181761797,False,False
1412,Caravan park and camping ground managers,4,2017-18,workers_compensation_injury_frequency_rate,2.878672346759866,False,False
1412,Caravan park and camping ground managers,4,2018-19,workers_compensation_injury_frequency_rate,3.4620991963129395,False,False
1412,Caravan park and camping ground managers,4,2019-20,workers_compensation_injury_frequency_rate,5.539845443258136,False,False
1412,Caravan park and camping ground managers,4,2020-21,workers_compensation_injury_frequency_rate,4.910626763763684,False,False
1412,Caravan park and camping ground managers,4,2021-22,workers_compensation_injury_frequency_rate,3.8309271526157613,False,False
1412,Caravan park and camping ground managers,4,2022-23,workers_compensation_injury_frequency_rate,8.494471704079,False,False
1412,Caravan park and camping ground managers,4,2023-24,workers_compensation_injury_frequency_rate,5.422976817639614,False,True
1413,Hotel and motel managers,4,2014-15,workers_compensation_injury_frequency_rate,1.919278184624538,False,False
1413,Hotel and motel managers,4,2015-16,workers_compensation_injury_frequency_rate,1.6477810987083645,False,False
1413,Hotel and motel managers,4,2016-17,workers_compensation_injury_frequency_rate,2.221440733359137,False,False
1413,Hotel and motel managers,4,2017-18,workers_compensation_injury_frequency_rate,1.269609632558759,False,False
1413,Hotel and motel managers,4,2018-19,workers_compensation_injury_frequency_rate,1.589742997452823,False,False
1413,Hotel and motel managers,4,2019-20,workers_compensation_injury_frequency_rate,3.2011809849702164,False,False
1413,Hotel and motel managers,4,2020-21,workers_compensation_injury_frequency_rate,2.2294923959372777,False,False
1413,Hotel and motel managers,4,2021-22,workers_compensation_injury_frequency_rate,3.2994595962644575,False,False
1413,Hotel and motel managers,4,2022-23,workers_compensation_injury_frequency_rate,2.098231570642348,False,False
1413,Hotel and motel managers,4,2023-24,workers_compensation_injury_frequency_rate,2.965391358157413,False,True
1414,Licensed club managers,4,2014-15,workers_compensation_injury_frequency_rate,1.6042647759811641,False,False
1414,Licensed club managers,4,2015-16,workers_compensation_injury_frequency_rate,1.8868151864641092,False,False
1414,Licensed club managers,4,2016-17,workers_compensation_injury_frequency_rate,2.839260884261807,False,False
1414,Licensed club managers,4,2017-18,workers_compensation_injury_frequency_rate,3.0878890017466567,False,False
1414,Licensed club managers,4,2018-19,workers_compensation_injury_frequency_rate,2.650775092711834,False,False
1414,Licensed club managers,4,2019-20,workers_compensation_injury_frequency_rate,2.3297492129642188,False,False
1414,Licensed club managers,4,2020-21,workers_compensation_injury_frequency_rate,2.3422997297954296,False,False
1414,Licensed club managers,4,2021-22,workers_compensation_injury_frequency_rate,2.123837745159392,False,False
1414,Licensed club managers,4,2022-23,workers_compensation_injury_frequency_rate,2.167510869354625,False,False
1414,Licensed club managers,4,2023-24,workers_compensation_injury_frequency_rate,3.5446790593776147,False,True
1419,Other accommodation and hospitality managers,4,2014-15,workers_compensation_injury_frequency_rate,8.501865410120791,False,False
1419,Other accommodation and hospitality managers,4,2015-16,workers_compensation_injury_frequency_rate,6.462676239921787,False,False
1419,Other accommodation and hospitality managers,4,2016-17,workers_compensation_injury_frequency_rate,7.223087406467896,False,False
1419,Other accommodation and hospitality managers,4,2017-18,workers_compensation_injury_frequency_rate,8.158948108618123,False,False
1419,Other accommodation and hospitality managers,4,2018-19,workers_compensation_injury_frequency_rate,13.733082173774196,False,False
1419,Other accommodation and hospitality managers,4,2019-20,workers_compensation_injury_frequency_rate,21.1220039578178,False,False
1419,Other accommodation and hospitality managers,4,2020-21,workers_compensation_injury_frequency_rate,21.352413879292296,False,False
1419,Other accommodation and hospitality managers,4,2021-22,workers_compensation_injury_frequency_rate,20.95781837028217,False,False
1419,Other accommodation and hospitality managers,4,2022-23,workers_compensation_injury_frequency_rate,18.88942790603418,False,False
1419,Other accommodation and hospitality managers,4,2023-24,workers_compensation_injury_frequency_rate,15.461544273451707,False,True
1421,Retail managers,4,2014-15,workers_compensation_injury_frequency_rate,1.8260420361879375,False,False
1421,Retail managers,4,2015-16,workers_compensation_injury_frequency_rate,1.721257206528625,False,False
1421,Retail managers,4,2016-17,workers_compensation_injury_frequency_rate,1.7015999916082287,False,False
1421,Retail managers,4,2017-18,workers_compensation_injury_frequency_rate,1.817747937508056,False,False
1421,Retail managers,4,2018-19,workers_compensation_injury_frequency_rate,1.8306434137180456,False,False
1421,Retail managers,4,2019-20,workers_compensation_injury_frequency_rate,2.324259282342816,False,False
1421,Retail managers,4,2020-21,workers_compensation_injury_frequency_rate,1.7297180805191978,False,False
1421,Retail managers,4,2021-22,workers_compensation_injury_frequency_rate,1.9347435523872625,False,False
1421,Retail managers,4,2022-23,workers_compensation_injury_frequency_rate,2.432282832781556,False,False
1421,Retail managers,4,2023-24,workers_compensation_injury_frequency_rate,2.9111543382466363,False,True
1491,"Amusement, fitness and sports centre managers",4,2014-15,workers_compensation_injury_frequency_rate,1.8419955708285287,False,False
1491,"Amusement, fitness and sports centre managers",4,2015-16,workers_compensation_injury_frequency_rate,1.598291527624816,False,False
1491,"Amusement, fitness and sports centre managers",4,2016-17,workers_compensation_injury_frequency_rate,1.827231513346938,False,False
1491,"Amusement, fitness and sports centre managers",4,2017-18,workers_compensation_injury_frequency_rate,1.2182807438775343,False,False
1491,"Amusement, fitness and sports centre managers",4,2018-19,workers_compensation_injury_frequency_rate,1.782247933340459,False,False
1491,"Amusement, fitness and sports centre managers",4,2019-20,workers_compensation_injury_frequency_rate,1.9127714261987898,False,False
1491,"Amusement, fitness and sports centre managers",4,2020-21,workers_compensation_injury_frequency_rate,2.2636287677487568,False,False
1491,"Amusement, fitness and sports centre managers",4,2021-22,workers_compensation_injury_frequency_rate,2.415328480860842,False,False
1491,"Amusement, fitness and sports centre managers",4,2022-23,workers_compensation_injury_frequency_rate,1.9008677728385577,False,False
1491,"Amusement, fitness and sports centre managers",4,2023-24,workers_compensation_injury_frequency_rate,2.534452591618059,False,True
1492,Call or contact centre and customer service managers,4,2014-15,workers_compensation_injury_frequency_rate,4.360044067746438,False,False
1492,Call or contact centre and customer service managers,4,2015-16,workers_compensation_injury_frequency_rate,4.515151952323588,False,False
1492,Call or contact centre and customer service managers,4,2016-17,workers_compensation_injury_frequency_rate,4.630633967573543,False,False
1492,Call or contact centre and customer service managers,4,2017-18,workers_compensation_injury_frequency_rate,4.206310469556824,False,False
1492,Call or contact centre and customer service managers,4,2018-19,workers_compensation_injury_frequency_rate,4.991936473945739,False,False
1492,Call or contact centre and customer service managers,4,2019-20,workers_compensation_injury_frequency_rate,4.221879925760821,False,False
1492,Call or contact centre and customer service managers,4,2020-21,workers_compensation_injury_frequency_rate,4.437460705179673,False,False
1492,Call or contact centre and customer service managers,4,2021-22,workers_compensation_injury_frequency_rate,3.903050128317867,False,False
1492,Call or contact centre and customer service managers,4,2022-23,workers_compensation_injury_frequency_rate,3.8932654515299836,False,False
1492,Call or contact centre and customer service managers,4,2023-24,workers_compensation_injury_frequency_rate,3.9496923329745695,False,True
1493,Conference and event organisers,4,2014-15,workers_compensation_injury_frequency_rate,1.2228651080613757,False,False
1493,Conference and event organisers,4,2015-16,workers_compensation_injury_frequency_rate,1.3164387627877647,False,False
1493,Conference and event organisers,4,2016-17,workers_compensation_injury_frequency_rate,1.4993122186068135,False,False
1493,Conference and event organisers,4,2017-18,workers_compensation_injury_frequency_rate,1.1115367369072084,False,False
1493,Conference and event organisers,4,2018-19,workers_compensation_injury_frequency_rate,0.9941761359402684,False,False
1493,Conference and event organisers,4,2019-20,workers_compensation_injury_frequency_rate,1.0582836131803193,False,False
1493,Conference and event organisers,4,2020-21,workers_compensation_injury_frequency_rate,1.635982413989669,False,False
1493,Conference and event organisers,4,2021-22,workers_compensation_injury_frequency_rate,2.022527893504314,False,False
1493,Conference and event organisers,4,2022-23,workers_compensation_injury_frequency_rate,1.909163498070747,False,False
1493,Conference and event organisers,4,2023-24,workers_compensation_injury_frequency_rate,1.9726105457579357,False,True
1494,Transport services managers,4,2014-15,workers_compensation_injury_frequency_rate,2.6888736633571724,False,False
1494,Transport services managers,4,2015-16,workers_compensation_injury_frequency_rate,1.976761198030067,False,False
1494,Transport services managers,4,2016-17,workers_compensation_injury_frequency_rate,2.540830459668168,False,False
1494,Transport services managers,4,2017-18,workers_compensation_injury_frequency_rate,2.3496374462335003,False,False
1494,Transport services managers,4,2018-19,workers_compensation_injury_frequency_rate,2.7178766015866103,False,False
1494,Transport services managers,4,2019-20,workers_compensation_injury_frequency_rate,2.9145159044969184,False,False
1494,Transport services managers,4,2020-21,workers_compensation_injury_frequency_rate,4.086586988789228,False,False
1494,Transport services managers,4,2021-22,workers_compensation_injury_frequency_rate,3.764852276023639,False,False
1494,Transport services managers,4,2022-23,workers_compensation_injury_frequency_rate,2.184858969199191,False,False
1494,Transport services managers,4,2023-24,workers_compensation_injury_frequency_rate,3.1622880190443095,False,True
1499,"Other hospitality, retail and service managers",4,2014-15,workers_compensation_injury_frequency_rate,3.1692194736973742,False,False
1499,"Other hospitality, retail and service managers",4,2015-16,workers_compensation_injury_frequency_rate,3.3060375582110493,False,False
1499,"Other hospitality, retail and service managers",4,2016-17,workers_compensation_injury_frequency_rate,3.375081467455741,False,False
1499,"Other hospitality, retail and service managers",4,2017-18,workers_compensation_injury_frequency_rate,2.499416424618287,False,False
1499,"Other hospitality, retail and service managers",4,2018-19,workers_compensation_injury_frequency_rate,3.0581629550083322,False,False
1499,"Other hospitality, retail and service managers",4,2019-20,workers_compensation_injury_frequency_rate,3.3065061597676597,False,False
1499,"Other hospitality, retail and service managers",4,2020-21,workers_compensation_injury_frequency_rate,3.240646000730723,False,False
1499,"Other hospitality, retail and service managers",4,2021-22,workers_compensation_injury_frequency_rate,2.9373040764039278,False,False
1499,"Other hospitality, retail and service managers",4,2022-23,workers_compensation_injury_frequency_rate,2.7627445720648875,False,False
1499,"Other hospitality, retail and service managers",4,2023-24,workers_compensation_injury_frequency_rate,3.1835450925416247,False,True
2111,"Actors, dancers and other entertainers",4,2014-15,workers_compensation_injury_frequency_rate,46.93789688145083,False,False
2111,"Actors, dancers and other entertainers",4,2015-16,workers_compensation_injury_frequency_rate,33.94216664633936,False,False
2111,"Actors, dancers and other entertainers",4,2016-17,workers_compensation_injury_frequency_rate,40.733616154518934,False,False
2111,"Actors, dancers and other entertainers",4,2017-18,workers_compensation_injury_frequency_rate,20.430754382657682,False,False
2111,"Actors, dancers and other entertainers",4,2018-19,workers_compensation_injury_frequency_rate,17.858519777960932,False,False
2111,"Actors, dancers and other entertainers",4,2019-20,workers_compensation_injury_frequency_rate,35.09524017942811,False,False
2111,"Actors, dancers and other entertainers",4,2020-21,workers_compensation_injury_frequency_rate,21.68401036528535,False,False
2111,"Actors, dancers and other entertainers",4,2021-22,workers_compensation_injury_frequency_rate,41.49687115948852,False,False
2111,"Actors, dancers and other entertainers",4,2022-23,workers_compensation_injury_frequency_rate,30.099531608218868,False,False
2111,"Actors, dancers and other entertainers",4,2023-24,workers_compensation_injury_frequency_rate,42.512270140597906,False,True
2112,Music professionals,4,2014-15,workers_compensation_injury_frequency_rate,3.403750294309247,False,False
2112,Music professionals,4,2015-16,workers_compensation_injury_frequency_rate,3.855780705221195,False,False
2112,Music professionals,4,2016-17,workers_compensation_injury_frequency_rate,7.814885565413796,False,False
2112,Music professionals,4,2017-18,workers_compensation_injury_frequency_rate,5.929856766702539,False,False
2112,Music professionals,4,2018-19,workers_compensation_injury_frequency_rate,16.03800825674452,False,False
2112,Music professionals,4,2019-20,workers_compensation_injury_frequency_rate,3.888768205227897,False,False
2112,Music professionals,4,2020-21,workers_compensation_injury_frequency_rate,4.093258955238614,False,False
2112,Music professionals,4,2021-22,workers_compensation_injury_frequency_rate,2.990723475091689,False,False
2112,Music professionals,4,2022-23,workers_compensation_injury_frequency_rate,6.905807751537258,False,False
2112,Music professionals,4,2023-24,workers_compensation_injury_frequency_rate,4.163367351868506,False,True
2113,Photographers,4,2014-15,workers_compensation_injury_frequency_rate,6.434502434532566,False,False
2113,Photographers,4,2015-16,workers_compensation_injury_frequency_rate,6.700937274745436,False,False
2113,Photographers,4,2016-17,workers_compensation_injury_frequency_rate,2.800351922867304,False,False
2113,Photographers,4,2017-18,workers_compensation_injury_frequency_rate,2.451028954064028,False,False
2113,Photographers,4,2018-19,workers_compensation_injury_frequency_rate,3.431365682279036,False,False
2113,Photographers,4,2019-20,workers_compensation_injury_frequency_rate,2.4118573661469225,False,False
2113,Photographers,4,2020-21,workers_compensation_injury_frequency_rate,1.9329678978594305,False,False
2113,Photographers,4,2021-22,workers_compensation_injury_frequency_rate,2.3292635071954395,False,False
2113,Photographers,4,2022-23,workers_compensation_injury_frequency_rate,2.4136329015001006,False,False
2113,Photographers,4,2023-24,workers_compensation_injury_frequency_rate,5.111559157549961,False,True
2114,Visual arts and crafts professionals,4,2014-15,workers_compensation_injury_frequency_rate,51.9332028662241,False,False
2114,Visual arts and crafts professionals,4,2015-16,workers_compensation_injury_frequency_rate,17.1289100718813,False,False
2114,Visual arts and crafts professionals,4,2016-17,workers_compensation_injury_frequency_rate,23.480090816693604,False,False
2114,Visual arts and crafts professionals,4,2017-18,workers_compensation_injury_frequency_rate,28.31883839593606,False,False
2114,Visual arts and crafts professionals,4,2018-19,workers_compensation_injury_frequency_rate,18.056839968329182,False,False
2114,Visual arts and crafts professionals,4,2019-20,workers_compensation_injury_frequency_rate,16.484225513361583,False,False
2114,Visual arts and crafts professionals,4,2020-21,workers_compensation_injury_frequency_rate,18.101085971239538,False,False
2114,Visual arts and crafts professionals,4,2021-22,workers_compensation_injury_frequency_rate,9.885605730135234,False,False
2114,Visual arts and crafts professionals,4,2022-23,workers_compensation_injury_frequency_rate,11.005825779743672,False,False
2114,Visual arts and crafts professionals,4,2023-24,workers_compensation_injury_frequency_rate,4.169170655899595,False,True
2121,"Artistic directors, and media producers and presenters",4,2014-15,workers_compensation_injury_frequency_rate,0.9406696237122019,False,False
2121,"Artistic directors, and media producers and presenters",4,2015-16,workers_compensation_injury_frequency_rate,0.9288752479771722,False,False
2121,"Artistic directors, and media producers and presenters",4,2016-17,workers_compensation_injury_frequency_rate,0.910768031962921,False,False
2121,"Artistic directors, and media producers and presenters",4,2017-18,workers_compensation_injury_frequency_rate,1.9926533490811646,False,False
2121,"Artistic directors, and media producers and presenters",4,2018-19,workers_compensation_injury_frequency_rate,1.049591050921424,False,False
2121,"Artistic directors, and media producers and presenters",4,2019-20,workers_compensation_injury_frequency_rate,1.0747273087172724,False,False
2121,"Artistic directors, and media producers and presenters",4,2020-21,workers_compensation_injury_frequency_rate,1.1753233757115507,False,False
2121,"Artistic directors, and media producers and presenters",4,2021-22,workers_compensation_injury_frequency_rate,1.3751037839130418,False,False
2121,"Artistic directors, and media producers and presenters",4,2022-23,workers_compensation_injury_frequency_rate,1.806778437085322,False,False
2121,"Artistic directors, and media producers and presenters",4,2023-24,workers_compensation_injury_frequency_rate,1.2118916888627618,False,True
2122,"Authors, and book and script editors",4,2014-15,workers_compensation_injury_frequency_rate,,True,False
2122,"Authors, and book and script editors",4,2015-16,workers_compensation_injury_frequency_rate,,True,False
2122,"Authors, and book and script editors",4,2016-17,workers_compensation_injury_frequency_rate,,True,False
2122,"Authors, and book and script editors",4,2017-18,workers_compensation_injury_frequency_rate,0.8018610386271351,False,False
2122,"Authors, and book and script editors",4,2018-19,workers_compensation_injury_frequency_rate,,True,False
2122,"Authors, and book and script editors",4,2019-20,workers_compensation_injury_frequency_rate,,True,False
2122,"Authors, and book and script editors",4,2020-21,workers_compensation_injury_frequency_rate,1.3625698163412547,False,False
2122,"Authors, and book and script editors",4,2021-22,workers_compensation_injury_frequency_rate,,True,False
2122,"Authors, and book and script editors",4,2022-23,workers_compensation_injury_frequency_rate,1.2914518503953032,False,False
2122,"Authors, and book and script editors",4,2023-24,workers_compensation_injury_frequency_rate,,True,True
2123,"Film, television, radio and stage directors",4,2014-15,workers_compensation_injury_frequency_rate,3.1603830856791397,False,False
2123,"Film, television, radio and stage directors",4,2015-16,workers_compensation_injury_frequency_rate,2.0634001941567175,False,False
2123,"Film, television, radio and stage directors",4,2016-17,workers_compensation_injury_frequency_rate,1.9766728593664042,False,False
2123,"Film, television, radio and stage directors",4,2017-18,workers_compensation_injury_frequency_rate,1.612116087478569,False,False
2123,"Film, television, radio and stage directors",4,2018-19,workers_compensation_injury_frequency_rate,2.5666095029955924,False,False
2123,"Film, television, radio and stage directors",4,2019-20,workers_compensation_injury_frequency_rate,1.531350899689899,False,False
2123,"Film, television, radio and stage directors",4,2020-21,workers_compensation_injury_frequency_rate,3.683151070271401,False,False
2123,"Film, television, radio and stage directors",4,2021-22,workers_compensation_injury_frequency_rate,1.8794294837400118,False,False
2123,"Film, television, radio and stage directors",4,2022-23,workers_compensation_injury_frequency_rate,3.0421675827622705,False,False
2123,"Film, television, radio and stage directors",4,2023-24,workers_compensation_injury_frequency_rate,2.434691871764652,False,True
2124,Journalists and other writers,4,2014-15,workers_compensation_injury_frequency_rate,0.98759029763257,False,False
2124,Journalists and other writers,4,2015-16,workers_compensation_injury_frequency_rate,0.6533692946778937,False,False
2124,Journalists and other writers,4,2016-17,workers_compensation_injury_frequency_rate,0.6940601094812635,False,False
2124,Journalists and other writers,4,2017-18,workers_compensation_injury_frequency_rate,0.8584064842203663,False,False
2124,Journalists and other writers,4,2018-19,workers_compensation_injury_frequency_rate,0.7043400966671399,False,False
2124,Journalists and other writers,4,2019-20,workers_compensation_injury_frequency_rate,0.8069859324880524,False,False
2124,Journalists and other writers,4,2020-21,workers_compensation_injury_frequency_rate,0.6253152499657251,False,False
2124,Journalists and other writers,4,2021-22,workers_compensation_injury_frequency_rate,0.8388117488882714,False,False
2124,Journalists and other writers,4,2022-23,workers_compensation_injury_frequency_rate,0.5110186497680945,False,False
2124,Journalists and other writers,4,2023-24,workers_compensation_injury_frequency_rate,0.5910545984302474,False,True
2211,Accountants,4,2014-15,workers_compensation_injury_frequency_rate,0.43684239532757185,False,False
2211,Accountants,4,2015-16,workers_compensation_injury_frequency_rate,0.41358352526049613,False,False
2211,Accountants,4,2016-17,workers_compensation_injury_frequency_rate,0.38339290065270804,False,False
2211,Accountants,4,2017-18,workers_compensation_injury_frequency_rate,0.34665485608075225,False,False
2211,Accountants,4,2018-19,workers_compensation_injury_frequency_rate,0.35025758091886683,False,False
2211,Accountants,4,2019-20,workers_compensation_injury_frequency_rate,0.46135215062853824,False,False
2211,Accountants,4,2020-21,workers_compensation_injury_frequency_rate,0.3246450199251544,False,False
2211,Accountants,4,2021-22,workers_compensation_injury_frequency_rate,0.2591112129415183,False,False
2211,Accountants,4,2022-23,workers_compensation_injury_frequency_rate,0.3699651427938393,False,False
2211,Accountants,4,2023-24,workers_compensation_injury_frequency_rate,0.3832226026172369,False,True
2212,"Auditors, company secretaries and corporate treasurers",4,2014-15,workers_compensation_injury_frequency_rate,1.483659175501298,False,False
2212,"Auditors, company secretaries and corporate treasurers",4,2015-16,workers_compensation_injury_frequency_rate,0.7795497687357242,False,False
2212,"Auditors, company secretaries and corporate treasurers",4,2016-17,workers_compensation_injury_frequency_rate,1.0037389994597323,False,False
2212,"Auditors, company secretaries and corporate treasurers",4,2017-18,workers_compensation_injury_frequency_rate,0.8770229498590149,False,False
2212,"Auditors, company secretaries and corporate treasurers",4,2018-19,workers_compensation_injury_frequency_rate,0.640681612931802,False,False
2212,"Auditors, company secretaries and corporate treasurers",4,2019-20,workers_compensation_injury_frequency_rate,0.6087914571153518,False,False
2212,"Auditors, company secretaries and corporate treasurers",4,2020-21,workers_compensation_injury_frequency_rate,0.5556232904637024,False,False
2212,"Auditors, company secretaries and corporate treasurers",4,2021-22,workers_compensation_injury_frequency_rate,0.4929519779813255,False,False
2212,"Auditors, company secretaries and corporate treasurers",4,2022-23,workers_compensation_injury_frequency_rate,0.540885753575252,False,False
2212,"Auditors, company secretaries and corporate treasurers",4,2023-24,workers_compensation_injury_frequency_rate,0.44495089431496476,False,True
2221,Financial brokers,4,2014-15,workers_compensation_injury_frequency_rate,0.4040261917625523,False,False
2221,Financial brokers,4,2015-16,workers_compensation_injury_frequency_rate,0.384147742677444,False,False
2221,Financial brokers,4,2016-17,workers_compensation_injury_frequency_rate,0.36242198646328716,False,False
2221,Financial brokers,4,2017-18,workers_compensation_injury_frequency_rate,0.5617761772648,False,False
2221,Financial brokers,4,2018-19,workers_compensation_injury_frequency_rate,0.701340419144195,False,False
2221,Financial brokers,4,2019-20,workers_compensation_injury_frequency_rate,0.5208591108296812,False,False
2221,Financial brokers,4,2020-21,workers_compensation_injury_frequency_rate,0.32760992260399624,False,False
2221,Financial brokers,4,2021-22,workers_compensation_injury_frequency_rate,0.23453696253928136,False,False
2221,Financial brokers,4,2022-23,workers_compensation_injury_frequency_rate,0.38593506440911934,False,False
2221,Financial brokers,4,2023-24,workers_compensation_injury_frequency_rate,0.3243021070014418,False,True
2222,Financial dealers,4,2014-15,workers_compensation_injury_frequency_rate,0.56406046411319,False,False
2222,Financial dealers,4,2015-16,workers_compensation_injury_frequency_rate,0.39023215789069654,False,False
2222,Financial dealers,4,2016-17,workers_compensation_injury_frequency_rate,0.27647711727143964,False,False
2222,Financial dealers,4,2017-18,workers_compensation_injury_frequency_rate,0.5291413722525169,False,False
2222,Financial dealers,4,2018-19,workers_compensation_injury_frequency_rate,0.5832022088108634,False,False
2222,Financial dealers,4,2019-20,workers_compensation_injury_frequency_rate,0.6249783264324906,False,False
2222,Financial dealers,4,2020-21,workers_compensation_injury_frequency_rate,0.33292074171705455,False,False
2222,Financial dealers,4,2021-22,workers_compensation_injury_frequency_rate,0.6014935703797007,False,False
2222,Financial dealers,4,2022-23,workers_compensation_injury_frequency_rate,0.3922307218721859,False,False
2222,Financial dealers,4,2023-24,workers_compensation_injury_frequency_rate,0.3736187690419879,False,True
2223,Financial investment advisers and managers,4,2014-15,workers_compensation_injury_frequency_rate,0.21375035681741486,False,False
2223,Financial investment advisers and managers,4,2015-16,workers_compensation_injury_frequency_rate,0.2669158503437408,False,False
2223,Financial investment advisers and managers,4,2016-17,workers_compensation_injury_frequency_rate,0.1963441729241964,False,False
2223,Financial investment advisers and managers,4,2017-18,workers_compensation_injury_frequency_rate,0.333481198602991,False,False
2223,Financial investment advisers and managers,4,2018-19,workers_compensation_injury_frequency_rate,0.36253195302587204,False,False
2223,Financial investment advisers and managers,4,2019-20,workers_compensation_injury_frequency_rate,0.4882446205470415,False,False
2223,Financial investment advisers and managers,4,2020-21,workers_compensation_injury_frequency_rate,0.35130025459606523,False,False
2223,Financial investment advisers and managers,4,2021-22,workers_compensation_injury_frequency_rate,0.18907374948227815,False,False
2223,Financial investment advisers and managers,4,2022-23,workers_compensation_injury_frequency_rate,0.23118093034448614,False,False
2223,Financial investment advisers and managers,4,2023-24,workers_compensation_injury_frequency_rate,0.255746302030622,False,True
2231,Human resource professionals,4,2014-15,workers_compensation_injury_frequency_rate,1.4123845027142774,False,False
2231,Human resource professionals,4,2015-16,workers_compensation_injury_frequency_rate,1.4322539814815962,False,False
2231,Human resource professionals,4,2016-17,workers_compensation_injury_frequency_rate,1.3623678800924808,False,False
2231,Human resource professionals,4,2017-18,workers_compensation_injury_frequency_rate,1.242625302025867,False,False
2231,Human resource professionals,4,2018-19,workers_compensation_injury_frequency_rate,1.6717302674690906,False,False
2231,Human resource professionals,4,2019-20,workers_compensation_injury_frequency_rate,1.805440478731427,False,False
2231,Human resource professionals,4,2020-21,workers_compensation_injury_frequency_rate,1.5732039174440064,False,False
2231,Human resource professionals,4,2021-22,workers_compensation_injury_frequency_rate,1.2162008438064544,False,False
2231,Human resource professionals,4,2022-23,workers_compensation_injury_frequency_rate,1.4872727983021838,False,False
2231,Human resource professionals,4,2023-24,workers_compensation_injury_frequency_rate,1.676836515998114,False,True
2232,ICT trainers,4,2014-15,workers_compensation_injury_frequency_rate,,True,False
2232,ICT trainers,4,2015-16,workers_compensation_injury_frequency_rate,1.4654733843676289,False,False
2232,ICT trainers,4,2016-17,workers_compensation_injury_frequency_rate,2.1789464673355123,False,False
2232,ICT trainers,4,2017-18,workers_compensation_injury_frequency_rate,0.9172197521205626,False,False
2232,ICT trainers,4,2018-19,workers_compensation_injury_frequency_rate,1.7702235145480159,False,False
2232,ICT trainers,4,2019-20,workers_compensation_injury_frequency_rate,4.010916623733854,False,False
2232,ICT trainers,4,2020-21,workers_compensation_injury_frequency_rate,,True,False
2232,ICT trainers,4,2021-22,workers_compensation_injury_frequency_rate,,True,False
2232,ICT trainers,4,2022-23,workers_compensation_injury_frequency_rate,1.2644913980446864,False,False
2232,ICT trainers,4,2023-24,workers_compensation_injury_frequency_rate,,True,True
2233,Training and development professionals,4,2014-15,workers_compensation_injury_frequency_rate,2.4157353830843333,False,False
2233,Training and development professionals,4,2015-16,workers_compensation_injury_frequency_rate,3.174712528391318,False,False
2233,Training and development professionals,4,2016-17,workers_compensation_injury_frequency_rate,1.9311545334341855,False,False
2233,Training and development professionals,4,2017-18,workers_compensation_injury_frequency_rate,2.072500140769484,False,False
2233,Training and development professionals,4,2018-19,workers_compensation_injury_frequency_rate,3.5316759568317115,False,False
2233,Training and development professionals,4,2019-20,workers_compensation_injury_frequency_rate,2.739897773873703,False,False
2233,Training and development professionals,4,2020-21,workers_compensation_injury_frequency_rate,2.9803633144659187,False,False
2233,Training and development professionals,4,2021-22,workers_compensation_injury_frequency_rate,3.2174116379546462,False,False
2233,Training and development professionals,4,2022-23,workers_compensation_injury_frequency_rate,2.6854452899314754,False,False
2233,Training and development professionals,4,2023-24,workers_compensation_injury_frequency_rate,2.6720258145025704,False,True
2241,"Actuaries, mathematicians and statisticians",4,2014-15,workers_compensation_injury_frequency_rate,,True,False
2241,"Actuaries, mathematicians and statisticians",4,2015-16,workers_compensation_injury_frequency_rate,0.4855459242722465,False,False
2241,"Actuaries, mathematicians and statisticians",4,2016-17,workers_compensation_injury_frequency_rate,0.6473394640788905,False,False
2241,"Actuaries, mathematicians and statisticians",4,2017-18,workers_compensation_injury_frequency_rate,,True,False
2241,"Actuaries, mathematicians and statisticians",4,2018-19,workers_compensation_injury_frequency_rate,0.6225751862198831,False,False
2241,"Actuaries, mathematicians and statisticians",4,2019-20,workers_compensation_injury_frequency_rate,0.42327382371805383,False,False
2241,"Actuaries, mathematicians and statisticians",4,2020-21,workers_compensation_injury_frequency_rate,,True,False
2241,"Actuaries, mathematicians and statisticians",4,2021-22,workers_compensation_injury_frequency_rate,,True,False
2241,"Actuaries, mathematicians and statisticians",4,2022-23,workers_compensation_injury_frequency_rate,0.3520490740046407,False,False
2241,"Actuaries, mathematicians and statisticians",4,2023-24,workers_compensation_injury_frequency_rate,,True,True
2242,"Archivists, curators and records managers",4,2014-15,workers_compensation_injury_frequency_rate,3.787400976203032,False,False
2242,"Archivists, curators and records managers",4,2015-16,workers_compensation_injury_frequency_rate,5.704980629458409,False,False
2242,"Archivists, curators and records managers",4,2016-17,workers_compensation_injury_frequency_rate,3.4959994080044243,False,False
2242,"Archivists, curators and records managers",4,2017-18,workers_compensation_injury_frequency_rate,5.364981574582903,False,False
2242,"Archivists, curators and records managers",4,2018-19,workers_compensation_injury_frequency_rate,3.1024977834966343,False,False
2242,"Archivists, curators and records managers",4,2019-20,workers_compensation_injury_frequency_rate,4.467531635092966,False,False
2242,"Archivists, curators and records managers",4,2020-21,workers_compensation_injury_frequency_rate,4.588774230464995,False,False
2242,"Archivists, curators and records managers",4,2021-22,workers_compensation_injury_frequency_rate,4.147859644687316,False,False
2242,"Archivists, curators and records managers",4,2022-23,workers_compensation_injury_frequency_rate,6.334813190516708,False,False
2242,"Archivists, curators and records managers",4,2023-24,workers_compensation_injury_frequency_rate,8.258189513666242,False,True
2243,Economists,4,2014-15,workers_compensation_injury_frequency_rate,,True,False
2243,Economists,4,2015-16,workers_compensation_injury_frequency_rate,,True,False
2243,Economists,4,2016-17,workers_compensation_injury_frequency_rate,,True,False
2243,Economists,4,2017-18,workers_compensation_injury_frequency_rate,,True,False
2243,Economists,4,2018-19,workers_compensation_injury_frequency_rate,,True,False
2243,Economists,4,2019-20,workers_compensation_injury_frequency_rate,,True,False
2243,Economists,4,2020-21,workers_compensation_injury_frequency_rate,,True,False
2243,Economists,4,2021-22,workers_compensation_injury_frequency_rate,,True,False
2243,Economists,4,2022-23,workers_compensation_injury_frequency_rate,,True,False
2243,Economists,4,2023-24,workers_compensation_injury_frequency_rate,,True,True
2244,Intelligence and policy analysts,4,2014-15,workers_compensation_injury_frequency_rate,1.1218228793346658,False,False
2244,Intelligence and policy analysts,4,2015-16,workers_compensation_injury_frequency_rate,1.091841790714975,False,False
2244,Intelligence and policy analysts,4,2016-17,workers_compensation_injury_frequency_rate,0.7305038621477905,False,False
2244,Intelligence and policy analysts,4,2017-18,workers_compensation_injury_frequency_rate,0.6191542276601287,False,False
2244,Intelligence and policy analysts,4,2018-19,workers_compensation_injury_frequency_rate,0.8939801763325284,False,False
2244,Intelligence and policy analysts,4,2019-20,workers_compensation_injury_frequency_rate,0.818517315045933,False,False
2244,Intelligence and policy analysts,4,2020-21,workers_compensation_injury_frequency_rate,0.40421771421553154,False,False
2244,Intelligence and policy analysts,4,2021-22,workers_compensation_injury_frequency_rate,0.4078776739177363,False,False
2244,Intelligence and policy analysts,4,2022-23,workers_compensation_injury_frequency_rate,0.6429777854685225,False,False
2244,Intelligence and policy analysts,4,2023-24,workers_compensation_injury_frequency_rate,0.47245606213570596,False,True
2245,Land economists and valuers,4,2014-15,workers_compensation_injury_frequency_rate,1.830957438550221,False,False
2245,Land economists and valuers,4,2015-16,workers_compensation_injury_frequency_rate,0.9577168016763291,False,False
2245,Land economists and valuers,4,2016-17,workers_compensation_injury_frequency_rate,0.6539532258174023,False,False
2245,Land economists and valuers,4,2017-18,workers_compensation_injury_frequency_rate,1.1093151142506898,False,False
2245,Land economists and valuers,4,2018-19,workers_compensation_injury_frequency_rate,0.7017817264422541,False,False
2245,Land economists and valuers,4,2019-20,workers_compensation_injury_frequency_rate,0.9703575051802233,False,False
2245,Land economists and valuers,4,2020-21,workers_compensation_injury_frequency_rate,0.7430502633195945,False,False
2245,Land economists and valuers,4,2021-22,workers_compensation_injury_frequency_rate,0.8716756341113827,False,False
2245,Land economists and valuers,4,2022-23,workers_compensation_injury_frequency_rate,1.471122699689838,False,False
2245,Land economists and valuers,4,2023-24,workers_compensation_injury_frequency_rate,0.8452987799024009,False,True
2246,Librarians,4,2014-15,workers_compensation_injury_frequency_rate,4.849378455184913,False,False
2246,Librarians,4,2015-16,workers_compensation_injury_frequency_rate,4.64038179379971,False,False
2246,Librarians,4,2016-17,workers_compensation_injury_frequency_rate,3.9825443406671828,False,False
2246,Librarians,4,2017-18,workers_compensation_injury_frequency_rate,3.1107533848039846,False,False
2246,Librarians,4,2018-19,workers_compensation_injury_frequency_rate,4.668084850771916,False,False
2246,Librarians,4,2019-20,workers_compensation_injury_frequency_rate,3.6323653723275964,False,False
2246,Librarians,4,2020-21,workers_compensation_injury_frequency_rate,2.9073796099596967,False,False
2246,Librarians,4,2021-22,workers_compensation_injury_frequency_rate,4.6333258740946315,False,False
2246,Librarians,4,2022-23,workers_compensation_injury_frequency_rate,6.073448309989816,False,False
2246,Librarians,4,2023-24,workers_compensation_injury_frequency_rate,8.848209597904928,False,True
2247,Management and organisation analysts,4,2014-15,workers_compensation_injury_frequency_rate,0.7974764597095846,False,False
2247,Management and organisation analysts,4,2015-16,workers_compensation_injury_frequency_rate,0.6686540508512799,False,False
2247,Management and organisation analysts,4,2016-17,workers_compensation_injury_frequency_rate,0.8185904013903067,False,False
2247,Management and organisation analysts,4,2017-18,workers_compensation_injury_frequency_rate,1.1020165960615345,False,False
2247,Management and organisation analysts,4,2018-19,workers_compensation_injury_frequency_rate,0.895244672420406,False,False
2247,Management and organisation analysts,4,2019-20,workers_compensation_injury_frequency_rate,0.6942120617326857,False,False
2247,Management and organisation analysts,4,2020-21,workers_compensation_injury_frequency_rate,0.5961466960426155,False,False
2247,Management and organisation analysts,4,2021-22,workers_compensation_injury_frequency_rate,0.5032096656951369,False,False
2247,Management and organisation analysts,4,2022-23,workers_compensation_injury_frequency_rate,0.4501687709988119,False,False
2247,Management and organisation analysts,4,2023-24,workers_compensation_injury_frequency_rate,0.5430846944118725,False,True
2249,Other information and organisation professionals,4,2014-15,workers_compensation_injury_frequency_rate,26.810524478454344,False,False
2249,Other information and organisation professionals,4,2015-16,workers_compensation_injury_frequency_rate,22.24833970230225,False,False
2249,Other information and organisation professionals,4,2016-17,workers_compensation_injury_frequency_rate,29.34751193462006,False,False
2249,Other information and organisation professionals,4,2017-18,workers_compensation_injury_frequency_rate,19.633171509736858,False,False
2249,Other information and organisation professionals,4,2018-19,workers_compensation_injury_frequency_rate,11.726103782315532,False,False
2249,Other information and organisation professionals,4,2019-20,workers_compensation_injury_frequency_rate,8.670778314069548,False,False
2249,Other information and organisation professionals,4,2020-21,workers_compensation_injury_frequency_rate,16.875255650292083,False,False
2249,Other information and organisation professionals,4,2021-22,workers_compensation_injury_frequency_rate,13.55864053585574,False,False
2249,Other information and organisation professionals,4,2022-23,workers_compensation_injury_frequency_rate,19.918754863551815,False,False
2249,Other information and organisation professionals,4,2023-24,workers_compensation_injury_frequency_rate,12.204259896599684,False,True
2251,Advertising and marketing professionals,4,2014-15,workers_compensation_injury_frequency_rate,0.7143843180987094,False,False
2251,Advertising and marketing professionals,4,2015-16,workers_compensation_injury_frequency_rate,0.6688766733658835,False,False
2251,Advertising and marketing professionals,4,2016-17,workers_compensation_injury_frequency_rate,0.6949607483849131,False,False
2251,Advertising and marketing professionals,4,2017-18,workers_compensation_injury_frequency_rate,0.5353266292889652,False,False
2251,Advertising and marketing professionals,4,2018-19,workers_compensation_injury_frequency_rate,0.6930381358035734,False,False
2251,Advertising and marketing professionals,4,2019-20,workers_compensation_injury_frequency_rate,0.722421420738547,False,False
2251,Advertising and marketing professionals,4,2020-21,workers_compensation_injury_frequency_rate,0.4628286068084768,False,False
2251,Advertising and marketing professionals,4,2021-22,workers_compensation_injury_frequency_rate,0.5286015496307331,False,False
2251,Advertising and marketing professionals,4,2022-23,workers_compensation_injury_frequency_rate,0.611540669698455,False,False
2251,Advertising and marketing professionals,4,2023-24,workers_compensation_injury_frequency_rate,0.7716178956769991,False,True
2252,ICT sales professionals,4,2014-15,workers_compensation_injury_frequency_rate,0.6918105063417141,False,False
2252,ICT sales professionals,4,2015-16,workers_compensation_injury_frequency_rate,0.45849582322496546,False,False
2252,ICT sales professionals,4,2016-17,workers_compensation_injury_frequency_rate,1.130068994572604,False,False
2252,ICT sales professionals,4,2017-18,workers_compensation_injury_frequency_rate,0.7711704628287864,False,False
2252,ICT sales professionals,4,2018-19,workers_compensation_injury_frequency_rate,0.736007678790007,False,False
2252,ICT sales professionals,4,2019-20,workers_compensation_injury_frequency_rate,0.414469094942378,False,False
2252,ICT sales professionals,4,2020-21,workers_compensation_injury_frequency_rate,0.22584016175363103,False,False
2252,ICT sales professionals,4,2021-22,workers_compensation_injury_frequency_rate,0.6402869127165891,False,False
2252,ICT sales professionals,4,2022-23,workers_compensation_injury_frequency_rate,0.6141042635963277,False,False
2252,ICT sales professionals,4,2023-24,workers_compensation_injury_frequency_rate,0.3488853834194067,False,True
2253,Public relations professionals,4,2014-15,workers_compensation_injury_frequency_rate,0.5633247737604042,False,False
2253,Public relations professionals,4,2015-16,workers_compensation_injury_frequency_rate,0.6074763278458544,False,False
2253,Public relations professionals,4,2016-17,workers_compensation_injury_frequency_rate,0.5774468060786382,False,False
2253,Public relations professionals,4,2017-18,workers_compensation_injury_frequency_rate,0.7185254635020453,False,False
2253,Public relations professionals,4,2018-19,workers_compensation_injury_frequency_rate,0.7276051708450951,False,False
2253,Public relations professionals,4,2019-20,workers_compensation_injury_frequency_rate,0.2859787119053203,False,False
2253,Public relations professionals,4,2020-21,workers_compensation_injury_frequency_rate,0.4242614254925172,False,False
2253,Public relations professionals,4,2021-22,workers_compensation_injury_frequency_rate,0.3211094709564134,False,False
2253,Public relations professionals,4,2022-23,workers_compensation_injury_frequency_rate,0.5951695310794848,False,False
2253,Public relations professionals,4,2023-24,workers_compensation_injury_frequency_rate,0.6126549772418389,False,True
2254,Technical sales representatives,4,2014-15,workers_compensation_injury_frequency_rate,1.8535753187987654,False,False
2254,Technical sales representatives,4,2015-16,workers_compensation_injury_frequency_rate,1.3266800646301549,False,False
2254,Technical sales representatives,4,2016-17,workers_compensation_injury_frequency_rate,1.2035519348784616,False,False
2254,Technical sales representatives,4,2017-18,workers_compensation_injury_frequency_rate,1.5830679998595971,False,False
2254,Technical sales representatives,4,2018-19,workers_compensation_injury_frequency_rate,1.2065798949974522,False,False
2254,Technical sales representatives,4,2019-20,workers_compensation_injury_frequency_rate,0.8164860778438542,False,False
2254,Technical sales representatives,4,2020-21,workers_compensation_injury_frequency_rate,1.0267727126788009,False,False
2254,Technical sales representatives,4,2021-22,workers_compensation_injury_frequency_rate,0.9373304817856218,False,False
2254,Technical sales representatives,4,2022-23,workers_compensation_injury_frequency_rate,1.2672695189099366,False,False
2254,Technical sales representatives,4,2023-24,workers_compensation_injury_frequency_rate,1.0226028424336955,False,True
2311,Air transport professionals,4,2014-15,workers_compensation_injury_frequency_rate,30.13551330738545,False,False
2311,Air transport professionals,4,2015-16,workers_compensation_injury_frequency_rate,26.787007750624138,False,False
2311,Air transport professionals,4,2016-17,workers_compensation_injury_frequency_rate,27.398963496067264,False,False
2311,Air transport professionals,4,2017-18,workers_compensation_injury_frequency_rate,18.03127525957583,False,False
2311,Air transport professionals,4,2018-19,workers_compensation_injury_frequency_rate,23.149518740747144,False,False
2311,Air transport professionals,4,2019-20,workers_compensation_injury_frequency_rate,13.124050806023707,False,False
2311,Air transport professionals,4,2020-21,workers_compensation_injury_frequency_rate,8.418198874814903,False,False
2311,Air transport professionals,4,2021-22,workers_compensation_injury_frequency_rate,9.202257912491813,False,False
2311,Air transport professionals,4,2022-23,workers_compensation_injury_frequency_rate,15.412130326382204,False,False
2311,Air transport professionals,4,2023-24,workers_compensation_injury_frequency_rate,15.427494451755493,False,True
2312,Marine transport professionals,4,2014-15,workers_compensation_injury_frequency_rate,12.795196187479203,False,False
2312,Marine transport professionals,4,2015-16,workers_compensation_injury_frequency_rate,9.472188590076337,False,False
2312,Marine transport professionals,4,2016-17,workers_compensation_injury_frequency_rate,8.067118275024411,False,False
2312,Marine transport professionals,4,2017-18,workers_compensation_injury_frequency_rate,9.139137847633572,False,False
2312,Marine transport professionals,4,2018-19,workers_compensation_injury_frequency_rate,12.083352766602903,False,False
2312,Marine transport professionals,4,2019-20,workers_compensation_injury_frequency_rate,8.877577670119214,False,False
2312,Marine transport professionals,4,2020-21,workers_compensation_injury_frequency_rate,11.480600788451259,False,False
2312,Marine transport professionals,4,2021-22,workers_compensation_injury_frequency_rate,9.214981293379164,False,False
2312,Marine transport professionals,4,2022-23,workers_compensation_injury_frequency_rate,7.772664433336897,False,False
2312,Marine transport professionals,4,2023-24,workers_compensation_injury_frequency_rate,7.897212689344044,False,True
2321,Architects and landscape architects,4,2014-15,workers_compensation_injury_frequency_rate,1.673594702443341,False,False
2321,Architects and landscape architects,4,2015-16,workers_compensation_injury_frequency_rate,1.9206123116016987,False,False
2321,Architects and landscape architects,4,2016-17,workers_compensation_injury_frequency_rate,1.8359487673559545,False,False
2321,Architects and landscape architects,4,2017-18,workers_compensation_injury_frequency_rate,2.619995543091122,False,False
2321,Architects and landscape architects,4,2018-19,workers_compensation_injury_frequency_rate,1.6001559120775573,False,False
2321,Architects and landscape architects,4,2019-20,workers_compensation_injury_frequency_rate,2.19083053202806,False,False
2321,Architects and landscape architects,4,2020-21,workers_compensation_injury_frequency_rate,1.4663753624483749,False,False
2321,Architects and landscape architects,4,2021-22,workers_compensation_injury_frequency_rate,1.555307739249755,False,False
2321,Architects and landscape architects,4,2022-23,workers_compensation_injury_frequency_rate,1.3679229526244387,False,False
2321,Architects and landscape architects,4,2023-24,workers_compensation_injury_frequency_rate,1.4882027510098244,False,True
2322,Cartographers and surveyors,4,2014-15,workers_compensation_injury_frequency_rate,4.634567401214797,False,False
2322,Cartographers and surveyors,4,2015-16,workers_compensation_injury_frequency_rate,1.9455189219300038,False,False
2322,Cartographers and surveyors,4,2016-17,workers_compensation_injury_frequency_rate,2.179510497356586,False,False
2322,Cartographers and surveyors,4,2017-18,workers_compensation_injury_frequency_rate,2.7008902410959257,False,False
2322,Cartographers and surveyors,4,2018-19,workers_compensation_injury_frequency_rate,3.2982359744941445,False,False
2322,Cartographers and surveyors,4,2019-20,workers_compensation_injury_frequency_rate,2.261366003050398,False,False
2322,Cartographers and surveyors,4,2020-21,workers_compensation_injury_frequency_rate,2.432136147897676,False,False
2322,Cartographers and surveyors,4,2021-22,workers_compensation_injury_frequency_rate,2.493013919765523,False,False
2322,Cartographers and surveyors,4,2022-23,workers_compensation_injury_frequency_rate,2.1409397257113314,False,False
2322,Cartographers and surveyors,4,2023-24,workers_compensation_injury_frequency_rate,2.8718968106088343,False,True
2323,"Fashion, industrial and jewellery designers",4,2014-15,workers_compensation_injury_frequency_rate,0.8041095045083457,False,False
2323,"Fashion, industrial and jewellery designers",4,2015-16,workers_compensation_injury_frequency_rate,0.3144687255570232,False,False
2323,"Fashion, industrial and jewellery designers",4,2016-17,workers_compensation_injury_frequency_rate,16.163631047577102,False,False
2323,"Fashion, industrial and jewellery designers",4,2017-18,workers_compensation_injury_frequency_rate,7.864342799780592,False,False
2323,"Fashion, industrial and jewellery designers",4,2018-19,workers_compensation_injury_frequency_rate,0.8522243615322717,False,False
2323,"Fashion, industrial and jewellery designers",4,2019-20,workers_compensation_injury_frequency_rate,0.6265696750040672,False,False
2323,"Fashion, industrial and jewellery designers",4,2020-21,workers_compensation_injury_frequency_rate,0.5980767733978138,False,False
2323,"Fashion, industrial and jewellery designers",4,2021-22,workers_compensation_injury_frequency_rate,0.8004956618260075,False,False
2323,"Fashion, industrial and jewellery designers",4,2022-23,workers_compensation_injury_frequency_rate,0.2793288399851855,False,False
2323,"Fashion, industrial and jewellery designers",4,2023-24,workers_compensation_injury_frequency_rate,0.6418537032900534,False,True
2324,"Graphic and web designers, and illustrators",4,2014-15,workers_compensation_injury_frequency_rate,0.7047461302418679,False,False
2324,"Graphic and web designers, and illustrators",4,2015-16,workers_compensation_injury_frequency_rate,0.6105005509998821,False,False
2324,"Graphic and web designers, and illustrators",4,2016-17,workers_compensation_injury_frequency_rate,0.5583878444304299,False,False
2324,"Graphic and web designers, and illustrators",4,2017-18,workers_compensation_injury_frequency_rate,0.5248639166181588,False,False
2324,"Graphic and web designers, and illustrators",4,2018-19,workers_compensation_injury_frequency_rate,0.657075572727048,False,False
2324,"Graphic and web designers, and illustrators",4,2019-20,workers_compensation_injury_frequency_rate,0.5638794515493073,False,False
2324,"Graphic and web designers, and illustrators",4,2020-21,workers_compensation_injury_frequency_rate,0.44010168083340745,False,False
2324,"Graphic and web designers, and illustrators",4,2021-22,workers_compensation_injury_frequency_rate,0.33936230673413403,False,False
2324,"Graphic and web designers, and illustrators",4,2022-23,workers_compensation_injury_frequency_rate,0.6737747723087919,False,False
2324,"Graphic and web designers, and illustrators",4,2023-24,workers_compensation_injury_frequency_rate,0.5474066761378327,False,True
2325,Interior designers,4,2014-15,workers_compensation_injury_frequency_rate,1.1685830879333345,False,False
2325,Interior designers,4,2015-16,workers_compensation_injury_frequency_rate,0.4469107672810074,False,False
2325,Interior designers,4,2016-17,workers_compensation_injury_frequency_rate,0.7202959118939519,False,False
2325,Interior designers,4,2017-18,workers_compensation_injury_frequency_rate,0.9758538677215057,False,False
2325,Interior designers,4,2018-19,workers_compensation_injury_frequency_rate,0.7093378624342677,False,False
2325,Interior designers,4,2019-20,workers_compensation_injury_frequency_rate,0.6517196450290936,False,False
2325,Interior designers,4,2020-21,workers_compensation_injury_frequency_rate,0.8443788578487145,False,False
2325,Interior designers,4,2021-22,workers_compensation_injury_frequency_rate,0.7483271521688624,False,False
2325,Interior designers,4,2022-23,workers_compensation_injury_frequency_rate,1.0144771857623793,False,False
2325,Interior designers,4,2023-24,workers_compensation_injury_frequency_rate,0.891912200159116,False,True
2326,Urban and regional planners,4,2014-15,workers_compensation_injury_frequency_rate,0.4521157074685599,False,False
2326,Urban and regional planners,4,2015-16,workers_compensation_injury_frequency_rate,0.5873957597405659,False,False
2326,Urban and regional planners,4,2016-17,workers_compensation_injury_frequency_rate,0.36409320430775455,False,False
2326,Urban and regional planners,4,2017-18,workers_compensation_injury_frequency_rate,0.4384335851090041,False,False
2326,Urban and regional planners,4,2018-19,workers_compensation_injury_frequency_rate,0.5937187555775173,False,False
2326,Urban and regional planners,4,2019-20,workers_compensation_injury_frequency_rate,0.5631517280442065,False,False
2326,Urban and regional planners,4,2020-21,workers_compensation_injury_frequency_rate,0.3365788375611626,False,False
2326,Urban and regional planners,4,2021-22,workers_compensation_injury_frequency_rate,0.5093548638627784,False,False
2326,Urban and regional planners,4,2022-23,workers_compensation_injury_frequency_rate,0.6107137411559286,False,False
2326,Urban and regional planners,4,2023-24,workers_compensation_injury_frequency_rate,0.6260690995362499,False,True
2331,Chemical and materials engineers,4,2014-15,workers_compensation_injury_frequency_rate,0.7789195688057641,False,False
2331,Chemical and materials engineers,4,2015-16,workers_compensation_injury_frequency_rate,1.3080374166154696,False,False
2331,Chemical and materials engineers,4,2016-17,workers_compensation_injury_frequency_rate,1.5630003261181062,False,False
2331,Chemical and materials engineers,4,2017-18,workers_compensation_injury_frequency_rate,0.8995131196495647,False,False
2331,Chemical and materials engineers,4,2018-19,workers_compensation_injury_frequency_rate,0.67441243920338,False,False
2331,Chemical and materials engineers,4,2019-20,workers_compensation_injury_frequency_rate,1.34678184171942,False,False
2331,Chemical and materials engineers,4,2020-21,workers_compensation_injury_frequency_rate,0.9418535724490003,False,False
2331,Chemical and materials engineers,4,2021-22,workers_compensation_injury_frequency_rate,1.7141004228451808,False,False
2331,Chemical and materials engineers,4,2022-23,workers_compensation_injury_frequency_rate,0.9227164855982071,False,False
2331,Chemical and materials engineers,4,2023-24,workers_compensation_injury_frequency_rate,0.8833486082588424,False,True
2332,Civil engineering professionals,4,2014-15,workers_compensation_injury_frequency_rate,0.608808398178975,False,False
2332,Civil engineering professionals,4,2015-16,workers_compensation_injury_frequency_rate,0.5528958133199677,False,False
2332,Civil engineering professionals,4,2016-17,workers_compensation_injury_frequency_rate,0.7074022606905264,False,False
2332,Civil engineering professionals,4,2017-18,workers_compensation_injury_frequency_rate,0.5134863376333421,False,False
2332,Civil engineering professionals,4,2018-19,workers_compensation_injury_frequency_rate,0.6737574578990506,False,False
2332,Civil engineering professionals,4,2019-20,workers_compensation_injury_frequency_rate,0.673115786509464,False,False
2332,Civil engineering professionals,4,2020-21,workers_compensation_injury_frequency_rate,0.5900946216068516,False,False
2332,Civil engineering professionals,4,2021-22,workers_compensation_injury_frequency_rate,0.6080882613127325,False,False
2332,Civil engineering professionals,4,2022-23,workers_compensation_injury_frequency_rate,0.6301283131766469,False,False
2332,Civil engineering professionals,4,2023-24,workers_compensation_injury_frequency_rate,0.8724490089393675,False,True
2333,Electrical engineers,4,2014-15,workers_compensation_injury_frequency_rate,1.2133859942625618,False,False
2333,Electrical engineers,4,2015-16,workers_compensation_injury_frequency_rate,0.9273116653810786,False,False
2333,Electrical engineers,4,2016-17,workers_compensation_injury_frequency_rate,1.0662233051169627,False,False
2333,Electrical engineers,4,2017-18,workers_compensation_injury_frequency_rate,1.3960188387864687,False,False
2333,Electrical engineers,4,2018-19,workers_compensation_injury_frequency_rate,1.2937635043254663,False,False
2333,Electrical engineers,4,2019-20,workers_compensation_injury_frequency_rate,0.6734962746828048,False,False
2333,Electrical engineers,4,2020-21,workers_compensation_injury_frequency_rate,0.6927113948724287,False,False
2333,Electrical engineers,4,2021-22,workers_compensation_injury_frequency_rate,0.7955254377651838,False,False
2333,Electrical engineers,4,2022-23,workers_compensation_injury_frequency_rate,0.8106878770322973,False,False
2333,Electrical engineers,4,2023-24,workers_compensation_injury_frequency_rate,0.8275720204550904,False,True
2334,Electronics engineers,4,2014-15,workers_compensation_injury_frequency_rate,1.3630779299356546,False,False
2334,Electronics engineers,4,2015-16,workers_compensation_injury_frequency_rate,,True,False
2334,Electronics engineers,4,2016-17,workers_compensation_injury_frequency_rate,2.2628876367085202,False,False
2334,Electronics engineers,4,2017-18,workers_compensation_injury_frequency_rate,0.8095102720700508,False,False
2334,Electronics engineers,4,2018-19,workers_compensation_injury_frequency_rate,,True,False
2334,Electronics engineers,4,2019-20,workers_compensation_injury_frequency_rate,,True,False
2334,Electronics engineers,4,2020-21,workers_compensation_injury_frequency_rate,0.4194889975526612,False,False
2334,Electronics engineers,4,2021-22,workers_compensation_injury_frequency_rate,1.3384082992266564,False,False
2334,Electronics engineers,4,2022-23,workers_compensation_injury_frequency_rate,0.8826410708556022,False,False
2334,Electronics engineers,4,2023-24,workers_compensation_injury_frequency_rate,0.4550505389157943,False,True
2335,"Industrial, mechanical and production engineers",4,2014-15,workers_compensation_injury_frequency_rate,2.033549061067294,False,False
2335,"Industrial, mechanical and production engineers",4,2015-16,workers_compensation_injury_frequency_rate,2.512437689651946,False,False
2335,"Industrial, mechanical and production engineers",4,2016-17,workers_compensation_injury_frequency_rate,2.1111415639942974,False,False
2335,"Industrial, mechanical and production engineers",4,2017-18,workers_compensation_injury_frequency_rate,1.997903029886141,False,False
2335,"Industrial, mechanical and production engineers",4,2018-19,workers_compensation_injury_frequency_rate,2.149020896638519,False,False
2335,"Industrial, mechanical and production engineers",4,2019-20,workers_compensation_injury_frequency_rate,1.7521909188491938,False,False
2335,"Industrial, mechanical and production engineers",4,2020-21,workers_compensation_injury_frequency_rate,1.4289497460234584,False,False
2335,"Industrial, mechanical and production engineers",4,2021-22,workers_compensation_injury_frequency_rate,1.710620920711736,False,False
2335,"Industrial, mechanical and production engineers",4,2022-23,workers_compensation_injury_frequency_rate,1.3795549799730868,False,False
2335,"Industrial, mechanical and production engineers",4,2023-24,workers_compensation_injury_frequency_rate,1.7701576564049737,False,True
2336,Mining engineers,4,2014-15,workers_compensation_injury_frequency_rate,0.5987778645657093,False,False
2336,Mining engineers,4,2015-16,workers_compensation_injury_frequency_rate,0.8770020461332886,False,False
2336,Mining engineers,4,2016-17,workers_compensation_injury_frequency_rate,1.0183066055240788,False,False
2336,Mining engineers,4,2017-18,workers_compensation_injury_frequency_rate,0.7945106687712101,False,False
2336,Mining engineers,4,2018-19,workers_compensation_injury_frequency_rate,0.8061714090360935,False,False
2336,Mining engineers,4,2019-20,workers_compensation_injury_frequency_rate,0.5578789633030559,False,False
2336,Mining engineers,4,2020-21,workers_compensation_injury_frequency_rate,0.40040671473520034,False,False
2336,Mining engineers,4,2021-22,workers_compensation_injury_frequency_rate,0.7212540631742618,False,False
2336,Mining engineers,4,2022-23,workers_compensation_injury_frequency_rate,1.0032831358933045,False,False
2336,Mining engineers,4,2023-24,workers_compensation_injury_frequency_rate,0.8673527056446354,False,True
2339,Other engineering professionals,4,2014-15,workers_compensation_injury_frequency_rate,11.843102249469851,False,False
2339,Other engineering professionals,4,2015-16,workers_compensation_injury_frequency_rate,7.451100656368369,False,False
2339,Other engineering professionals,4,2016-17,workers_compensation_injury_frequency_rate,5.765404045371706,False,False
2339,Other engineering professionals,4,2017-18,workers_compensation_injury_frequency_rate,4.902525344811703,False,False
2339,Other engineering professionals,4,2018-19,workers_compensation_injury_frequency_rate,6.492734641038975,False,False
2339,Other engineering professionals,4,2019-20,workers_compensation_injury_frequency_rate,5.194824689931947,False,False
2339,Other engineering professionals,4,2020-21,workers_compensation_injury_frequency_rate,6.247840992826289,False,False
2339,Other engineering professionals,4,2021-22,workers_compensation_injury_frequency_rate,7.139681674204885,False,False
2339,Other engineering professionals,4,2022-23,workers_compensation_injury_frequency_rate,4.6485547327026895,False,False
2339,Other engineering professionals,4,2023-24,workers_compensation_injury_frequency_rate,7.5697734117586215,False,True
2341,Agricultural and forestry scientists,4,2014-15,workers_compensation_injury_frequency_rate,11.07829727511085,False,False
2341,Agricultural and forestry scientists,4,2015-16,workers_compensation_injury_frequency_rate,6.289018853292161,False,False
2341,Agricultural and forestry scientists,4,2016-17,workers_compensation_injury_frequency_rate,3.6899527586608722,False,False
2341,Agricultural and forestry scientists,4,2017-18,workers_compensation_injury_frequency_rate,6.517397241911397,False,False
2341,Agricultural and forestry scientists,4,2018-19,workers_compensation_injury_frequency_rate,6.407833543046224,False,False
2341,Agricultural and forestry scientists,4,2019-20,workers_compensation_injury_frequency_rate,6.940074512616386,False,False
2341,Agricultural and forestry scientists,4,2020-21,workers_compensation_injury_frequency_rate,8.561548437920186,False,False
2341,Agricultural and forestry scientists,4,2021-22,workers_compensation_injury_frequency_rate,10.529514478902396,False,False
2341,Agricultural and forestry scientists,4,2022-23,workers_compensation_injury_frequency_rate,3.032238838000325,False,False
2341,Agricultural and forestry scientists,4,2023-24,workers_compensation_injury_frequency_rate,3.345516163404157,False,True
2342,"Chemists, and food and wine scientists",4,2014-15,workers_compensation_injury_frequency_rate,3.9558438546094687,False,False
2342,"Chemists, and food and wine scientists",4,2015-16,workers_compensation_injury_frequency_rate,2.850525034568409,False,False
2342,"Chemists, and food and wine scientists",4,2016-17,workers_compensation_injury_frequency_rate,2.677108134713304,False,False
2342,"Chemists, and food and wine scientists",4,2017-18,workers_compensation_injury_frequency_rate,3.011739240737044,False,False
2342,"Chemists, and food and wine scientists",4,2018-19,workers_compensation_injury_frequency_rate,2.5328047722732263,False,False
2342,"Chemists, and food and wine scientists",4,2019-20,workers_compensation_injury_frequency_rate,3.2186300568140123,False,False
2342,"Chemists, and food and wine scientists",4,2020-21,workers_compensation_injury_frequency_rate,3.3240194259742206,False,False
2342,"Chemists, and food and wine scientists",4,2021-22,workers_compensation_injury_frequency_rate,4.401105616697582,False,False
2342,"Chemists, and food and wine scientists",4,2022-23,workers_compensation_injury_frequency_rate,9.283404566975138,False,False
2342,"Chemists, and food and wine scientists",4,2023-24,workers_compensation_injury_frequency_rate,8.076118912996138,False,True
2343,Environmental scientists,4,2014-15,workers_compensation_injury_frequency_rate,4.562325695198299,False,False
2343,Environmental scientists,4,2015-16,workers_compensation_injury_frequency_rate,4.694264841502086,False,False
2343,Environmental scientists,4,2016-17,workers_compensation_injury_frequency_rate,3.6379378266042908,False,False
2343,Environmental scientists,4,2017-18,workers_compensation_injury_frequency_rate,4.190826989668866,False,False
2343,Environmental scientists,4,2018-19,workers_compensation_injury_frequency_rate,4.241537640095032,False,False
2343,Environmental scientists,4,2019-20,workers_compensation_injury_frequency_rate,4.171868051937635,False,False
2343,Environmental scientists,4,2020-21,workers_compensation_injury_frequency_rate,6.08363418422124,False,False
2343,Environmental scientists,4,2021-22,workers_compensation_injury_frequency_rate,5.199233126617845,False,False
2343,Environmental scientists,4,2022-23,workers_compensation_injury_frequency_rate,4.605169670114112,False,False
2343,Environmental scientists,4,2023-24,workers_compensation_injury_frequency_rate,4.767811036178127,False,True
2344,Geologists and geophysicists,4,2014-15,workers_compensation_injury_frequency_rate,1.0636780646270152,False,False
2344,Geologists and geophysicists,4,2015-16,workers_compensation_injury_frequency_rate,0.8931503989216468,False,False
2344,Geologists and geophysicists,4,2016-17,workers_compensation_injury_frequency_rate,1.163951870669996,False,False
2344,Geologists and geophysicists,4,2017-18,workers_compensation_injury_frequency_rate,0.518937215250344,False,False
2344,Geologists and geophysicists,4,2018-19,workers_compensation_injury_frequency_rate,0.8158230782300468,False,False
2344,Geologists and geophysicists,4,2019-20,workers_compensation_injury_frequency_rate,1.4627871167093578,False,False
2344,Geologists and geophysicists,4,2020-21,workers_compensation_injury_frequency_rate,0.9554043524965674,False,False
2344,Geologists and geophysicists,4,2021-22,workers_compensation_injury_frequency_rate,1.3110768242842605,False,False
2344,Geologists and geophysicists,4,2022-23,workers_compensation_injury_frequency_rate,1.1130703335378258,False,False
2344,Geologists and geophysicists,4,2023-24,workers_compensation_injury_frequency_rate,1.1419905763595082,False,True
2345,Life scientists,4,2014-15,workers_compensation_injury_frequency_rate,1.909097626881744,False,False
2345,Life scientists,4,2015-16,workers_compensation_injury_frequency_rate,2.70771062691863,False,False
2345,Life scientists,4,2016-17,workers_compensation_injury_frequency_rate,2.1618209418164964,False,False
2345,Life scientists,4,2017-18,workers_compensation_injury_frequency_rate,1.6411070333342068,False,False
2345,Life scientists,4,2018-19,workers_compensation_injury_frequency_rate,1.8390581890044695,False,False
2345,Life scientists,4,2019-20,workers_compensation_injury_frequency_rate,2.34374024478918,False,False
2345,Life scientists,4,2020-21,workers_compensation_injury_frequency_rate,2.3732142280650366,False,False
2345,Life scientists,4,2021-22,workers_compensation_injury_frequency_rate,0.9663100978825213,False,False
2345,Life scientists,4,2022-23,workers_compensation_injury_frequency_rate,1.366445844020827,False,False
2345,Life scientists,4,2023-24,workers_compensation_injury_frequency_rate,1.4749558351683854,False,True
2346,Medical laboratory scientists,4,2014-15,workers_compensation_injury_frequency_rate,1.4792421303733232,False,False
2346,Medical laboratory scientists,4,2015-16,workers_compensation_injury_frequency_rate,1.0766547310766756,False,False
2346,Medical laboratory scientists,4,2016-17,workers_compensation_injury_frequency_rate,1.7255872293273133,False,False
2346,Medical laboratory scientists,4,2017-18,workers_compensation_injury_frequency_rate,1.463917812951386,False,False
2346,Medical laboratory scientists,4,2018-19,workers_compensation_injury_frequency_rate,1.3031605902544035,False,False
2346,Medical laboratory scientists,4,2019-20,workers_compensation_injury_frequency_rate,1.302186144383152,False,False
2346,Medical laboratory scientists,4,2020-21,workers_compensation_injury_frequency_rate,1.3203116724301773,False,False
2346,Medical laboratory scientists,4,2021-22,workers_compensation_injury_frequency_rate,1.2560083564904827,False,False
2346,Medical laboratory scientists,4,2022-23,workers_compensation_injury_frequency_rate,1.4195037741259695,False,False
2346,Medical laboratory scientists,4,2023-24,workers_compensation_injury_frequency_rate,1.4867321437779157,False,True
2347,Veterinarians,4,2014-15,workers_compensation_injury_frequency_rate,4.966975746998438,False,False
2347,Veterinarians,4,2015-16,workers_compensation_injury_frequency_rate,5.522453281089433,False,False
2347,Veterinarians,4,2016-17,workers_compensation_injury_frequency_rate,6.122565272419483,False,False
2347,Veterinarians,4,2017-18,workers_compensation_injury_frequency_rate,4.668532558963527,False,False
2347,Veterinarians,4,2018-19,workers_compensation_injury_frequency_rate,7.137908813360989,False,False
2347,Veterinarians,4,2019-20,workers_compensation_injury_frequency_rate,11.554323694674096,False,False
2347,Veterinarians,4,2020-21,workers_compensation_injury_frequency_rate,10.249981064786777,False,False
2347,Veterinarians,4,2021-22,workers_compensation_injury_frequency_rate,10.202709324127854,False,False
2347,Veterinarians,4,2022-23,workers_compensation_injury_frequency_rate,11.566120439805747,False,False
2347,Veterinarians,4,2023-24,workers_compensation_injury_frequency_rate,7.696964108595371,False,True
2349,Other natural and physical science professionals,4,2014-15,workers_compensation_injury_frequency_rate,1.8209061312900423,False,False
2349,Other natural and physical science professionals,4,2015-16,workers_compensation_injury_frequency_rate,1.368254539546066,False,False
2349,Other natural and physical science professionals,4,2016-17,workers_compensation_injury_frequency_rate,1.3632461469192032,False,False
2349,Other natural and physical science professionals,4,2017-18,workers_compensation_injury_frequency_rate,0.7998801068301801,False,False
2349,Other natural and physical science professionals,4,2018-19,workers_compensation_injury_frequency_rate,1.480637224779891,False,False
2349,Other natural and physical science professionals,4,2019-20,workers_compensation_injury_frequency_rate,1.2538991246458744,False,False
2349,Other natural and physical science professionals,4,2020-21,workers_compensation_injury_frequency_rate,1.1014067255976203,False,False
2349,Other natural and physical science professionals,4,2021-22,workers_compensation_injury_frequency_rate,2.58649326480863,False,False
2349,Other natural and physical science professionals,4,2022-23,workers_compensation_injury_frequency_rate,3.0873302790612223,False,False
2349,Other natural and physical science professionals,4,2023-24,workers_compensation_injury_frequency_rate,2.242172504435584,False,True
2411,Early childhood (pre-primary school) teachers,4,2014-15,workers_compensation_injury_frequency_rate,6.895408446743738,False,False
2411,Early childhood (pre-primary school) teachers,4,2015-16,workers_compensation_injury_frequency_rate,6.305675963550972,False,False
2411,Early childhood (pre-primary school) teachers,4,2016-17,workers_compensation_injury_frequency_rate,5.852584954113924,False,False
2411,Early childhood (pre-primary school) teachers,4,2017-18,workers_compensation_injury_frequency_rate,6.0606881763953115,False,False
2411,Early childhood (pre-primary school) teachers,4,2018-19,workers_compensation_injury_frequency_rate,7.283572036885251,False,False
2411,Early childhood (pre-primary school) teachers,4,2019-20,workers_compensation_injury_frequency_rate,7.605758407706726,False,False
2411,Early childhood (pre-primary school) teachers,4,2020-21,workers_compensation_injury_frequency_rate,9.76364147932074,False,False
2411,Early childhood (pre-primary school) teachers,4,2021-22,workers_compensation_injury_frequency_rate,12.26160091325892,False,False
2411,Early childhood (pre-primary school) teachers,4,2022-23,workers_compensation_injury_frequency_rate,10.758279245794432,False,False
2411,Early childhood (pre-primary school) teachers,4,2023-24,workers_compensation_injury_frequency_rate,12.972937209442222,False,True
2412,Primary school teachers,4,2014-15,workers_compensation_injury_frequency_rate,7.30729110263077,False,False
2412,Primary school teachers,4,2015-16,workers_compensation_injury_frequency_rate,6.79733261371858,False,False
2412,Primary school teachers,4,2016-17,workers_compensation_injury_frequency_rate,6.9494948667494665,False,False
2412,Primary school teachers,4,2017-18,workers_compensation_injury_frequency_rate,6.251867677571889,False,False
2412,Primary school teachers,4,2018-19,workers_compensation_injury_frequency_rate,7.721731139971037,False,False
2412,Primary school teachers,4,2019-20,workers_compensation_injury_frequency_rate,7.605722117088147,False,False
2412,Primary school teachers,4,2020-21,workers_compensation_injury_frequency_rate,8.051985585878603,False,False
2412,Primary school teachers,4,2021-22,workers_compensation_injury_frequency_rate,8.084132205594358,False,False
2412,Primary school teachers,4,2022-23,workers_compensation_injury_frequency_rate,11.305461101398544,False,False
2412,Primary school teachers,4,2023-24,workers_compensation_injury_frequency_rate,10.242824741418781,False,True
2413,Middle school teachers (aus) / intermediate school teachers (NZ),4,2014-15,workers_compensation_injury_frequency_rate,16.636101179340578,False,False
2413,Middle school teachers (aus) / intermediate school teachers (NZ),4,2015-16,workers_compensation_injury_frequency_rate,24.31425005336988,False,False
2413,Middle school teachers (aus) / intermediate school teachers (NZ),4,2016-17,workers_compensation_injury_frequency_rate,48.28024089620228,False,False
2413,Middle school teachers (aus) / intermediate school teachers (NZ),4,2017-18,workers_compensation_injury_frequency_rate,39.90862315177668,False,False
2413,Middle school teachers (aus) / intermediate school teachers (NZ),4,2018-19,workers_compensation_injury_frequency_rate,16.704254375654408,False,False
2413,Middle school teachers (aus) / intermediate school teachers (NZ),4,2019-20,workers_compensation_injury_frequency_rate,26.23953019581219,False,False
2413,Middle school teachers (aus) / intermediate school teachers (NZ),4,2020-21,workers_compensation_injury_frequency_rate,7.614107879239365,False,False
2413,Middle school teachers (aus) / intermediate school teachers (NZ),4,2021-22,workers_compensation_injury_frequency_rate,8.694028641267108,False,False
2413,Middle school teachers (aus) / intermediate school teachers (NZ),4,2022-23,workers_compensation_injury_frequency_rate,12.122754398771521,False,False
2413,Middle school teachers (aus) / intermediate school teachers (NZ),4,2023-24,workers_compensation_injury_frequency_rate,29.53644143107459,False,True
2414,Secondary school teachers,4,2014-15,workers_compensation_injury_frequency_rate,8.88869094445511,False,False
2414,Secondary school teachers,4,2015-16,workers_compensation_injury_frequency_rate,7.466814444409337,False,False
2414,Secondary school teachers,4,2016-17,workers_compensation_injury_frequency_rate,8.090341255853199,False,False
2414,Secondary school teachers,4,2017-18,workers_compensation_injury_frequency_rate,7.9331662518643,False,False
2414,Secondary school teachers,4,2018-19,workers_compensation_injury_frequency_rate,8.260852665331402,False,False
2414,Secondary school teachers,4,2019-20,workers_compensation_injury_frequency_rate,8.29355934345236,False,False
2414,Secondary school teachers,4,2020-21,workers_compensation_injury_frequency_rate,10.016872943674214,False,False
2414,Secondary school teachers,4,2021-22,workers_compensation_injury_frequency_rate,9.515565760543494,False,False
2414,Secondary school teachers,4,2022-23,workers_compensation_injury_frequency_rate,14.005910892104207,False,False
2414,Secondary school teachers,4,2023-24,workers_compensation_injury_frequency_rate,11.929177812493036,False,True
2415,Special education teachers,4,2014-15,workers_compensation_injury_frequency_rate,13.509436978936947,False,False
2415,Special education teachers,4,2015-16,workers_compensation_injury_frequency_rate,11.046532433844195,False,False
2415,Special education teachers,4,2016-17,workers_compensation_injury_frequency_rate,12.764298666181787,False,False
2415,Special education teachers,4,2017-18,workers_compensation_injury_frequency_rate,15.750006338662836,False,False
2415,Special education teachers,4,2018-19,workers_compensation_injury_frequency_rate,16.088745321887664,False,False
2415,Special education teachers,4,2019-20,workers_compensation_injury_frequency_rate,10.103254281110997,False,False
2415,Special education teachers,4,2020-21,workers_compensation_injury_frequency_rate,15.00738471193552,False,False
2415,Special education teachers,4,2021-22,workers_compensation_injury_frequency_rate,10.29283912315192,False,False
2415,Special education teachers,4,2022-23,workers_compensation_injury_frequency_rate,19.773122710534423,False,False
2415,Special education teachers,4,2023-24,workers_compensation_injury_frequency_rate,15.849312411236195,False,True
2421,University lecturers and tutors,4,2014-15,workers_compensation_injury_frequency_rate,0.991917889421774,False,False
2421,University lecturers and tutors,4,2015-16,workers_compensation_injury_frequency_rate,0.8599967232623943,False,False
2421,University lecturers and tutors,4,2016-17,workers_compensation_injury_frequency_rate,1.341956107107153,False,False
2421,University lecturers and tutors,4,2017-18,workers_compensation_injury_frequency_rate,0.9186445224908415,False,False
2421,University lecturers and tutors,4,2018-19,workers_compensation_injury_frequency_rate,1.0040416103018937,False,False
2421,University lecturers and tutors,4,2019-20,workers_compensation_injury_frequency_rate,0.8149622834655846,False,False
2421,University lecturers and tutors,4,2020-21,workers_compensation_injury_frequency_rate,0.7872445055391549,False,False
2421,University lecturers and tutors,4,2021-22,workers_compensation_injury_frequency_rate,0.6420739110395566,False,False
2421,University lecturers and tutors,4,2022-23,workers_compensation_injury_frequency_rate,1.0607829619231277,False,False
2421,University lecturers and tutors,4,2023-24,workers_compensation_injury_frequency_rate,0.9174673327580217,False,True
2422,Vocational education teachers (aus) / polytechnic teachers (NZ),4,2014-15,workers_compensation_injury_frequency_rate,4.225967540015986,False,False
2422,Vocational education teachers (aus) / polytechnic teachers (NZ),4,2015-16,workers_compensation_injury_frequency_rate,4.066737095325969,False,False
2422,Vocational education teachers (aus) / polytechnic teachers (NZ),4,2016-17,workers_compensation_injury_frequency_rate,4.339046009893593,False,False
2422,Vocational education teachers (aus) / polytechnic teachers (NZ),4,2017-18,workers_compensation_injury_frequency_rate,4.000912244715003,False,False
2422,Vocational education teachers (aus) / polytechnic teachers (NZ),4,2018-19,workers_compensation_injury_frequency_rate,4.246736393302966,False,False
2422,Vocational education teachers (aus) / polytechnic teachers (NZ),4,2019-20,workers_compensation_injury_frequency_rate,3.9571635149021676,False,False
2422,Vocational education teachers (aus) / polytechnic teachers (NZ),4,2020-21,workers_compensation_injury_frequency_rate,3.4765873414815784,False,False
2422,Vocational education teachers (aus) / polytechnic teachers (NZ),4,2021-22,workers_compensation_injury_frequency_rate,3.35175121152235,False,False
2422,Vocational education teachers (aus) / polytechnic teachers (NZ),4,2022-23,workers_compensation_injury_frequency_rate,3.722489688958084,False,False
2422,Vocational education teachers (aus) / polytechnic teachers (NZ),4,2023-24,workers_compensation_injury_frequency_rate,4.272296210001341,False,True
2491,Education advisers and reviewers,4,2014-15,workers_compensation_injury_frequency_rate,3.1994302938759085,False,False
2491,Education advisers and reviewers,4,2015-16,workers_compensation_injury_frequency_rate,3.6061729048569235,False,False
2491,Education advisers and reviewers,4,2016-17,workers_compensation_injury_frequency_rate,2.816758170727207,False,False
2491,Education advisers and reviewers,4,2017-18,workers_compensation_injury_frequency_rate,2.6229303361665,False,False
2491,Education advisers and reviewers,4,2018-19,workers_compensation_injury_frequency_rate,2.7690965639174308,False,False
2491,Education advisers and reviewers,4,2019-20,workers_compensation_injury_frequency_rate,2.284684326953518,False,False
2491,Education advisers and reviewers,4,2020-21,workers_compensation_injury_frequency_rate,3.459153405044207,False,False
2491,Education advisers and reviewers,4,2021-22,workers_compensation_injury_frequency_rate,2.339707145468553,False,False
2491,Education advisers and reviewers,4,2022-23,workers_compensation_injury_frequency_rate,3.206148053738957,False,False
2491,Education advisers and reviewers,4,2023-24,workers_compensation_injury_frequency_rate,4.490505100860528,False,True
2492,Private tutors and teachers,4,2014-15,workers_compensation_injury_frequency_rate,2.3283462794630516,False,False
2492,Private tutors and teachers,4,2015-16,workers_compensation_injury_frequency_rate,2.103261520312644,False,False
2492,Private tutors and teachers,4,2016-17,workers_compensation_injury_frequency_rate,2.582510906221676,False,False
2492,Private tutors and teachers,4,2017-18,workers_compensation_injury_frequency_rate,1.9108164035080883,False,False
2492,Private tutors and teachers,4,2018-19,workers_compensation_injury_frequency_rate,4.382218262971814,False,False
2492,Private tutors and teachers,4,2019-20,workers_compensation_injury_frequency_rate,3.0470853702685456,False,False
2492,Private tutors and teachers,4,2020-21,workers_compensation_injury_frequency_rate,2.8631408036436934,False,False
2492,Private tutors and teachers,4,2021-22,workers_compensation_injury_frequency_rate,2.7082754852465376,False,False
2492,Private tutors and teachers,4,2022-23,workers_compensation_injury_frequency_rate,2.357510627561327,False,False
2492,Private tutors and teachers,4,2023-24,workers_compensation_injury_frequency_rate,1.940088735952392,False,True
2493,Teachers of english to speakers of other languages,4,2014-15,workers_compensation_injury_frequency_rate,3.557888741295441,False,False
2493,Teachers of english to speakers of other languages,4,2015-16,workers_compensation_injury_frequency_rate,6.890780410479924,False,False
2493,Teachers of english to speakers of other languages,4,2016-17,workers_compensation_injury_frequency_rate,2.441328986676633,False,False
2493,Teachers of english to speakers of other languages,4,2017-18,workers_compensation_injury_frequency_rate,1.6181912239229326,False,False
2493,Teachers of english to speakers of other languages,4,2018-19,workers_compensation_injury_frequency_rate,2.7517750860043133,False,False
2493,Teachers of english to speakers of other languages,4,2019-20,workers_compensation_injury_frequency_rate,2.0278516430330056,False,False
2493,Teachers of english to speakers of other languages,4,2020-21,workers_compensation_injury_frequency_rate,2.644385980358238,False,False
2493,Teachers of english to speakers of other languages,4,2021-22,workers_compensation_injury_frequency_rate,3.182178762764073,False,False
2493,Teachers of english to speakers of other languages,4,2022-23,workers_compensation_injury_frequency_rate,6.117163518402883,False,False
2493,Teachers of english to speakers of other languages,4,2023-24,workers_compensation_injury_frequency_rate,3.350397289124014,False,True
2511,Dietitians,4,2014-15,workers_compensation_injury_frequency_rate,1.798088805240164,False,False
2511,Dietitians,4,2015-16,workers_compensation_injury_frequency_rate,1.6970426454926488,False,False
2511,Dietitians,4,2016-17,workers_compensation_injury_frequency_rate,4.171722469788253,False,False
2511,Dietitians,4,2017-18,workers_compensation_injury_frequency_rate,2.192216309704456,False,False
2511,Dietitians,4,2018-19,workers_compensation_injury_frequency_rate,1.3463021578221748,False,False
2511,Dietitians,4,2019-20,workers_compensation_injury_frequency_rate,1.5873623594384731,False,False
2511,Dietitians,4,2020-21,workers_compensation_injury_frequency_rate,1.5799232405879953,False,False
2511,Dietitians,4,2021-22,workers_compensation_injury_frequency_rate,1.1828698783232052,False,False
2511,Dietitians,4,2022-23,workers_compensation_injury_frequency_rate,0.8661989976436963,False,False
2511,Dietitians,4,2023-24,workers_compensation_injury_frequency_rate,1.348057877801023,False,True
2512,Medical imaging professionals,4,2014-15,workers_compensation_injury_frequency_rate,3.125598556493943,False,False
2512,Medical imaging professionals,4,2015-16,workers_compensation_injury_frequency_rate,4.3204774583767485,False,False
2512,Medical imaging professionals,4,2016-17,workers_compensation_injury_frequency_rate,5.792326369982843,False,False
2512,Medical imaging professionals,4,2017-18,workers_compensation_injury_frequency_rate,4.724224760669382,False,False
2512,Medical imaging professionals,4,2018-19,workers_compensation_injury_frequency_rate,4.031860443502324,False,False
2512,Medical imaging professionals,4,2019-20,workers_compensation_injury_frequency_rate,4.279496028021131,False,False
2512,Medical imaging professionals,4,2020-21,workers_compensation_injury_frequency_rate,6.253757199269183,False,False
2512,Medical imaging professionals,4,2021-22,workers_compensation_injury_frequency_rate,6.680268522523354,False,False
2512,Medical imaging professionals,4,2022-23,workers_compensation_injury_frequency_rate,4.762638864742745,False,False
2512,Medical imaging professionals,4,2023-24,workers_compensation_injury_frequency_rate,6.598536848908706,False,True
2513,Occupational and environmental health professionals,4,2014-15,workers_compensation_injury_frequency_rate,2.815627075894393,False,False
2513,Occupational and environmental health professionals,4,2015-16,workers_compensation_injury_frequency_rate,3.0560834707720015,False,False
2513,Occupational and environmental health professionals,4,2016-17,workers_compensation_injury_frequency_rate,2.919715451790207,False,False
2513,Occupational and environmental health professionals,4,2017-18,workers_compensation_injury_frequency_rate,2.6699975268563536,False,False
2513,Occupational and environmental health professionals,4,2018-19,workers_compensation_injury_frequency_rate,2.81884551054076,False,False
2513,Occupational and environmental health professionals,4,2019-20,workers_compensation_injury_frequency_rate,3.1970649517067926,False,False
2513,Occupational and environmental health professionals,4,2020-21,workers_compensation_injury_frequency_rate,1.9346347461423288,False,False
2513,Occupational and environmental health professionals,4,2021-22,workers_compensation_injury_frequency_rate,2.5357268656111356,False,False
2513,Occupational and environmental health professionals,4,2022-23,workers_compensation_injury_frequency_rate,3.023969715384413,False,False
2513,Occupational and environmental health professionals,4,2023-24,workers_compensation_injury_frequency_rate,2.6185970165164165,False,True
2514,Optometrists and orthoptists,4,2014-15,workers_compensation_injury_frequency_rate,1.3114234518774548,False,False
2514,Optometrists and orthoptists,4,2015-16,workers_compensation_injury_frequency_rate,1.4705695597737003,False,False
2514,Optometrists and orthoptists,4,2016-17,workers_compensation_injury_frequency_rate,2.5480635548402937,False,False
2514,Optometrists and orthoptists,4,2017-18,workers_compensation_injury_frequency_rate,2.3472400940689355,False,False
2514,Optometrists and orthoptists,4,2018-19,workers_compensation_injury_frequency_rate,1.102176038601468,False,False
2514,Optometrists and orthoptists,4,2019-20,workers_compensation_injury_frequency_rate,2.1938368080479456,False,False
2514,Optometrists and orthoptists,4,2020-21,workers_compensation_injury_frequency_rate,1.8292939583992007,False,False
2514,Optometrists and orthoptists,4,2021-22,workers_compensation_injury_frequency_rate,1.6359064080252725,False,False
2514,Optometrists and orthoptists,4,2022-23,workers_compensation_injury_frequency_rate,1.8705131373895725,False,False
2514,Optometrists and orthoptists,4,2023-24,workers_compensation_injury_frequency_rate,1.998810664935966,False,True
2515,Pharmacists,4,2014-15,workers_compensation_injury_frequency_rate,1.5221520646384723,False,False
2515,Pharmacists,4,2015-16,workers_compensation_injury_frequency_rate,1.2832140175511035,False,False
2515,Pharmacists,4,2016-17,workers_compensation_injury_frequency_rate,1.436368276306685,False,False
2515,Pharmacists,4,2017-18,workers_compensation_injury_frequency_rate,1.69038076187356,False,False
2515,Pharmacists,4,2018-19,workers_compensation_injury_frequency_rate,1.38814386585132,False,False
2515,Pharmacists,4,2019-20,workers_compensation_injury_frequency_rate,1.525610124812331,False,False
2515,Pharmacists,4,2020-21,workers_compensation_injury_frequency_rate,1.2244685710641772,False,False
2515,Pharmacists,4,2021-22,workers_compensation_injury_frequency_rate,1.4584988460902033,False,False
2515,Pharmacists,4,2022-23,workers_compensation_injury_frequency_rate,1.1486328234322878,False,False
2515,Pharmacists,4,2023-24,workers_compensation_injury_frequency_rate,1.588178517023243,False,True
2519,Other health diagnostic and promotion professionals,4,2014-15,workers_compensation_injury_frequency_rate,10.713314282603905,False,False
2519,Other health diagnostic and promotion professionals,4,2015-16,workers_compensation_injury_frequency_rate,6.8772345042361165,False,False
2519,Other health diagnostic and promotion professionals,4,2016-17,workers_compensation_injury_frequency_rate,11.925383323203814,False,False
2519,Other health diagnostic and promotion professionals,4,2017-18,workers_compensation_injury_frequency_rate,9.276126629524063,False,False
2519,Other health diagnostic and promotion professionals,4,2018-19,workers_compensation_injury_frequency_rate,8.960621795462133,False,False
2519,Other health diagnostic and promotion professionals,4,2019-20,workers_compensation_injury_frequency_rate,7.8093907427005105,False,False
2519,Other health diagnostic and promotion professionals,4,2020-21,workers_compensation_injury_frequency_rate,9.923521734381918,False,False
2519,Other health diagnostic and promotion professionals,4,2021-22,workers_compensation_injury_frequency_rate,9.30300095490196,False,False
2519,Other health diagnostic and promotion professionals,4,2022-23,workers_compensation_injury_frequency_rate,8.603967486597035,False,False
2519,Other health diagnostic and promotion professionals,4,2023-24,workers_compensation_injury_frequency_rate,7.033994071183788,False,True
2521,Chiropractors and osteopaths,4,2014-15,workers_compensation_injury_frequency_rate,1.3768008461023669,False,False
2521,Chiropractors and osteopaths,4,2015-16,workers_compensation_injury_frequency_rate,0.8410985498746041,False,False
2521,Chiropractors and osteopaths,4,2016-17,workers_compensation_injury_frequency_rate,,True,False
2521,Chiropractors and osteopaths,4,2017-18,workers_compensation_injury_frequency_rate,,True,False
2521,Chiropractors and osteopaths,4,2018-19,workers_compensation_injury_frequency_rate,1.5853934208778115,False,False
2521,Chiropractors and osteopaths,4,2019-20,workers_compensation_injury_frequency_rate,,True,False
2521,Chiropractors and osteopaths,4,2020-21,workers_compensation_injury_frequency_rate,1.4039995552104922,False,False
2521,Chiropractors and osteopaths,4,2021-22,workers_compensation_injury_frequency_rate,0.8034940877000974,False,False
2521,Chiropractors and osteopaths,4,2022-23,workers_compensation_injury_frequency_rate,1.172442192420778,False,False
2521,Chiropractors and osteopaths,4,2023-24,workers_compensation_injury_frequency_rate,0.8323817043783752,False,True
2522,Complementary health therapists,4,2014-15,workers_compensation_injury_frequency_rate,8.67241449125301,False,False
2522,Complementary health therapists,4,2015-16,workers_compensation_injury_frequency_rate,2.2868502633052925,False,False
2522,Complementary health therapists,4,2016-17,workers_compensation_injury_frequency_rate,3.0186269615284753,False,False
2522,Complementary health therapists,4,2017-18,workers_compensation_injury_frequency_rate,2.849007571499921,False,False
2522,Complementary health therapists,4,2018-19,workers_compensation_injury_frequency_rate,2.791862251326363,False,False
2522,Complementary health therapists,4,2019-20,workers_compensation_injury_frequency_rate,2.9902026199247977,False,False
2522,Complementary health therapists,4,2020-21,workers_compensation_injury_frequency_rate,8.516208421867661,False,False
2522,Complementary health therapists,4,2021-22,workers_compensation_injury_frequency_rate,4.262813159919879,False,False
2522,Complementary health therapists,4,2022-23,workers_compensation_injury_frequency_rate,4.3229649214184365,False,False
2522,Complementary health therapists,4,2023-24,workers_compensation_injury_frequency_rate,6.278470472101267,False,True
2523,Dental practitioners,4,2014-15,workers_compensation_injury_frequency_rate,2.0917791566750745,False,False
2523,Dental practitioners,4,2015-16,workers_compensation_injury_frequency_rate,2.600825734044168,False,False
2523,Dental practitioners,4,2016-17,workers_compensation_injury_frequency_rate,1.873968528375689,False,False
2523,Dental practitioners,4,2017-18,workers_compensation_injury_frequency_rate,2.2928154086779005,False,False
2523,Dental practitioners,4,2018-19,workers_compensation_injury_frequency_rate,1.4866743570825196,False,False
2523,Dental practitioners,4,2019-20,workers_compensation_injury_frequency_rate,2.1055994198820267,False,False
2523,Dental practitioners,4,2020-21,workers_compensation_injury_frequency_rate,2.5559906419516585,False,False
2523,Dental practitioners,4,2021-22,workers_compensation_injury_frequency_rate,1.4905936073060897,False,False
2523,Dental practitioners,4,2022-23,workers_compensation_injury_frequency_rate,2.200787794391334,False,False
2523,Dental practitioners,4,2023-24,workers_compensation_injury_frequency_rate,2.416837409807675,False,True
2524,Occupational therapists,4,2014-15,workers_compensation_injury_frequency_rate,5.375037347844274,False,False
2524,Occupational therapists,4,2015-16,workers_compensation_injury_frequency_rate,2.500427826301459,False,False
2524,Occupational therapists,4,2016-17,workers_compensation_injury_frequency_rate,3.905089924247454,False,False
2524,Occupational therapists,4,2017-18,workers_compensation_injury_frequency_rate,2.0668794373256363,False,False
2524,Occupational therapists,4,2018-19,workers_compensation_injury_frequency_rate,2.7833180619140765,False,False
2524,Occupational therapists,4,2019-20,workers_compensation_injury_frequency_rate,2.656579391613038,False,False
2524,Occupational therapists,4,2020-21,workers_compensation_injury_frequency_rate,2.965984158568208,False,False
2524,Occupational therapists,4,2021-22,workers_compensation_injury_frequency_rate,2.6823847797182196,False,False
2524,Occupational therapists,4,2022-23,workers_compensation_injury_frequency_rate,3.4794969326104885,False,False
2524,Occupational therapists,4,2023-24,workers_compensation_injury_frequency_rate,2.9971881727043064,False,True
2525,Physiotherapists,4,2014-15,workers_compensation_injury_frequency_rate,2.752835006286478,False,False
2525,Physiotherapists,4,2015-16,workers_compensation_injury_frequency_rate,2.343601938768146,False,False
2525,Physiotherapists,4,2016-17,workers_compensation_injury_frequency_rate,1.9353203303302853,False,False
2525,Physiotherapists,4,2017-18,workers_compensation_injury_frequency_rate,2.0091039080182327,False,False
2525,Physiotherapists,4,2018-19,workers_compensation_injury_frequency_rate,2.5217860089490314,False,False
2525,Physiotherapists,4,2019-20,workers_compensation_injury_frequency_rate,2.3090505637444565,False,False
2525,Physiotherapists,4,2020-21,workers_compensation_injury_frequency_rate,2.8191906423686253,False,False
2525,Physiotherapists,4,2021-22,workers_compensation_injury_frequency_rate,2.9739616606940205,False,False
2525,Physiotherapists,4,2022-23,workers_compensation_injury_frequency_rate,2.959975496544792,False,False
2525,Physiotherapists,4,2023-24,workers_compensation_injury_frequency_rate,2.193811639813267,False,True
2526,Podiatrists,4,2014-15,workers_compensation_injury_frequency_rate,2.1428930130120563,False,False
2526,Podiatrists,4,2015-16,workers_compensation_injury_frequency_rate,1.3898008832315518,False,False
2526,Podiatrists,4,2016-17,workers_compensation_injury_frequency_rate,1.7505652774918121,False,False
2526,Podiatrists,4,2017-18,workers_compensation_injury_frequency_rate,1.2910924514674804,False,False
2526,Podiatrists,4,2018-19,workers_compensation_injury_frequency_rate,3.640133845006276,False,False
2526,Podiatrists,4,2019-20,workers_compensation_injury_frequency_rate,2.2564812092955915,False,False
2526,Podiatrists,4,2020-21,workers_compensation_injury_frequency_rate,1.9292229821780005,False,False
2526,Podiatrists,4,2021-22,workers_compensation_injury_frequency_rate,1.8579363150931716,False,False
2526,Podiatrists,4,2022-23,workers_compensation_injury_frequency_rate,3.358939865221463,False,False
2526,Podiatrists,4,2023-24,workers_compensation_injury_frequency_rate,1.788196116669604,False,True
2527,Speech professionals and audiologists,4,2014-15,workers_compensation_injury_frequency_rate,3.9389153960110357,False,False
2527,Speech professionals and audiologists,4,2015-16,workers_compensation_injury_frequency_rate,2.227434699079889,False,False
2527,Speech professionals and audiologists,4,2016-17,workers_compensation_injury_frequency_rate,2.3755193465771836,False,False
2527,Speech professionals and audiologists,4,2017-18,workers_compensation_injury_frequency_rate,2.09475062427321,False,False
2527,Speech professionals and audiologists,4,2018-19,workers_compensation_injury_frequency_rate,3.188460213235495,False,False
2527,Speech professionals and audiologists,4,2019-20,workers_compensation_injury_frequency_rate,2.8726360582220605,False,False
2527,Speech professionals and audiologists,4,2020-21,workers_compensation_injury_frequency_rate,2.3153457800641415,False,False
2527,Speech professionals and audiologists,4,2021-22,workers_compensation_injury_frequency_rate,2.239445958937978,False,False
2527,Speech professionals and audiologists,4,2022-23,workers_compensation_injury_frequency_rate,2.951770117501839,False,False
2527,Speech professionals and audiologists,4,2023-24,workers_compensation_injury_frequency_rate,3.562985501884195,False,True
2531,Generalist medical practitioners,4,2014-15,workers_compensation_injury_frequency_rate,0.7434388062772778,False,False
2531,Generalist medical practitioners,4,2015-16,workers_compensation_injury_frequency_rate,0.624868064948144,False,False
2531,Generalist medical practitioners,4,2016-17,workers_compensation_injury_frequency_rate,0.43512130976882346,False,False
2531,Generalist medical practitioners,4,2017-18,workers_compensation_injury_frequency_rate,0.531759823756972,False,False
2531,Generalist medical practitioners,4,2018-19,workers_compensation_injury_frequency_rate,0.5590643037315399,False,False
2531,Generalist medical practitioners,4,2019-20,workers_compensation_injury_frequency_rate,0.8123336278679669,False,False
2531,Generalist medical practitioners,4,2020-21,workers_compensation_injury_frequency_rate,0.9063752978883605,False,False
2531,Generalist medical practitioners,4,2021-22,workers_compensation_injury_frequency_rate,1.0827439756064496,False,False
2531,Generalist medical practitioners,4,2022-23,workers_compensation_injury_frequency_rate,0.7394748075436632,False,False
2531,Generalist medical practitioners,4,2023-24,workers_compensation_injury_frequency_rate,0.7979642204471672,False,True
2532,Anaesthetists,4,2014-15,workers_compensation_injury_frequency_rate,,True,False
2532,Anaesthetists,4,2015-16,workers_compensation_injury_frequency_rate,1.0150394122595257,False,False
2532,Anaesthetists,4,2016-17,workers_compensation_injury_frequency_rate,1.5275662180673142,False,False
2532,Anaesthetists,4,2017-18,workers_compensation_injury_frequency_rate,1.3160703019472035,False,False
2532,Anaesthetists,4,2018-19,workers_compensation_injury_frequency_rate,3.5120462584435526,False,False
2532,Anaesthetists,4,2019-20,workers_compensation_injury_frequency_rate,2.286398809290573,False,False
2532,Anaesthetists,4,2020-21,workers_compensation_injury_frequency_rate,1.9993265501659236,False,False
2532,Anaesthetists,4,2021-22,workers_compensation_injury_frequency_rate,1.1473459816247173,False,False
2532,Anaesthetists,4,2022-23,workers_compensation_injury_frequency_rate,0.7606533746996411,False,False
2532,Anaesthetists,4,2023-24,workers_compensation_injury_frequency_rate,1.9946606153105861,False,True
2533,Internal medicine specialists,4,2014-15,workers_compensation_injury_frequency_rate,0.48250772158500455,False,False
2533,Internal medicine specialists,4,2015-16,workers_compensation_injury_frequency_rate,1.2615342209511058,False,False
2533,Internal medicine specialists,4,2016-17,workers_compensation_injury_frequency_rate,0.8245724315602206,False,False
2533,Internal medicine specialists,4,2017-18,workers_compensation_injury_frequency_rate,1.0005888287854314,False,False
2533,Internal medicine specialists,4,2018-19,workers_compensation_injury_frequency_rate,0.8233289450195522,False,False
2533,Internal medicine specialists,4,2019-20,workers_compensation_injury_frequency_rate,1.0621272369669807,False,False
2533,Internal medicine specialists,4,2020-21,workers_compensation_injury_frequency_rate,1.0467615577387785,False,False
2533,Internal medicine specialists,4,2021-22,workers_compensation_injury_frequency_rate,0.5919553934451521,False,False
2533,Internal medicine specialists,4,2022-23,workers_compensation_injury_frequency_rate,0.9429223541687617,False,False
2533,Internal medicine specialists,4,2023-24,workers_compensation_injury_frequency_rate,0.5017484280968735,False,True
2534,Psychiatrists,4,2014-15,workers_compensation_injury_frequency_rate,1.324963266419378,False,False
2534,Psychiatrists,4,2015-16,workers_compensation_injury_frequency_rate,0.9368605647994707,False,False
2534,Psychiatrists,4,2016-17,workers_compensation_injury_frequency_rate,,True,False
2534,Psychiatrists,4,2017-18,workers_compensation_injury_frequency_rate,,True,False
2534,Psychiatrists,4,2018-19,workers_compensation_injury_frequency_rate,1.7580865322453834,False,False
2534,Psychiatrists,4,2019-20,workers_compensation_injury_frequency_rate,,True,False
2534,Psychiatrists,4,2020-21,workers_compensation_injury_frequency_rate,1.406947510485184,False,False
2534,Psychiatrists,4,2021-22,workers_compensation_injury_frequency_rate,1.5943882316816733,False,False
2534,Psychiatrists,4,2022-23,workers_compensation_injury_frequency_rate,1.1753712954181519,False,False
2534,Psychiatrists,4,2023-24,workers_compensation_injury_frequency_rate,1.5412766548894234,False,True
2535,Surgeons,4,2014-15,workers_compensation_injury_frequency_rate,,True,False
2535,Surgeons,4,2015-16,workers_compensation_injury_frequency_rate,0.5269308043992087,False,False
2535,Surgeons,4,2016-17,workers_compensation_injury_frequency_rate,0.5817810794481977,False,False
2535,Surgeons,4,2017-18,workers_compensation_injury_frequency_rate,,True,False
2535,Surgeons,4,2018-19,workers_compensation_injury_frequency_rate,0.760556213663265,False,False
2535,Surgeons,4,2019-20,workers_compensation_injury_frequency_rate,0.33234030690571487,False,False
2535,Surgeons,4,2020-21,workers_compensation_injury_frequency_rate,0.9716137814922715,False,False
2535,Surgeons,4,2021-22,workers_compensation_injury_frequency_rate,0.5464319503015759,False,False
2535,Surgeons,4,2022-23,workers_compensation_injury_frequency_rate,0.8618111884906642,False,False
2535,Surgeons,4,2023-24,workers_compensation_injury_frequency_rate,0.7351100617299364,False,True
2539,Other medical practitioners,4,2014-15,workers_compensation_injury_frequency_rate,5.402811943423742,False,False
2539,Other medical practitioners,4,2015-16,workers_compensation_injury_frequency_rate,2.5005835229287103,False,False
2539,Other medical practitioners,4,2016-17,workers_compensation_injury_frequency_rate,3.158629538582702,False,False
2539,Other medical practitioners,4,2017-18,workers_compensation_injury_frequency_rate,3.4540747284920728,False,False
2539,Other medical practitioners,4,2018-19,workers_compensation_injury_frequency_rate,3.5089305061712692,False,False
2539,Other medical practitioners,4,2019-20,workers_compensation_injury_frequency_rate,3.789749771884532,False,False
2539,Other medical practitioners,4,2020-21,workers_compensation_injury_frequency_rate,5.318080758452439,False,False
2539,Other medical practitioners,4,2021-22,workers_compensation_injury_frequency_rate,4.0373785450224275,False,False
2539,Other medical practitioners,4,2022-23,workers_compensation_injury_frequency_rate,2.7689837199706484,False,False
2539,Other medical practitioners,4,2023-24,workers_compensation_injury_frequency_rate,2.558586535373834,False,True
2541,Midwives,4,2014-15,workers_compensation_injury_frequency_rate,7.066922056994253,False,False
2541,Midwives,4,2015-16,workers_compensation_injury_frequency_rate,5.365914435317958,False,False
2541,Midwives,4,2016-17,workers_compensation_injury_frequency_rate,5.79108714103437,False,False
2541,Midwives,4,2017-18,workers_compensation_injury_frequency_rate,5.739282273072513,False,False
2541,Midwives,4,2018-19,workers_compensation_injury_frequency_rate,5.483811275712382,False,False
2541,Midwives,4,2019-20,workers_compensation_injury_frequency_rate,5.991530644464629,False,False
2541,Midwives,4,2020-21,workers_compensation_injury_frequency_rate,6.599926182888805,False,False
2541,Midwives,4,2021-22,workers_compensation_injury_frequency_rate,7.246522711276849,False,False
2541,Midwives,4,2022-23,workers_compensation_injury_frequency_rate,8.181491583353456,False,False
2541,Midwives,4,2023-24,workers_compensation_injury_frequency_rate,6.80113404456027,False,True
2542,Nurse educators and researchers,4,2014-15,workers_compensation_injury_frequency_rate,11.109246918523622,False,False
2542,Nurse educators and researchers,4,2015-16,workers_compensation_injury_frequency_rate,9.390816136749322,False,False
2542,Nurse educators and researchers,4,2016-17,workers_compensation_injury_frequency_rate,7.97773352891587,False,False
2542,Nurse educators and researchers,4,2017-18,workers_compensation_injury_frequency_rate,13.58988957277932,False,False
2542,Nurse educators and researchers,4,2018-19,workers_compensation_injury_frequency_rate,9.87802314005158,False,False
2542,Nurse educators and researchers,4,2019-20,workers_compensation_injury_frequency_rate,7.625270303884832,False,False
2542,Nurse educators and researchers,4,2020-21,workers_compensation_injury_frequency_rate,4.884925649624919,False,False
2542,Nurse educators and researchers,4,2021-22,workers_compensation_injury_frequency_rate,7.361099936108289,False,False
2542,Nurse educators and researchers,4,2022-23,workers_compensation_injury_frequency_rate,10.283557313877509,False,False
2542,Nurse educators and researchers,4,2023-24,workers_compensation_injury_frequency_rate,8.34369740473201,False,True
2543,Nurse managers,4,2014-15,workers_compensation_injury_frequency_rate,5.09473106999598,False,False
2543,Nurse managers,4,2015-16,workers_compensation_injury_frequency_rate,3.788772661145263,False,False
2543,Nurse managers,4,2016-17,workers_compensation_injury_frequency_rate,3.7498527268511666,False,False
2543,Nurse managers,4,2017-18,workers_compensation_injury_frequency_rate,3.232896515197472,False,False
2543,Nurse managers,4,2018-19,workers_compensation_injury_frequency_rate,3.7539552706089676,False,False
2543,Nurse managers,4,2019-20,workers_compensation_injury_frequency_rate,5.038067546953027,False,False
2543,Nurse managers,4,2020-21,workers_compensation_injury_frequency_rate,4.174949304918715,False,False
2543,Nurse managers,4,2021-22,workers_compensation_injury_frequency_rate,4.686141800629361,False,False
2543,Nurse managers,4,2022-23,workers_compensation_injury_frequency_rate,5.475392014786863,False,False
2543,Nurse managers,4,2023-24,workers_compensation_injury_frequency_rate,4.142523450244131,False,True
2544,Registered nurses,4,2014-15,workers_compensation_injury_frequency_rate,10.540120179494007,False,False
2544,Registered nurses,4,2015-16,workers_compensation_injury_frequency_rate,7.918315233602617,False,False
2544,Registered nurses,4,2016-17,workers_compensation_injury_frequency_rate,8.21722355345162,False,False
2544,Registered nurses,4,2017-18,workers_compensation_injury_frequency_rate,8.462862777330015,False,False
2544,Registered nurses,4,2018-19,workers_compensation_injury_frequency_rate,9.37208482027841,False,False
2544,Registered nurses,4,2019-20,workers_compensation_injury_frequency_rate,8.671797280396547,False,False
2544,Registered nurses,4,2020-21,workers_compensation_injury_frequency_rate,11.55039533931573,False,False
2544,Registered nurses,4,2021-22,workers_compensation_injury_frequency_rate,11.588333752088376,False,False
2544,Registered nurses,4,2022-23,workers_compensation_injury_frequency_rate,11.001816508293167,False,False
2544,Registered nurses,4,2023-24,workers_compensation_injury_frequency_rate,10.96896753196644,False,True
2611,ICT business and systems analysts,4,2014-15,workers_compensation_injury_frequency_rate,1.024549532755482,False,False
2611,ICT business and systems analysts,4,2015-16,workers_compensation_injury_frequency_rate,0.5698851667171451,False,False
2611,ICT business and systems analysts,4,2016-17,workers_compensation_injury_frequency_rate,0.7041018096572061,False,False
2611,ICT business and systems analysts,4,2017-18,workers_compensation_injury_frequency_rate,0.525119807170239,False,False
2611,ICT business and systems analysts,4,2018-19,workers_compensation_injury_frequency_rate,0.38125669175340265,False,False
2611,ICT business and systems analysts,4,2019-20,workers_compensation_injury_frequency_rate,0.5992611341235604,False,False
2611,ICT business and systems analysts,4,2020-21,workers_compensation_injury_frequency_rate,0.49423165818254694,False,False
2611,ICT business and systems analysts,4,2021-22,workers_compensation_injury_frequency_rate,0.3209488670642568,False,False
2611,ICT business and systems analysts,4,2022-23,workers_compensation_injury_frequency_rate,0.40128690227794706,False,False
2611,ICT business and systems analysts,4,2023-24,workers_compensation_injury_frequency_rate,0.4332828409082688,False,True
2612,Multimedia specialists and web developers,4,2014-15,workers_compensation_injury_frequency_rate,0.47467877828051674,False,False
2612,Multimedia specialists and web developers,4,2015-16,workers_compensation_injury_frequency_rate,0.6490258599599226,False,False
2612,Multimedia specialists and web developers,4,2016-17,workers_compensation_injury_frequency_rate,,True,False
2612,Multimedia specialists and web developers,4,2017-18,workers_compensation_injury_frequency_rate,,True,False
2612,Multimedia specialists and web developers,4,2018-19,workers_compensation_injury_frequency_rate,0.5112775251361844,False,False
2612,Multimedia specialists and web developers,4,2019-20,workers_compensation_injury_frequency_rate,0.46182649789869207,False,False
2612,Multimedia specialists and web developers,4,2020-21,workers_compensation_injury_frequency_rate,,True,False
2612,Multimedia specialists and web developers,4,2021-22,workers_compensation_injury_frequency_rate,0.23331031650836428,False,False
2612,Multimedia specialists and web developers,4,2022-23,workers_compensation_injury_frequency_rate,,True,False
2612,Multimedia specialists and web developers,4,2023-24,workers_compensation_injury_frequency_rate,0.33366321381492625,False,True
2613,Software and applications programmers,4,2014-15,workers_compensation_injury_frequency_rate,0.3063514301169875,False,False
2613,Software and applications programmers,4,2015-16,workers_compensation_injury_frequency_rate,0.29659469621070683,False,False
2613,Software and applications programmers,4,2016-17,workers_compensation_injury_frequency_rate,0.2814002989661163,False,False
2613,Software and applications programmers,4,2017-18,workers_compensation_injury_frequency_rate,0.21297506447888262,False,False
2613,Software and applications programmers,4,2018-19,workers_compensation_injury_frequency_rate,0.25757514882687055,False,False
2613,Software and applications programmers,4,2019-20,workers_compensation_injury_frequency_rate,0.23902542825858478,False,False
2613,Software and applications programmers,4,2020-21,workers_compensation_injury_frequency_rate,0.10477721503756084,False,False
2613,Software and applications programmers,4,2021-22,workers_compensation_injury_frequency_rate,0.09578532363270836,False,False
2613,Software and applications programmers,4,2022-23,workers_compensation_injury_frequency_rate,0.1864638693422235,False,False
2613,Software and applications programmers,4,2023-24,workers_compensation_injury_frequency_rate,0.18463168484774012,False,True
2621,"Database and systems administrators, and ICT security specialists",4,2014-15,workers_compensation_injury_frequency_rate,0.902580062416019,False,False
2621,"Database and systems administrators, and ICT security specialists",4,2015-16,workers_compensation_injury_frequency_rate,0.6893387246014308,False,False
2621,"Database and systems administrators, and ICT security specialists",4,2016-17,workers_compensation_injury_frequency_rate,0.5468764203480974,False,False
2621,"Database and systems administrators, and ICT security specialists",4,2017-18,workers_compensation_injury_frequency_rate,0.665705807217172,False,False
2621,"Database and systems administrators, and ICT security specialists",4,2018-19,workers_compensation_injury_frequency_rate,0.5757982033795679,False,False
2621,"Database and systems administrators, and ICT security specialists",4,2019-20,workers_compensation_injury_frequency_rate,0.6465647258979286,False,False
2621,"Database and systems administrators, and ICT security specialists",4,2020-21,workers_compensation_injury_frequency_rate,0.401859988772556,False,False
2621,"Database and systems administrators, and ICT security specialists",4,2021-22,workers_compensation_injury_frequency_rate,0.3397669841662063,False,False
2621,"Database and systems administrators, and ICT security specialists",4,2022-23,workers_compensation_injury_frequency_rate,0.4488875521268651,False,False
2621,"Database and systems administrators, and ICT security specialists",4,2023-24,workers_compensation_injury_frequency_rate,0.43495401053386995,False,True
2631,Computer network professionals,4,2014-15,workers_compensation_injury_frequency_rate,1.0374442836622786,False,False
2631,Computer network professionals,4,2015-16,workers_compensation_injury_frequency_rate,1.1961138271646188,False,False
2631,Computer network professionals,4,2016-17,workers_compensation_injury_frequency_rate,1.1256290535346938,False,False
2631,Computer network professionals,4,2017-18,workers_compensation_injury_frequency_rate,0.8331442522930077,False,False
2631,Computer network professionals,4,2018-19,workers_compensation_injury_frequency_rate,0.8946828804315241,False,False
2631,Computer network professionals,4,2019-20,workers_compensation_injury_frequency_rate,1.152139390816918,False,False
2631,Computer network professionals,4,2020-21,workers_compensation_injury_frequency_rate,0.7447449651811219,False,False
2631,Computer network professionals,4,2021-22,workers_compensation_injury_frequency_rate,0.5735966268024998,False,False
2631,Computer network professionals,4,2022-23,workers_compensation_injury_frequency_rate,0.6083320201371173,False,False
2631,Computer network professionals,4,2023-24,workers_compensation_injury_frequency_rate,0.6071675931631673,False,True
2632,ICT support and test engineers,4,2014-15,workers_compensation_injury_frequency_rate,0.9478925230652363,False,False
2632,ICT support and test engineers,4,2015-16,workers_compensation_injury_frequency_rate,1.5262649385971623,False,False
2632,ICT support and test engineers,4,2016-17,workers_compensation_injury_frequency_rate,1.4443649216462282,False,False
2632,ICT support and test engineers,4,2017-18,workers_compensation_injury_frequency_rate,1.318985532971067,False,False
2632,ICT support and test engineers,4,2018-19,workers_compensation_injury_frequency_rate,0.9314992283582891,False,False
2632,ICT support and test engineers,4,2019-20,workers_compensation_injury_frequency_rate,1.0660970253071858,False,False
2632,ICT support and test engineers,4,2020-21,workers_compensation_injury_frequency_rate,0.4908332710351003,False,False
2632,ICT support and test engineers,4,2021-22,workers_compensation_injury_frequency_rate,0.6443916068698698,False,False
2632,ICT support and test engineers,4,2022-23,workers_compensation_injury_frequency_rate,0.6311663532226133,False,False
2632,ICT support and test engineers,4,2023-24,workers_compensation_injury_frequency_rate,1.5908096930897437,False,True
2633,Telecommunications engineering professionals,4,2014-15,workers_compensation_injury_frequency_rate,0.6216473016782754,False,False
2633,Telecommunications engineering professionals,4,2015-16,workers_compensation_injury_frequency_rate,0.6878465760394926,False,False
2633,Telecommunications engineering professionals,4,2016-17,workers_compensation_injury_frequency_rate,0.7586040019274328,False,False
2633,Telecommunications engineering professionals,4,2017-18,workers_compensation_injury_frequency_rate,0.551400172249469,False,False
2633,Telecommunications engineering professionals,4,2018-19,workers_compensation_injury_frequency_rate,0.5966600921154402,False,False
2633,Telecommunications engineering professionals,4,2019-20,workers_compensation_injury_frequency_rate,0.3271636000991348,False,False
2633,Telecommunications engineering professionals,4,2020-21,workers_compensation_injury_frequency_rate,0.33020646787926594,False,False
2633,Telecommunications engineering professionals,4,2021-22,workers_compensation_injury_frequency_rate,0.24633414279275312,False,False
2633,Telecommunications engineering professionals,4,2022-23,workers_compensation_injury_frequency_rate,0.3670422751625505,False,False
2633,Telecommunications engineering professionals,4,2023-24,workers_compensation_injury_frequency_rate,0.39850290490090645,False,True
2711,Barristers,4,2014-15,workers_compensation_injury_frequency_rate,1.0663002397539203,False,False
2711,Barristers,4,2015-16,workers_compensation_injury_frequency_rate,2.5597097504506747,False,False
2711,Barristers,4,2016-17,workers_compensation_injury_frequency_rate,1.7747390878163642,False,False
2711,Barristers,4,2017-18,workers_compensation_injury_frequency_rate,0.7603520413318922,False,False
2711,Barristers,4,2018-19,workers_compensation_injury_frequency_rate,1.8482216860403706,False,False
2711,Barristers,4,2019-20,workers_compensation_injury_frequency_rate,1.0161397175273967,False,False
2711,Barristers,4,2020-21,workers_compensation_injury_frequency_rate,0.9343961408131349,False,False
2711,Barristers,4,2021-22,workers_compensation_injury_frequency_rate,1.6393902077800409,False,False
2711,Barristers,4,2022-23,workers_compensation_injury_frequency_rate,2.1928901968021615,False,False
2711,Barristers,4,2023-24,workers_compensation_injury_frequency_rate,2.4168795196612396,False,True
2712,Judicial and other legal professionals,4,2014-15,workers_compensation_injury_frequency_rate,2.186661344730928,False,False
2712,Judicial and other legal professionals,4,2015-16,workers_compensation_injury_frequency_rate,1.5796229865556843,False,False
2712,Judicial and other legal professionals,4,2016-17,workers_compensation_injury_frequency_rate,1.499528562830266,False,False
2712,Judicial and other legal professionals,4,2017-18,workers_compensation_injury_frequency_rate,2.603685585694852,False,False
2712,Judicial and other legal professionals,4,2018-19,workers_compensation_injury_frequency_rate,2.238077485440383,False,False
2712,Judicial and other legal professionals,4,2019-20,workers_compensation_injury_frequency_rate,2.6317139162565693,False,False
2712,Judicial and other legal professionals,4,2020-21,workers_compensation_injury_frequency_rate,2.9574630132529114,False,False
2712,Judicial and other legal professionals,4,2021-22,workers_compensation_injury_frequency_rate,2.0205778315437333,False,False
2712,Judicial and other legal professionals,4,2022-23,workers_compensation_injury_frequency_rate,2.873630789025565,False,False
2712,Judicial and other legal professionals,4,2023-24,workers_compensation_injury_frequency_rate,2.330343058494726,False,True
2713,Solicitors,4,2014-15,workers_compensation_injury_frequency_rate,0.5260928368389962,False,False
2713,Solicitors,4,2015-16,workers_compensation_injury_frequency_rate,0.37926652071237454,False,False
2713,Solicitors,4,2016-17,workers_compensation_injury_frequency_rate,0.3651142744782978,False,False
2713,Solicitors,4,2017-18,workers_compensation_injury_frequency_rate,0.3232624346890057,False,False
2713,Solicitors,4,2018-19,workers_compensation_injury_frequency_rate,0.2920425014728642,False,False
2713,Solicitors,4,2019-20,workers_compensation_injury_frequency_rate,0.43451276347056317,False,False
2713,Solicitors,4,2020-21,workers_compensation_injury_frequency_rate,0.3710484629352363,False,False
2713,Solicitors,4,2021-22,workers_compensation_injury_frequency_rate,0.2558770463485751,False,False
2713,Solicitors,4,2022-23,workers_compensation_injury_frequency_rate,0.3736022845850601,False,False
2713,Solicitors,4,2023-24,workers_compensation_injury_frequency_rate,0.41514215616803113,False,True
2721,Counsellors,4,2014-15,workers_compensation_injury_frequency_rate,4.308751562805875,False,False
2721,Counsellors,4,2015-16,workers_compensation_injury_frequency_rate,4.215322422266546,False,False
2721,Counsellors,4,2016-17,workers_compensation_injury_frequency_rate,3.177550716080692,False,False
2721,Counsellors,4,2017-18,workers_compensation_injury_frequency_rate,3.0707144351691995,False,False
2721,Counsellors,4,2018-19,workers_compensation_injury_frequency_rate,3.6788479692772196,False,False
2721,Counsellors,4,2019-20,workers_compensation_injury_frequency_rate,2.759961894261295,False,False
2721,Counsellors,4,2020-21,workers_compensation_injury_frequency_rate,3.0360672772814095,False,False
2721,Counsellors,4,2021-22,workers_compensation_injury_frequency_rate,3.1491862676897524,False,False
2721,Counsellors,4,2022-23,workers_compensation_injury_frequency_rate,3.513279348316353,False,False
2721,Counsellors,4,2023-24,workers_compensation_injury_frequency_rate,3.7872680307598308,False,True
2722,Ministers of religion,4,2014-15,workers_compensation_injury_frequency_rate,1.4237675005260155,False,False
2722,Ministers of religion,4,2015-16,workers_compensation_injury_frequency_rate,1.259347898537051,False,False
2722,Ministers of religion,4,2016-17,workers_compensation_injury_frequency_rate,0.9749032877885214,False,False
2722,Ministers of religion,4,2017-18,workers_compensation_injury_frequency_rate,1.207288969506353,False,False
2722,Ministers of religion,4,2018-19,workers_compensation_injury_frequency_rate,1.42146790939633,False,False
2722,Ministers of religion,4,2019-20,workers_compensation_injury_frequency_rate,1.4913062932801773,False,False
2722,Ministers of religion,4,2020-21,workers_compensation_injury_frequency_rate,1.0515938773290128,False,False
2722,Ministers of religion,4,2021-22,workers_compensation_injury_frequency_rate,1.5649283259379072,False,False
2722,Ministers of religion,4,2022-23,workers_compensation_injury_frequency_rate,1.3826277068457216,False,False
2722,Ministers of religion,4,2023-24,workers_compensation_injury_frequency_rate,1.7766400990751496,False,True
2723,Psychologists,4,2014-15,workers_compensation_injury_frequency_rate,1.5147807355199256,False,False
2723,Psychologists,4,2015-16,workers_compensation_injury_frequency_rate,1.7786778339819822,False,False
2723,Psychologists,4,2016-17,workers_compensation_injury_frequency_rate,1.373994140120478,False,False
2723,Psychologists,4,2017-18,workers_compensation_injury_frequency_rate,1.272536499849493,False,False
2723,Psychologists,4,2018-19,workers_compensation_injury_frequency_rate,2.104438881780472,False,False
2723,Psychologists,4,2019-20,workers_compensation_injury_frequency_rate,1.8258366959944141,False,False
2723,Psychologists,4,2020-21,workers_compensation_injury_frequency_rate,1.64838027027304,False,False
2723,Psychologists,4,2021-22,workers_compensation_injury_frequency_rate,1.338964092859406,False,False
2723,Psychologists,4,2022-23,workers_compensation_injury_frequency_rate,1.72111192492214,False,False
2723,Psychologists,4,2023-24,workers_compensation_injury_frequency_rate,1.42885686373021,False,True
2724,Social professionals,4,2014-15,workers_compensation_injury_frequency_rate,6.477586298479163,False,False
2724,Social professionals,4,2015-16,workers_compensation_injury_frequency_rate,6.003191431088748,False,False
2724,Social professionals,4,2016-17,workers_compensation_injury_frequency_rate,4.010948238355665,False,False
2724,Social professionals,4,2017-18,workers_compensation_injury_frequency_rate,4.695900551966808,False,False
2724,Social professionals,4,2018-19,workers_compensation_injury_frequency_rate,3.5904064282991768,False,False
2724,Social professionals,4,2019-20,workers_compensation_injury_frequency_rate,5.440404573018011,False,False
2724,Social professionals,4,2020-21,workers_compensation_injury_frequency_rate,5.0177367536926605,False,False
2724,Social professionals,4,2021-22,workers_compensation_injury_frequency_rate,5.560699751421907,False,False
2724,Social professionals,4,2022-23,workers_compensation_injury_frequency_rate,8.909273174066042,False,False
2724,Social professionals,4,2023-24,workers_compensation_injury_frequency_rate,8.028847918707148,False,True
2725,Social workers,4,2014-15,workers_compensation_injury_frequency_rate,5.9767032573289,False,False
2725,Social workers,4,2015-16,workers_compensation_injury_frequency_rate,6.460526845852568,False,False
2725,Social workers,4,2016-17,workers_compensation_injury_frequency_rate,6.069242211725821,False,False
2725,Social workers,4,2017-18,workers_compensation_injury_frequency_rate,5.087488434601867,False,False
2725,Social workers,4,2018-19,workers_compensation_injury_frequency_rate,5.531309035339676,False,False
2725,Social workers,4,2019-20,workers_compensation_injury_frequency_rate,6.657239310225361,False,False
2725,Social workers,4,2020-21,workers_compensation_injury_frequency_rate,5.378969357023269,False,False
2725,Social workers,4,2021-22,workers_compensation_injury_frequency_rate,6.0223131766247935,False,False
2725,Social workers,4,2022-23,workers_compensation_injury_frequency_rate,6.035311006799199,False,False
2725,Social workers,4,2023-24,workers_compensation_injury_frequency_rate,6.273597128439963,False,True
2726,"Welfare, recreation and community arts workers",4,2014-15,workers_compensation_injury_frequency_rate,8.62438452584734,False,False
2726,"Welfare, recreation and community arts workers",4,2015-16,workers_compensation_injury_frequency_rate,7.129956337927703,False,False
2726,"Welfare, recreation and community arts workers",4,2016-17,workers_compensation_injury_frequency_rate,7.40045282294749,False,False
2726,"Welfare, recreation and community arts workers",4,2017-18,workers_compensation_injury_frequency_rate,5.448989993783713,False,False
2726,"Welfare, recreation and community arts workers",4,2018-19,workers_compensation_injury_frequency_rate,7.868523291531398,False,False
2726,"Welfare, recreation and community arts workers",4,2019-20,workers_compensation_injury_frequency_rate,8.462974981489056,False,False
2726,"Welfare, recreation and community arts workers",4,2020-21,workers_compensation_injury_frequency_rate,7.9484342734410225,False,False
2726,"Welfare, recreation and community arts workers",4,2021-22,workers_compensation_injury_frequency_rate,7.777267384504466,False,False
2726,"Welfare, recreation and community arts workers",4,2022-23,workers_compensation_injury_frequency_rate,9.592654804426706,False,False
2726,"Welfare, recreation and community arts workers",4,2023-24,workers_compensation_injury_frequency_rate,11.490707902211172,False,True
3111,Agricultural technicians,4,2014-15,workers_compensation_injury_frequency_rate,7.746762648720959,False,False
3111,Agricultural technicians,4,2015-16,workers_compensation_injury_frequency_rate,5.7546912512858945,False,False
3111,Agricultural technicians,4,2016-17,workers_compensation_injury_frequency_rate,6.548784238753382,False,False
3111,Agricultural technicians,4,2017-18,workers_compensation_injury_frequency_rate,15.681230758515166,False,False
3111,Agricultural technicians,4,2018-19,workers_compensation_injury_frequency_rate,6.813547741954355,False,False
3111,Agricultural technicians,4,2019-20,workers_compensation_injury_frequency_rate,9.538445602515324,False,False
3111,Agricultural technicians,4,2020-21,workers_compensation_injury_frequency_rate,12.927345775714562,False,False
3111,Agricultural technicians,4,2021-22,workers_compensation_injury_frequency_rate,10.435848441982264,False,False
3111,Agricultural technicians,4,2022-23,workers_compensation_injury_frequency_rate,8.955092040681857,False,False
3111,Agricultural technicians,4,2023-24,workers_compensation_injury_frequency_rate,12.909662013747159,False,True
3112,Medical technicians,4,2014-15,workers_compensation_injury_frequency_rate,8.925922533622945,False,False
3112,Medical technicians,4,2015-16,workers_compensation_injury_frequency_rate,5.4974174477867175,False,False
3112,Medical technicians,4,2016-17,workers_compensation_injury_frequency_rate,6.679627792168341,False,False
3112,Medical technicians,4,2017-18,workers_compensation_injury_frequency_rate,8.010695254480906,False,False
3112,Medical technicians,4,2018-19,workers_compensation_injury_frequency_rate,5.889221309208959,False,False
3112,Medical technicians,4,2019-20,workers_compensation_injury_frequency_rate,6.925038111934347,False,False
3112,Medical technicians,4,2020-21,workers_compensation_injury_frequency_rate,6.400997392841934,False,False
3112,Medical technicians,4,2021-22,workers_compensation_injury_frequency_rate,7.109499207957045,False,False
3112,Medical technicians,4,2022-23,workers_compensation_injury_frequency_rate,8.518026922875507,False,False
3112,Medical technicians,4,2023-24,workers_compensation_injury_frequency_rate,7.0004680455973975,False,True
3113,Primary products inspectors,4,2014-15,workers_compensation_injury_frequency_rate,9.156886601739242,False,False
3113,Primary products inspectors,4,2015-16,workers_compensation_injury_frequency_rate,6.174653864026022,False,False
3113,Primary products inspectors,4,2016-17,workers_compensation_injury_frequency_rate,6.879322582580325,False,False
3113,Primary products inspectors,4,2017-18,workers_compensation_injury_frequency_rate,5.804889267527063,False,False
3113,Primary products inspectors,4,2018-19,workers_compensation_injury_frequency_rate,4.774797394000545,False,False
3113,Primary products inspectors,4,2019-20,workers_compensation_injury_frequency_rate,3.021365061701054,False,False
3113,Primary products inspectors,4,2020-21,workers_compensation_injury_frequency_rate,2.454120400644093,False,False
3113,Primary products inspectors,4,2021-22,workers_compensation_injury_frequency_rate,10.613623781511508,False,False
3113,Primary products inspectors,4,2022-23,workers_compensation_injury_frequency_rate,8.38460335365617,False,False
3113,Primary products inspectors,4,2023-24,workers_compensation_injury_frequency_rate,5.11634952639684,False,True
3114,Science technicians,4,2014-15,workers_compensation_injury_frequency_rate,5.996683993801417,False,False
3114,Science technicians,4,2015-16,workers_compensation_injury_frequency_rate,3.9072015429774845,False,False
3114,Science technicians,4,2016-17,workers_compensation_injury_frequency_rate,5.185256229039506,False,False
3114,Science technicians,4,2017-18,workers_compensation_injury_frequency_rate,3.7927054273602145,False,False
3114,Science technicians,4,2018-19,workers_compensation_injury_frequency_rate,5.511973355509277,False,False
3114,Science technicians,4,2019-20,workers_compensation_injury_frequency_rate,4.508130621876403,False,False
3114,Science technicians,4,2020-21,workers_compensation_injury_frequency_rate,4.961396157281371,False,False
3114,Science technicians,4,2021-22,workers_compensation_injury_frequency_rate,4.3805874116978005,False,False
3114,Science technicians,4,2022-23,workers_compensation_injury_frequency_rate,4.717061841450309,False,False
3114,Science technicians,4,2023-24,workers_compensation_injury_frequency_rate,5.923558303687483,False,True
3121,"Architectural, building and surveying technicians",4,2014-15,workers_compensation_injury_frequency_rate,1.1674950606371703,False,False
3121,"Architectural, building and surveying technicians",4,2015-16,workers_compensation_injury_frequency_rate,1.2582210165740937,False,False
3121,"Architectural, building and surveying technicians",4,2016-17,workers_compensation_injury_frequency_rate,1.2089335945230648,False,False
3121,"Architectural, building and surveying technicians",4,2017-18,workers_compensation_injury_frequency_rate,1.4002227828169562,False,False
3121,"Architectural, building and surveying technicians",4,2018-19,workers_compensation_injury_frequency_rate,1.3253897626334608,False,False
3121,"Architectural, building and surveying technicians",4,2019-20,workers_compensation_injury_frequency_rate,1.1866157474694923,False,False
3121,"Architectural, building and surveying technicians",4,2020-21,workers_compensation_injury_frequency_rate,1.0578233963634094,False,False
3121,"Architectural, building and surveying technicians",4,2021-22,workers_compensation_injury_frequency_rate,1.5739568967819566,False,False
3121,"Architectural, building and surveying technicians",4,2022-23,workers_compensation_injury_frequency_rate,2.2164498222599263,False,False
3121,"Architectural, building and surveying technicians",4,2023-24,workers_compensation_injury_frequency_rate,2.024217309643819,False,True
3122,Civil engineering draftspersons and technicians,4,2014-15,workers_compensation_injury_frequency_rate,1.9263225794345702,False,False
3122,Civil engineering draftspersons and technicians,4,2015-16,workers_compensation_injury_frequency_rate,2.153956772481385,False,False
3122,Civil engineering draftspersons and technicians,4,2016-17,workers_compensation_injury_frequency_rate,1.5266053884729511,False,False
3122,Civil engineering draftspersons and technicians,4,2017-18,workers_compensation_injury_frequency_rate,1.7351567189284636,False,False
3122,Civil engineering draftspersons and technicians,4,2018-19,workers_compensation_injury_frequency_rate,2.181383331707251,False,False
3122,Civil engineering draftspersons and technicians,4,2019-20,workers_compensation_injury_frequency_rate,1.49067047290339,False,False
3122,Civil engineering draftspersons and technicians,4,2020-21,workers_compensation_injury_frequency_rate,2.263935550356424,False,False
3122,Civil engineering draftspersons and technicians,4,2021-22,workers_compensation_injury_frequency_rate,1.802482018104883,False,False
3122,Civil engineering draftspersons and technicians,4,2022-23,workers_compensation_injury_frequency_rate,1.9672302370854637,False,False
3122,Civil engineering draftspersons and technicians,4,2023-24,workers_compensation_injury_frequency_rate,2.739180329994042,False,True
3123,Electrical engineering draftspersons and technicians,4,2014-15,workers_compensation_injury_frequency_rate,3.7678881865113945,False,False
3123,Electrical engineering draftspersons and technicians,4,2015-16,workers_compensation_injury_frequency_rate,2.374421656702522,False,False
3123,Electrical engineering draftspersons and technicians,4,2016-17,workers_compensation_injury_frequency_rate,3.955082733249027,False,False
3123,Electrical engineering draftspersons and technicians,4,2017-18,workers_compensation_injury_frequency_rate,4.4383196012214325,False,False
3123,Electrical engineering draftspersons and technicians,4,2018-19,workers_compensation_injury_frequency_rate,4.531554259613375,False,False
3123,Electrical engineering draftspersons and technicians,4,2019-20,workers_compensation_injury_frequency_rate,2.4792856265330387,False,False
3123,Electrical engineering draftspersons and technicians,4,2020-21,workers_compensation_injury_frequency_rate,3.040715542012217,False,False
3123,Electrical engineering draftspersons and technicians,4,2021-22,workers_compensation_injury_frequency_rate,4.657971532251264,False,False
3123,Electrical engineering draftspersons and technicians,4,2022-23,workers_compensation_injury_frequency_rate,4.321230778844079,False,False
3123,Electrical engineering draftspersons and technicians,4,2023-24,workers_compensation_injury_frequency_rate,2.876921790032792,False,True
3124,Electronic engineering draftspersons and technicians,4,2014-15,workers_compensation_injury_frequency_rate,3.583300079892483,False,False
3124,Electronic engineering draftspersons and technicians,4,2015-16,workers_compensation_injury_frequency_rate,3.030530426937574,False,False
3124,Electronic engineering draftspersons and technicians,4,2016-17,workers_compensation_injury_frequency_rate,3.5054608147042954,False,False
3124,Electronic engineering draftspersons and technicians,4,2017-18,workers_compensation_injury_frequency_rate,2.8887358603873556,False,False
3124,Electronic engineering draftspersons and technicians,4,2018-19,workers_compensation_injury_frequency_rate,2.3229131825529983,False,False
3124,Electronic engineering draftspersons and technicians,4,2019-20,workers_compensation_injury_frequency_rate,2.48766722808036,False,False
3124,Electronic engineering draftspersons and technicians,4,2020-21,workers_compensation_injury_frequency_rate,2.7720840343445854,False,False
3124,Electronic engineering draftspersons and technicians,4,2021-22,workers_compensation_injury_frequency_rate,3.4292273564452063,False,False
3124,Electronic engineering draftspersons and technicians,4,2022-23,workers_compensation_injury_frequency_rate,3.079358427883353,False,False
3124,Electronic engineering draftspersons and technicians,4,2023-24,workers_compensation_injury_frequency_rate,4.012120988059329,False,True
3125,Mechanical engineering draftspersons and technicians,4,2014-15,workers_compensation_injury_frequency_rate,14.505688195598932,False,False
3125,Mechanical engineering draftspersons and technicians,4,2015-16,workers_compensation_injury_frequency_rate,17.503452424726497,False,False
3125,Mechanical engineering draftspersons and technicians,4,2016-17,workers_compensation_injury_frequency_rate,15.641694062687725,False,False
3125,Mechanical engineering draftspersons and technicians,4,2017-18,workers_compensation_injury_frequency_rate,13.611358021446257,False,False
3125,Mechanical engineering draftspersons and technicians,4,2018-19,workers_compensation_injury_frequency_rate,11.405959026075704,False,False
3125,Mechanical engineering draftspersons and technicians,4,2019-20,workers_compensation_injury_frequency_rate,14.856896148916391,False,False
3125,Mechanical engineering draftspersons and technicians,4,2020-21,workers_compensation_injury_frequency_rate,13.093817518230663,False,False
3125,Mechanical engineering draftspersons and technicians,4,2021-22,workers_compensation_injury_frequency_rate,15.211155020943453,False,False
3125,Mechanical engineering draftspersons and technicians,4,2022-23,workers_compensation_injury_frequency_rate,11.784710308975184,False,False
3125,Mechanical engineering draftspersons and technicians,4,2023-24,workers_compensation_injury_frequency_rate,12.111834694248161,False,True
3126,Safety inspectors,4,2014-15,workers_compensation_injury_frequency_rate,5.054711398265851,False,False
3126,Safety inspectors,4,2015-16,workers_compensation_injury_frequency_rate,6.10306748576954,False,False
3126,Safety inspectors,4,2016-17,workers_compensation_injury_frequency_rate,14.337193854977661,False,False
3126,Safety inspectors,4,2017-18,workers_compensation_injury_frequency_rate,5.915835686152122,False,False
3126,Safety inspectors,4,2018-19,workers_compensation_injury_frequency_rate,7.004717618179761,False,False
3126,Safety inspectors,4,2019-20,workers_compensation_injury_frequency_rate,9.359551912082114,False,False
3126,Safety inspectors,4,2020-21,workers_compensation_injury_frequency_rate,8.068823642850393,False,False
3126,Safety inspectors,4,2021-22,workers_compensation_injury_frequency_rate,5.582441308571236,False,False
3126,Safety inspectors,4,2022-23,workers_compensation_injury_frequency_rate,8.829422677489752,False,False
3126,Safety inspectors,4,2023-24,workers_compensation_injury_frequency_rate,6.095472453044315,False,True
3129,Other building and engineering technicians,4,2014-15,workers_compensation_injury_frequency_rate,4.159610769020351,False,False
3129,Other building and engineering technicians,4,2015-16,workers_compensation_injury_frequency_rate,3.190283995560564,False,False
3129,Other building and engineering technicians,4,2016-17,workers_compensation_injury_frequency_rate,4.959395463787191,False,False
3129,Other building and engineering technicians,4,2017-18,workers_compensation_injury_frequency_rate,5.060461375924346,False,False
3129,Other building and engineering technicians,4,2018-19,workers_compensation_injury_frequency_rate,4.090366864616251,False,False
3129,Other building and engineering technicians,4,2019-20,workers_compensation_injury_frequency_rate,3.793831764656026,False,False
3129,Other building and engineering technicians,4,2020-21,workers_compensation_injury_frequency_rate,2.573817299510086,False,False
3129,Other building and engineering technicians,4,2021-22,workers_compensation_injury_frequency_rate,3.257856855355423,False,False
3129,Other building and engineering technicians,4,2022-23,workers_compensation_injury_frequency_rate,3.5318397189645343,False,False
3129,Other building and engineering technicians,4,2023-24,workers_compensation_injury_frequency_rate,3.9884677130290354,False,True
3131,ICT support technicians,4,2014-15,workers_compensation_injury_frequency_rate,1.2438842955232021,False,False
3131,ICT support technicians,4,2015-16,workers_compensation_injury_frequency_rate,1.4762420178408227,False,False
3131,ICT support technicians,4,2016-17,workers_compensation_injury_frequency_rate,1.577710265888683,False,False
3131,ICT support technicians,4,2017-18,workers_compensation_injury_frequency_rate,1.2402191160929614,False,False
3131,ICT support technicians,4,2018-19,workers_compensation_injury_frequency_rate,1.1781057595636584,False,False
3131,ICT support technicians,4,2019-20,workers_compensation_injury_frequency_rate,1.3688333286787249,False,False
3131,ICT support technicians,4,2020-21,workers_compensation_injury_frequency_rate,1.1198595875593969,False,False
3131,ICT support technicians,4,2021-22,workers_compensation_injury_frequency_rate,1.025942818600983,False,False
3131,ICT support technicians,4,2022-23,workers_compensation_injury_frequency_rate,1.0889657277258487,False,False
3131,ICT support technicians,4,2023-24,workers_compensation_injury_frequency_rate,1.0286062091233437,False,True
3132,Telecommunications technical specialists,4,2014-15,workers_compensation_injury_frequency_rate,8.550967490878845,False,False
3132,Telecommunications technical specialists,4,2015-16,workers_compensation_injury_frequency_rate,3.9987012212083077,False,False
3132,Telecommunications technical specialists,4,2016-17,workers_compensation_injury_frequency_rate,5.420549408259501,False,False
3132,Telecommunications technical specialists,4,2017-18,workers_compensation_injury_frequency_rate,7.74005718939064,False,False
3132,Telecommunications technical specialists,4,2018-19,workers_compensation_injury_frequency_rate,5.204092918701933,False,False
3132,Telecommunications technical specialists,4,2019-20,workers_compensation_injury_frequency_rate,6.844603449390083,False,False
3132,Telecommunications technical specialists,4,2020-21,workers_compensation_injury_frequency_rate,10.544153679099415,False,False
3132,Telecommunications technical specialists,4,2021-22,workers_compensation_injury_frequency_rate,5.216156447841966,False,False
3132,Telecommunications technical specialists,4,2022-23,workers_compensation_injury_frequency_rate,9.755816115570605,False,False
3132,Telecommunications technical specialists,4,2023-24,workers_compensation_injury_frequency_rate,7.057723715298217,False,True
3211,Automotive electricians,4,2014-15,workers_compensation_injury_frequency_rate,5.813247617937723,False,False
3211,Automotive electricians,4,2015-16,workers_compensation_injury_frequency_rate,5.473278949628153,False,False
3211,Automotive electricians,4,2016-17,workers_compensation_injury_frequency_rate,6.6492275399752785,False,False
3211,Automotive electricians,4,2017-18,workers_compensation_injury_frequency_rate,9.491824822201831,False,False
3211,Automotive electricians,4,2018-19,workers_compensation_injury_frequency_rate,16.661876462861205,False,False
3211,Automotive electricians,4,2019-20,workers_compensation_injury_frequency_rate,11.204784731079656,False,False
3211,Automotive electricians,4,2020-21,workers_compensation_injury_frequency_rate,17.22674262600449,False,False
3211,Automotive electricians,4,2021-22,workers_compensation_injury_frequency_rate,9.77567307142615,False,False
3211,Automotive electricians,4,2022-23,workers_compensation_injury_frequency_rate,6.950864199648266,False,False
3211,Automotive electricians,4,2023-24,workers_compensation_injury_frequency_rate,4.726298465668851,False,True
3212,Motor mechanics,4,2014-15,workers_compensation_injury_frequency_rate,13.334586606679855,False,False
3212,Motor mechanics,4,2015-16,workers_compensation_injury_frequency_rate,12.203103533881507,False,False
3212,Motor mechanics,4,2016-17,workers_compensation_injury_frequency_rate,12.32773076646656,False,False
3212,Motor mechanics,4,2017-18,workers_compensation_injury_frequency_rate,10.834311077464024,False,False
3212,Motor mechanics,4,2018-19,workers_compensation_injury_frequency_rate,10.471913218231474,False,False
3212,Motor mechanics,4,2019-20,workers_compensation_injury_frequency_rate,11.865112026400084,False,False
3212,Motor mechanics,4,2020-21,workers_compensation_injury_frequency_rate,11.777435702796735,False,False
3212,Motor mechanics,4,2021-22,workers_compensation_injury_frequency_rate,10.681473116322683,False,False
3212,Motor mechanics,4,2022-23,workers_compensation_injury_frequency_rate,10.521208093922311,False,False
3212,Motor mechanics,4,2023-24,workers_compensation_injury_frequency_rate,12.250102972698365,False,True
3221,"Metal casting, forging and finishing trades workers",4,2014-15,workers_compensation_injury_frequency_rate,29.83006031670467,False,False
3221,"Metal casting, forging and finishing trades workers",4,2015-16,workers_compensation_injury_frequency_rate,60.028971444193274,False,False
3221,"Metal casting, forging and finishing trades workers",4,2016-17,workers_compensation_injury_frequency_rate,49.4661433076253,False,False
3221,"Metal casting, forging and finishing trades workers",4,2017-18,workers_compensation_injury_frequency_rate,24.571627559021277,False,False
3221,"Metal casting, forging and finishing trades workers",4,2018-19,workers_compensation_injury_frequency_rate,29.53547587145183,False,False
3221,"Metal casting, forging and finishing trades workers",4,2019-20,workers_compensation_injury_frequency_rate,40.426499312168666,False,False
3221,"Metal casting, forging and finishing trades workers",4,2020-21,workers_compensation_injury_frequency_rate,62.88937814526374,False,False
3221,"Metal casting, forging and finishing trades workers",4,2021-22,workers_compensation_injury_frequency_rate,28.138340588629656,False,False
3221,"Metal casting, forging and finishing trades workers",4,2022-23,workers_compensation_injury_frequency_rate,47.20882875448894,False,False
3221,"Metal casting, forging and finishing trades workers",4,2023-24,workers_compensation_injury_frequency_rate,23.632410228800214,False,True
3222,Sheetmetal trades workers,4,2014-15,workers_compensation_injury_frequency_rate,18.832956032948186,False,False
3222,Sheetmetal trades workers,4,2015-16,workers_compensation_injury_frequency_rate,33.082087126904476,False,False
3222,Sheetmetal trades workers,4,2016-17,workers_compensation_injury_frequency_rate,31.11109742532147,False,False
3222,Sheetmetal trades workers,4,2017-18,workers_compensation_injury_frequency_rate,29.346024759374604,False,False
3222,Sheetmetal trades workers,4,2018-19,workers_compensation_injury_frequency_rate,31.98160488929471,False,False
3222,Sheetmetal trades workers,4,2019-20,workers_compensation_injury_frequency_rate,45.028712971079834,False,False
3222,Sheetmetal trades workers,4,2020-21,workers_compensation_injury_frequency_rate,28.535197262540727,False,False
3222,Sheetmetal trades workers,4,2021-22,workers_compensation_injury_frequency_rate,28.84919223627859,False,False
3222,Sheetmetal trades workers,4,2022-23,workers_compensation_injury_frequency_rate,31.357985881783133,False,False
3222,Sheetmetal trades workers,4,2023-24,workers_compensation_injury_frequency_rate,31.78420586310025,False,True
3223,Structural steel and welding trades workers,4,2014-15,workers_compensation_injury_frequency_rate,17.23942467707525,False,False
3223,Structural steel and welding trades workers,4,2015-16,workers_compensation_injury_frequency_rate,15.01447614746499,False,False
3223,Structural steel and welding trades workers,4,2016-17,workers_compensation_injury_frequency_rate,15.331555981979475,False,False
3223,Structural steel and welding trades workers,4,2017-18,workers_compensation_injury_frequency_rate,14.067267776874173,False,False
3223,Structural steel and welding trades workers,4,2018-19,workers_compensation_injury_frequency_rate,16.943316424614423,False,False
3223,Structural steel and welding trades workers,4,2019-20,workers_compensation_injury_frequency_rate,15.520483679527754,False,False
3223,Structural steel and welding trades workers,4,2020-21,workers_compensation_injury_frequency_rate,16.723636344705263,False,False
3223,Structural steel and welding trades workers,4,2021-22,workers_compensation_injury_frequency_rate,17.608297097662998,False,False
3223,Structural steel and welding trades workers,4,2022-23,workers_compensation_injury_frequency_rate,16.950336687943878,False,False
3223,Structural steel and welding trades workers,4,2023-24,workers_compensation_injury_frequency_rate,18.383927064339645,False,True
3231,Aircraft maintenance engineers,4,2014-15,workers_compensation_injury_frequency_rate,6.6463750360209914,False,False
3231,Aircraft maintenance engineers,4,2015-16,workers_compensation_injury_frequency_rate,7.331028189882801,False,False
3231,Aircraft maintenance engineers,4,2016-17,workers_compensation_injury_frequency_rate,9.314817360077598,False,False
3231,Aircraft maintenance engineers,4,2017-18,workers_compensation_injury_frequency_rate,6.717719324246161,False,False
3231,Aircraft maintenance engineers,4,2018-19,workers_compensation_injury_frequency_rate,5.639391941728324,False,False
3231,Aircraft maintenance engineers,4,2019-20,workers_compensation_injury_frequency_rate,9.082152568679899,False,False
3231,Aircraft maintenance engineers,4,2020-21,workers_compensation_injury_frequency_rate,7.661521760718634,False,False
3231,Aircraft maintenance engineers,4,2021-22,workers_compensation_injury_frequency_rate,7.044020356225846,False,False
3231,Aircraft maintenance engineers,4,2022-23,workers_compensation_injury_frequency_rate,7.035964726902371,False,False
3231,Aircraft maintenance engineers,4,2023-24,workers_compensation_injury_frequency_rate,6.772198693085615,False,True
3232,Metal fitters and machinists,4,2014-15,workers_compensation_injury_frequency_rate,8.98643219844308,False,False
3232,Metal fitters and machinists,4,2015-16,workers_compensation_injury_frequency_rate,8.33668975769571,False,False
3232,Metal fitters and machinists,4,2016-17,workers_compensation_injury_frequency_rate,10.12687613304303,False,False
3232,Metal fitters and machinists,4,2017-18,workers_compensation_injury_frequency_rate,8.814197646665939,False,False
3232,Metal fitters and machinists,4,2018-19,workers_compensation_injury_frequency_rate,8.11730709825044,False,False
3232,Metal fitters and machinists,4,2019-20,workers_compensation_injury_frequency_rate,8.75898881783433,False,False
3232,Metal fitters and machinists,4,2020-21,workers_compensation_injury_frequency_rate,8.49915715146507,False,False
3232,Metal fitters and machinists,4,2021-22,workers_compensation_injury_frequency_rate,8.656016594465724,False,False
3232,Metal fitters and machinists,4,2022-23,workers_compensation_injury_frequency_rate,7.778930699292976,False,False
3232,Metal fitters and machinists,4,2023-24,workers_compensation_injury_frequency_rate,9.077563533245407,False,True
3233,Precision metal trades workers,4,2014-15,workers_compensation_injury_frequency_rate,4.825856467939834,False,False
3233,Precision metal trades workers,4,2015-16,workers_compensation_injury_frequency_rate,3.592502169002597,False,False
3233,Precision metal trades workers,4,2016-17,workers_compensation_injury_frequency_rate,3.1707381028367756,False,False
3233,Precision metal trades workers,4,2017-18,workers_compensation_injury_frequency_rate,5.203022995306406,False,False
3233,Precision metal trades workers,4,2018-19,workers_compensation_injury_frequency_rate,4.692085005217805,False,False
3233,Precision metal trades workers,4,2019-20,workers_compensation_injury_frequency_rate,7.347720574268063,False,False
3233,Precision metal trades workers,4,2020-21,workers_compensation_injury_frequency_rate,4.139250384337925,False,False
3233,Precision metal trades workers,4,2021-22,workers_compensation_injury_frequency_rate,4.281617511682291,False,False
3233,Precision metal trades workers,4,2022-23,workers_compensation_injury_frequency_rate,3.927642089192409,False,False
3233,Precision metal trades workers,4,2023-24,workers_compensation_injury_frequency_rate,3.873782299851416,False,True
3234,Toolmakers and engineering patternmakers,4,2014-15,workers_compensation_injury_frequency_rate,5.892704741626434,False,False
3234,Toolmakers and engineering patternmakers,4,2015-16,workers_compensation_injury_frequency_rate,3.0628565055588095,False,False
3234,Toolmakers and engineering patternmakers,4,2016-17,workers_compensation_injury_frequency_rate,4.633286985798874,False,False
3234,Toolmakers and engineering patternmakers,4,2017-18,workers_compensation_injury_frequency_rate,5.580526846191365,False,False
3234,Toolmakers and engineering patternmakers,4,2018-19,workers_compensation_injury_frequency_rate,4.740102312905924,False,False
3234,Toolmakers and engineering patternmakers,4,2019-20,workers_compensation_injury_frequency_rate,7.212407922923657,False,False
3234,Toolmakers and engineering patternmakers,4,2020-21,workers_compensation_injury_frequency_rate,9.06470154784771,False,False
3234,Toolmakers and engineering patternmakers,4,2021-22,workers_compensation_injury_frequency_rate,4.8907658501864155,False,False
3234,Toolmakers and engineering patternmakers,4,2022-23,workers_compensation_injury_frequency_rate,7.453142192475245,False,False
3234,Toolmakers and engineering patternmakers,4,2023-24,workers_compensation_injury_frequency_rate,15.450007517440689,False,True
3241,Panelbeaters,4,2014-15,workers_compensation_injury_frequency_rate,5.798824925709493,False,False
3241,Panelbeaters,4,2015-16,workers_compensation_injury_frequency_rate,8.573115915456677,False,False
3241,Panelbeaters,4,2016-17,workers_compensation_injury_frequency_rate,6.6212559838196485,False,False
3241,Panelbeaters,4,2017-18,workers_compensation_injury_frequency_rate,5.61896397905472,False,False
3241,Panelbeaters,4,2018-19,workers_compensation_injury_frequency_rate,8.072785322906833,False,False
3241,Panelbeaters,4,2019-20,workers_compensation_injury_frequency_rate,10.018036258624896,False,False
3241,Panelbeaters,4,2020-21,workers_compensation_injury_frequency_rate,8.96458288869638,False,False
3241,Panelbeaters,4,2021-22,workers_compensation_injury_frequency_rate,8.198449111350639,False,False
3241,Panelbeaters,4,2022-23,workers_compensation_injury_frequency_rate,9.142397839233125,False,False
3241,Panelbeaters,4,2023-24,workers_compensation_injury_frequency_rate,11.9964003202468,False,True
3242,Vehicle body builders and trimmers,4,2014-15,workers_compensation_injury_frequency_rate,22.701277563480588,False,False
3242,Vehicle body builders and trimmers,4,2015-16,workers_compensation_injury_frequency_rate,19.87876985291317,False,False
3242,Vehicle body builders and trimmers,4,2016-17,workers_compensation_injury_frequency_rate,13.929033708907548,False,False
3242,Vehicle body builders and trimmers,4,2017-18,workers_compensation_injury_frequency_rate,15.95839907497133,False,False
3242,Vehicle body builders and trimmers,4,2018-19,workers_compensation_injury_frequency_rate,15.800848486274377,False,False
3242,Vehicle body builders and trimmers,4,2019-20,workers_compensation_injury_frequency_rate,15.268837204115679,False,False
3242,Vehicle body builders and trimmers,4,2020-21,workers_compensation_injury_frequency_rate,15.06079780330168,False,False
3242,Vehicle body builders and trimmers,4,2021-22,workers_compensation_injury_frequency_rate,17.636637028173634,False,False
3242,Vehicle body builders and trimmers,4,2022-23,workers_compensation_injury_frequency_rate,19.711942773621985,False,False
3242,Vehicle body builders and trimmers,4,2023-24,workers_compensation_injury_frequency_rate,14.270092394553961,False,True
3243,Vehicle painters,4,2014-15,workers_compensation_injury_frequency_rate,4.435321338781385,False,False
3243,Vehicle painters,4,2015-16,workers_compensation_injury_frequency_rate,3.303184264170522,False,False
3243,Vehicle painters,4,2016-17,workers_compensation_injury_frequency_rate,4.097495438857462,False,False
3243,Vehicle painters,4,2017-18,workers_compensation_injury_frequency_rate,2.5010312182128893,False,False
3243,Vehicle painters,4,2018-19,workers_compensation_injury_frequency_rate,3.3087540554310175,False,False
3243,Vehicle painters,4,2019-20,workers_compensation_injury_frequency_rate,2.886492483467862,False,False
3243,Vehicle painters,4,2020-21,workers_compensation_injury_frequency_rate,4.141078158083146,False,False
3243,Vehicle painters,4,2021-22,workers_compensation_injury_frequency_rate,4.439607068333905,False,False
3243,Vehicle painters,4,2022-23,workers_compensation_injury_frequency_rate,4.631212015795398,False,False
3243,Vehicle painters,4,2023-24,workers_compensation_injury_frequency_rate,5.6264007777082705,False,True
3311,Bricklayers and stonemasons,4,2014-15,workers_compensation_injury_frequency_rate,12.375760443040859,False,False
3311,Bricklayers and stonemasons,4,2015-16,workers_compensation_injury_frequency_rate,11.919204433109565,False,False
3311,Bricklayers and stonemasons,4,2016-17,workers_compensation_injury_frequency_rate,15.847810176382668,False,False
3311,Bricklayers and stonemasons,4,2017-18,workers_compensation_injury_frequency_rate,14.702728640358186,False,False
3311,Bricklayers and stonemasons,4,2018-19,workers_compensation_injury_frequency_rate,13.0246131888556,False,False
3311,Bricklayers and stonemasons,4,2019-20,workers_compensation_injury_frequency_rate,14.687894183219207,False,False
3311,Bricklayers and stonemasons,4,2020-21,workers_compensation_injury_frequency_rate,18.07490515020606,False,False
3311,Bricklayers and stonemasons,4,2021-22,workers_compensation_injury_frequency_rate,14.383452273228162,False,False
3311,Bricklayers and stonemasons,4,2022-23,workers_compensation_injury_frequency_rate,10.302594882132306,False,False
3311,Bricklayers and stonemasons,4,2023-24,workers_compensation_injury_frequency_rate,11.095563785821723,False,True
3312,Carpenters and joiners,4,2014-15,workers_compensation_injury_frequency_rate,17.542669480342454,False,False
3312,Carpenters and joiners,4,2015-16,workers_compensation_injury_frequency_rate,16.334101940079716,False,False
3312,Carpenters and joiners,4,2016-17,workers_compensation_injury_frequency_rate,17.905638221238018,False,False
3312,Carpenters and joiners,4,2017-18,workers_compensation_injury_frequency_rate,14.81363554143699,False,False
3312,Carpenters and joiners,4,2018-19,workers_compensation_injury_frequency_rate,14.659835935409786,False,False
3312,Carpenters and joiners,4,2019-20,workers_compensation_injury_frequency_rate,17.959902556824577,False,False
3312,Carpenters and joiners,4,2020-21,workers_compensation_injury_frequency_rate,18.36994285034474,False,False
3312,Carpenters and joiners,4,2021-22,workers_compensation_injury_frequency_rate,19.135522970016076,False,False
3312,Carpenters and joiners,4,2022-23,workers_compensation_injury_frequency_rate,19.36168486458007,False,False
3312,Carpenters and joiners,4,2023-24,workers_compensation_injury_frequency_rate,18.727154870350173,False,True
3321,Floor finishers,4,2014-15,workers_compensation_injury_frequency_rate,9.231940467646993,False,False
3321,Floor finishers,4,2015-16,workers_compensation_injury_frequency_rate,6.559969565350487,False,False
3321,Floor finishers,4,2016-17,workers_compensation_injury_frequency_rate,6.783546924351126,False,False
3321,Floor finishers,4,2017-18,workers_compensation_injury_frequency_rate,5.602156320780963,False,False
3321,Floor finishers,4,2018-19,workers_compensation_injury_frequency_rate,6.238277007806315,False,False
3321,Floor finishers,4,2019-20,workers_compensation_injury_frequency_rate,6.391614963648679,False,False
3321,Floor finishers,4,2020-21,workers_compensation_injury_frequency_rate,8.330698439318812,False,False
3321,Floor finishers,4,2021-22,workers_compensation_injury_frequency_rate,6.431994459300971,False,False
3321,Floor finishers,4,2022-23,workers_compensation_injury_frequency_rate,7.749658879019889,False,False
3321,Floor finishers,4,2023-24,workers_compensation_injury_frequency_rate,12.666683309374026,False,True
3322,Painting trades workers,4,2014-15,workers_compensation_injury_frequency_rate,10.000005504407016,False,False
3322,Painting trades workers,4,2015-16,workers_compensation_injury_frequency_rate,8.662085756721288,False,False
3322,Painting trades workers,4,2016-17,workers_compensation_injury_frequency_rate,9.023904845681107,False,False
3322,Painting trades workers,4,2017-18,workers_compensation_injury_frequency_rate,6.963540219899123,False,False
3322,Painting trades workers,4,2018-19,workers_compensation_injury_frequency_rate,7.623804047782534,False,False
3322,Painting trades workers,4,2019-20,workers_compensation_injury_frequency_rate,8.413725664322145,False,False
3322,Painting trades workers,4,2020-21,workers_compensation_injury_frequency_rate,10.060664763406342,False,False
3322,Painting trades workers,4,2021-22,workers_compensation_injury_frequency_rate,10.72601015783091,False,False
3322,Painting trades workers,4,2022-23,workers_compensation_injury_frequency_rate,9.769158693477006,False,False
3322,Painting trades workers,4,2023-24,workers_compensation_injury_frequency_rate,8.777047785965578,False,True
3331,Glaziers,4,2014-15,workers_compensation_injury_frequency_rate,21.4611651260613,False,False
3331,Glaziers,4,2015-16,workers_compensation_injury_frequency_rate,17.409097014931024,False,False
3331,Glaziers,4,2016-17,workers_compensation_injury_frequency_rate,16.833492409643274,False,False
3331,Glaziers,4,2017-18,workers_compensation_injury_frequency_rate,12.894065675674135,False,False
3331,Glaziers,4,2018-19,workers_compensation_injury_frequency_rate,15.863245563060458,False,False
3331,Glaziers,4,2019-20,workers_compensation_injury_frequency_rate,19.048220114732473,False,False
3331,Glaziers,4,2020-21,workers_compensation_injury_frequency_rate,25.024008805889306,False,False
3331,Glaziers,4,2021-22,workers_compensation_injury_frequency_rate,20.673638973125907,False,False
3331,Glaziers,4,2022-23,workers_compensation_injury_frequency_rate,24.128157456774684,False,False
3331,Glaziers,4,2023-24,workers_compensation_injury_frequency_rate,17.38473720865799,False,True
3332,Plasterers,4,2014-15,workers_compensation_injury_frequency_rate,8.932792928213983,False,False
3332,Plasterers,4,2015-16,workers_compensation_injury_frequency_rate,9.644618123923141,False,False
3332,Plasterers,4,2016-17,workers_compensation_injury_frequency_rate,11.484350656734284,False,False
3332,Plasterers,4,2017-18,workers_compensation_injury_frequency_rate,10.810840253827184,False,False
3332,Plasterers,4,2018-19,workers_compensation_injury_frequency_rate,9.614587743962295,False,False
3332,Plasterers,4,2019-20,workers_compensation_injury_frequency_rate,11.451905502762692,False,False
3332,Plasterers,4,2020-21,workers_compensation_injury_frequency_rate,11.351726770166621,False,False
3332,Plasterers,4,2021-22,workers_compensation_injury_frequency_rate,11.126906115502273,False,False
3332,Plasterers,4,2022-23,workers_compensation_injury_frequency_rate,9.67850481164483,False,False
3332,Plasterers,4,2023-24,workers_compensation_injury_frequency_rate,10.539555120335477,False,True
3333,Roof tilers,4,2014-15,workers_compensation_injury_frequency_rate,19.98480754428683,False,False
3333,Roof tilers,4,2015-16,workers_compensation_injury_frequency_rate,22.674137071687642,False,False
3333,Roof tilers,4,2016-17,workers_compensation_injury_frequency_rate,14.638371430428611,False,False
3333,Roof tilers,4,2017-18,workers_compensation_injury_frequency_rate,18.126285416950356,False,False
3333,Roof tilers,4,2018-19,workers_compensation_injury_frequency_rate,16.77848636532254,False,False
3333,Roof tilers,4,2019-20,workers_compensation_injury_frequency_rate,14.614067749486223,False,False
3333,Roof tilers,4,2020-21,workers_compensation_injury_frequency_rate,25.991131782653802,False,False
3333,Roof tilers,4,2021-22,workers_compensation_injury_frequency_rate,24.696047596185867,False,False
3333,Roof tilers,4,2022-23,workers_compensation_injury_frequency_rate,24.583561838843963,False,False
3333,Roof tilers,4,2023-24,workers_compensation_injury_frequency_rate,15.193939283122457,False,True
3334,Wall and floor tilers,4,2014-15,workers_compensation_injury_frequency_rate,6.41260862565205,False,False
3334,Wall and floor tilers,4,2015-16,workers_compensation_injury_frequency_rate,6.104351909913146,False,False
3334,Wall and floor tilers,4,2016-17,workers_compensation_injury_frequency_rate,5.894580355461854,False,False
3334,Wall and floor tilers,4,2017-18,workers_compensation_injury_frequency_rate,7.004889751792208,False,False
3334,Wall and floor tilers,4,2018-19,workers_compensation_injury_frequency_rate,7.8168574933969195,False,False
3334,Wall and floor tilers,4,2019-20,workers_compensation_injury_frequency_rate,12.468190881351257,False,False
3334,Wall and floor tilers,4,2020-21,workers_compensation_injury_frequency_rate,10.329275523231898,False,False
3334,Wall and floor tilers,4,2021-22,workers_compensation_injury_frequency_rate,11.545103899852089,False,False
3334,Wall and floor tilers,4,2022-23,workers_compensation_injury_frequency_rate,8.097148175675214,False,False
3334,Wall and floor tilers,4,2023-24,workers_compensation_injury_frequency_rate,9.150752058425073,False,True
3341,Plumbers,4,2014-15,workers_compensation_injury_frequency_rate,11.598753189892498,False,False
3341,Plumbers,4,2015-16,workers_compensation_injury_frequency_rate,10.019274406085254,False,False
3341,Plumbers,4,2016-17,workers_compensation_injury_frequency_rate,10.806071211135077,False,False
3341,Plumbers,4,2017-18,workers_compensation_injury_frequency_rate,11.030860049609563,False,False
3341,Plumbers,4,2018-19,workers_compensation_injury_frequency_rate,10.640943703585585,False,False
3341,Plumbers,4,2019-20,workers_compensation_injury_frequency_rate,11.639650139151106,False,False
3341,Plumbers,4,2020-21,workers_compensation_injury_frequency_rate,12.20855993465022,False,False
3341,Plumbers,4,2021-22,workers_compensation_injury_frequency_rate,12.494762164907163,False,False
3341,Plumbers,4,2022-23,workers_compensation_injury_frequency_rate,11.423881772765721,False,False
3341,Plumbers,4,2023-24,workers_compensation_injury_frequency_rate,13.32573812995087,False,True
3411,Electricians,4,2014-15,workers_compensation_injury_frequency_rate,7.243184572549599,False,False
3411,Electricians,4,2015-16,workers_compensation_injury_frequency_rate,6.09452481172231,False,False
3411,Electricians,4,2016-17,workers_compensation_injury_frequency_rate,7.035698542885169,False,False
3411,Electricians,4,2017-18,workers_compensation_injury_frequency_rate,6.6031311762397005,False,False
3411,Electricians,4,2018-19,workers_compensation_injury_frequency_rate,7.227699111931115,False,False
3411,Electricians,4,2019-20,workers_compensation_injury_frequency_rate,7.566035383674143,False,False
3411,Electricians,4,2020-21,workers_compensation_injury_frequency_rate,7.579985394939717,False,False
3411,Electricians,4,2021-22,workers_compensation_injury_frequency_rate,7.850283851798339,False,False
3411,Electricians,4,2022-23,workers_compensation_injury_frequency_rate,6.886353182491932,False,False
3411,Electricians,4,2023-24,workers_compensation_injury_frequency_rate,7.371413470456516,False,True
3421,Airconditioning and refrigeration mechanics,4,2014-15,workers_compensation_injury_frequency_rate,13.444528950464747,False,False
3421,Airconditioning and refrigeration mechanics,4,2015-16,workers_compensation_injury_frequency_rate,8.35575277013761,False,False
3421,Airconditioning and refrigeration mechanics,4,2016-17,workers_compensation_injury_frequency_rate,9.61874907566674,False,False
3421,Airconditioning and refrigeration mechanics,4,2017-18,workers_compensation_injury_frequency_rate,8.807854243105247,False,False
3421,Airconditioning and refrigeration mechanics,4,2018-19,workers_compensation_injury_frequency_rate,8.539206508706672,False,False
3421,Airconditioning and refrigeration mechanics,4,2019-20,workers_compensation_injury_frequency_rate,9.05907471786157,False,False
3421,Airconditioning and refrigeration mechanics,4,2020-21,workers_compensation_injury_frequency_rate,10.13087065408867,False,False
3421,Airconditioning and refrigeration mechanics,4,2021-22,workers_compensation_injury_frequency_rate,10.811266046069989,False,False
3421,Airconditioning and refrigeration mechanics,4,2022-23,workers_compensation_injury_frequency_rate,9.99964714966889,False,False
3421,Airconditioning and refrigeration mechanics,4,2023-24,workers_compensation_injury_frequency_rate,9.889759714157186,False,True
3422,Electrical distribution trades workers,4,2014-15,workers_compensation_injury_frequency_rate,13.361071682191023,False,False
3422,Electrical distribution trades workers,4,2015-16,workers_compensation_injury_frequency_rate,14.557524027353587,False,False
3422,Electrical distribution trades workers,4,2016-17,workers_compensation_injury_frequency_rate,11.589758257225013,False,False
3422,Electrical distribution trades workers,4,2017-18,workers_compensation_injury_frequency_rate,9.010802015961064,False,False
3422,Electrical distribution trades workers,4,2018-19,workers_compensation_injury_frequency_rate,11.840354878124025,False,False
3422,Electrical distribution trades workers,4,2019-20,workers_compensation_injury_frequency_rate,13.595302760200768,False,False
3422,Electrical distribution trades workers,4,2020-21,workers_compensation_injury_frequency_rate,13.562564117152665,False,False
3422,Electrical distribution trades workers,4,2021-22,workers_compensation_injury_frequency_rate,11.173847878606423,False,False
3422,Electrical distribution trades workers,4,2022-23,workers_compensation_injury_frequency_rate,11.17564321901297,False,False
3422,Electrical distribution trades workers,4,2023-24,workers_compensation_injury_frequency_rate,11.130814251455638,False,True
3423,Electronics trades workers,4,2014-15,workers_compensation_injury_frequency_rate,2.0417529651797777,False,False
3423,Electronics trades workers,4,2015-16,workers_compensation_injury_frequency_rate,2.1361880222874703,False,False
3423,Electronics trades workers,4,2016-17,workers_compensation_injury_frequency_rate,2.1081934358637735,False,False
3423,Electronics trades workers,4,2017-18,workers_compensation_injury_frequency_rate,2.311574552213242,False,False
3423,Electronics trades workers,4,2018-19,workers_compensation_injury_frequency_rate,2.7703084188925895,False,False
3423,Electronics trades workers,4,2019-20,workers_compensation_injury_frequency_rate,2.3206801016544767,False,False
3423,Electronics trades workers,4,2020-21,workers_compensation_injury_frequency_rate,2.331875415754264,False,False
3423,Electronics trades workers,4,2021-22,workers_compensation_injury_frequency_rate,2.650186665404852,False,False
3423,Electronics trades workers,4,2022-23,workers_compensation_injury_frequency_rate,3.918273388147885,False,False
3423,Electronics trades workers,4,2023-24,workers_compensation_injury_frequency_rate,4.548433798277268,False,True
3424,Telecommunications trades workers,4,2014-15,workers_compensation_injury_frequency_rate,4.036595040212302,False,False
3424,Telecommunications trades workers,4,2015-16,workers_compensation_injury_frequency_rate,4.33173066826234,False,False
3424,Telecommunications trades workers,4,2016-17,workers_compensation_injury_frequency_rate,4.28339169343952,False,False
3424,Telecommunications trades workers,4,2017-18,workers_compensation_injury_frequency_rate,5.964543832822273,False,False
3424,Telecommunications trades workers,4,2018-19,workers_compensation_injury_frequency_rate,3.841065401914109,False,False
3424,Telecommunications trades workers,4,2019-20,workers_compensation_injury_frequency_rate,3.8636172897754224,False,False
3424,Telecommunications trades workers,4,2020-21,workers_compensation_injury_frequency_rate,5.001892667390293,False,False
3424,Telecommunications trades workers,4,2021-22,workers_compensation_injury_frequency_rate,5.8788363992855395,False,False
3424,Telecommunications trades workers,4,2022-23,workers_compensation_injury_frequency_rate,5.102359365107633,False,False
3424,Telecommunications trades workers,4,2023-24,workers_compensation_injury_frequency_rate,5.024507823730601,False,True
3511,Bakers and pastrycooks,4,2014-15,workers_compensation_injury_frequency_rate,5.395549539048088,False,False
3511,Bakers and pastrycooks,4,2015-16,workers_compensation_injury_frequency_rate,6.08962973576022,False,False
3511,Bakers and pastrycooks,4,2016-17,workers_compensation_injury_frequency_rate,7.493987845705924,False,False
3511,Bakers and pastrycooks,4,2017-18,workers_compensation_injury_frequency_rate,5.410422530725334,False,False
3511,Bakers and pastrycooks,4,2018-19,workers_compensation_injury_frequency_rate,5.015402763625098,False,False
3511,Bakers and pastrycooks,4,2019-20,workers_compensation_injury_frequency_rate,5.699629609432642,False,False
3511,Bakers and pastrycooks,4,2020-21,workers_compensation_injury_frequency_rate,6.928560502260296,False,False
3511,Bakers and pastrycooks,4,2021-22,workers_compensation_injury_frequency_rate,6.016042423566178,False,False
3511,Bakers and pastrycooks,4,2022-23,workers_compensation_injury_frequency_rate,6.190710554515425,False,False
3511,Bakers and pastrycooks,4,2023-24,workers_compensation_injury_frequency_rate,6.234768091614558,False,True
3512,Butchers and smallgoods makers,4,2014-15,workers_compensation_injury_frequency_rate,12.107283321364525,False,False
3512,Butchers and smallgoods makers,4,2015-16,workers_compensation_injury_frequency_rate,11.674014618359967,False,False
3512,Butchers and smallgoods makers,4,2016-17,workers_compensation_injury_frequency_rate,13.898424999921003,False,False
3512,Butchers and smallgoods makers,4,2017-18,workers_compensation_injury_frequency_rate,11.061434299853843,False,False
3512,Butchers and smallgoods makers,4,2018-19,workers_compensation_injury_frequency_rate,11.346672464842579,False,False
3512,Butchers and smallgoods makers,4,2019-20,workers_compensation_injury_frequency_rate,12.534977945669823,False,False
3512,Butchers and smallgoods makers,4,2020-21,workers_compensation_injury_frequency_rate,10.46514830566917,False,False
3512,Butchers and smallgoods makers,4,2021-22,workers_compensation_injury_frequency_rate,14.409744959509505,False,False
3512,Butchers and smallgoods makers,4,2022-23,workers_compensation_injury_frequency_rate,14.15008093773022,False,False
3512,Butchers and smallgoods makers,4,2023-24,workers_compensation_injury_frequency_rate,11.284774057929868,False,True
3513,Chefs,4,2014-15,workers_compensation_injury_frequency_rate,10.324261078971967,False,False
3513,Chefs,4,2015-16,workers_compensation_injury_frequency_rate,9.043393004078151,False,False
3513,Chefs,4,2016-17,workers_compensation_injury_frequency_rate,8.920502308462854,False,False
3513,Chefs,4,2017-18,workers_compensation_injury_frequency_rate,8.634050500078914,False,False
3513,Chefs,4,2018-19,workers_compensation_injury_frequency_rate,9.097967354177925,False,False
3513,Chefs,4,2019-20,workers_compensation_injury_frequency_rate,9.427831777179296,False,False
3513,Chefs,4,2020-21,workers_compensation_injury_frequency_rate,11.095187102046708,False,False
3513,Chefs,4,2021-22,workers_compensation_injury_frequency_rate,10.377256544425109,False,False
3513,Chefs,4,2022-23,workers_compensation_injury_frequency_rate,10.43972629688791,False,False
3513,Chefs,4,2023-24,workers_compensation_injury_frequency_rate,9.800885325130718,False,True
3514,Cooks,4,2014-15,workers_compensation_injury_frequency_rate,15.4191213418688,False,False
3514,Cooks,4,2015-16,workers_compensation_injury_frequency_rate,13.983386191317377,False,False
3514,Cooks,4,2016-17,workers_compensation_injury_frequency_rate,12.400959322003178,False,False
3514,Cooks,4,2017-18,workers_compensation_injury_frequency_rate,10.20811017892621,False,False
3514,Cooks,4,2018-19,workers_compensation_injury_frequency_rate,12.03893094501757,False,False
3514,Cooks,4,2019-20,workers_compensation_injury_frequency_rate,12.600736450194226,False,False
3514,Cooks,4,2020-21,workers_compensation_injury_frequency_rate,12.472791501597078,False,False
3514,Cooks,4,2021-22,workers_compensation_injury_frequency_rate,13.318818908408216,False,False
3514,Cooks,4,2022-23,workers_compensation_injury_frequency_rate,11.640238489254015,False,False
3514,Cooks,4,2023-24,workers_compensation_injury_frequency_rate,12.396607466804998,False,True
3611,Animal attendants and trainers,4,2014-15,workers_compensation_injury_frequency_rate,43.68549889970273,False,False
3611,Animal attendants and trainers,4,2015-16,workers_compensation_injury_frequency_rate,35.90210350635011,False,False
3611,Animal attendants and trainers,4,2016-17,workers_compensation_injury_frequency_rate,28.70326531625231,False,False
3611,Animal attendants and trainers,4,2017-18,workers_compensation_injury_frequency_rate,32.647484662369926,False,False
3611,Animal attendants and trainers,4,2018-19,workers_compensation_injury_frequency_rate,37.83926106076717,False,False
3611,Animal attendants and trainers,4,2019-20,workers_compensation_injury_frequency_rate,37.33141304608895,False,False
3611,Animal attendants and trainers,4,2020-21,workers_compensation_injury_frequency_rate,34.16749652463641,False,False
3611,Animal attendants and trainers,4,2021-22,workers_compensation_injury_frequency_rate,32.75140748691152,False,False
3611,Animal attendants and trainers,4,2022-23,workers_compensation_injury_frequency_rate,29.880642626482924,False,False
3611,Animal attendants and trainers,4,2023-24,workers_compensation_injury_frequency_rate,37.03143288338214,False,True
3612,Shearers,4,2014-15,workers_compensation_injury_frequency_rate,38.973198932538,False,False
3612,Shearers,4,2015-16,workers_compensation_injury_frequency_rate,43.282381503803215,False,False
3612,Shearers,4,2016-17,workers_compensation_injury_frequency_rate,40.20547657218272,False,False
3612,Shearers,4,2017-18,workers_compensation_injury_frequency_rate,25.24584127901312,False,False
3612,Shearers,4,2018-19,workers_compensation_injury_frequency_rate,44.71778841288911,False,False
3612,Shearers,4,2019-20,workers_compensation_injury_frequency_rate,56.25471457128617,False,False
3612,Shearers,4,2020-21,workers_compensation_injury_frequency_rate,160.31234577020544,False,False
3612,Shearers,4,2021-22,workers_compensation_injury_frequency_rate,67.69466239468059,False,False
3612,Shearers,4,2022-23,workers_compensation_injury_frequency_rate,206.94410275701335,False,False
3612,Shearers,4,2023-24,workers_compensation_injury_frequency_rate,43.767076576749844,False,True
3613,Veterinary nurses,4,2014-15,workers_compensation_injury_frequency_rate,10.609236405575174,False,False
3613,Veterinary nurses,4,2015-16,workers_compensation_injury_frequency_rate,11.83888056805138,False,False
3613,Veterinary nurses,4,2016-17,workers_compensation_injury_frequency_rate,11.119852559755834,False,False
3613,Veterinary nurses,4,2017-18,workers_compensation_injury_frequency_rate,11.963370294651943,False,False
3613,Veterinary nurses,4,2018-19,workers_compensation_injury_frequency_rate,12.620321220594574,False,False
3613,Veterinary nurses,4,2019-20,workers_compensation_injury_frequency_rate,9.850846540264286,False,False
3613,Veterinary nurses,4,2020-21,workers_compensation_injury_frequency_rate,20.705231629630912,False,False
3613,Veterinary nurses,4,2021-22,workers_compensation_injury_frequency_rate,17.198298100694856,False,False
3613,Veterinary nurses,4,2022-23,workers_compensation_injury_frequency_rate,18.69125384256687,False,False
3613,Veterinary nurses,4,2023-24,workers_compensation_injury_frequency_rate,18.51720409769002,False,True
3621,Florists,4,2014-15,workers_compensation_injury_frequency_rate,3.0003826286589397,False,False
3621,Florists,4,2015-16,workers_compensation_injury_frequency_rate,3.143541261262125,False,False
3621,Florists,4,2016-17,workers_compensation_injury_frequency_rate,9.056339119243596,False,False
3621,Florists,4,2017-18,workers_compensation_injury_frequency_rate,2.059081020624442,False,False
3621,Florists,4,2018-19,workers_compensation_injury_frequency_rate,4.60074877844342,False,False
3621,Florists,4,2019-20,workers_compensation_injury_frequency_rate,2.2439812146812077,False,False
3621,Florists,4,2020-21,workers_compensation_injury_frequency_rate,4.458452711540753,False,False
3621,Florists,4,2021-22,workers_compensation_injury_frequency_rate,3.194350242886837,False,False
3621,Florists,4,2022-23,workers_compensation_injury_frequency_rate,3.740826048385667,False,False
3621,Florists,4,2023-24,workers_compensation_injury_frequency_rate,5.810886599686663,False,True
3622,Gardeners,4,2014-15,workers_compensation_injury_frequency_rate,13.250394956709197,False,False
3622,Gardeners,4,2015-16,workers_compensation_injury_frequency_rate,14.470645329481053,False,False
3622,Gardeners,4,2016-17,workers_compensation_injury_frequency_rate,13.460161534156907,False,False
3622,Gardeners,4,2017-18,workers_compensation_injury_frequency_rate,12.80364272938311,False,False
3622,Gardeners,4,2018-19,workers_compensation_injury_frequency_rate,16.130351398016018,False,False
3622,Gardeners,4,2019-20,workers_compensation_injury_frequency_rate,15.484972456091418,False,False
3622,Gardeners,4,2020-21,workers_compensation_injury_frequency_rate,16.7283262388955,False,False
3622,Gardeners,4,2021-22,workers_compensation_injury_frequency_rate,16.87332988366317,False,False
3622,Gardeners,4,2022-23,workers_compensation_injury_frequency_rate,14.991369432595391,False,False
3622,Gardeners,4,2023-24,workers_compensation_injury_frequency_rate,15.855751401182513,False,True
3623,Greenkeepers,4,2014-15,workers_compensation_injury_frequency_rate,9.69688345987866,False,False
3623,Greenkeepers,4,2015-16,workers_compensation_injury_frequency_rate,10.569166847383936,False,False
3623,Greenkeepers,4,2016-17,workers_compensation_injury_frequency_rate,8.210826092043675,False,False
3623,Greenkeepers,4,2017-18,workers_compensation_injury_frequency_rate,6.310904303886263,False,False
3623,Greenkeepers,4,2018-19,workers_compensation_injury_frequency_rate,7.664373573927505,False,False
3623,Greenkeepers,4,2019-20,workers_compensation_injury_frequency_rate,10.088987450995521,False,False
3623,Greenkeepers,4,2020-21,workers_compensation_injury_frequency_rate,8.54223219418027,False,False
3623,Greenkeepers,4,2021-22,workers_compensation_injury_frequency_rate,7.784725634988513,False,False
3623,Greenkeepers,4,2022-23,workers_compensation_injury_frequency_rate,7.1640734732610225,False,False
3623,Greenkeepers,4,2023-24,workers_compensation_injury_frequency_rate,5.307921956077852,False,True
3624,Nurserypersons,4,2014-15,workers_compensation_injury_frequency_rate,29.129906376875365,False,False
3624,Nurserypersons,4,2015-16,workers_compensation_injury_frequency_rate,13.57689922044707,False,False
3624,Nurserypersons,4,2016-17,workers_compensation_injury_frequency_rate,14.459775497463575,False,False
3624,Nurserypersons,4,2017-18,workers_compensation_injury_frequency_rate,12.270157585556838,False,False
3624,Nurserypersons,4,2018-19,workers_compensation_injury_frequency_rate,17.790807650174468,False,False
3624,Nurserypersons,4,2019-20,workers_compensation_injury_frequency_rate,20.180274860102983,False,False
3624,Nurserypersons,4,2020-21,workers_compensation_injury_frequency_rate,29.148661952581296,False,False
3624,Nurserypersons,4,2021-22,workers_compensation_injury_frequency_rate,25.38156024587357,False,False
3624,Nurserypersons,4,2022-23,workers_compensation_injury_frequency_rate,18.48562687347461,False,False
3624,Nurserypersons,4,2023-24,workers_compensation_injury_frequency_rate,35.01081898297252,False,True
3911,Hairdressers,4,2014-15,workers_compensation_injury_frequency_rate,3.1249871815138097,False,False
3911,Hairdressers,4,2015-16,workers_compensation_injury_frequency_rate,2.53712674598111,False,False
3911,Hairdressers,4,2016-17,workers_compensation_injury_frequency_rate,5.353447160629913,False,False
3911,Hairdressers,4,2017-18,workers_compensation_injury_frequency_rate,4.2755139412981835,False,False
3911,Hairdressers,4,2018-19,workers_compensation_injury_frequency_rate,2.463323152679789,False,False
3911,Hairdressers,4,2019-20,workers_compensation_injury_frequency_rate,3.197667577169449,False,False
3911,Hairdressers,4,2020-21,workers_compensation_injury_frequency_rate,3.0541100914032517,False,False
3911,Hairdressers,4,2021-22,workers_compensation_injury_frequency_rate,2.706419394997333,False,False
3911,Hairdressers,4,2022-23,workers_compensation_injury_frequency_rate,3.6405457320613688,False,False
3911,Hairdressers,4,2023-24,workers_compensation_injury_frequency_rate,4.013095289140857,False,True
3921,"Binders, finishers and screen printers",4,2014-15,workers_compensation_injury_frequency_rate,4.3866065578117786,False,False
3921,"Binders, finishers and screen printers",4,2015-16,workers_compensation_injury_frequency_rate,10.545836111608926,False,False
3921,"Binders, finishers and screen printers",4,2016-17,workers_compensation_injury_frequency_rate,4.067177758910149,False,False
3921,"Binders, finishers and screen printers",4,2017-18,workers_compensation_injury_frequency_rate,4.7098386261458245,False,False
3921,"Binders, finishers and screen printers",4,2018-19,workers_compensation_injury_frequency_rate,5.98541839850065,False,False
3921,"Binders, finishers and screen printers",4,2019-20,workers_compensation_injury_frequency_rate,5.7561876635200715,False,False
3921,"Binders, finishers and screen printers",4,2020-21,workers_compensation_injury_frequency_rate,7.1185258960258935,False,False
3921,"Binders, finishers and screen printers",4,2021-22,workers_compensation_injury_frequency_rate,4.359333789921305,False,False
3921,"Binders, finishers and screen printers",4,2022-23,workers_compensation_injury_frequency_rate,5.736904751902765,False,False
3921,"Binders, finishers and screen printers",4,2023-24,workers_compensation_injury_frequency_rate,5.400570950027027,False,True
3922,Graphic pre-press trades workers,4,2014-15,workers_compensation_injury_frequency_rate,3.0428347052578606,False,False
3922,Graphic pre-press trades workers,4,2015-16,workers_compensation_injury_frequency_rate,,True,False
3922,Graphic pre-press trades workers,4,2016-17,workers_compensation_injury_frequency_rate,3.168039103655277,False,False
3922,Graphic pre-press trades workers,4,2017-18,workers_compensation_injury_frequency_rate,4.922390364634632,False,False
3922,Graphic pre-press trades workers,4,2018-19,workers_compensation_injury_frequency_rate,4.31971023257298,False,False
3922,Graphic pre-press trades workers,4,2019-20,workers_compensation_injury_frequency_rate,,True,False
3922,Graphic pre-press trades workers,4,2020-21,workers_compensation_injury_frequency_rate,4.12530421739533,False,False
3922,Graphic pre-press trades workers,4,2021-22,workers_compensation_injury_frequency_rate,4.269664523735015,False,False
3922,Graphic pre-press trades workers,4,2022-23,workers_compensation_injury_frequency_rate,2.34913559462639,False,False
3922,Graphic pre-press trades workers,4,2023-24,workers_compensation_injury_frequency_rate,3.2593069381105724,False,True
3923,Printers,4,2014-15,workers_compensation_injury_frequency_rate,6.648449321173208,False,False
3923,Printers,4,2015-16,workers_compensation_injury_frequency_rate,6.1991551982860384,False,False
3923,Printers,4,2016-17,workers_compensation_injury_frequency_rate,5.329699012756919,False,False
3923,Printers,4,2017-18,workers_compensation_injury_frequency_rate,5.889670476144147,False,False
3923,Printers,4,2018-19,workers_compensation_injury_frequency_rate,7.0667280109516435,False,False
3923,Printers,4,2019-20,workers_compensation_injury_frequency_rate,4.375995006774422,False,False
3923,Printers,4,2020-21,workers_compensation_injury_frequency_rate,3.902715442354184,False,False
3923,Printers,4,2021-22,workers_compensation_injury_frequency_rate,5.53376268451145,False,False
3923,Printers,4,2022-23,workers_compensation_injury_frequency_rate,5.092938582261746,False,False
3923,Printers,4,2023-24,workers_compensation_injury_frequency_rate,4.68846554411686,False,True
3931,Canvas and leather goods makers,4,2014-15,workers_compensation_injury_frequency_rate,3.942301616067369,False,False
3931,Canvas and leather goods makers,4,2015-16,workers_compensation_injury_frequency_rate,2.2129173548431904,False,False
3931,Canvas and leather goods makers,4,2016-17,workers_compensation_injury_frequency_rate,9.20753684948077,False,False
3931,Canvas and leather goods makers,4,2017-18,workers_compensation_injury_frequency_rate,3.8813509411721614,False,False
3931,Canvas and leather goods makers,4,2018-19,workers_compensation_injury_frequency_rate,1.3684831427376365,False,False
3931,Canvas and leather goods makers,4,2019-20,workers_compensation_injury_frequency_rate,,True,False
3931,Canvas and leather goods makers,4,2020-21,workers_compensation_injury_frequency_rate,4.141219569390711,False,False
3931,Canvas and leather goods makers,4,2021-22,workers_compensation_injury_frequency_rate,3.935524138277061,False,False
3931,Canvas and leather goods makers,4,2022-23,workers_compensation_injury_frequency_rate,,True,False
3931,Canvas and leather goods makers,4,2023-24,workers_compensation_injury_frequency_rate,,True,True
3932,Clothing trades workers,4,2014-15,workers_compensation_injury_frequency_rate,3.2247929023061377,False,False
3932,Clothing trades workers,4,2015-16,workers_compensation_injury_frequency_rate,2.2502144653213274,False,False
3932,Clothing trades workers,4,2016-17,workers_compensation_injury_frequency_rate,3.796555620942804,False,False
3932,Clothing trades workers,4,2017-18,workers_compensation_injury_frequency_rate,7.2368635988276715,False,False
3932,Clothing trades workers,4,2018-19,workers_compensation_injury_frequency_rate,10.9877296918821,False,False
3932,Clothing trades workers,4,2019-20,workers_compensation_injury_frequency_rate,9.46927574736697,False,False
3932,Clothing trades workers,4,2020-21,workers_compensation_injury_frequency_rate,5.234940680586482,False,False
3932,Clothing trades workers,4,2021-22,workers_compensation_injury_frequency_rate,2.914893032962077,False,False
3932,Clothing trades workers,4,2022-23,workers_compensation_injury_frequency_rate,4.279709788066878,False,False
3932,Clothing trades workers,4,2023-24,workers_compensation_injury_frequency_rate,3.11102434437503,False,True
3933,Upholsterers,4,2014-15,workers_compensation_injury_frequency_rate,9.218251218431035,False,False
3933,Upholsterers,4,2015-16,workers_compensation_injury_frequency_rate,6.308200806357233,False,False
3933,Upholsterers,4,2016-17,workers_compensation_injury_frequency_rate,5.829220580731032,False,False
3933,Upholsterers,4,2017-18,workers_compensation_injury_frequency_rate,6.863593048846228,False,False
3933,Upholsterers,4,2018-19,workers_compensation_injury_frequency_rate,6.733022166420662,False,False
3933,Upholsterers,4,2019-20,workers_compensation_injury_frequency_rate,3.9275467792803114,False,False
3933,Upholsterers,4,2020-21,workers_compensation_injury_frequency_rate,9.578822577774194,False,False
3933,Upholsterers,4,2021-22,workers_compensation_injury_frequency_rate,4.1501760821136635,False,False
3933,Upholsterers,4,2022-23,workers_compensation_injury_frequency_rate,9.793556690772252,False,False
3933,Upholsterers,4,2023-24,workers_compensation_injury_frequency_rate,9.413336164089069,False,True
3941,Cabinetmakers,4,2014-15,workers_compensation_injury_frequency_rate,12.362265881133643,False,False
3941,Cabinetmakers,4,2015-16,workers_compensation_injury_frequency_rate,11.543059203016167,False,False
3941,Cabinetmakers,4,2016-17,workers_compensation_injury_frequency_rate,9.170184127740526,False,False
3941,Cabinetmakers,4,2017-18,workers_compensation_injury_frequency_rate,11.046843870126496,False,False
3941,Cabinetmakers,4,2018-19,workers_compensation_injury_frequency_rate,8.942565345857103,False,False
3941,Cabinetmakers,4,2019-20,workers_compensation_injury_frequency_rate,11.905922525392485,False,False
3941,Cabinetmakers,4,2020-21,workers_compensation_injury_frequency_rate,10.406446344577557,False,False
3941,Cabinetmakers,4,2021-22,workers_compensation_injury_frequency_rate,13.153981382407594,False,False
3941,Cabinetmakers,4,2022-23,workers_compensation_injury_frequency_rate,9.84611457656115,False,False
3941,Cabinetmakers,4,2023-24,workers_compensation_injury_frequency_rate,10.907919291823118,False,True
3942,Wood machinists and other wood trades workers,4,2014-15,workers_compensation_injury_frequency_rate,12.818723002555892,False,False
3942,Wood machinists and other wood trades workers,4,2015-16,workers_compensation_injury_frequency_rate,14.710956824947873,False,False
3942,Wood machinists and other wood trades workers,4,2016-17,workers_compensation_injury_frequency_rate,14.314870222066457,False,False
3942,Wood machinists and other wood trades workers,4,2017-18,workers_compensation_injury_frequency_rate,22.02744451728827,False,False
3942,Wood machinists and other wood trades workers,4,2018-19,workers_compensation_injury_frequency_rate,41.769935075164945,False,False
3942,Wood machinists and other wood trades workers,4,2019-20,workers_compensation_injury_frequency_rate,27.594896789476756,False,False
3942,Wood machinists and other wood trades workers,4,2020-21,workers_compensation_injury_frequency_rate,24.969111398769922,False,False
3942,Wood machinists and other wood trades workers,4,2021-22,workers_compensation_injury_frequency_rate,31.428857169736023,False,False
3942,Wood machinists and other wood trades workers,4,2022-23,workers_compensation_injury_frequency_rate,27.90351287189512,False,False
3942,Wood machinists and other wood trades workers,4,2023-24,workers_compensation_injury_frequency_rate,13.628333985140891,False,True
3991,Boat builders and shipwrights,4,2014-15,workers_compensation_injury_frequency_rate,15.902343214718355,False,False
3991,Boat builders and shipwrights,4,2015-16,workers_compensation_injury_frequency_rate,12.811559480198897,False,False
3991,Boat builders and shipwrights,4,2016-17,workers_compensation_injury_frequency_rate,16.539838542953127,False,False
3991,Boat builders and shipwrights,4,2017-18,workers_compensation_injury_frequency_rate,15.917468679313801,False,False
3991,Boat builders and shipwrights,4,2018-19,workers_compensation_injury_frequency_rate,12.796925579687796,False,False
3991,Boat builders and shipwrights,4,2019-20,workers_compensation_injury_frequency_rate,18.09476747524637,False,False
3991,Boat builders and shipwrights,4,2020-21,workers_compensation_injury_frequency_rate,16.106441862277617,False,False
3991,Boat builders and shipwrights,4,2021-22,workers_compensation_injury_frequency_rate,19.26511068814566,False,False
3991,Boat builders and shipwrights,4,2022-23,workers_compensation_injury_frequency_rate,15.009342939933246,False,False
3991,Boat builders and shipwrights,4,2023-24,workers_compensation_injury_frequency_rate,20.40278141950184,False,True
3992,"Chemical, gas, petroleum and power generation plant operators",4,2014-15,workers_compensation_injury_frequency_rate,7.208356319902782,False,False
3992,"Chemical, gas, petroleum and power generation plant operators",4,2015-16,workers_compensation_injury_frequency_rate,5.167389799907943,False,False
3992,"Chemical, gas, petroleum and power generation plant operators",4,2016-17,workers_compensation_injury_frequency_rate,5.169763569456157,False,False
3992,"Chemical, gas, petroleum and power generation plant operators",4,2017-18,workers_compensation_injury_frequency_rate,7.546005821389011,False,False
3992,"Chemical, gas, petroleum and power generation plant operators",4,2018-19,workers_compensation_injury_frequency_rate,8.864349273999723,False,False
3992,"Chemical, gas, petroleum and power generation plant operators",4,2019-20,workers_compensation_injury_frequency_rate,6.2738969113867675,False,False
3992,"Chemical, gas, petroleum and power generation plant operators",4,2020-21,workers_compensation_injury_frequency_rate,7.6516873519295405,False,False
3992,"Chemical, gas, petroleum and power generation plant operators",4,2021-22,workers_compensation_injury_frequency_rate,10.473510507867967,False,False
3992,"Chemical, gas, petroleum and power generation plant operators",4,2022-23,workers_compensation_injury_frequency_rate,8.008539940137718,False,False
3992,"Chemical, gas, petroleum and power generation plant operators",4,2023-24,workers_compensation_injury_frequency_rate,9.378959596077395,False,True
3993,"Gallery, library and museum technicians",4,2014-15,workers_compensation_injury_frequency_rate,2.8430369546143326,False,False
3993,"Gallery, library and museum technicians",4,2015-16,workers_compensation_injury_frequency_rate,2.0692050950762706,False,False
3993,"Gallery, library and museum technicians",4,2016-17,workers_compensation_injury_frequency_rate,2.441023289867071,False,False
3993,"Gallery, library and museum technicians",4,2017-18,workers_compensation_injury_frequency_rate,1.9380317062889263,False,False
3993,"Gallery, library and museum technicians",4,2018-19,workers_compensation_injury_frequency_rate,2.4213540822922,False,False
3993,"Gallery, library and museum technicians",4,2019-20,workers_compensation_injury_frequency_rate,2.9250323229801,False,False
3993,"Gallery, library and museum technicians",4,2020-21,workers_compensation_injury_frequency_rate,1.7265314142422143,False,False
3993,"Gallery, library and museum technicians",4,2021-22,workers_compensation_injury_frequency_rate,1.9075692030949567,False,False
3993,"Gallery, library and museum technicians",4,2022-23,workers_compensation_injury_frequency_rate,2.403686831298694,False,False
3993,"Gallery, library and museum technicians",4,2023-24,workers_compensation_injury_frequency_rate,2.5086199057528145,False,True
3994,Jewellers,4,2014-15,workers_compensation_injury_frequency_rate,1.7173738770386617,False,False
3994,Jewellers,4,2015-16,workers_compensation_injury_frequency_rate,1.9285796370249007,False,False
3994,Jewellers,4,2016-17,workers_compensation_injury_frequency_rate,3.5400576383298032,False,False
3994,Jewellers,4,2017-18,workers_compensation_injury_frequency_rate,1.2953066512476048,False,False
3994,Jewellers,4,2018-19,workers_compensation_injury_frequency_rate,1.970484592222467,False,False
3994,Jewellers,4,2019-20,workers_compensation_injury_frequency_rate,1.9443230886894292,False,False
3994,Jewellers,4,2020-21,workers_compensation_injury_frequency_rate,1.9997568242016823,False,False
3994,Jewellers,4,2021-22,workers_compensation_injury_frequency_rate,3.4255147118038893,False,False
3994,Jewellers,4,2022-23,workers_compensation_injury_frequency_rate,1.144580431563765,False,False
3994,Jewellers,4,2023-24,workers_compensation_injury_frequency_rate,1.7490418660200584,False,True
3995,Performing arts technicians,4,2014-15,workers_compensation_injury_frequency_rate,9.157523101285628,False,False
3995,Performing arts technicians,4,2015-16,workers_compensation_injury_frequency_rate,7.547783439071566,False,False
3995,Performing arts technicians,4,2016-17,workers_compensation_injury_frequency_rate,8.743629791770877,False,False
3995,Performing arts technicians,4,2017-18,workers_compensation_injury_frequency_rate,8.709690247864652,False,False
3995,Performing arts technicians,4,2018-19,workers_compensation_injury_frequency_rate,5.627807814600239,False,False
3995,Performing arts technicians,4,2019-20,workers_compensation_injury_frequency_rate,7.625446890813228,False,False
3995,Performing arts technicians,4,2020-21,workers_compensation_injury_frequency_rate,5.403741509318566,False,False
3995,Performing arts technicians,4,2021-22,workers_compensation_injury_frequency_rate,7.420175124289177,False,False
3995,Performing arts technicians,4,2022-23,workers_compensation_injury_frequency_rate,9.33372189398152,False,False
3995,Performing arts technicians,4,2023-24,workers_compensation_injury_frequency_rate,10.072593251730542,False,True
3996,Signwriters,4,2014-15,workers_compensation_injury_frequency_rate,3.5815610632397434,False,False
3996,Signwriters,4,2015-16,workers_compensation_injury_frequency_rate,4.679091234279111,False,False
3996,Signwriters,4,2016-17,workers_compensation_injury_frequency_rate,4.845172712390312,False,False
3996,Signwriters,4,2017-18,workers_compensation_injury_frequency_rate,3.6101978520170452,False,False
3996,Signwriters,4,2018-19,workers_compensation_injury_frequency_rate,2.4975869554313914,False,False
3996,Signwriters,4,2019-20,workers_compensation_injury_frequency_rate,3.877936036812826,False,False
3996,Signwriters,4,2020-21,workers_compensation_injury_frequency_rate,5.546141353270512,False,False
3996,Signwriters,4,2021-22,workers_compensation_injury_frequency_rate,6.8722203212578865,False,False
3996,Signwriters,4,2022-23,workers_compensation_injury_frequency_rate,3.203574028105938,False,False
3996,Signwriters,4,2023-24,workers_compensation_injury_frequency_rate,8.470965184294634,False,True
3999,Other miscellaneous technicians and trades workers,4,2014-15,workers_compensation_injury_frequency_rate,59.489233086743674,False,False
3999,Other miscellaneous technicians and trades workers,4,2015-16,workers_compensation_injury_frequency_rate,64.69348147954723,False,False
3999,Other miscellaneous technicians and trades workers,4,2016-17,workers_compensation_injury_frequency_rate,66.54174463955744,False,False
3999,Other miscellaneous technicians and trades workers,4,2017-18,workers_compensation_injury_frequency_rate,53.481733330170194,False,False
3999,Other miscellaneous technicians and trades workers,4,2018-19,workers_compensation_injury_frequency_rate,64.9240781576931,False,False
3999,Other miscellaneous technicians and trades workers,4,2019-20,workers_compensation_injury_frequency_rate,83.22408857484749,False,False
3999,Other miscellaneous technicians and trades workers,4,2020-21,workers_compensation_injury_frequency_rate,81.2155437693037,False,False
3999,Other miscellaneous technicians and trades workers,4,2021-22,workers_compensation_injury_frequency_rate,51.21645449531416,False,False
3999,Other miscellaneous technicians and trades workers,4,2022-23,workers_compensation_injury_frequency_rate,56.09129462498126,False,False
3999,Other miscellaneous technicians and trades workers,4,2023-24,workers_compensation_injury_frequency_rate,67.36249261034683,False,True
4111,Ambulance officers and paramedics,4,2014-15,workers_compensation_injury_frequency_rate,56.84882871257926,False,False
4111,Ambulance officers and paramedics,4,2015-16,workers_compensation_injury_frequency_rate,31.596188871370757,False,False
4111,Ambulance officers and paramedics,4,2016-17,workers_compensation_injury_frequency_rate,33.68377599149083,False,False
4111,Ambulance officers and paramedics,4,2017-18,workers_compensation_injury_frequency_rate,29.573709697768507,False,False
4111,Ambulance officers and paramedics,4,2018-19,workers_compensation_injury_frequency_rate,39.288616853570325,False,False
4111,Ambulance officers and paramedics,4,2019-20,workers_compensation_injury_frequency_rate,44.83602718667078,False,False
4111,Ambulance officers and paramedics,4,2020-21,workers_compensation_injury_frequency_rate,61.566217218356954,False,False
4111,Ambulance officers and paramedics,4,2021-22,workers_compensation_injury_frequency_rate,57.22326015186159,False,False
4111,Ambulance officers and paramedics,4,2022-23,workers_compensation_injury_frequency_rate,51.36622703863008,False,False
4111,Ambulance officers and paramedics,4,2023-24,workers_compensation_injury_frequency_rate,52.73728840776234,False,True
4112,"Dental hygienists, technicians and therapists",4,2014-15,workers_compensation_injury_frequency_rate,4.410268140766512,False,False
4112,"Dental hygienists, technicians and therapists",4,2015-16,workers_compensation_injury_frequency_rate,2.6516835573082487,False,False
4112,"Dental hygienists, technicians and therapists",4,2016-17,workers_compensation_injury_frequency_rate,3.8436340596669116,False,False
4112,"Dental hygienists, technicians and therapists",4,2017-18,workers_compensation_injury_frequency_rate,4.822698709791409,False,False
4112,"Dental hygienists, technicians and therapists",4,2018-19,workers_compensation_injury_frequency_rate,5.979710611848415,False,False
4112,"Dental hygienists, technicians and therapists",4,2019-20,workers_compensation_injury_frequency_rate,7.845483853683081,False,False
4112,"Dental hygienists, technicians and therapists",4,2020-21,workers_compensation_injury_frequency_rate,4.833524243491169,False,False
4112,"Dental hygienists, technicians and therapists",4,2021-22,workers_compensation_injury_frequency_rate,4.6441545125710295,False,False
4112,"Dental hygienists, technicians and therapists",4,2022-23,workers_compensation_injury_frequency_rate,5.093616762204428,False,False
4112,"Dental hygienists, technicians and therapists",4,2023-24,workers_compensation_injury_frequency_rate,3.8905578693294323,False,True
4113,Diversional therapists,4,2014-15,workers_compensation_injury_frequency_rate,12.058934110338951,False,False
4113,Diversional therapists,4,2015-16,workers_compensation_injury_frequency_rate,6.987001735699151,False,False
4113,Diversional therapists,4,2016-17,workers_compensation_injury_frequency_rate,19.313409036707814,False,False
4113,Diversional therapists,4,2017-18,workers_compensation_injury_frequency_rate,11.011785679425863,False,False
4113,Diversional therapists,4,2018-19,workers_compensation_injury_frequency_rate,6.793726733679169,False,False
4113,Diversional therapists,4,2019-20,workers_compensation_injury_frequency_rate,12.969920939642627,False,False
4113,Diversional therapists,4,2020-21,workers_compensation_injury_frequency_rate,15.750450991305453,False,False
4113,Diversional therapists,4,2021-22,workers_compensation_injury_frequency_rate,38.202094725237345,False,False
4113,Diversional therapists,4,2022-23,workers_compensation_injury_frequency_rate,35.47380993243129,False,False
4113,Diversional therapists,4,2023-24,workers_compensation_injury_frequency_rate,25.132967235449847,False,True
4114,Enrolled and mothercraft nurses,4,2014-15,workers_compensation_injury_frequency_rate,38.117903237835534,False,False
4114,Enrolled and mothercraft nurses,4,2015-16,workers_compensation_injury_frequency_rate,22.01317741297972,False,False
4114,Enrolled and mothercraft nurses,4,2016-17,workers_compensation_injury_frequency_rate,22.863615606763663,False,False
4114,Enrolled and mothercraft nurses,4,2017-18,workers_compensation_injury_frequency_rate,22.263775098029456,False,False
4114,Enrolled and mothercraft nurses,4,2018-19,workers_compensation_injury_frequency_rate,24.718487584552804,False,False
4114,Enrolled and mothercraft nurses,4,2019-20,workers_compensation_injury_frequency_rate,32.54063167892936,False,False
4114,Enrolled and mothercraft nurses,4,2020-21,workers_compensation_injury_frequency_rate,29.611973127145607,False,False
4114,Enrolled and mothercraft nurses,4,2021-22,workers_compensation_injury_frequency_rate,34.56164759837513,False,False
4114,Enrolled and mothercraft nurses,4,2022-23,workers_compensation_injury_frequency_rate,31.797813959605094,False,False
4114,Enrolled and mothercraft nurses,4,2023-24,workers_compensation_injury_frequency_rate,32.2625569854722,False,True
4115,Indigenous health workers,4,2014-15,workers_compensation_injury_frequency_rate,8.701677020869337,False,False
4115,Indigenous health workers,4,2015-16,workers_compensation_injury_frequency_rate,20.115496858575117,False,False
4115,Indigenous health workers,4,2016-17,workers_compensation_injury_frequency_rate,5.184102642547389,False,False
4115,Indigenous health workers,4,2017-18,workers_compensation_injury_frequency_rate,7.9008176753920685,False,False
4115,Indigenous health workers,4,2018-19,workers_compensation_injury_frequency_rate,9.902012104098684,False,False
4115,Indigenous health workers,4,2019-20,workers_compensation_injury_frequency_rate,13.081688014259932,False,False
4115,Indigenous health workers,4,2020-21,workers_compensation_injury_frequency_rate,16.076925801431482,False,False
4115,Indigenous health workers,4,2021-22,workers_compensation_injury_frequency_rate,15.735071497419854,False,False
4115,Indigenous health workers,4,2022-23,workers_compensation_injury_frequency_rate,15.509757546249155,False,False
4115,Indigenous health workers,4,2023-24,workers_compensation_injury_frequency_rate,17.614608129388696,False,True
4116,Massage therapists,4,2014-15,workers_compensation_injury_frequency_rate,3.0806103405459044,False,False
4116,Massage therapists,4,2015-16,workers_compensation_injury_frequency_rate,3.824342586795436,False,False
4116,Massage therapists,4,2016-17,workers_compensation_injury_frequency_rate,2.6486977920405956,False,False
4116,Massage therapists,4,2017-18,workers_compensation_injury_frequency_rate,1.2363667050303138,False,False
4116,Massage therapists,4,2018-19,workers_compensation_injury_frequency_rate,3.782565092325841,False,False
4116,Massage therapists,4,2019-20,workers_compensation_injury_frequency_rate,2.0466855195647446,False,False
4116,Massage therapists,4,2020-21,workers_compensation_injury_frequency_rate,3.849041262935806,False,False
4116,Massage therapists,4,2021-22,workers_compensation_injury_frequency_rate,3.1106374648210715,False,False
4116,Massage therapists,4,2022-23,workers_compensation_injury_frequency_rate,3.6042410476145452,False,False
4116,Massage therapists,4,2023-24,workers_compensation_injury_frequency_rate,2.804802272680602,False,True
4117,Welfare support workers,4,2014-15,workers_compensation_injury_frequency_rate,24.225654666995624,False,False
4117,Welfare support workers,4,2015-16,workers_compensation_injury_frequency_rate,16.6366784481109,False,False
4117,Welfare support workers,4,2016-17,workers_compensation_injury_frequency_rate,19.70220802945787,False,False
4117,Welfare support workers,4,2017-18,workers_compensation_injury_frequency_rate,25.935860934022706,False,False
4117,Welfare support workers,4,2018-19,workers_compensation_injury_frequency_rate,22.254060690715892,False,False
4117,Welfare support workers,4,2019-20,workers_compensation_injury_frequency_rate,23.564882689052943,False,False
4117,Welfare support workers,4,2020-21,workers_compensation_injury_frequency_rate,22.075262011954454,False,False
4117,Welfare support workers,4,2021-22,workers_compensation_injury_frequency_rate,17.6121053346376,False,False
4117,Welfare support workers,4,2022-23,workers_compensation_injury_frequency_rate,17.88388399092847,False,False
4117,Welfare support workers,4,2023-24,workers_compensation_injury_frequency_rate,18.968702797160407,False,True
4211,Child carers,4,2014-15,workers_compensation_injury_frequency_rate,11.402982927223187,False,False
4211,Child carers,4,2015-16,workers_compensation_injury_frequency_rate,10.369219905783252,False,False
4211,Child carers,4,2016-17,workers_compensation_injury_frequency_rate,11.183825389647966,False,False
4211,Child carers,4,2017-18,workers_compensation_injury_frequency_rate,9.185272905988608,False,False
4211,Child carers,4,2018-19,workers_compensation_injury_frequency_rate,10.671279678952613,False,False
4211,Child carers,4,2019-20,workers_compensation_injury_frequency_rate,12.810864802242206,False,False
4211,Child carers,4,2020-21,workers_compensation_injury_frequency_rate,14.826370574003287,False,False
4211,Child carers,4,2021-22,workers_compensation_injury_frequency_rate,12.690056238723486,False,False
4211,Child carers,4,2022-23,workers_compensation_injury_frequency_rate,10.892287411847313,False,False
4211,Child carers,4,2023-24,workers_compensation_injury_frequency_rate,11.76218970336417,False,True
4221,Education aides,4,2014-15,workers_compensation_injury_frequency_rate,16.1362438193825,False,False
4221,Education aides,4,2015-16,workers_compensation_injury_frequency_rate,13.803303723076196,False,False
4221,Education aides,4,2016-17,workers_compensation_injury_frequency_rate,13.15396228595344,False,False
4221,Education aides,4,2017-18,workers_compensation_injury_frequency_rate,14.788750861837137,False,False
4221,Education aides,4,2018-19,workers_compensation_injury_frequency_rate,14.948780097855867,False,False
4221,Education aides,4,2019-20,workers_compensation_injury_frequency_rate,14.399588391432056,False,False
4221,Education aides,4,2020-21,workers_compensation_injury_frequency_rate,17.21746783234017,False,False
4221,Education aides,4,2021-22,workers_compensation_injury_frequency_rate,17.41416395328503,False,False
4221,Education aides,4,2022-23,workers_compensation_injury_frequency_rate,19.927097653042804,False,False
4221,Education aides,4,2023-24,workers_compensation_injury_frequency_rate,17.167080023418208,False,True
4231,Aged and disabled carers,4,2014-15,workers_compensation_injury_frequency_rate,17.18115776000764,False,False
4231,Aged and disabled carers,4,2015-16,workers_compensation_injury_frequency_rate,15.842675470858273,False,False
4231,Aged and disabled carers,4,2016-17,workers_compensation_injury_frequency_rate,15.644406657727961,False,False
4231,Aged and disabled carers,4,2017-18,workers_compensation_injury_frequency_rate,11.15405988801949,False,False
4231,Aged and disabled carers,4,2018-19,workers_compensation_injury_frequency_rate,13.706586850410604,False,False
4231,Aged and disabled carers,4,2019-20,workers_compensation_injury_frequency_rate,12.656402988600997,False,False
4231,Aged and disabled carers,4,2020-21,workers_compensation_injury_frequency_rate,12.980827620495985,False,False
4231,Aged and disabled carers,4,2021-22,workers_compensation_injury_frequency_rate,11.857223388138108,False,False
4231,Aged and disabled carers,4,2022-23,workers_compensation_injury_frequency_rate,13.715108076941105,False,False
4231,Aged and disabled carers,4,2023-24,workers_compensation_injury_frequency_rate,13.188404515310955,False,True
4232,Dental assistants,4,2014-15,workers_compensation_injury_frequency_rate,3.7902301865328365,False,False
4232,Dental assistants,4,2015-16,workers_compensation_injury_frequency_rate,3.9220571682926884,False,False
4232,Dental assistants,4,2016-17,workers_compensation_injury_frequency_rate,3.4349608342022093,False,False
4232,Dental assistants,4,2017-18,workers_compensation_injury_frequency_rate,3.3581120482700992,False,False
4232,Dental assistants,4,2018-19,workers_compensation_injury_frequency_rate,3.5779294018442838,False,False
4232,Dental assistants,4,2019-20,workers_compensation_injury_frequency_rate,4.331931482334085,False,False
4232,Dental assistants,4,2020-21,workers_compensation_injury_frequency_rate,5.3114295038744475,False,False
4232,Dental assistants,4,2021-22,workers_compensation_injury_frequency_rate,3.2426127962419034,False,False
4232,Dental assistants,4,2022-23,workers_compensation_injury_frequency_rate,3.2762979287206817,False,False
4232,Dental assistants,4,2023-24,workers_compensation_injury_frequency_rate,3.831369942057824,False,True
4233,Nursing support and personal care workers,4,2014-15,workers_compensation_injury_frequency_rate,29.814110611152035,False,False
4233,Nursing support and personal care workers,4,2015-16,workers_compensation_injury_frequency_rate,24.89713183686769,False,False
4233,Nursing support and personal care workers,4,2016-17,workers_compensation_injury_frequency_rate,29.2036691551729,False,False
4233,Nursing support and personal care workers,4,2017-18,workers_compensation_injury_frequency_rate,31.465523946866654,False,False
4233,Nursing support and personal care workers,4,2018-19,workers_compensation_injury_frequency_rate,31.81947786266236,False,False
4233,Nursing support and personal care workers,4,2019-20,workers_compensation_injury_frequency_rate,35.991444322726124,False,False
4233,Nursing support and personal care workers,4,2020-21,workers_compensation_injury_frequency_rate,47.10800219139367,False,False
4233,Nursing support and personal care workers,4,2021-22,workers_compensation_injury_frequency_rate,35.94551835656012,False,False
4233,Nursing support and personal care workers,4,2022-23,workers_compensation_injury_frequency_rate,39.607248664453095,False,False
4233,Nursing support and personal care workers,4,2023-24,workers_compensation_injury_frequency_rate,33.02276091620301,False,True
4234,Special care workers,4,2014-15,workers_compensation_injury_frequency_rate,81.35477988922693,False,False
4234,Special care workers,4,2015-16,workers_compensation_injury_frequency_rate,54.03419849990418,False,False
4234,Special care workers,4,2016-17,workers_compensation_injury_frequency_rate,43.6155774569407,False,False
4234,Special care workers,4,2017-18,workers_compensation_injury_frequency_rate,45.39979327311807,False,False
4234,Special care workers,4,2018-19,workers_compensation_injury_frequency_rate,66.23959291986779,False,False
4234,Special care workers,4,2019-20,workers_compensation_injury_frequency_rate,42.69123586860682,False,False
4234,Special care workers,4,2020-21,workers_compensation_injury_frequency_rate,83.73494603637728,False,False
4234,Special care workers,4,2021-22,workers_compensation_injury_frequency_rate,71.65682714232457,False,False
4234,Special care workers,4,2022-23,workers_compensation_injury_frequency_rate,85.259075195834,False,False
4234,Special care workers,4,2023-24,workers_compensation_injury_frequency_rate,74.87233380161427,False,True
4311,Bar attendants and baristas,4,2014-15,workers_compensation_injury_frequency_rate,6.518486908553357,False,False
4311,Bar attendants and baristas,4,2015-16,workers_compensation_injury_frequency_rate,5.421045971577768,False,False
4311,Bar attendants and baristas,4,2016-17,workers_compensation_injury_frequency_rate,5.409101336844269,False,False
4311,Bar attendants and baristas,4,2017-18,workers_compensation_injury_frequency_rate,5.191506367613776,False,False
4311,Bar attendants and baristas,4,2018-19,workers_compensation_injury_frequency_rate,5.689235856462244,False,False
4311,Bar attendants and baristas,4,2019-20,workers_compensation_injury_frequency_rate,5.27086642157983,False,False
4311,Bar attendants and baristas,4,2020-21,workers_compensation_injury_frequency_rate,5.448140456010359,False,False
4311,Bar attendants and baristas,4,2021-22,workers_compensation_injury_frequency_rate,6.919732125065309,False,False
4311,Bar attendants and baristas,4,2022-23,workers_compensation_injury_frequency_rate,5.073245419514182,False,False
4311,Bar attendants and baristas,4,2023-24,workers_compensation_injury_frequency_rate,5.46017225186372,False,True
4312,Cafe workers,4,2014-15,workers_compensation_injury_frequency_rate,7.738746321985947,False,False
4312,Cafe workers,4,2015-16,workers_compensation_injury_frequency_rate,9.030129741809453,False,False
4312,Cafe workers,4,2016-17,workers_compensation_injury_frequency_rate,7.21410035651798,False,False
4312,Cafe workers,4,2017-18,workers_compensation_injury_frequency_rate,13.362972377725686,False,False
4312,Cafe workers,4,2018-19,workers_compensation_injury_frequency_rate,13.478145496663645,False,False
4312,Cafe workers,4,2019-20,workers_compensation_injury_frequency_rate,18.81375787480766,False,False
4312,Cafe workers,4,2020-21,workers_compensation_injury_frequency_rate,14.66487685194354,False,False
4312,Cafe workers,4,2021-22,workers_compensation_injury_frequency_rate,13.24396970091514,False,False
4312,Cafe workers,4,2022-23,workers_compensation_injury_frequency_rate,13.47605285768686,False,False
4312,Cafe workers,4,2023-24,workers_compensation_injury_frequency_rate,8.698597978498626,False,True
4313,Gaming workers,4,2014-15,workers_compensation_injury_frequency_rate,10.341452573760344,False,False
4313,Gaming workers,4,2015-16,workers_compensation_injury_frequency_rate,8.192675171926748,False,False
4313,Gaming workers,4,2016-17,workers_compensation_injury_frequency_rate,9.4593983261656,False,False
4313,Gaming workers,4,2017-18,workers_compensation_injury_frequency_rate,15.357587444502638,False,False
4313,Gaming workers,4,2018-19,workers_compensation_injury_frequency_rate,14.015115181985664,False,False
4313,Gaming workers,4,2019-20,workers_compensation_injury_frequency_rate,10.787196790811182,False,False
4313,Gaming workers,4,2020-21,workers_compensation_injury_frequency_rate,8.924278570885113,False,False
4313,Gaming workers,4,2021-22,workers_compensation_injury_frequency_rate,54.347611506959446,False,False
4313,Gaming workers,4,2022-23,workers_compensation_injury_frequency_rate,32.74687496058289,False,False
4313,Gaming workers,4,2023-24,workers_compensation_injury_frequency_rate,12.21997478459716,False,True
4314,Hotel service managers,4,2014-15,workers_compensation_injury_frequency_rate,4.200959182260748,False,False
4314,Hotel service managers,4,2015-16,workers_compensation_injury_frequency_rate,4.064354496230202,False,False
4314,Hotel service managers,4,2016-17,workers_compensation_injury_frequency_rate,3.505883825586742,False,False
4314,Hotel service managers,4,2017-18,workers_compensation_injury_frequency_rate,5.795500187169029,False,False
4314,Hotel service managers,4,2018-19,workers_compensation_injury_frequency_rate,4.003856726319561,False,False
4314,Hotel service managers,4,2019-20,workers_compensation_injury_frequency_rate,5.948253318969362,False,False
4314,Hotel service managers,4,2020-21,workers_compensation_injury_frequency_rate,5.012589773191952,False,False
4314,Hotel service managers,4,2021-22,workers_compensation_injury_frequency_rate,5.654906633591389,False,False
4314,Hotel service managers,4,2022-23,workers_compensation_injury_frequency_rate,1.978263709446935,False,False
4314,Hotel service managers,4,2023-24,workers_compensation_injury_frequency_rate,4.699752569495448,False,True
4315,Waiters,4,2014-15,workers_compensation_injury_frequency_rate,4.555395292088748,False,False
4315,Waiters,4,2015-16,workers_compensation_injury_frequency_rate,4.221280426273196,False,False
4315,Waiters,4,2016-17,workers_compensation_injury_frequency_rate,4.509046806608923,False,False
4315,Waiters,4,2017-18,workers_compensation_injury_frequency_rate,3.951406753887559,False,False
4315,Waiters,4,2018-19,workers_compensation_injury_frequency_rate,4.341058966426117,False,False
4315,Waiters,4,2019-20,workers_compensation_injury_frequency_rate,4.361779944661215,False,False
4315,Waiters,4,2020-21,workers_compensation_injury_frequency_rate,4.207027743519457,False,False
4315,Waiters,4,2021-22,workers_compensation_injury_frequency_rate,5.6033997528603345,False,False
4315,Waiters,4,2022-23,workers_compensation_injury_frequency_rate,4.361562522911587,False,False
4315,Waiters,4,2023-24,workers_compensation_injury_frequency_rate,5.205912609191268,False,True
4319,Other hospitality workers,4,2014-15,workers_compensation_injury_frequency_rate,118.61267474629167,False,False
4319,Other hospitality workers,4,2015-16,workers_compensation_injury_frequency_rate,135.49015132543903,False,False
4319,Other hospitality workers,4,2016-17,workers_compensation_injury_frequency_rate,95.69288452175101,False,False
4319,Other hospitality workers,4,2017-18,workers_compensation_injury_frequency_rate,117.04822855870886,False,False
4319,Other hospitality workers,4,2018-19,workers_compensation_injury_frequency_rate,143.45954853513456,False,False
4319,Other hospitality workers,4,2019-20,workers_compensation_injury_frequency_rate,149.5305593051027,False,False
4319,Other hospitality workers,4,2020-21,workers_compensation_injury_frequency_rate,167.04710576198053,False,False
4319,Other hospitality workers,4,2021-22,workers_compensation_injury_frequency_rate,162.5297096715439,False,False
4319,Other hospitality workers,4,2022-23,workers_compensation_injury_frequency_rate,163.12483225264108,False,False
4319,Other hospitality workers,4,2023-24,workers_compensation_injury_frequency_rate,97.0761726269608,False,True
4411,Defence force members - other ranks,4,2014-15,workers_compensation_injury_frequency_rate,,False,False
4411,Defence force members - other ranks,4,2015-16,workers_compensation_injury_frequency_rate,,True,False
4411,Defence force members - other ranks,4,2016-17,workers_compensation_injury_frequency_rate,,False,False
4411,Defence force members - other ranks,4,2017-18,workers_compensation_injury_frequency_rate,,False,False
4411,Defence force members - other ranks,4,2018-19,workers_compensation_injury_frequency_rate,,False,False
4411,Defence force members - other ranks,4,2019-20,workers_compensation_injury_frequency_rate,,True,False
4411,Defence force members - other ranks,4,2020-21,workers_compensation_injury_frequency_rate,,True,False
4411,Defence force members - other ranks,4,2021-22,workers_compensation_injury_frequency_rate,0.4931324705912486,False,False
4411,Defence force members - other ranks,4,2022-23,workers_compensation_injury_frequency_rate,1.4518541585150864,False,False
4411,Defence force members - other ranks,4,2023-24,workers_compensation_injury_frequency_rate,0.7265594203913526,False,True
4412,Fire and emergency workers,4,2014-15,workers_compensation_injury_frequency_rate,28.795690005359933,False,False
4412,Fire and emergency workers,4,2015-16,workers_compensation_injury_frequency_rate,22.227212534769148,False,False
4412,Fire and emergency workers,4,2016-17,workers_compensation_injury_frequency_rate,29.53411471213306,False,False
4412,Fire and emergency workers,4,2017-18,workers_compensation_injury_frequency_rate,26.11227135126989,False,False
4412,Fire and emergency workers,4,2018-19,workers_compensation_injury_frequency_rate,34.27705438741392,False,False
4412,Fire and emergency workers,4,2019-20,workers_compensation_injury_frequency_rate,44.99740723939151,False,False
4412,Fire and emergency workers,4,2020-21,workers_compensation_injury_frequency_rate,37.44684772393487,False,False
4412,Fire and emergency workers,4,2021-22,workers_compensation_injury_frequency_rate,50.4764672030913,False,False
4412,Fire and emergency workers,4,2022-23,workers_compensation_injury_frequency_rate,70.21737543826441,False,False
4412,Fire and emergency workers,4,2023-24,workers_compensation_injury_frequency_rate,51.49926195091756,False,True
4413,Police,4,2014-15,workers_compensation_injury_frequency_rate,33.503719495968056,False,False
4413,Police,4,2015-16,workers_compensation_injury_frequency_rate,28.106591572769663,False,False
4413,Police,4,2016-17,workers_compensation_injury_frequency_rate,27.545572402640506,False,False
4413,Police,4,2017-18,workers_compensation_injury_frequency_rate,31.38891001156205,False,False
4413,Police,4,2018-19,workers_compensation_injury_frequency_rate,35.722207272030836,False,False
4413,Police,4,2019-20,workers_compensation_injury_frequency_rate,36.33869111827179,False,False
4413,Police,4,2020-21,workers_compensation_injury_frequency_rate,35.96407319070226,False,False
4413,Police,4,2021-22,workers_compensation_injury_frequency_rate,42.31716380825859,False,False
4413,Police,4,2022-23,workers_compensation_injury_frequency_rate,46.266584308905855,False,False
4413,Police,4,2023-24,workers_compensation_injury_frequency_rate,45.41313835605698,False,True
4421,Prison officers,4,2014-15,workers_compensation_injury_frequency_rate,36.78051280075688,False,False
4421,Prison officers,4,2015-16,workers_compensation_injury_frequency_rate,30.92529898079044,False,False
4421,Prison officers,4,2016-17,workers_compensation_injury_frequency_rate,27.410047059455483,False,False
4421,Prison officers,4,2017-18,workers_compensation_injury_frequency_rate,33.754071285060924,False,False
4421,Prison officers,4,2018-19,workers_compensation_injury_frequency_rate,45.788602427163426,False,False
4421,Prison officers,4,2019-20,workers_compensation_injury_frequency_rate,46.016915913038645,False,False
4421,Prison officers,4,2020-21,workers_compensation_injury_frequency_rate,45.835064812353764,False,False
4421,Prison officers,4,2021-22,workers_compensation_injury_frequency_rate,99.37629739896063,False,False
4421,Prison officers,4,2022-23,workers_compensation_injury_frequency_rate,83.7059330422303,False,False
4421,Prison officers,4,2023-24,workers_compensation_injury_frequency_rate,75.38605011255002,False,True
4422,Security officers and guards,4,2014-15,workers_compensation_injury_frequency_rate,12.186580404463756,False,False
4422,Security officers and guards,4,2015-16,workers_compensation_injury_frequency_rate,12.955707276088095,False,False
4422,Security officers and guards,4,2016-17,workers_compensation_injury_frequency_rate,11.504096313003057,False,False
4422,Security officers and guards,4,2017-18,workers_compensation_injury_frequency_rate,10.621669062259233,False,False
4422,Security officers and guards,4,2018-19,workers_compensation_injury_frequency_rate,11.0983236784927,False,False
4422,Security officers and guards,4,2019-20,workers_compensation_injury_frequency_rate,12.85864636754336,False,False
4422,Security officers and guards,4,2020-21,workers_compensation_injury_frequency_rate,12.416605539797395,False,False
4422,Security officers and guards,4,2021-22,workers_compensation_injury_frequency_rate,13.304211962233268,False,False
4422,Security officers and guards,4,2022-23,workers_compensation_injury_frequency_rate,14.726128717500677,False,False
4422,Security officers and guards,4,2023-24,workers_compensation_injury_frequency_rate,14.839354174316833,False,True
4511,Beauty therapists,4,2014-15,workers_compensation_injury_frequency_rate,2.4503905947843956,False,False
4511,Beauty therapists,4,2015-16,workers_compensation_injury_frequency_rate,3.1164602927675977,False,False
4511,Beauty therapists,4,2016-17,workers_compensation_injury_frequency_rate,2.940372800102078,False,False
4511,Beauty therapists,4,2017-18,workers_compensation_injury_frequency_rate,2.0788428692591983,False,False
4511,Beauty therapists,4,2018-19,workers_compensation_injury_frequency_rate,2.442426282148483,False,False
4511,Beauty therapists,4,2019-20,workers_compensation_injury_frequency_rate,2.641973418563395,False,False
4511,Beauty therapists,4,2020-21,workers_compensation_injury_frequency_rate,4.1446409246444675,False,False
4511,Beauty therapists,4,2021-22,workers_compensation_injury_frequency_rate,3.5491296350311194,False,False
4511,Beauty therapists,4,2022-23,workers_compensation_injury_frequency_rate,2.8308346376925995,False,False
4511,Beauty therapists,4,2023-24,workers_compensation_injury_frequency_rate,2.932648487204199,False,True
4512,Driving instructors,4,2014-15,workers_compensation_injury_frequency_rate,17.53049011549484,False,False
4512,Driving instructors,4,2015-16,workers_compensation_injury_frequency_rate,14.965583600659926,False,False
4512,Driving instructors,4,2016-17,workers_compensation_injury_frequency_rate,14.197291399261474,False,False
4512,Driving instructors,4,2017-18,workers_compensation_injury_frequency_rate,14.3275457984648,False,False
4512,Driving instructors,4,2018-19,workers_compensation_injury_frequency_rate,14.64271072307697,False,False
4512,Driving instructors,4,2019-20,workers_compensation_injury_frequency_rate,35.445304855400884,False,False
4512,Driving instructors,4,2020-21,workers_compensation_injury_frequency_rate,21.692024193784547,False,False
4512,Driving instructors,4,2021-22,workers_compensation_injury_frequency_rate,39.11200427734368,False,False
4512,Driving instructors,4,2022-23,workers_compensation_injury_frequency_rate,29.307529008224407,False,False
4512,Driving instructors,4,2023-24,workers_compensation_injury_frequency_rate,27.47204769679727,False,True
4513,Funeral workers,4,2014-15,workers_compensation_injury_frequency_rate,15.129607460599784,False,False
4513,Funeral workers,4,2015-16,workers_compensation_injury_frequency_rate,17.128637890440313,False,False
4513,Funeral workers,4,2016-17,workers_compensation_injury_frequency_rate,15.13210541507257,False,False
4513,Funeral workers,4,2017-18,workers_compensation_injury_frequency_rate,21.431662514098605,False,False
4513,Funeral workers,4,2018-19,workers_compensation_injury_frequency_rate,11.738694762604359,False,False
4513,Funeral workers,4,2019-20,workers_compensation_injury_frequency_rate,11.866498051067532,False,False
4513,Funeral workers,4,2020-21,workers_compensation_injury_frequency_rate,11.349546880949319,False,False
4513,Funeral workers,4,2021-22,workers_compensation_injury_frequency_rate,18.345318370347997,False,False
4513,Funeral workers,4,2022-23,workers_compensation_injury_frequency_rate,8.996917004569786,False,False
4513,Funeral workers,4,2023-24,workers_compensation_injury_frequency_rate,14.818411811847472,False,True
4514,"Gallery, museum and tour guides",4,2014-15,workers_compensation_injury_frequency_rate,7.751617205857995,False,False
4514,"Gallery, museum and tour guides",4,2015-16,workers_compensation_injury_frequency_rate,6.206404663046466,False,False
4514,"Gallery, museum and tour guides",4,2016-17,workers_compensation_injury_frequency_rate,11.874416490295172,False,False
4514,"Gallery, museum and tour guides",4,2017-18,workers_compensation_injury_frequency_rate,8.788382313496822,False,False
4514,"Gallery, museum and tour guides",4,2018-19,workers_compensation_injury_frequency_rate,10.400618126213638,False,False
4514,"Gallery, museum and tour guides",4,2019-20,workers_compensation_injury_frequency_rate,9.483460991261511,False,False
4514,"Gallery, museum and tour guides",4,2020-21,workers_compensation_injury_frequency_rate,6.3577559369332075,False,False
4514,"Gallery, museum and tour guides",4,2021-22,workers_compensation_injury_frequency_rate,12.820876977762804,False,False
4514,"Gallery, museum and tour guides",4,2022-23,workers_compensation_injury_frequency_rate,8.388085973204884,False,False
4514,"Gallery, museum and tour guides",4,2023-24,workers_compensation_injury_frequency_rate,14.682668683880905,False,True
4515,Personal care consultants,4,2014-15,workers_compensation_injury_frequency_rate,11.798576951009348,False,False
4515,Personal care consultants,4,2015-16,workers_compensation_injury_frequency_rate,9.23874998741831,False,False
4515,Personal care consultants,4,2016-17,workers_compensation_injury_frequency_rate,4.278913356282494,False,False
4515,Personal care consultants,4,2017-18,workers_compensation_injury_frequency_rate,5.71889386360549,False,False
4515,Personal care consultants,4,2018-19,workers_compensation_injury_frequency_rate,8.670203330039698,False,False
4515,Personal care consultants,4,2019-20,workers_compensation_injury_frequency_rate,5.887781398005989,False,False
4515,Personal care consultants,4,2020-21,workers_compensation_injury_frequency_rate,10.3549936937522,False,False
4515,Personal care consultants,4,2021-22,workers_compensation_injury_frequency_rate,8.79778940224915,False,False
4515,Personal care consultants,4,2022-23,workers_compensation_injury_frequency_rate,6.24877723461508,False,False
4515,Personal care consultants,4,2023-24,workers_compensation_injury_frequency_rate,3.056968196144611,False,True
4516,Tourism and travel advisers,4,2014-15,workers_compensation_injury_frequency_rate,0.9180753710989288,False,False
4516,Tourism and travel advisers,4,2015-16,workers_compensation_injury_frequency_rate,1.4383341808767576,False,False
4516,Tourism and travel advisers,4,2016-17,workers_compensation_injury_frequency_rate,1.094872115560632,False,False
4516,Tourism and travel advisers,4,2017-18,workers_compensation_injury_frequency_rate,0.9325798587284012,False,False
4516,Tourism and travel advisers,4,2018-19,workers_compensation_injury_frequency_rate,1.9228224875760171,False,False
4516,Tourism and travel advisers,4,2019-20,workers_compensation_injury_frequency_rate,1.2682406500930326,False,False
4516,Tourism and travel advisers,4,2020-21,workers_compensation_injury_frequency_rate,1.0301426392588429,False,False
4516,Tourism and travel advisers,4,2021-22,workers_compensation_injury_frequency_rate,1.9694123761752105,False,False
4516,Tourism and travel advisers,4,2022-23,workers_compensation_injury_frequency_rate,1.2405196714914832,False,False
4516,Tourism and travel advisers,4,2023-24,workers_compensation_injury_frequency_rate,1.482485605531028,False,True
4517,Travel attendants,4,2014-15,workers_compensation_injury_frequency_rate,21.35540205965082,False,False
4517,Travel attendants,4,2015-16,workers_compensation_injury_frequency_rate,14.876920025434222,False,False
4517,Travel attendants,4,2016-17,workers_compensation_injury_frequency_rate,11.361585963768073,False,False
4517,Travel attendants,4,2017-18,workers_compensation_injury_frequency_rate,14.28879513249341,False,False
4517,Travel attendants,4,2018-19,workers_compensation_injury_frequency_rate,24.749416370808376,False,False
4517,Travel attendants,4,2019-20,workers_compensation_injury_frequency_rate,33.861694768186695,False,False
4517,Travel attendants,4,2020-21,workers_compensation_injury_frequency_rate,32.50592196773411,False,False
4517,Travel attendants,4,2021-22,workers_compensation_injury_frequency_rate,25.721106216013336,False,False
4517,Travel attendants,4,2022-23,workers_compensation_injury_frequency_rate,23.429433696378375,False,False
4517,Travel attendants,4,2023-24,workers_compensation_injury_frequency_rate,36.9032996047852,False,True
4518,Other personal service workers,4,2014-15,workers_compensation_injury_frequency_rate,12.340666265217962,False,False
4518,Other personal service workers,4,2015-16,workers_compensation_injury_frequency_rate,11.451255209031673,False,False
4518,Other personal service workers,4,2016-17,workers_compensation_injury_frequency_rate,16.777133563052466,False,False
4518,Other personal service workers,4,2017-18,workers_compensation_injury_frequency_rate,11.564461302297092,False,False
4518,Other personal service workers,4,2018-19,workers_compensation_injury_frequency_rate,14.903655210822064,False,False
4518,Other personal service workers,4,2019-20,workers_compensation_injury_frequency_rate,17.153973502767194,False,False
4518,Other personal service workers,4,2020-21,workers_compensation_injury_frequency_rate,14.231718566238229,False,False
4518,Other personal service workers,4,2021-22,workers_compensation_injury_frequency_rate,16.596888889201562,False,False
4518,Other personal service workers,4,2022-23,workers_compensation_injury_frequency_rate,12.378575682909739,False,False
4518,Other personal service workers,4,2023-24,workers_compensation_injury_frequency_rate,15.709214495169586,False,True
4521,Fitness instructors,4,2014-15,workers_compensation_injury_frequency_rate,3.5311648378107434,False,False
4521,Fitness instructors,4,2015-16,workers_compensation_injury_frequency_rate,2.3857359711191872,False,False
4521,Fitness instructors,4,2016-17,workers_compensation_injury_frequency_rate,3.099380172669267,False,False
4521,Fitness instructors,4,2017-18,workers_compensation_injury_frequency_rate,3.1186217045387177,False,False
4521,Fitness instructors,4,2018-19,workers_compensation_injury_frequency_rate,2.293700716079253,False,False
4521,Fitness instructors,4,2019-20,workers_compensation_injury_frequency_rate,2.881092913397703,False,False
4521,Fitness instructors,4,2020-21,workers_compensation_injury_frequency_rate,2.4853656652669547,False,False
4521,Fitness instructors,4,2021-22,workers_compensation_injury_frequency_rate,3.7135847484578144,False,False
4521,Fitness instructors,4,2022-23,workers_compensation_injury_frequency_rate,2.9426413234723223,False,False
4521,Fitness instructors,4,2023-24,workers_compensation_injury_frequency_rate,2.832533166990319,False,True
4522,Outdoor adventure guides,4,2014-15,workers_compensation_injury_frequency_rate,6.177497562579942,False,False
4522,Outdoor adventure guides,4,2015-16,workers_compensation_injury_frequency_rate,6.1273674601449555,False,False
4522,Outdoor adventure guides,4,2016-17,workers_compensation_injury_frequency_rate,9.731694589703478,False,False
4522,Outdoor adventure guides,4,2017-18,workers_compensation_injury_frequency_rate,4.990362812534155,False,False
4522,Outdoor adventure guides,4,2018-19,workers_compensation_injury_frequency_rate,3.036361345634314,False,False
4522,Outdoor adventure guides,4,2019-20,workers_compensation_injury_frequency_rate,8.006504580575651,False,False
4522,Outdoor adventure guides,4,2020-21,workers_compensation_injury_frequency_rate,7.232293494705372,False,False
4522,Outdoor adventure guides,4,2021-22,workers_compensation_injury_frequency_rate,13.251055984641969,False,False
4522,Outdoor adventure guides,4,2022-23,workers_compensation_injury_frequency_rate,13.343468702918342,False,False
4522,Outdoor adventure guides,4,2023-24,workers_compensation_injury_frequency_rate,27.71533565349078,False,True
4523,"Sports coaches, instructors and officials",4,2014-15,workers_compensation_injury_frequency_rate,10.342937200520137,False,False
4523,"Sports coaches, instructors and officials",4,2015-16,workers_compensation_injury_frequency_rate,8.437771413615488,False,False
4523,"Sports coaches, instructors and officials",4,2016-17,workers_compensation_injury_frequency_rate,10.44841009112964,False,False
4523,"Sports coaches, instructors and officials",4,2017-18,workers_compensation_injury_frequency_rate,11.168941481020545,False,False
4523,"Sports coaches, instructors and officials",4,2018-19,workers_compensation_injury_frequency_rate,9.738289388980021,False,False
4523,"Sports coaches, instructors and officials",4,2019-20,workers_compensation_injury_frequency_rate,11.236237205265406,False,False
4523,"Sports coaches, instructors and officials",4,2020-21,workers_compensation_injury_frequency_rate,10.818057207568714,False,False
4523,"Sports coaches, instructors and officials",4,2021-22,workers_compensation_injury_frequency_rate,10.269624044291625,False,False
4523,"Sports coaches, instructors and officials",4,2022-23,workers_compensation_injury_frequency_rate,10.726248273345096,False,False
4523,"Sports coaches, instructors and officials",4,2023-24,workers_compensation_injury_frequency_rate,9.929504112191545,False,True
4524,Sportspersons,4,2014-15,workers_compensation_injury_frequency_rate,23.85876646410864,False,False
4524,Sportspersons,4,2015-16,workers_compensation_injury_frequency_rate,13.941732982735667,False,False
4524,Sportspersons,4,2016-17,workers_compensation_injury_frequency_rate,21.657210715182483,False,False
4524,Sportspersons,4,2017-18,workers_compensation_injury_frequency_rate,17.814612348206985,False,False
4524,Sportspersons,4,2018-19,workers_compensation_injury_frequency_rate,17.697920562543487,False,False
4524,Sportspersons,4,2019-20,workers_compensation_injury_frequency_rate,21.059747711876945,False,False
4524,Sportspersons,4,2020-21,workers_compensation_injury_frequency_rate,24.022697788828275,False,False
4524,Sportspersons,4,2021-22,workers_compensation_injury_frequency_rate,22.58084908259729,False,False
4524,Sportspersons,4,2022-23,workers_compensation_injury_frequency_rate,15.114230164429717,False,False
4524,Sportspersons,4,2023-24,workers_compensation_injury_frequency_rate,19.096525373098594,False,True
5111,"Contract, program and project administrators",4,2014-15,workers_compensation_injury_frequency_rate,1.2201106376373452,False,False
5111,"Contract, program and project administrators",4,2015-16,workers_compensation_injury_frequency_rate,1.1421041240933736,False,False
5111,"Contract, program and project administrators",4,2016-17,workers_compensation_injury_frequency_rate,1.1352201807117666,False,False
5111,"Contract, program and project administrators",4,2017-18,workers_compensation_injury_frequency_rate,1.3690075409366609,False,False
5111,"Contract, program and project administrators",4,2018-19,workers_compensation_injury_frequency_rate,1.3557942180269145,False,False
5111,"Contract, program and project administrators",4,2019-20,workers_compensation_injury_frequency_rate,1.3905251846482438,False,False
5111,"Contract, program and project administrators",4,2020-21,workers_compensation_injury_frequency_rate,1.2274185033828873,False,False
5111,"Contract, program and project administrators",4,2021-22,workers_compensation_injury_frequency_rate,1.0395699592907375,False,False
5111,"Contract, program and project administrators",4,2022-23,workers_compensation_injury_frequency_rate,1.0831378608572344,False,False
5111,"Contract, program and project administrators",4,2023-24,workers_compensation_injury_frequency_rate,1.1657410900016985,False,True
5121,Office managers,4,2014-15,workers_compensation_injury_frequency_rate,1.3960098087532522,False,False
5121,Office managers,4,2015-16,workers_compensation_injury_frequency_rate,1.2207139107296932,False,False
5121,Office managers,4,2016-17,workers_compensation_injury_frequency_rate,1.331213532137637,False,False
5121,Office managers,4,2017-18,workers_compensation_injury_frequency_rate,1.5240214249455055,False,False
5121,Office managers,4,2018-19,workers_compensation_injury_frequency_rate,1.0355084701612107,False,False
5121,Office managers,4,2019-20,workers_compensation_injury_frequency_rate,1.0278614545598466,False,False
5121,Office managers,4,2020-21,workers_compensation_injury_frequency_rate,1.2169092868599731,False,False
5121,Office managers,4,2021-22,workers_compensation_injury_frequency_rate,1.008865907523084,False,False
5121,Office managers,4,2022-23,workers_compensation_injury_frequency_rate,1.2395205997916157,False,False
5121,Office managers,4,2023-24,workers_compensation_injury_frequency_rate,1.2972367023881641,False,True
5122,Practice managers,4,2014-15,workers_compensation_injury_frequency_rate,1.4731602954285066,False,False
5122,Practice managers,4,2015-16,workers_compensation_injury_frequency_rate,0.9384704487589336,False,False
5122,Practice managers,4,2016-17,workers_compensation_injury_frequency_rate,1.5739498426025156,False,False
5122,Practice managers,4,2017-18,workers_compensation_injury_frequency_rate,1.6046973693198294,False,False
5122,Practice managers,4,2018-19,workers_compensation_injury_frequency_rate,1.5670118109342832,False,False
5122,Practice managers,4,2019-20,workers_compensation_injury_frequency_rate,1.1862237080149252,False,False
5122,Practice managers,4,2020-21,workers_compensation_injury_frequency_rate,1.187430645897536,False,False
5122,Practice managers,4,2021-22,workers_compensation_injury_frequency_rate,1.1318920720073826,False,False
5122,Practice managers,4,2022-23,workers_compensation_injury_frequency_rate,1.5235035892649058,False,False
5122,Practice managers,4,2023-24,workers_compensation_injury_frequency_rate,1.38456090928565,False,True
5211,Personal assistants,4,2014-15,workers_compensation_injury_frequency_rate,1.200880013149826,False,False
5211,Personal assistants,4,2015-16,workers_compensation_injury_frequency_rate,1.4843569569120372,False,False
5211,Personal assistants,4,2016-17,workers_compensation_injury_frequency_rate,1.4912745633416433,False,False
5211,Personal assistants,4,2017-18,workers_compensation_injury_frequency_rate,1.2119383236082522,False,False
5211,Personal assistants,4,2018-19,workers_compensation_injury_frequency_rate,1.166590565721288,False,False
5211,Personal assistants,4,2019-20,workers_compensation_injury_frequency_rate,1.6541941447507416,False,False
5211,Personal assistants,4,2020-21,workers_compensation_injury_frequency_rate,1.1932982317041236,False,False
5211,Personal assistants,4,2021-22,workers_compensation_injury_frequency_rate,1.3303232316649891,False,False
5211,Personal assistants,4,2022-23,workers_compensation_injury_frequency_rate,1.470906064525896,False,False
5211,Personal assistants,4,2023-24,workers_compensation_injury_frequency_rate,1.425468699280487,False,True
5212,Secretaries,4,2014-15,workers_compensation_injury_frequency_rate,1.9223599670686449,False,False
5212,Secretaries,4,2015-16,workers_compensation_injury_frequency_rate,1.6130783355172484,False,False
5212,Secretaries,4,2016-17,workers_compensation_injury_frequency_rate,1.7996892926817656,False,False
5212,Secretaries,4,2017-18,workers_compensation_injury_frequency_rate,2.013913035259351,False,False
5212,Secretaries,4,2018-19,workers_compensation_injury_frequency_rate,1.785172371813763,False,False
5212,Secretaries,4,2019-20,workers_compensation_injury_frequency_rate,1.511643723615146,False,False
5212,Secretaries,4,2020-21,workers_compensation_injury_frequency_rate,1.4632767285375716,False,False
5212,Secretaries,4,2021-22,workers_compensation_injury_frequency_rate,1.1889049679627537,False,False
5212,Secretaries,4,2022-23,workers_compensation_injury_frequency_rate,1.2973757653201456,False,False
5212,Secretaries,4,2023-24,workers_compensation_injury_frequency_rate,1.699793985385248,False,True
5311,General clerks,4,2014-15,workers_compensation_injury_frequency_rate,4.558028271696277,False,False
5311,General clerks,4,2015-16,workers_compensation_injury_frequency_rate,3.8796981334764005,False,False
5311,General clerks,4,2016-17,workers_compensation_injury_frequency_rate,3.1578071474408462,False,False
5311,General clerks,4,2017-18,workers_compensation_injury_frequency_rate,2.656999585185134,False,False
5311,General clerks,4,2018-19,workers_compensation_injury_frequency_rate,2.485307086354858,False,False
5311,General clerks,4,2019-20,workers_compensation_injury_frequency_rate,2.593464904349557,False,False
5311,General clerks,4,2020-21,workers_compensation_injury_frequency_rate,2.4499166763323554,False,False
5311,General clerks,4,2021-22,workers_compensation_injury_frequency_rate,2.3932291794927547,False,False
5311,General clerks,4,2022-23,workers_compensation_injury_frequency_rate,2.200695933103641,False,False
5311,General clerks,4,2023-24,workers_compensation_injury_frequency_rate,2.680954407851624,False,True
5321,Keyboard operators,4,2014-15,workers_compensation_injury_frequency_rate,1.203416624690498,False,False
5321,Keyboard operators,4,2015-16,workers_compensation_injury_frequency_rate,1.1402173580132775,False,False
5321,Keyboard operators,4,2016-17,workers_compensation_injury_frequency_rate,0.8789316443775066,False,False
5321,Keyboard operators,4,2017-18,workers_compensation_injury_frequency_rate,0.8414584417146059,False,False
5321,Keyboard operators,4,2018-19,workers_compensation_injury_frequency_rate,0.616162975581006,False,False
5321,Keyboard operators,4,2019-20,workers_compensation_injury_frequency_rate,0.9394176776970251,False,False
5321,Keyboard operators,4,2020-21,workers_compensation_injury_frequency_rate,0.6596867359441566,False,False
5321,Keyboard operators,4,2021-22,workers_compensation_injury_frequency_rate,0.6115844200970861,False,False
5321,Keyboard operators,4,2022-23,workers_compensation_injury_frequency_rate,0.6818358709257804,False,False
5321,Keyboard operators,4,2023-24,workers_compensation_injury_frequency_rate,0.5340489575515943,False,True
5411,Call or contact centre workers,4,2014-15,workers_compensation_injury_frequency_rate,3.529017200846911,False,False
5411,Call or contact centre workers,4,2015-16,workers_compensation_injury_frequency_rate,3.507647747673875,False,False
5411,Call or contact centre workers,4,2016-17,workers_compensation_injury_frequency_rate,3.2701163676967235,False,False
5411,Call or contact centre workers,4,2017-18,workers_compensation_injury_frequency_rate,3.2775801463982552,False,False
5411,Call or contact centre workers,4,2018-19,workers_compensation_injury_frequency_rate,3.163509782012105,False,False
5411,Call or contact centre workers,4,2019-20,workers_compensation_injury_frequency_rate,2.573367147333437,False,False
5411,Call or contact centre workers,4,2020-21,workers_compensation_injury_frequency_rate,2.2738989926180238,False,False
5411,Call or contact centre workers,4,2021-22,workers_compensation_injury_frequency_rate,2.385731906929896,False,False
5411,Call or contact centre workers,4,2022-23,workers_compensation_injury_frequency_rate,2.6631283031176025,False,False
5411,Call or contact centre workers,4,2023-24,workers_compensation_injury_frequency_rate,4.1250027377962,False,True
5412,Inquiry clerks,4,2014-15,workers_compensation_injury_frequency_rate,0.7758134597758058,False,False
5412,Inquiry clerks,4,2015-16,workers_compensation_injury_frequency_rate,0.9793560849743035,False,False
5412,Inquiry clerks,4,2016-17,workers_compensation_injury_frequency_rate,0.8044875369042719,False,False
5412,Inquiry clerks,4,2017-18,workers_compensation_injury_frequency_rate,1.1195374315066169,False,False
5412,Inquiry clerks,4,2018-19,workers_compensation_injury_frequency_rate,0.6502356828207778,False,False
5412,Inquiry clerks,4,2019-20,workers_compensation_injury_frequency_rate,0.6338661847835351,False,False
5412,Inquiry clerks,4,2020-21,workers_compensation_injury_frequency_rate,0.7863510861686749,False,False
5412,Inquiry clerks,4,2021-22,workers_compensation_injury_frequency_rate,1.0824161096895046,False,False
5412,Inquiry clerks,4,2022-23,workers_compensation_injury_frequency_rate,0.75956953921328,False,False
5412,Inquiry clerks,4,2023-24,workers_compensation_injury_frequency_rate,0.8531688953140873,False,True
5421,Receptionists,4,2014-15,workers_compensation_injury_frequency_rate,2.210970975131917,False,False
5421,Receptionists,4,2015-16,workers_compensation_injury_frequency_rate,1.838608725410607,False,False
5421,Receptionists,4,2016-17,workers_compensation_injury_frequency_rate,1.9889768330960622,False,False
5421,Receptionists,4,2017-18,workers_compensation_injury_frequency_rate,1.9257672660263094,False,False
5421,Receptionists,4,2018-19,workers_compensation_injury_frequency_rate,1.9644420570247683,False,False
5421,Receptionists,4,2019-20,workers_compensation_injury_frequency_rate,2.126074282620091,False,False
5421,Receptionists,4,2020-21,workers_compensation_injury_frequency_rate,2.224062815410891,False,False
5421,Receptionists,4,2021-22,workers_compensation_injury_frequency_rate,1.8979910275150236,False,False
5421,Receptionists,4,2022-23,workers_compensation_injury_frequency_rate,1.890828159693505,False,False
5421,Receptionists,4,2023-24,workers_compensation_injury_frequency_rate,1.7573993958108298,False,True
5511,Accounting clerks,4,2014-15,workers_compensation_injury_frequency_rate,1.1968638566987284,False,False
5511,Accounting clerks,4,2015-16,workers_compensation_injury_frequency_rate,1.3710901758893619,False,False
5511,Accounting clerks,4,2016-17,workers_compensation_injury_frequency_rate,1.0620084816508915,False,False
5511,Accounting clerks,4,2017-18,workers_compensation_injury_frequency_rate,0.8519000007436088,False,False
5511,Accounting clerks,4,2018-19,workers_compensation_injury_frequency_rate,0.7967525532410172,False,False
5511,Accounting clerks,4,2019-20,workers_compensation_injury_frequency_rate,0.7750109712302156,False,False
5511,Accounting clerks,4,2020-21,workers_compensation_injury_frequency_rate,0.7232234649898478,False,False
5511,Accounting clerks,4,2021-22,workers_compensation_injury_frequency_rate,0.6217687137920309,False,False
5511,Accounting clerks,4,2022-23,workers_compensation_injury_frequency_rate,0.7390367748034884,False,False
5511,Accounting clerks,4,2023-24,workers_compensation_injury_frequency_rate,0.7457950958802367,False,True
5512,Bookkeepers,4,2014-15,workers_compensation_injury_frequency_rate,0.27125479220130866,False,False
5512,Bookkeepers,4,2015-16,workers_compensation_injury_frequency_rate,0.4474889135237274,False,False
5512,Bookkeepers,4,2016-17,workers_compensation_injury_frequency_rate,0.46206489465496,False,False
5512,Bookkeepers,4,2017-18,workers_compensation_injury_frequency_rate,0.38213017464944055,False,False
5512,Bookkeepers,4,2018-19,workers_compensation_injury_frequency_rate,0.3682559919934209,False,False
5512,Bookkeepers,4,2019-20,workers_compensation_injury_frequency_rate,0.3964137075450725,False,False
5512,Bookkeepers,4,2020-21,workers_compensation_injury_frequency_rate,0.3602894343988619,False,False
5512,Bookkeepers,4,2021-22,workers_compensation_injury_frequency_rate,0.3765490402300801,False,False
5512,Bookkeepers,4,2022-23,workers_compensation_injury_frequency_rate,0.3506629156082816,False,False
5512,Bookkeepers,4,2023-24,workers_compensation_injury_frequency_rate,0.2622960705475597,False,True
5513,Payroll clerks,4,2014-15,workers_compensation_injury_frequency_rate,1.152189936523433,False,False
5513,Payroll clerks,4,2015-16,workers_compensation_injury_frequency_rate,1.273750369391999,False,False
5513,Payroll clerks,4,2016-17,workers_compensation_injury_frequency_rate,0.9094801898739279,False,False
5513,Payroll clerks,4,2017-18,workers_compensation_injury_frequency_rate,0.8561175190865946,False,False
5513,Payroll clerks,4,2018-19,workers_compensation_injury_frequency_rate,1.2273802268300282,False,False
5513,Payroll clerks,4,2019-20,workers_compensation_injury_frequency_rate,1.157092324842848,False,False
5513,Payroll clerks,4,2020-21,workers_compensation_injury_frequency_rate,0.8234806019237643,False,False
5513,Payroll clerks,4,2021-22,workers_compensation_injury_frequency_rate,0.9521444319640324,False,False
5513,Payroll clerks,4,2022-23,workers_compensation_injury_frequency_rate,0.8700531566510468,False,False
5513,Payroll clerks,4,2023-24,workers_compensation_injury_frequency_rate,0.8114198315033422,False,True
5521,Bank workers,4,2014-15,workers_compensation_injury_frequency_rate,4.2407698504909614,False,False
5521,Bank workers,4,2015-16,workers_compensation_injury_frequency_rate,2.61150649071683,False,False
5521,Bank workers,4,2016-17,workers_compensation_injury_frequency_rate,2.169934667229492,False,False
5521,Bank workers,4,2017-18,workers_compensation_injury_frequency_rate,3.191991311473213,False,False
5521,Bank workers,4,2018-19,workers_compensation_injury_frequency_rate,3.383450959671911,False,False
5521,Bank workers,4,2019-20,workers_compensation_injury_frequency_rate,3.426179456705025,False,False
5521,Bank workers,4,2020-21,workers_compensation_injury_frequency_rate,2.704261259284589,False,False
5521,Bank workers,4,2021-22,workers_compensation_injury_frequency_rate,2.7836644405729585,False,False
5521,Bank workers,4,2022-23,workers_compensation_injury_frequency_rate,1.8984820688911594,False,False
5521,Bank workers,4,2023-24,workers_compensation_injury_frequency_rate,1.878575265559924,False,True
5522,Credit and loans officers,4,2014-15,workers_compensation_injury_frequency_rate,0.8657285206608482,False,False
5522,Credit and loans officers,4,2015-16,workers_compensation_injury_frequency_rate,0.5927112012113531,False,False
5522,Credit and loans officers,4,2016-17,workers_compensation_injury_frequency_rate,0.4786267346674534,False,False
5522,Credit and loans officers,4,2017-18,workers_compensation_injury_frequency_rate,0.4698617836892367,False,False
5522,Credit and loans officers,4,2018-19,workers_compensation_injury_frequency_rate,0.7466190187383507,False,False
5522,Credit and loans officers,4,2019-20,workers_compensation_injury_frequency_rate,0.7010416134505536,False,False
5522,Credit and loans officers,4,2020-21,workers_compensation_injury_frequency_rate,0.39490502636069397,False,False
5522,Credit and loans officers,4,2021-22,workers_compensation_injury_frequency_rate,0.3299659636527413,False,False
5522,Credit and loans officers,4,2022-23,workers_compensation_injury_frequency_rate,0.3084644539248559,False,False
5522,Credit and loans officers,4,2023-24,workers_compensation_injury_frequency_rate,0.4125407069158513,False,True
5523,"Insurance, money market and statistical clerks",4,2014-15,workers_compensation_injury_frequency_rate,1.6483123438918097,False,False
5523,"Insurance, money market and statistical clerks",4,2015-16,workers_compensation_injury_frequency_rate,1.4091243111185352,False,False
5523,"Insurance, money market and statistical clerks",4,2016-17,workers_compensation_injury_frequency_rate,1.310203873163968,False,False
5523,"Insurance, money market and statistical clerks",4,2017-18,workers_compensation_injury_frequency_rate,1.6583174347498166,False,False
5523,"Insurance, money market and statistical clerks",4,2018-19,workers_compensation_injury_frequency_rate,1.2425926104219793,False,False
5523,"Insurance, money market and statistical clerks",4,2019-20,workers_compensation_injury_frequency_rate,1.3974313873727278,False,False
5523,"Insurance, money market and statistical clerks",4,2020-21,workers_compensation_injury_frequency_rate,1.2127585844710087,False,False
5523,"Insurance, money market and statistical clerks",4,2021-22,workers_compensation_injury_frequency_rate,0.6029377510666388,False,False
5523,"Insurance, money market and statistical clerks",4,2022-23,workers_compensation_injury_frequency_rate,1.2465597818916254,False,False
5523,"Insurance, money market and statistical clerks",4,2023-24,workers_compensation_injury_frequency_rate,1.300327505220252,False,True
5611,Betting clerks,4,2014-15,workers_compensation_injury_frequency_rate,,True,False
5611,Betting clerks,4,2015-16,workers_compensation_injury_frequency_rate,,True,False
5611,Betting clerks,4,2016-17,workers_compensation_injury_frequency_rate,3.5762955088455564,False,False
5611,Betting clerks,4,2017-18,workers_compensation_injury_frequency_rate,1.9289397997796554,False,False
5611,Betting clerks,4,2018-19,workers_compensation_injury_frequency_rate,2.9843035538359786,False,False
5611,Betting clerks,4,2019-20,workers_compensation_injury_frequency_rate,,True,False
5611,Betting clerks,4,2020-21,workers_compensation_injury_frequency_rate,,True,False
5611,Betting clerks,4,2021-22,workers_compensation_injury_frequency_rate,,True,False
5611,Betting clerks,4,2022-23,workers_compensation_injury_frequency_rate,,True,False
5611,Betting clerks,4,2023-24,workers_compensation_injury_frequency_rate,,True,True
5612,Couriers and postal deliverers,4,2014-15,workers_compensation_injury_frequency_rate,12.664906345317494,False,False
5612,Couriers and postal deliverers,4,2015-16,workers_compensation_injury_frequency_rate,10.350488470436277,False,False
5612,Couriers and postal deliverers,4,2016-17,workers_compensation_injury_frequency_rate,13.472207351205642,False,False
5612,Couriers and postal deliverers,4,2017-18,workers_compensation_injury_frequency_rate,12.725046062992643,False,False
5612,Couriers and postal deliverers,4,2018-19,workers_compensation_injury_frequency_rate,14.045179563500943,False,False
5612,Couriers and postal deliverers,4,2019-20,workers_compensation_injury_frequency_rate,17.928885389356473,False,False
5612,Couriers and postal deliverers,4,2020-21,workers_compensation_injury_frequency_rate,19.58504623527081,False,False
5612,Couriers and postal deliverers,4,2021-22,workers_compensation_injury_frequency_rate,19.75962263219238,False,False
5612,Couriers and postal deliverers,4,2022-23,workers_compensation_injury_frequency_rate,20.764241605911565,False,False
5612,Couriers and postal deliverers,4,2023-24,workers_compensation_injury_frequency_rate,19.998399052171113,False,True
5613,Filing and registry clerks,4,2014-15,workers_compensation_injury_frequency_rate,1.307201704533196,False,False
5613,Filing and registry clerks,4,2015-16,workers_compensation_injury_frequency_rate,1.2396642194106837,False,False
5613,Filing and registry clerks,4,2016-17,workers_compensation_injury_frequency_rate,1.7126582116347675,False,False
5613,Filing and registry clerks,4,2017-18,workers_compensation_injury_frequency_rate,1.866241516095245,False,False
5613,Filing and registry clerks,4,2018-19,workers_compensation_injury_frequency_rate,0.8431127946135347,False,False
5613,Filing and registry clerks,4,2019-20,workers_compensation_injury_frequency_rate,1.081982577281627,False,False
5613,Filing and registry clerks,4,2020-21,workers_compensation_injury_frequency_rate,1.0383099995633165,False,False
5613,Filing and registry clerks,4,2021-22,workers_compensation_injury_frequency_rate,0.8938745486452373,False,False
5613,Filing and registry clerks,4,2022-23,workers_compensation_injury_frequency_rate,1.0734221491648859,False,False
5613,Filing and registry clerks,4,2023-24,workers_compensation_injury_frequency_rate,1.4200023207591828,False,True
5614,Mail sorters,4,2014-15,workers_compensation_injury_frequency_rate,6.346938220177433,False,False
5614,Mail sorters,4,2015-16,workers_compensation_injury_frequency_rate,5.594189973013504,False,False
5614,Mail sorters,4,2016-17,workers_compensation_injury_frequency_rate,8.634195443081204,False,False
5614,Mail sorters,4,2017-18,workers_compensation_injury_frequency_rate,8.993375444950797,False,False
5614,Mail sorters,4,2018-19,workers_compensation_injury_frequency_rate,8.440341774682516,False,False
5614,Mail sorters,4,2019-20,workers_compensation_injury_frequency_rate,11.564359030785585,False,False
5614,Mail sorters,4,2020-21,workers_compensation_injury_frequency_rate,14.317429237506317,False,False
5614,Mail sorters,4,2021-22,workers_compensation_injury_frequency_rate,11.38066806287399,False,False
5614,Mail sorters,4,2022-23,workers_compensation_injury_frequency_rate,10.743647784517723,False,False
5614,Mail sorters,4,2023-24,workers_compensation_injury_frequency_rate,16.549896793454266,False,True
5615,Survey interviewers,4,2014-15,workers_compensation_injury_frequency_rate,9.215995889438673,False,False
5615,Survey interviewers,4,2015-16,workers_compensation_injury_frequency_rate,7.662993991470432,False,False
5615,Survey interviewers,4,2016-17,workers_compensation_injury_frequency_rate,6.008917748842618,False,False
5615,Survey interviewers,4,2017-18,workers_compensation_injury_frequency_rate,5.109680435172987,False,False
5615,Survey interviewers,4,2018-19,workers_compensation_injury_frequency_rate,2.0210088434663667,False,False
5615,Survey interviewers,4,2019-20,workers_compensation_injury_frequency_rate,4.028730517256374,False,False
5615,Survey interviewers,4,2020-21,workers_compensation_injury_frequency_rate,7.462342011208155,False,False
5615,Survey interviewers,4,2021-22,workers_compensation_injury_frequency_rate,2.5995495826941353,False,False
5615,Survey interviewers,4,2022-23,workers_compensation_injury_frequency_rate,7.4350791385997885,False,False
5615,Survey interviewers,4,2023-24,workers_compensation_injury_frequency_rate,4.409210056658108,False,True
5616,Switchboard operators,4,2014-15,workers_compensation_injury_frequency_rate,2.0254515253680934,False,False
5616,Switchboard operators,4,2015-16,workers_compensation_injury_frequency_rate,2.463605268597737,False,False
5616,Switchboard operators,4,2016-17,workers_compensation_injury_frequency_rate,4.458633222957487,False,False
5616,Switchboard operators,4,2017-18,workers_compensation_injury_frequency_rate,3.187945542640409,False,False
5616,Switchboard operators,4,2018-19,workers_compensation_injury_frequency_rate,4.081945983685367,False,False
5616,Switchboard operators,4,2019-20,workers_compensation_injury_frequency_rate,3.615660274759618,False,False
5616,Switchboard operators,4,2020-21,workers_compensation_injury_frequency_rate,5.654204530029914,False,False
5616,Switchboard operators,4,2021-22,workers_compensation_injury_frequency_rate,5.451226670995567,False,False
5616,Switchboard operators,4,2022-23,workers_compensation_injury_frequency_rate,7.952014143143309,False,False
5616,Switchboard operators,4,2023-24,workers_compensation_injury_frequency_rate,7.904356076906818,False,True
5619,Other clerical and office support workers,4,2014-15,workers_compensation_injury_frequency_rate,34.67123594519495,False,False
5619,Other clerical and office support workers,4,2015-16,workers_compensation_injury_frequency_rate,20.42053904322239,False,False
5619,Other clerical and office support workers,4,2016-17,workers_compensation_injury_frequency_rate,20.38026260087693,False,False
5619,Other clerical and office support workers,4,2017-18,workers_compensation_injury_frequency_rate,18.32553414854079,False,False
5619,Other clerical and office support workers,4,2018-19,workers_compensation_injury_frequency_rate,49.66152822277664,False,False
5619,Other clerical and office support workers,4,2019-20,workers_compensation_injury_frequency_rate,45.29588250985579,False,False
5619,Other clerical and office support workers,4,2020-21,workers_compensation_injury_frequency_rate,40.268255870036874,False,False
5619,Other clerical and office support workers,4,2021-22,workers_compensation_injury_frequency_rate,18.75755419966681,False,False
5619,Other clerical and office support workers,4,2022-23,workers_compensation_injury_frequency_rate,32.98727072382241,False,False
5619,Other clerical and office support workers,4,2023-24,workers_compensation_injury_frequency_rate,34.52577560178511,False,True
5910,"Logistics clerks, nfd",4,2014-15,workers_compensation_injury_frequency_rate,,True,False
5910,"Logistics clerks, nfd",4,2015-16,workers_compensation_injury_frequency_rate,,True,False
5910,"Logistics clerks, nfd",4,2016-17,workers_compensation_injury_frequency_rate,,True,False
5910,"Logistics clerks, nfd",4,2017-18,workers_compensation_injury_frequency_rate,,True,False
5910,"Logistics clerks, nfd",4,2018-19,workers_compensation_injury_frequency_rate,,True,False
5910,"Logistics clerks, nfd",4,2019-20,workers_compensation_injury_frequency_rate,,True,False
5910,"Logistics clerks, nfd",4,2020-21,workers_compensation_injury_frequency_rate,,True,False
5910,"Logistics clerks, nfd",4,2021-22,workers_compensation_injury_frequency_rate,,True,False
5910,"Logistics clerks, nfd",4,2022-23,workers_compensation_injury_frequency_rate,,True,False
5910,"Logistics clerks, nfd",4,2023-24,workers_compensation_injury_frequency_rate,,True,True
5911,Purchasing and supply logistics clerks,4,2014-15,workers_compensation_injury_frequency_rate,3.0049208484135104,False,False
5911,Purchasing and supply logistics clerks,4,2015-16,workers_compensation_injury_frequency_rate,3.03605321214786,False,False
5911,Purchasing and supply logistics clerks,4,2016-17,workers_compensation_injury_frequency_rate,3.023774219140052,False,False
5911,Purchasing and supply logistics clerks,4,2017-18,workers_compensation_injury_frequency_rate,3.398582152244239,False,False
5911,Purchasing and supply logistics clerks,4,2018-19,workers_compensation_injury_frequency_rate,2.874619854789632,False,False
5911,Purchasing and supply logistics clerks,4,2019-20,workers_compensation_injury_frequency_rate,2.5391634623037476,False,False
5911,Purchasing and supply logistics clerks,4,2020-21,workers_compensation_injury_frequency_rate,2.7707555297213537,False,False
5911,Purchasing and supply logistics clerks,4,2021-22,workers_compensation_injury_frequency_rate,2.146647759387807,False,False
5911,Purchasing and supply logistics clerks,4,2022-23,workers_compensation_injury_frequency_rate,2.3024705004540746,False,False
5911,Purchasing and supply logistics clerks,4,2023-24,workers_compensation_injury_frequency_rate,1.8048205366228778,False,True
5912,Transport and despatch clerks,4,2014-15,workers_compensation_injury_frequency_rate,3.1729471391921775,False,False
5912,Transport and despatch clerks,4,2015-16,workers_compensation_injury_frequency_rate,2.3924932020723904,False,False
5912,Transport and despatch clerks,4,2016-17,workers_compensation_injury_frequency_rate,2.700989369339449,False,False
5912,Transport and despatch clerks,4,2017-18,workers_compensation_injury_frequency_rate,2.6108557079998618,False,False
5912,Transport and despatch clerks,4,2018-19,workers_compensation_injury_frequency_rate,2.7273055742755083,False,False
5912,Transport and despatch clerks,4,2019-20,workers_compensation_injury_frequency_rate,3.027207924492402,False,False
5912,Transport and despatch clerks,4,2020-21,workers_compensation_injury_frequency_rate,2.827846537582144,False,False
5912,Transport and despatch clerks,4,2021-22,workers_compensation_injury_frequency_rate,2.4828969635021636,False,False
5912,Transport and despatch clerks,4,2022-23,workers_compensation_injury_frequency_rate,2.3258922424565673,False,False
5912,Transport and despatch clerks,4,2023-24,workers_compensation_injury_frequency_rate,2.4041722262144964,False,True
5991,Conveyancers and legal executives,4,2014-15,workers_compensation_injury_frequency_rate,1.9288402671472948,False,False
5991,Conveyancers and legal executives,4,2015-16,workers_compensation_injury_frequency_rate,1.4034863164202032,False,False
5991,Conveyancers and legal executives,4,2016-17,workers_compensation_injury_frequency_rate,1.8291167380979354,False,False
5991,Conveyancers and legal executives,4,2017-18,workers_compensation_injury_frequency_rate,1.5507162314030083,False,False
5991,Conveyancers and legal executives,4,2018-19,workers_compensation_injury_frequency_rate,0.9879151119958182,False,False
5991,Conveyancers and legal executives,4,2019-20,workers_compensation_injury_frequency_rate,0.995432704082861,False,False
5991,Conveyancers and legal executives,4,2020-21,workers_compensation_injury_frequency_rate,1.1235357042809562,False,False
5991,Conveyancers and legal executives,4,2021-22,workers_compensation_injury_frequency_rate,0.9175907398856107,False,False
5991,Conveyancers and legal executives,4,2022-23,workers_compensation_injury_frequency_rate,0.5576428361678696,False,False
5991,Conveyancers and legal executives,4,2023-24,workers_compensation_injury_frequency_rate,0.5470370693860257,False,True
5992,Court and legal clerks,4,2014-15,workers_compensation_injury_frequency_rate,4.213501143377191,False,False
5992,Court and legal clerks,4,2015-16,workers_compensation_injury_frequency_rate,2.9350912809072884,False,False
5992,Court and legal clerks,4,2016-17,workers_compensation_injury_frequency_rate,3.0014530530221326,False,False
5992,Court and legal clerks,4,2017-18,workers_compensation_injury_frequency_rate,3.718360181754622,False,False
5992,Court and legal clerks,4,2018-19,workers_compensation_injury_frequency_rate,3.1234084505052837,False,False
5992,Court and legal clerks,4,2019-20,workers_compensation_injury_frequency_rate,4.823766751391356,False,False
5992,Court and legal clerks,4,2020-21,workers_compensation_injury_frequency_rate,5.803813137527845,False,False
5992,Court and legal clerks,4,2021-22,workers_compensation_injury_frequency_rate,2.8911525795975916,False,False
5992,Court and legal clerks,4,2022-23,workers_compensation_injury_frequency_rate,3.278492360969618,False,False
5992,Court and legal clerks,4,2023-24,workers_compensation_injury_frequency_rate,2.551287061685256,False,True
5993,Debt collectors,4,2014-15,workers_compensation_injury_frequency_rate,4.799544960132729,False,False
5993,Debt collectors,4,2015-16,workers_compensation_injury_frequency_rate,2.0937428476984103,False,False
5993,Debt collectors,4,2016-17,workers_compensation_injury_frequency_rate,4.69781860179464,False,False
5993,Debt collectors,4,2017-18,workers_compensation_injury_frequency_rate,3.2974811637566424,False,False
5993,Debt collectors,4,2018-19,workers_compensation_injury_frequency_rate,4.015368102417525,False,False
5993,Debt collectors,4,2019-20,workers_compensation_injury_frequency_rate,3.7747986197975414,False,False
5993,Debt collectors,4,2020-21,workers_compensation_injury_frequency_rate,6.845812372971516,False,False
5993,Debt collectors,4,2021-22,workers_compensation_injury_frequency_rate,5.983788146304025,False,False
5993,Debt collectors,4,2022-23,workers_compensation_injury_frequency_rate,7.522260072752056,False,False
5993,Debt collectors,4,2023-24,workers_compensation_injury_frequency_rate,3.692094791925014,False,True
5994,Human resource clerks,4,2014-15,workers_compensation_injury_frequency_rate,2.042606973447611,False,False
5994,Human resource clerks,4,2015-16,workers_compensation_injury_frequency_rate,1.5625036665676801,False,False
5994,Human resource clerks,4,2016-17,workers_compensation_injury_frequency_rate,1.6161489100540252,False,False
5994,Human resource clerks,4,2017-18,workers_compensation_injury_frequency_rate,1.7133431978048597,False,False
5994,Human resource clerks,4,2018-19,workers_compensation_injury_frequency_rate,1.5345588087628548,False,False
5994,Human resource clerks,4,2019-20,workers_compensation_injury_frequency_rate,1.3458001042472392,False,False
5994,Human resource clerks,4,2020-21,workers_compensation_injury_frequency_rate,1.4929977006452706,False,False
5994,Human resource clerks,4,2021-22,workers_compensation_injury_frequency_rate,0.961619165906559,False,False
5994,Human resource clerks,4,2022-23,workers_compensation_injury_frequency_rate,1.0140751275349806,False,False
5994,Human resource clerks,4,2023-24,workers_compensation_injury_frequency_rate,1.4001894963658879,False,True
5995,Inspectors and regulatory officers,4,2014-15,workers_compensation_injury_frequency_rate,7.4075537254057,False,False
5995,Inspectors and regulatory officers,4,2015-16,workers_compensation_injury_frequency_rate,6.213764181127797,False,False
5995,Inspectors and regulatory officers,4,2016-17,workers_compensation_injury_frequency_rate,6.015954255007967,False,False
5995,Inspectors and regulatory officers,4,2017-18,workers_compensation_injury_frequency_rate,5.792651404278503,False,False
5995,Inspectors and regulatory officers,4,2018-19,workers_compensation_injury_frequency_rate,6.646152876830413,False,False
5995,Inspectors and regulatory officers,4,2019-20,workers_compensation_injury_frequency_rate,4.9386927889165975,False,False
5995,Inspectors and regulatory officers,4,2020-21,workers_compensation_injury_frequency_rate,4.569692926951505,False,False
5995,Inspectors and regulatory officers,4,2021-22,workers_compensation_injury_frequency_rate,3.7987940182617663,False,False
5995,Inspectors and regulatory officers,4,2022-23,workers_compensation_injury_frequency_rate,4.649982620247594,False,False
5995,Inspectors and regulatory officers,4,2023-24,workers_compensation_injury_frequency_rate,4.139092882393418,False,True
5996,"Insurance investigators, loss adjusters and risk surveyors",4,2014-15,workers_compensation_injury_frequency_rate,2.951614839044778,False,False
5996,"Insurance investigators, loss adjusters and risk surveyors",4,2015-16,workers_compensation_injury_frequency_rate,3.1588449175474747,False,False
5996,"Insurance investigators, loss adjusters and risk surveyors",4,2016-17,workers_compensation_injury_frequency_rate,2.5752817322946187,False,False
5996,"Insurance investigators, loss adjusters and risk surveyors",4,2017-18,workers_compensation_injury_frequency_rate,1.061196339269276,False,False
5996,"Insurance investigators, loss adjusters and risk surveyors",4,2018-19,workers_compensation_injury_frequency_rate,1.5822201860860077,False,False
5996,"Insurance investigators, loss adjusters and risk surveyors",4,2019-20,workers_compensation_injury_frequency_rate,1.7742958032801268,False,False
5996,"Insurance investigators, loss adjusters and risk surveyors",4,2020-21,workers_compensation_injury_frequency_rate,1.4003236774603454,False,False
5996,"Insurance investigators, loss adjusters and risk surveyors",4,2021-22,workers_compensation_injury_frequency_rate,2.3254266376695627,False,False
5996,"Insurance investigators, loss adjusters and risk surveyors",4,2022-23,workers_compensation_injury_frequency_rate,2.30155967535826,False,False
5996,"Insurance investigators, loss adjusters and risk surveyors",4,2023-24,workers_compensation_injury_frequency_rate,1.9768717104617577,False,True
5997,Library assistants,4,2014-15,workers_compensation_injury_frequency_rate,12.587707640458966,False,False
5997,Library assistants,4,2015-16,workers_compensation_injury_frequency_rate,6.9852253192542415,False,False
5997,Library assistants,4,2016-17,workers_compensation_injury_frequency_rate,6.077281222312365,False,False
5997,Library assistants,4,2017-18,workers_compensation_injury_frequency_rate,5.7635234598095595,False,False
5997,Library assistants,4,2018-19,workers_compensation_injury_frequency_rate,7.596032275664134,False,False
5997,Library assistants,4,2019-20,workers_compensation_injury_frequency_rate,6.394894886485287,False,False
5997,Library assistants,4,2020-21,workers_compensation_injury_frequency_rate,7.0097093815526375,False,False
5997,Library assistants,4,2021-22,workers_compensation_injury_frequency_rate,6.23329615015029,False,False
5997,Library assistants,4,2022-23,workers_compensation_injury_frequency_rate,6.914812632807038,False,False
5997,Library assistants,4,2023-24,workers_compensation_injury_frequency_rate,5.152389980852044,False,True
5999,Other miscellaneous clerical and administrative workers,4,2014-15,workers_compensation_injury_frequency_rate,56.870192866842196,False,False
5999,Other miscellaneous clerical and administrative workers,4,2015-16,workers_compensation_injury_frequency_rate,47.385681469989166,False,False
5999,Other miscellaneous clerical and administrative workers,4,2016-17,workers_compensation_injury_frequency_rate,38.537297361033616,False,False
5999,Other miscellaneous clerical and administrative workers,4,2017-18,workers_compensation_injury_frequency_rate,47.56502387399201,False,False
5999,Other miscellaneous clerical and administrative workers,4,2018-19,workers_compensation_injury_frequency_rate,49.9436600689623,False,False
5999,Other miscellaneous clerical and administrative workers,4,2019-20,workers_compensation_injury_frequency_rate,62.59526231766714,False,False
5999,Other miscellaneous clerical and administrative workers,4,2020-21,workers_compensation_injury_frequency_rate,51.74837042628033,False,False
5999,Other miscellaneous clerical and administrative workers,4,2021-22,workers_compensation_injury_frequency_rate,47.67067851271198,False,False
5999,Other miscellaneous clerical and administrative workers,4,2022-23,workers_compensation_injury_frequency_rate,49.689061416163746,False,False
5999,Other miscellaneous clerical and administrative workers,4,2023-24,workers_compensation_injury_frequency_rate,43.97260842346326,False,True
6111,"Auctioneers, and stock and station agents",4,2014-15,workers_compensation_injury_frequency_rate,13.305423366069055,False,False
6111,"Auctioneers, and stock and station agents",4,2015-16,workers_compensation_injury_frequency_rate,30.864932582421904,False,False
6111,"Auctioneers, and stock and station agents",4,2016-17,workers_compensation_injury_frequency_rate,17.284877958243673,False,False
6111,"Auctioneers, and stock and station agents",4,2017-18,workers_compensation_injury_frequency_rate,11.51292713485199,False,False
6111,"Auctioneers, and stock and station agents",4,2018-19,workers_compensation_injury_frequency_rate,7.680788046137329,False,False
6111,"Auctioneers, and stock and station agents",4,2019-20,workers_compensation_injury_frequency_rate,6.518771173893431,False,False
6111,"Auctioneers, and stock and station agents",4,2020-21,workers_compensation_injury_frequency_rate,8.842147664943289,False,False
6111,"Auctioneers, and stock and station agents",4,2021-22,workers_compensation_injury_frequency_rate,13.763749729914458,False,False
6111,"Auctioneers, and stock and station agents",4,2022-23,workers_compensation_injury_frequency_rate,5.372681454692812,False,False
6111,"Auctioneers, and stock and station agents",4,2023-24,workers_compensation_injury_frequency_rate,8.269948669092486,False,True
6112,Insurance agents,4,2014-15,workers_compensation_injury_frequency_rate,2.436743828714416,False,False
6112,Insurance agents,4,2015-16,workers_compensation_injury_frequency_rate,1.8928087330214183,False,False
6112,Insurance agents,4,2016-17,workers_compensation_injury_frequency_rate,3.6259998005577847,False,False
6112,Insurance agents,4,2017-18,workers_compensation_injury_frequency_rate,2.8934749038911396,False,False
6112,Insurance agents,4,2018-19,workers_compensation_injury_frequency_rate,3.254279916772215,False,False
6112,Insurance agents,4,2019-20,workers_compensation_injury_frequency_rate,4.796827105655046,False,False
6112,Insurance agents,4,2020-21,workers_compensation_injury_frequency_rate,2.3101123752415615,False,False
6112,Insurance agents,4,2021-22,workers_compensation_injury_frequency_rate,1.682492062292488,False,False
6112,Insurance agents,4,2022-23,workers_compensation_injury_frequency_rate,1.8778193665066665,False,False
6112,Insurance agents,4,2023-24,workers_compensation_injury_frequency_rate,1.4289536759600203,False,True
6113,Sales representatives,4,2014-15,workers_compensation_injury_frequency_rate,3.2932715905716243,False,False
6113,Sales representatives,4,2015-16,workers_compensation_injury_frequency_rate,2.9564263004412688,False,False
6113,Sales representatives,4,2016-17,workers_compensation_injury_frequency_rate,2.766319237660786,False,False
6113,Sales representatives,4,2017-18,workers_compensation_injury_frequency_rate,2.6997515022123175,False,False
6113,Sales representatives,4,2018-19,workers_compensation_injury_frequency_rate,3.502546325403509,False,False
6113,Sales representatives,4,2019-20,workers_compensation_injury_frequency_rate,4.107490528750943,False,False
6113,Sales representatives,4,2020-21,workers_compensation_injury_frequency_rate,3.6844350212120855,False,False
6113,Sales representatives,4,2021-22,workers_compensation_injury_frequency_rate,3.006868748660057,False,False
6113,Sales representatives,4,2022-23,workers_compensation_injury_frequency_rate,4.2549297106646495,False,False
6113,Sales representatives,4,2023-24,workers_compensation_injury_frequency_rate,4.093998818773683,False,True
6121,Real estate sales agents,4,2014-15,workers_compensation_injury_frequency_rate,1.075939176627527,False,False
6121,Real estate sales agents,4,2015-16,workers_compensation_injury_frequency_rate,1.0220381748876468,False,False
6121,Real estate sales agents,4,2016-17,workers_compensation_injury_frequency_rate,1.1187006853221324,False,False
6121,Real estate sales agents,4,2017-18,workers_compensation_injury_frequency_rate,1.2010312800880187,False,False
6121,Real estate sales agents,4,2018-19,workers_compensation_injury_frequency_rate,1.5106960223205412,False,False
6121,Real estate sales agents,4,2019-20,workers_compensation_injury_frequency_rate,1.2211046835771011,False,False
6121,Real estate sales agents,4,2020-21,workers_compensation_injury_frequency_rate,1.4333371827258443,False,False
6121,Real estate sales agents,4,2021-22,workers_compensation_injury_frequency_rate,1.0579515937080828,False,False
6121,Real estate sales agents,4,2022-23,workers_compensation_injury_frequency_rate,1.3289772138381541,False,False
6121,Real estate sales agents,4,2023-24,workers_compensation_injury_frequency_rate,1.2131004378816441,False,True
6211,Sales assistants (general),4,2014-15,workers_compensation_injury_frequency_rate,8.247551617661047,False,False
6211,Sales assistants (general),4,2015-16,workers_compensation_injury_frequency_rate,7.323203904945686,False,False
6211,Sales assistants (general),4,2016-17,workers_compensation_injury_frequency_rate,7.230853039734048,False,False
6211,Sales assistants (general),4,2017-18,workers_compensation_injury_frequency_rate,6.074481625720597,False,False
6211,Sales assistants (general),4,2018-19,workers_compensation_injury_frequency_rate,6.2255892132910775,False,False
6211,Sales assistants (general),4,2019-20,workers_compensation_injury_frequency_rate,6.759292346168083,False,False
6211,Sales assistants (general),4,2020-21,workers_compensation_injury_frequency_rate,5.6286730138665515,False,False
6211,Sales assistants (general),4,2021-22,workers_compensation_injury_frequency_rate,5.855006470674674,False,False
6211,Sales assistants (general),4,2022-23,workers_compensation_injury_frequency_rate,5.571756120033501,False,False
6211,Sales assistants (general),4,2023-24,workers_compensation_injury_frequency_rate,6.670484155546309,False,True
6212,ICT sales assistants,4,2014-15,workers_compensation_injury_frequency_rate,0.7073356202948413,False,False
6212,ICT sales assistants,4,2015-16,workers_compensation_injury_frequency_rate,0.7493957814262141,False,False
6212,ICT sales assistants,4,2016-17,workers_compensation_injury_frequency_rate,1.0192460910579755,False,False
6212,ICT sales assistants,4,2017-18,workers_compensation_injury_frequency_rate,1.4867605421574133,False,False
6212,ICT sales assistants,4,2018-19,workers_compensation_injury_frequency_rate,0.9734846411088138,False,False
6212,ICT sales assistants,4,2019-20,workers_compensation_injury_frequency_rate,1.3367536879240869,False,False
6212,ICT sales assistants,4,2020-21,workers_compensation_injury_frequency_rate,1.1497753441058967,False,False
6212,ICT sales assistants,4,2021-22,workers_compensation_injury_frequency_rate,0.8983222601838562,False,False
6212,ICT sales assistants,4,2022-23,workers_compensation_injury_frequency_rate,0.9363290354428024,False,False
6212,ICT sales assistants,4,2023-24,workers_compensation_injury_frequency_rate,0.8199800070821321,False,True
6213,Motor vehicle and vehicle parts salespersons,4,2014-15,workers_compensation_injury_frequency_rate,1.7223792867013268,False,False
6213,Motor vehicle and vehicle parts salespersons,4,2015-16,workers_compensation_injury_frequency_rate,1.1852319927085966,False,False
6213,Motor vehicle and vehicle parts salespersons,4,2016-17,workers_compensation_injury_frequency_rate,1.2228613626083407,False,False
6213,Motor vehicle and vehicle parts salespersons,4,2017-18,workers_compensation_injury_frequency_rate,1.9963135974983341,False,False
6213,Motor vehicle and vehicle parts salespersons,4,2018-19,workers_compensation_injury_frequency_rate,1.984147045924687,False,False
6213,Motor vehicle and vehicle parts salespersons,4,2019-20,workers_compensation_injury_frequency_rate,2.106298328365356,False,False
6213,Motor vehicle and vehicle parts salespersons,4,2020-21,workers_compensation_injury_frequency_rate,2.0577065724355967,False,False
6213,Motor vehicle and vehicle parts salespersons,4,2021-22,workers_compensation_injury_frequency_rate,1.3548749073066049,False,False
6213,Motor vehicle and vehicle parts salespersons,4,2022-23,workers_compensation_injury_frequency_rate,1.8348663236272065,False,False
6213,Motor vehicle and vehicle parts salespersons,4,2023-24,workers_compensation_injury_frequency_rate,2.4244486861312327,False,True
6214,Pharmacy sales assistants,4,2014-15,workers_compensation_injury_frequency_rate,3.790773798777084,False,False
6214,Pharmacy sales assistants,4,2015-16,workers_compensation_injury_frequency_rate,3.6596894480028968,False,False
6214,Pharmacy sales assistants,4,2016-17,workers_compensation_injury_frequency_rate,4.7613214653574865,False,False
6214,Pharmacy sales assistants,4,2017-18,workers_compensation_injury_frequency_rate,4.343508092839145,False,False
6214,Pharmacy sales assistants,4,2018-19,workers_compensation_injury_frequency_rate,4.697267161884545,False,False
6214,Pharmacy sales assistants,4,2019-20,workers_compensation_injury_frequency_rate,5.774171920818297,False,False
6214,Pharmacy sales assistants,4,2020-21,workers_compensation_injury_frequency_rate,4.025648091116944,False,False
6214,Pharmacy sales assistants,4,2021-22,workers_compensation_injury_frequency_rate,4.725921196125401,False,False
6214,Pharmacy sales assistants,4,2022-23,workers_compensation_injury_frequency_rate,3.8123050440600172,False,False
6214,Pharmacy sales assistants,4,2023-24,workers_compensation_injury_frequency_rate,3.6966027189177186,False,True
6215,Retail supervisors,4,2014-15,workers_compensation_injury_frequency_rate,5.31240280831721,False,False
6215,Retail supervisors,4,2015-16,workers_compensation_injury_frequency_rate,6.7681003388763346,False,False
6215,Retail supervisors,4,2016-17,workers_compensation_injury_frequency_rate,7.237456328276473,False,False
6215,Retail supervisors,4,2017-18,workers_compensation_injury_frequency_rate,5.59425260871265,False,False
6215,Retail supervisors,4,2018-19,workers_compensation_injury_frequency_rate,6.180591156270731,False,False
6215,Retail supervisors,4,2019-20,workers_compensation_injury_frequency_rate,5.712937078790366,False,False
6215,Retail supervisors,4,2020-21,workers_compensation_injury_frequency_rate,5.05668020099051,False,False
6215,Retail supervisors,4,2021-22,workers_compensation_injury_frequency_rate,4.999959540741418,False,False
6215,Retail supervisors,4,2022-23,workers_compensation_injury_frequency_rate,4.440283445138566,False,False
6215,Retail supervisors,4,2023-24,workers_compensation_injury_frequency_rate,5.238066792997732,False,True
6216,Service station attendants,4,2014-15,workers_compensation_injury_frequency_rate,5.567903560916139,False,False
6216,Service station attendants,4,2015-16,workers_compensation_injury_frequency_rate,5.046321051027572,False,False
6216,Service station attendants,4,2016-17,workers_compensation_injury_frequency_rate,3.577603413722516,False,False
6216,Service station attendants,4,2017-18,workers_compensation_injury_frequency_rate,4.207951572460481,False,False
6216,Service station attendants,4,2018-19,workers_compensation_injury_frequency_rate,6.992136574188505,False,False
6216,Service station attendants,4,2019-20,workers_compensation_injury_frequency_rate,9.884205767025675,False,False
6216,Service station attendants,4,2020-21,workers_compensation_injury_frequency_rate,9.484180352807561,False,False
6216,Service station attendants,4,2021-22,workers_compensation_injury_frequency_rate,10.517413752202998,False,False
6216,Service station attendants,4,2022-23,workers_compensation_injury_frequency_rate,10.42695917486433,False,False
6216,Service station attendants,4,2023-24,workers_compensation_injury_frequency_rate,9.748092042925759,False,True
6217,Street vendors and related salespersons,4,2014-15,workers_compensation_injury_frequency_rate,1.7864561367002154,False,False
6217,Street vendors and related salespersons,4,2015-16,workers_compensation_injury_frequency_rate,0.8404898429269465,False,False
6217,Street vendors and related salespersons,4,2016-17,workers_compensation_injury_frequency_rate,1.4437635073144397,False,False
6217,Street vendors and related salespersons,4,2017-18,workers_compensation_injury_frequency_rate,0.6678844973912985,False,False
6217,Street vendors and related salespersons,4,2018-19,workers_compensation_injury_frequency_rate,2.4365026031817214,False,False
6217,Street vendors and related salespersons,4,2019-20,workers_compensation_injury_frequency_rate,1.8136200291055997,False,False
6217,Street vendors and related salespersons,4,2020-21,workers_compensation_injury_frequency_rate,1.4493172231453313,False,False
6217,Street vendors and related salespersons,4,2021-22,workers_compensation_injury_frequency_rate,0.8805645970982933,False,False
6217,Street vendors and related salespersons,4,2022-23,workers_compensation_injury_frequency_rate,0.7443142280786765,False,False
6217,Street vendors and related salespersons,4,2023-24,workers_compensation_injury_frequency_rate,1.5462197213739861,False,True
6219,Other sales assistants and salespersons,4,2014-15,workers_compensation_injury_frequency_rate,23.635642462988287,False,False
6219,Other sales assistants and salespersons,4,2015-16,workers_compensation_injury_frequency_rate,22.998051563017338,False,False
6219,Other sales assistants and salespersons,4,2016-17,workers_compensation_injury_frequency_rate,24.449393081517123,False,False
6219,Other sales assistants and salespersons,4,2017-18,workers_compensation_injury_frequency_rate,17.619393293182057,False,False
6219,Other sales assistants and salespersons,4,2018-19,workers_compensation_injury_frequency_rate,13.128176954036894,False,False
6219,Other sales assistants and salespersons,4,2019-20,workers_compensation_injury_frequency_rate,10.366659330073261,False,False
6219,Other sales assistants and salespersons,4,2020-21,workers_compensation_injury_frequency_rate,17.83165583107279,False,False
6219,Other sales assistants and salespersons,4,2021-22,workers_compensation_injury_frequency_rate,14.548020683067023,False,False
6219,Other sales assistants and salespersons,4,2022-23,workers_compensation_injury_frequency_rate,18.335680856985494,False,False
6219,Other sales assistants and salespersons,4,2023-24,workers_compensation_injury_frequency_rate,19.419716784389852,False,True
6311,Checkout operators and office cashiers,4,2014-15,workers_compensation_injury_frequency_rate,3.2261615177284844,False,False
6311,Checkout operators and office cashiers,4,2015-16,workers_compensation_injury_frequency_rate,3.4256953331177087,False,False
6311,Checkout operators and office cashiers,4,2016-17,workers_compensation_injury_frequency_rate,3.320044155721004,False,False
6311,Checkout operators and office cashiers,4,2017-18,workers_compensation_injury_frequency_rate,2.313615354268399,False,False
6311,Checkout operators and office cashiers,4,2018-19,workers_compensation_injury_frequency_rate,1.9868180670915223,False,False
6311,Checkout operators and office cashiers,4,2019-20,workers_compensation_injury_frequency_rate,1.5862100257184708,False,False
6311,Checkout operators and office cashiers,4,2020-21,workers_compensation_injury_frequency_rate,2.582856747254191,False,False
6311,Checkout operators and office cashiers,4,2021-22,workers_compensation_injury_frequency_rate,1.805564891971686,False,False
6311,Checkout operators and office cashiers,4,2022-23,workers_compensation_injury_frequency_rate,2.251276791715004,False,False
6311,Checkout operators and office cashiers,4,2023-24,workers_compensation_injury_frequency_rate,1.5903025407863995,False,True
6391,Models and sales demonstrators,4,2014-15,workers_compensation_injury_frequency_rate,3.269592396643803,False,False
6391,Models and sales demonstrators,4,2015-16,workers_compensation_injury_frequency_rate,4.712338506138253,False,False
6391,Models and sales demonstrators,4,2016-17,workers_compensation_injury_frequency_rate,2.911110949983589,False,False
6391,Models and sales demonstrators,4,2017-18,workers_compensation_injury_frequency_rate,3.7945743675802266,False,False
6391,Models and sales demonstrators,4,2018-19,workers_compensation_injury_frequency_rate,3.451846499691739,False,False
6391,Models and sales demonstrators,4,2019-20,workers_compensation_injury_frequency_rate,3.59783645603944,False,False
6391,Models and sales demonstrators,4,2020-21,workers_compensation_injury_frequency_rate,7.341975209586959,False,False
6391,Models and sales demonstrators,4,2021-22,workers_compensation_injury_frequency_rate,4.540695363829433,False,False
6391,Models and sales demonstrators,4,2022-23,workers_compensation_injury_frequency_rate,6.225706393417846,False,False
6391,Models and sales demonstrators,4,2023-24,workers_compensation_injury_frequency_rate,5.604790359450431,False,True
6392,Retail and wool buyers,4,2014-15,workers_compensation_injury_frequency_rate,1.864237305056686,False,False
6392,Retail and wool buyers,4,2015-16,workers_compensation_injury_frequency_rate,1.97261630776961,False,False
6392,Retail and wool buyers,4,2016-17,workers_compensation_injury_frequency_rate,1.5290448233243357,False,False
6392,Retail and wool buyers,4,2017-18,workers_compensation_injury_frequency_rate,4.683363357292217,False,False
6392,Retail and wool buyers,4,2018-19,workers_compensation_injury_frequency_rate,2.9885153473996318,False,False
6392,Retail and wool buyers,4,2019-20,workers_compensation_injury_frequency_rate,3.1633106040948147,False,False
6392,Retail and wool buyers,4,2020-21,workers_compensation_injury_frequency_rate,3.2067734178737792,False,False
6392,Retail and wool buyers,4,2021-22,workers_compensation_injury_frequency_rate,1.6538938276272155,False,False
6392,Retail and wool buyers,4,2022-23,workers_compensation_injury_frequency_rate,1.338014351896034,False,False
6392,Retail and wool buyers,4,2023-24,workers_compensation_injury_frequency_rate,1.626058722644813,False,True
6393,Telemarketers,4,2014-15,workers_compensation_injury_frequency_rate,1.5636910664826595,False,False
6393,Telemarketers,4,2015-16,workers_compensation_injury_frequency_rate,1.7423400262637165,False,False
6393,Telemarketers,4,2016-17,workers_compensation_injury_frequency_rate,11.634004037168944,False,False
6393,Telemarketers,4,2017-18,workers_compensation_injury_frequency_rate,4.947946755278775,False,False
6393,Telemarketers,4,2018-19,workers_compensation_injury_frequency_rate,2.492005043380886,False,False
6393,Telemarketers,4,2019-20,workers_compensation_injury_frequency_rate,1.3776418076815895,False,False
6393,Telemarketers,4,2020-21,workers_compensation_injury_frequency_rate,0.5204617556952611,False,False
6393,Telemarketers,4,2021-22,workers_compensation_injury_frequency_rate,,True,False
6393,Telemarketers,4,2022-23,workers_compensation_injury_frequency_rate,1.0066243103158012,False,False
6393,Telemarketers,4,2023-24,workers_compensation_injury_frequency_rate,1.1574132366810952,False,True
6394,Ticket salespersons,4,2014-15,workers_compensation_injury_frequency_rate,3.7525924407617772,False,False
6394,Ticket salespersons,4,2015-16,workers_compensation_injury_frequency_rate,3.064624894472994,False,False
6394,Ticket salespersons,4,2016-17,workers_compensation_injury_frequency_rate,2.008070265481347,False,False
6394,Ticket salespersons,4,2017-18,workers_compensation_injury_frequency_rate,1.0352094976830557,False,False
6394,Ticket salespersons,4,2018-19,workers_compensation_injury_frequency_rate,1.6446684604850974,False,False
6394,Ticket salespersons,4,2019-20,workers_compensation_injury_frequency_rate,2.7550147693224636,False,False
6394,Ticket salespersons,4,2020-21,workers_compensation_injury_frequency_rate,3.6914990876774647,False,False
6394,Ticket salespersons,4,2021-22,workers_compensation_injury_frequency_rate,2.2553515583144583,False,False
6394,Ticket salespersons,4,2022-23,workers_compensation_injury_frequency_rate,3.4058383606505065,False,False
6394,Ticket salespersons,4,2023-24,workers_compensation_injury_frequency_rate,1.5094952374730002,False,True
6395,Visual merchandisers,4,2014-15,workers_compensation_injury_frequency_rate,25.1288900313657,False,False
6395,Visual merchandisers,4,2015-16,workers_compensation_injury_frequency_rate,23.61529422645466,False,False
6395,Visual merchandisers,4,2016-17,workers_compensation_injury_frequency_rate,15.705924301266814,False,False
6395,Visual merchandisers,4,2017-18,workers_compensation_injury_frequency_rate,16.42543482383772,False,False
6395,Visual merchandisers,4,2018-19,workers_compensation_injury_frequency_rate,21.335545061386775,False,False
6395,Visual merchandisers,4,2019-20,workers_compensation_injury_frequency_rate,17.239451244642797,False,False
6395,Visual merchandisers,4,2020-21,workers_compensation_injury_frequency_rate,23.848015807738967,False,False
6395,Visual merchandisers,4,2021-22,workers_compensation_injury_frequency_rate,15.642520961107438,False,False
6395,Visual merchandisers,4,2022-23,workers_compensation_injury_frequency_rate,19.616772603752608,False,False
6395,Visual merchandisers,4,2023-24,workers_compensation_injury_frequency_rate,15.42935029958809,False,True
6399,Other sales support workers,4,2014-15,workers_compensation_injury_frequency_rate,,True,False
6399,Other sales support workers,4,2015-16,workers_compensation_injury_frequency_rate,22.526389183975336,False,False
6399,Other sales support workers,4,2016-17,workers_compensation_injury_frequency_rate,20.040542276940553,False,False
6399,Other sales support workers,4,2017-18,workers_compensation_injury_frequency_rate,13.027781108458164,False,False
6399,Other sales support workers,4,2018-19,workers_compensation_injury_frequency_rate,14.018405116848239,False,False
6399,Other sales support workers,4,2019-20,workers_compensation_injury_frequency_rate,13.507881359393775,False,False
6399,Other sales support workers,4,2020-21,workers_compensation_injury_frequency_rate,15.15791328134234,False,False
6399,Other sales support workers,4,2021-22,workers_compensation_injury_frequency_rate,7.282435892021278,False,False
6399,Other sales support workers,4,2022-23,workers_compensation_injury_frequency_rate,8.423983824145159,False,False
6399,Other sales support workers,4,2023-24,workers_compensation_injury_frequency_rate,11.27704686563678,False,True
7111,"Clay, concrete, glass and stone processing machine operators",4,2014-15,workers_compensation_injury_frequency_rate,61.87839937139762,False,False
7111,"Clay, concrete, glass and stone processing machine operators",4,2015-16,workers_compensation_injury_frequency_rate,17.743232756509787,False,False
7111,"Clay, concrete, glass and stone processing machine operators",4,2016-17,workers_compensation_injury_frequency_rate,28.004406917678747,False,False
7111,"Clay, concrete, glass and stone processing machine operators",4,2017-18,workers_compensation_injury_frequency_rate,11.28001975854546,False,False
7111,"Clay, concrete, glass and stone processing machine operators",4,2018-19,workers_compensation_injury_frequency_rate,14.816036605449153,False,False
7111,"Clay, concrete, glass and stone processing machine operators",4,2019-20,workers_compensation_injury_frequency_rate,21.4168089701966,False,False
7111,"Clay, concrete, glass and stone processing machine operators",4,2020-21,workers_compensation_injury_frequency_rate,25.92032226581442,False,False
7111,"Clay, concrete, glass and stone processing machine operators",4,2021-22,workers_compensation_injury_frequency_rate,28.858810731880055,False,False
7111,"Clay, concrete, glass and stone processing machine operators",4,2022-23,workers_compensation_injury_frequency_rate,35.86670431860206,False,False
7111,"Clay, concrete, glass and stone processing machine operators",4,2023-24,workers_compensation_injury_frequency_rate,20.24414925994638,False,True
7112,Industrial spraypainters,4,2014-15,workers_compensation_injury_frequency_rate,49.03088775916277,False,False
7112,Industrial spraypainters,4,2015-16,workers_compensation_injury_frequency_rate,36.41949509339837,False,False
7112,Industrial spraypainters,4,2016-17,workers_compensation_injury_frequency_rate,46.43254249836734,False,False
7112,Industrial spraypainters,4,2017-18,workers_compensation_injury_frequency_rate,46.15148273732708,False,False
7112,Industrial spraypainters,4,2018-19,workers_compensation_injury_frequency_rate,35.74771921454129,False,False
7112,Industrial spraypainters,4,2019-20,workers_compensation_injury_frequency_rate,40.14575246704676,False,False
7112,Industrial spraypainters,4,2020-21,workers_compensation_injury_frequency_rate,41.71755017806362,False,False
7112,Industrial spraypainters,4,2021-22,workers_compensation_injury_frequency_rate,40.7000060075979,False,False
7112,Industrial spraypainters,4,2022-23,workers_compensation_injury_frequency_rate,46.05295822465696,False,False
7112,Industrial spraypainters,4,2023-24,workers_compensation_injury_frequency_rate,50.979946732798744,False,True
7113,Paper and wood processing machine operators,4,2014-15,workers_compensation_injury_frequency_rate,19.717881854313468,False,False
7113,Paper and wood processing machine operators,4,2015-16,workers_compensation_injury_frequency_rate,22.55947073355221,False,False
7113,Paper and wood processing machine operators,4,2016-17,workers_compensation_injury_frequency_rate,12.385795977405978,False,False
7113,Paper and wood processing machine operators,4,2017-18,workers_compensation_injury_frequency_rate,12.338742087851804,False,False
7113,Paper and wood processing machine operators,4,2018-19,workers_compensation_injury_frequency_rate,10.193994408520357,False,False
7113,Paper and wood processing machine operators,4,2019-20,workers_compensation_injury_frequency_rate,19.90387399105743,False,False
7113,Paper and wood processing machine operators,4,2020-21,workers_compensation_injury_frequency_rate,11.071020811311495,False,False
7113,Paper and wood processing machine operators,4,2021-22,workers_compensation_injury_frequency_rate,13.731281793302143,False,False
7113,Paper and wood processing machine operators,4,2022-23,workers_compensation_injury_frequency_rate,13.010197495369773,False,False
7113,Paper and wood processing machine operators,4,2023-24,workers_compensation_injury_frequency_rate,12.440874231023741,False,True
7114,Photographic developers and printers,4,2014-15,workers_compensation_injury_frequency_rate,,True,False
7114,Photographic developers and printers,4,2015-16,workers_compensation_injury_frequency_rate,4.404012624503011,False,False
7114,Photographic developers and printers,4,2016-17,workers_compensation_injury_frequency_rate,3.882438104598973,False,False
7114,Photographic developers and printers,4,2017-18,workers_compensation_injury_frequency_rate,,True,False
7114,Photographic developers and printers,4,2018-19,workers_compensation_injury_frequency_rate,8.106176639983394,False,False
7114,Photographic developers and printers,4,2019-20,workers_compensation_injury_frequency_rate,3.39086348598037,False,False
7114,Photographic developers and printers,4,2020-21,workers_compensation_injury_frequency_rate,4.020622589489235,False,False
7114,Photographic developers and printers,4,2021-22,workers_compensation_injury_frequency_rate,2.7184209765927063,False,False
7114,Photographic developers and printers,4,2022-23,workers_compensation_injury_frequency_rate,,True,False
7114,Photographic developers and printers,4,2023-24,workers_compensation_injury_frequency_rate,,True,True
7115,Plastics and rubber production machine operators,4,2014-15,workers_compensation_injury_frequency_rate,10.243929580112987,False,False
7115,Plastics and rubber production machine operators,4,2015-16,workers_compensation_injury_frequency_rate,12.103978682082339,False,False
7115,Plastics and rubber production machine operators,4,2016-17,workers_compensation_injury_frequency_rate,11.408452099469967,False,False
7115,Plastics and rubber production machine operators,4,2017-18,workers_compensation_injury_frequency_rate,13.10318626485726,False,False
7115,Plastics and rubber production machine operators,4,2018-19,workers_compensation_injury_frequency_rate,10.860195753710812,False,False
7115,Plastics and rubber production machine operators,4,2019-20,workers_compensation_injury_frequency_rate,9.16209265944411,False,False
7115,Plastics and rubber production machine operators,4,2020-21,workers_compensation_injury_frequency_rate,14.862637738799215,False,False
7115,Plastics and rubber production machine operators,4,2021-22,workers_compensation_injury_frequency_rate,12.251219526747176,False,False
7115,Plastics and rubber production machine operators,4,2022-23,workers_compensation_injury_frequency_rate,13.213115072384689,False,False
7115,Plastics and rubber production machine operators,4,2023-24,workers_compensation_injury_frequency_rate,11.002596430137142,False,True
7116,Sewing machinists,4,2014-15,workers_compensation_injury_frequency_rate,6.218071030249656,False,False
7116,Sewing machinists,4,2015-16,workers_compensation_injury_frequency_rate,5.731972842706961,False,False
7116,Sewing machinists,4,2016-17,workers_compensation_injury_frequency_rate,5.623277456258252,False,False
7116,Sewing machinists,4,2017-18,workers_compensation_injury_frequency_rate,3.780049687846887,False,False
7116,Sewing machinists,4,2018-19,workers_compensation_injury_frequency_rate,4.9016527138147215,False,False
7116,Sewing machinists,4,2019-20,workers_compensation_injury_frequency_rate,4.821214637399359,False,False
7116,Sewing machinists,4,2020-21,workers_compensation_injury_frequency_rate,4.239035870635311,False,False
7116,Sewing machinists,4,2021-22,workers_compensation_injury_frequency_rate,6.398693135312636,False,False
7116,Sewing machinists,4,2022-23,workers_compensation_injury_frequency_rate,6.88948637654366,False,False
7116,Sewing machinists,4,2023-24,workers_compensation_injury_frequency_rate,6.539484314607464,False,True
7117,Textile and footwear production machine operators,4,2014-15,workers_compensation_injury_frequency_rate,11.740809854407381,False,False
7117,Textile and footwear production machine operators,4,2015-16,workers_compensation_injury_frequency_rate,5.79788744885692,False,False
7117,Textile and footwear production machine operators,4,2016-17,workers_compensation_injury_frequency_rate,14.52063697452816,False,False
7117,Textile and footwear production machine operators,4,2017-18,workers_compensation_injury_frequency_rate,9.297336454082306,False,False
7117,Textile and footwear production machine operators,4,2018-19,workers_compensation_injury_frequency_rate,14.170849209061476,False,False
7117,Textile and footwear production machine operators,4,2019-20,workers_compensation_injury_frequency_rate,16.20215069272606,False,False
7117,Textile and footwear production machine operators,4,2020-21,workers_compensation_injury_frequency_rate,24.750021322248795,False,False
7117,Textile and footwear production machine operators,4,2021-22,workers_compensation_injury_frequency_rate,14.496056119340373,False,False
7117,Textile and footwear production machine operators,4,2022-23,workers_compensation_injury_frequency_rate,12.920808739094229,False,False
7117,Textile and footwear production machine operators,4,2023-24,workers_compensation_injury_frequency_rate,8.910985134023687,False,True
7119,Other machine operators,4,2014-15,workers_compensation_injury_frequency_rate,75.12913044561205,False,False
7119,Other machine operators,4,2015-16,workers_compensation_injury_frequency_rate,66.5569588880711,False,False
7119,Other machine operators,4,2016-17,workers_compensation_injury_frequency_rate,71.19518409706461,False,False
7119,Other machine operators,4,2017-18,workers_compensation_injury_frequency_rate,50.16428655840249,False,False
7119,Other machine operators,4,2018-19,workers_compensation_injury_frequency_rate,40.31035436966088,False,False
7119,Other machine operators,4,2019-20,workers_compensation_injury_frequency_rate,50.25505239738095,False,False
7119,Other machine operators,4,2020-21,workers_compensation_injury_frequency_rate,54.91989218809985,False,False
7119,Other machine operators,4,2021-22,workers_compensation_injury_frequency_rate,59.360371093359326,False,False
7119,Other machine operators,4,2022-23,workers_compensation_injury_frequency_rate,48.431882653881665,False,False
7119,Other machine operators,4,2023-24,workers_compensation_injury_frequency_rate,55.66187695334398,False,True
7121,"Crane, hoist and lift operators",4,2014-15,workers_compensation_injury_frequency_rate,11.77821883492494,False,False
7121,"Crane, hoist and lift operators",4,2015-16,workers_compensation_injury_frequency_rate,10.536892963593196,False,False
7121,"Crane, hoist and lift operators",4,2016-17,workers_compensation_injury_frequency_rate,11.197479084867199,False,False
7121,"Crane, hoist and lift operators",4,2017-18,workers_compensation_injury_frequency_rate,11.238158137268089,False,False
7121,"Crane, hoist and lift operators",4,2018-19,workers_compensation_injury_frequency_rate,12.341738191391158,False,False
7121,"Crane, hoist and lift operators",4,2019-20,workers_compensation_injury_frequency_rate,11.184177756351044,False,False
7121,"Crane, hoist and lift operators",4,2020-21,workers_compensation_injury_frequency_rate,9.976995349962422,False,False
7121,"Crane, hoist and lift operators",4,2021-22,workers_compensation_injury_frequency_rate,10.674268208532975,False,False
7121,"Crane, hoist and lift operators",4,2022-23,workers_compensation_injury_frequency_rate,11.326802754174945,False,False
7121,"Crane, hoist and lift operators",4,2023-24,workers_compensation_injury_frequency_rate,14.13354293926887,False,True
7122,"Drillers, miners and shot firers",4,2014-15,workers_compensation_injury_frequency_rate,8.951761928307308,False,False
7122,"Drillers, miners and shot firers",4,2015-16,workers_compensation_injury_frequency_rate,10.179982911837858,False,False
7122,"Drillers, miners and shot firers",4,2016-17,workers_compensation_injury_frequency_rate,7.808667851948477,False,False
7122,"Drillers, miners and shot firers",4,2017-18,workers_compensation_injury_frequency_rate,8.233898419394045,False,False
7122,"Drillers, miners and shot firers",4,2018-19,workers_compensation_injury_frequency_rate,8.647184622007495,False,False
7122,"Drillers, miners and shot firers",4,2019-20,workers_compensation_injury_frequency_rate,8.088612703609584,False,False
7122,"Drillers, miners and shot firers",4,2020-21,workers_compensation_injury_frequency_rate,8.481528938030905,False,False
7122,"Drillers, miners and shot firers",4,2021-22,workers_compensation_injury_frequency_rate,7.4691531324109794,False,False
7122,"Drillers, miners and shot firers",4,2022-23,workers_compensation_injury_frequency_rate,9.391943372325853,False,False
7122,"Drillers, miners and shot firers",4,2023-24,workers_compensation_injury_frequency_rate,8.75106982447476,False,True
7123,Engineering production systems workers,4,2014-15,workers_compensation_injury_frequency_rate,7.264791872435749,False,False
7123,Engineering production systems workers,4,2015-16,workers_compensation_injury_frequency_rate,7.227421491227378,False,False
7123,Engineering production systems workers,4,2016-17,workers_compensation_injury_frequency_rate,5.97151863891281,False,False
7123,Engineering production systems workers,4,2017-18,workers_compensation_injury_frequency_rate,7.116792922380952,False,False
7123,Engineering production systems workers,4,2018-19,workers_compensation_injury_frequency_rate,5.880957368770661,False,False
7123,Engineering production systems workers,4,2019-20,workers_compensation_injury_frequency_rate,5.918082387418368,False,False
7123,Engineering production systems workers,4,2020-21,workers_compensation_injury_frequency_rate,6.21454707234661,False,False
7123,Engineering production systems workers,4,2021-22,workers_compensation_injury_frequency_rate,6.875873602956913,False,False
7123,Engineering production systems workers,4,2022-23,workers_compensation_injury_frequency_rate,6.718156314789612,False,False
7123,Engineering production systems workers,4,2023-24,workers_compensation_injury_frequency_rate,8.22084204850786,False,True
7129,Other stationary plant operators,4,2014-15,workers_compensation_injury_frequency_rate,23.256597752774965,False,False
7129,Other stationary plant operators,4,2015-16,workers_compensation_injury_frequency_rate,14.3683253094113,False,False
7129,Other stationary plant operators,4,2016-17,workers_compensation_injury_frequency_rate,18.036001238646726,False,False
7129,Other stationary plant operators,4,2017-18,workers_compensation_injury_frequency_rate,18.344500510495063,False,False
7129,Other stationary plant operators,4,2018-19,workers_compensation_injury_frequency_rate,16.746455535855027,False,False
7129,Other stationary plant operators,4,2019-20,workers_compensation_injury_frequency_rate,19.859059423110036,False,False
7129,Other stationary plant operators,4,2020-21,workers_compensation_injury_frequency_rate,21.40559906287169,False,False
7129,Other stationary plant operators,4,2021-22,workers_compensation_injury_frequency_rate,18.827379772747754,False,False
7129,Other stationary plant operators,4,2022-23,workers_compensation_injury_frequency_rate,19.5158854246343,False,False
7129,Other stationary plant operators,4,2023-24,workers_compensation_injury_frequency_rate,18.086277598632655,False,True
7211,"Agricultural, forestry and horticultural plant operators",4,2014-15,workers_compensation_injury_frequency_rate,16.888551356000995,False,False
7211,"Agricultural, forestry and horticultural plant operators",4,2015-16,workers_compensation_injury_frequency_rate,19.598678110344164,False,False
7211,"Agricultural, forestry and horticultural plant operators",4,2016-17,workers_compensation_injury_frequency_rate,20.837065214821745,False,False
7211,"Agricultural, forestry and horticultural plant operators",4,2017-18,workers_compensation_injury_frequency_rate,11.074186221164396,False,False
7211,"Agricultural, forestry and horticultural plant operators",4,2018-19,workers_compensation_injury_frequency_rate,8.983911493109009,False,False
7211,"Agricultural, forestry and horticultural plant operators",4,2019-20,workers_compensation_injury_frequency_rate,11.187173990487524,False,False
7211,"Agricultural, forestry and horticultural plant operators",4,2020-21,workers_compensation_injury_frequency_rate,7.5301547004941005,False,False
7211,"Agricultural, forestry and horticultural plant operators",4,2021-22,workers_compensation_injury_frequency_rate,7.126032160277848,False,False
7211,"Agricultural, forestry and horticultural plant operators",4,2022-23,workers_compensation_injury_frequency_rate,6.948038303695894,False,False
7211,"Agricultural, forestry and horticultural plant operators",4,2023-24,workers_compensation_injury_frequency_rate,6.56749855331263,False,True
7212,Earthmoving plant operators,4,2014-15,workers_compensation_injury_frequency_rate,8.785708333880732,False,False
7212,Earthmoving plant operators,4,2015-16,workers_compensation_injury_frequency_rate,8.675292646786039,False,False
7212,Earthmoving plant operators,4,2016-17,workers_compensation_injury_frequency_rate,8.232771621939492,False,False
7212,Earthmoving plant operators,4,2017-18,workers_compensation_injury_frequency_rate,6.108318920489383,False,False
7212,Earthmoving plant operators,4,2018-19,workers_compensation_injury_frequency_rate,5.602640468616627,False,False
7212,Earthmoving plant operators,4,2019-20,workers_compensation_injury_frequency_rate,6.442973589850987,False,False
7212,Earthmoving plant operators,4,2020-21,workers_compensation_injury_frequency_rate,6.42791145293677,False,False
7212,Earthmoving plant operators,4,2021-22,workers_compensation_injury_frequency_rate,7.853186871198421,False,False
7212,Earthmoving plant operators,4,2022-23,workers_compensation_injury_frequency_rate,6.345443257604316,False,False
7212,Earthmoving plant operators,4,2023-24,workers_compensation_injury_frequency_rate,7.470175629218408,False,True
7213,Forklift drivers,4,2014-15,workers_compensation_injury_frequency_rate,9.042398506519142,False,False
7213,Forklift drivers,4,2015-16,workers_compensation_injury_frequency_rate,8.031380596024666,False,False
7213,Forklift drivers,4,2016-17,workers_compensation_injury_frequency_rate,8.305040635779934,False,False
7213,Forklift drivers,4,2017-18,workers_compensation_injury_frequency_rate,7.949645267591906,False,False
7213,Forklift drivers,4,2018-19,workers_compensation_injury_frequency_rate,7.819667729658368,False,False
7213,Forklift drivers,4,2019-20,workers_compensation_injury_frequency_rate,7.078000787804882,False,False
7213,Forklift drivers,4,2020-21,workers_compensation_injury_frequency_rate,8.336453563557411,False,False
7213,Forklift drivers,4,2021-22,workers_compensation_injury_frequency_rate,7.865147515449123,False,False
7213,Forklift drivers,4,2022-23,workers_compensation_injury_frequency_rate,8.739313637257126,False,False
7213,Forklift drivers,4,2023-24,workers_compensation_injury_frequency_rate,8.377453445737949,False,True
7219,Other mobile plant operators,4,2014-15,workers_compensation_injury_frequency_rate,43.24283889961909,False,False
7219,Other mobile plant operators,4,2015-16,workers_compensation_injury_frequency_rate,45.19949083623884,False,False
7219,Other mobile plant operators,4,2016-17,workers_compensation_injury_frequency_rate,45.81489072751787,False,False
7219,Other mobile plant operators,4,2017-18,workers_compensation_injury_frequency_rate,33.39850103880275,False,False
7219,Other mobile plant operators,4,2018-19,workers_compensation_injury_frequency_rate,42.749679773983296,False,False
7219,Other mobile plant operators,4,2019-20,workers_compensation_injury_frequency_rate,52.396711295268055,False,False
7219,Other mobile plant operators,4,2020-21,workers_compensation_injury_frequency_rate,57.99396018207162,False,False
7219,Other mobile plant operators,4,2021-22,workers_compensation_injury_frequency_rate,46.306150108930616,False,False
7219,Other mobile plant operators,4,2022-23,workers_compensation_injury_frequency_rate,60.021774713996244,False,False
7219,Other mobile plant operators,4,2023-24,workers_compensation_injury_frequency_rate,48.116304199549,False,True
7311,Automobile drivers,4,2014-15,workers_compensation_injury_frequency_rate,8.162856091652877,False,False
7311,Automobile drivers,4,2015-16,workers_compensation_injury_frequency_rate,10.308152187761456,False,False
7311,Automobile drivers,4,2016-17,workers_compensation_injury_frequency_rate,7.031445880057255,False,False
7311,Automobile drivers,4,2017-18,workers_compensation_injury_frequency_rate,6.425256926452061,False,False
7311,Automobile drivers,4,2018-19,workers_compensation_injury_frequency_rate,7.677630107488177,False,False
7311,Automobile drivers,4,2019-20,workers_compensation_injury_frequency_rate,8.038285266141589,False,False
7311,Automobile drivers,4,2020-21,workers_compensation_injury_frequency_rate,7.389159865444478,False,False
7311,Automobile drivers,4,2021-22,workers_compensation_injury_frequency_rate,8.806412693058924,False,False
7311,Automobile drivers,4,2022-23,workers_compensation_injury_frequency_rate,7.544144339270686,False,False
7311,Automobile drivers,4,2023-24,workers_compensation_injury_frequency_rate,6.8010809811826025,False,True
7312,Bus and coach drivers,4,2014-15,workers_compensation_injury_frequency_rate,13.646747954912719,False,False
7312,Bus and coach drivers,4,2015-16,workers_compensation_injury_frequency_rate,13.010647090105481,False,False
7312,Bus and coach drivers,4,2016-17,workers_compensation_injury_frequency_rate,12.954950911698216,False,False
7312,Bus and coach drivers,4,2017-18,workers_compensation_injury_frequency_rate,12.069281209781863,False,False
7312,Bus and coach drivers,4,2018-19,workers_compensation_injury_frequency_rate,12.53944025908085,False,False
7312,Bus and coach drivers,4,2019-20,workers_compensation_injury_frequency_rate,13.147870733078342,False,False
7312,Bus and coach drivers,4,2020-21,workers_compensation_injury_frequency_rate,12.83209732174822,False,False
7312,Bus and coach drivers,4,2021-22,workers_compensation_injury_frequency_rate,14.800811573427328,False,False
7312,Bus and coach drivers,4,2022-23,workers_compensation_injury_frequency_rate,20.504325524106534,False,False
7312,Bus and coach drivers,4,2023-24,workers_compensation_injury_frequency_rate,17.74294310356169,False,True
7313,Train and tram drivers,4,2014-15,workers_compensation_injury_frequency_rate,22.55273784551624,False,False
7313,Train and tram drivers,4,2015-16,workers_compensation_injury_frequency_rate,15.245791647620115,False,False
7313,Train and tram drivers,4,2016-17,workers_compensation_injury_frequency_rate,15.212079022243385,False,False
7313,Train and tram drivers,4,2017-18,workers_compensation_injury_frequency_rate,20.0350866932106,False,False
7313,Train and tram drivers,4,2018-19,workers_compensation_injury_frequency_rate,14.179544144038998,False,False
7313,Train and tram drivers,4,2019-20,workers_compensation_injury_frequency_rate,10.752760851840396,False,False
7313,Train and tram drivers,4,2020-21,workers_compensation_injury_frequency_rate,13.619497584943295,False,False
7313,Train and tram drivers,4,2021-22,workers_compensation_injury_frequency_rate,21.304979023145304,False,False
7313,Train and tram drivers,4,2022-23,workers_compensation_injury_frequency_rate,22.201852025423605,False,False
7313,Train and tram drivers,4,2023-24,workers_compensation_injury_frequency_rate,17.44198441772095,False,True
7321,Delivery drivers,4,2014-15,workers_compensation_injury_frequency_rate,22.982189110373444,False,False
7321,Delivery drivers,4,2015-16,workers_compensation_injury_frequency_rate,20.7452945479407,False,False
7321,Delivery drivers,4,2016-17,workers_compensation_injury_frequency_rate,23.915838963920752,False,False
7321,Delivery drivers,4,2017-18,workers_compensation_injury_frequency_rate,20.06921736514856,False,False
7321,Delivery drivers,4,2018-19,workers_compensation_injury_frequency_rate,16.59175767096462,False,False
7321,Delivery drivers,4,2019-20,workers_compensation_injury_frequency_rate,18.3840356452029,False,False
7321,Delivery drivers,4,2020-21,workers_compensation_injury_frequency_rate,17.216435953071954,False,False
7321,Delivery drivers,4,2021-22,workers_compensation_injury_frequency_rate,18.957280989221267,False,False
7321,Delivery drivers,4,2022-23,workers_compensation_injury_frequency_rate,16.775450744580947,False,False
7321,Delivery drivers,4,2023-24,workers_compensation_injury_frequency_rate,18.128190880141467,False,True
7331,Truck drivers,4,2014-15,workers_compensation_injury_frequency_rate,15.960364778226163,False,False
7331,Truck drivers,4,2015-16,workers_compensation_injury_frequency_rate,15.267640564146713,False,False
7331,Truck drivers,4,2016-17,workers_compensation_injury_frequency_rate,14.880827567873935,False,False
7331,Truck drivers,4,2017-18,workers_compensation_injury_frequency_rate,13.125437308157267,False,False
7331,Truck drivers,4,2018-19,workers_compensation_injury_frequency_rate,14.852462253406163,False,False
7331,Truck drivers,4,2019-20,workers_compensation_injury_frequency_rate,15.19610537018696,False,False
7331,Truck drivers,4,2020-21,workers_compensation_injury_frequency_rate,15.938678144817166,False,False
7331,Truck drivers,4,2021-22,workers_compensation_injury_frequency_rate,15.639504830250468,False,False
7331,Truck drivers,4,2022-23,workers_compensation_injury_frequency_rate,15.638587561121483,False,False
7331,Truck drivers,4,2023-24,workers_compensation_injury_frequency_rate,16.986760136705076,False,True
7411,Storepersons,4,2014-15,workers_compensation_injury_frequency_rate,18.342599934518176,False,False
7411,Storepersons,4,2015-16,workers_compensation_injury_frequency_rate,18.326660272198364,False,False
7411,Storepersons,4,2016-17,workers_compensation_injury_frequency_rate,16.809766833240413,False,False
7411,Storepersons,4,2017-18,workers_compensation_injury_frequency_rate,16.20456407732245,False,False
7411,Storepersons,4,2018-19,workers_compensation_injury_frequency_rate,17.840113210955394,False,False
7411,Storepersons,4,2019-20,workers_compensation_injury_frequency_rate,17.675140260091702,False,False
7411,Storepersons,4,2020-21,workers_compensation_injury_frequency_rate,18.07660194874869,False,False
7411,Storepersons,4,2021-22,workers_compensation_injury_frequency_rate,19.527941556365892,False,False
7411,Storepersons,4,2022-23,workers_compensation_injury_frequency_rate,17.005719825637208,False,False
7411,Storepersons,4,2023-24,workers_compensation_injury_frequency_rate,16.667453269913892,False,True
8111,Car detailers,4,2014-15,workers_compensation_injury_frequency_rate,12.223655670359747,False,False
8111,Car detailers,4,2015-16,workers_compensation_injury_frequency_rate,12.045373477049129,False,False
8111,Car detailers,4,2016-17,workers_compensation_injury_frequency_rate,11.737185627031277,False,False
8111,Car detailers,4,2017-18,workers_compensation_injury_frequency_rate,13.45877449390322,False,False
8111,Car detailers,4,2018-19,workers_compensation_injury_frequency_rate,9.779154806291775,False,False
8111,Car detailers,4,2019-20,workers_compensation_injury_frequency_rate,8.740633541548965,False,False
8111,Car detailers,4,2020-21,workers_compensation_injury_frequency_rate,10.124449391588303,False,False
8111,Car detailers,4,2021-22,workers_compensation_injury_frequency_rate,7.4034575140814285,False,False
8111,Car detailers,4,2022-23,workers_compensation_injury_frequency_rate,8.080719039881831,False,False
8111,Car detailers,4,2023-24,workers_compensation_injury_frequency_rate,8.285285265020779,False,True
8112,Commercial cleaners,4,2014-15,workers_compensation_injury_frequency_rate,13.884087407351146,False,False
8112,Commercial cleaners,4,2015-16,workers_compensation_injury_frequency_rate,11.831845926500643,False,False
8112,Commercial cleaners,4,2016-17,workers_compensation_injury_frequency_rate,10.424894488782122,False,False
8112,Commercial cleaners,4,2017-18,workers_compensation_injury_frequency_rate,9.130056865062201,False,False
8112,Commercial cleaners,4,2018-19,workers_compensation_injury_frequency_rate,11.24988164176724,False,False
8112,Commercial cleaners,4,2019-20,workers_compensation_injury_frequency_rate,11.684319802817193,False,False
8112,Commercial cleaners,4,2020-21,workers_compensation_injury_frequency_rate,12.400077202837034,False,False
8112,Commercial cleaners,4,2021-22,workers_compensation_injury_frequency_rate,11.99882428772991,False,False
8112,Commercial cleaners,4,2022-23,workers_compensation_injury_frequency_rate,12.94922590744776,False,False
8112,Commercial cleaners,4,2023-24,workers_compensation_injury_frequency_rate,13.525700676332981,False,True
8113,Domestic cleaners,4,2014-15,workers_compensation_injury_frequency_rate,10.524381566231924,False,False
8113,Domestic cleaners,4,2015-16,workers_compensation_injury_frequency_rate,13.152000543907713,False,False
8113,Domestic cleaners,4,2016-17,workers_compensation_injury_frequency_rate,15.48377896551603,False,False
8113,Domestic cleaners,4,2017-18,workers_compensation_injury_frequency_rate,8.835819757969468,False,False
8113,Domestic cleaners,4,2018-19,workers_compensation_injury_frequency_rate,8.705645684034,False,False
8113,Domestic cleaners,4,2019-20,workers_compensation_injury_frequency_rate,7.9321680006271285,False,False
8113,Domestic cleaners,4,2020-21,workers_compensation_injury_frequency_rate,8.619676705392676,False,False
8113,Domestic cleaners,4,2021-22,workers_compensation_injury_frequency_rate,10.937436242933664,False,False
8113,Domestic cleaners,4,2022-23,workers_compensation_injury_frequency_rate,12.434881727757336,False,False
8113,Domestic cleaners,4,2023-24,workers_compensation_injury_frequency_rate,13.792713079973803,False,True
8114,Housekeepers,4,2014-15,workers_compensation_injury_frequency_rate,19.529864674054945,False,False
8114,Housekeepers,4,2015-16,workers_compensation_injury_frequency_rate,16.321823648636276,False,False
8114,Housekeepers,4,2016-17,workers_compensation_injury_frequency_rate,14.490419663994333,False,False
8114,Housekeepers,4,2017-18,workers_compensation_injury_frequency_rate,16.392686524265077,False,False
8114,Housekeepers,4,2018-19,workers_compensation_injury_frequency_rate,15.913388112759183,False,False
8114,Housekeepers,4,2019-20,workers_compensation_injury_frequency_rate,24.251727559015706,False,False
8114,Housekeepers,4,2020-21,workers_compensation_injury_frequency_rate,24.07195631039906,False,False
8114,Housekeepers,4,2021-22,workers_compensation_injury_frequency_rate,22.271355784683557,False,False
8114,Housekeepers,4,2022-23,workers_compensation_injury_frequency_rate,18.41519448564032,False,False
8114,Housekeepers,4,2023-24,workers_compensation_injury_frequency_rate,17.52202265652897,False,True
8115,Laundry workers,4,2014-15,workers_compensation_injury_frequency_rate,19.527712674644206,False,False
8115,Laundry workers,4,2015-16,workers_compensation_injury_frequency_rate,20.3073818473072,False,False
8115,Laundry workers,4,2016-17,workers_compensation_injury_frequency_rate,11.73910805849921,False,False
8115,Laundry workers,4,2017-18,workers_compensation_injury_frequency_rate,15.46260442941798,False,False
8115,Laundry workers,4,2018-19,workers_compensation_injury_frequency_rate,16.161379672115277,False,False
8115,Laundry workers,4,2019-20,workers_compensation_injury_frequency_rate,17.826043892208784,False,False
8115,Laundry workers,4,2020-21,workers_compensation_injury_frequency_rate,24.36060247503198,False,False
8115,Laundry workers,4,2021-22,workers_compensation_injury_frequency_rate,22.349114544734082,False,False
8115,Laundry workers,4,2022-23,workers_compensation_injury_frequency_rate,15.97336150764611,False,False
8115,Laundry workers,4,2023-24,workers_compensation_injury_frequency_rate,21.432304890868394,False,True
8116,Other cleaners,4,2014-15,workers_compensation_injury_frequency_rate,88.33036494763687,False,False
8116,Other cleaners,4,2015-16,workers_compensation_injury_frequency_rate,78.8158195535326,False,False
8116,Other cleaners,4,2016-17,workers_compensation_injury_frequency_rate,129.40478088212856,False,False
8116,Other cleaners,4,2017-18,workers_compensation_injury_frequency_rate,128.4461762515413,False,False
8116,Other cleaners,4,2018-19,workers_compensation_injury_frequency_rate,103.67294697494593,False,False
8116,Other cleaners,4,2019-20,workers_compensation_injury_frequency_rate,86.27413320593222,False,False
8116,Other cleaners,4,2020-21,workers_compensation_injury_frequency_rate,105.90288624627625,False,False
8116,Other cleaners,4,2021-22,workers_compensation_injury_frequency_rate,70.5905568564107,False,False
8116,Other cleaners,4,2022-23,workers_compensation_injury_frequency_rate,87.79953528770726,False,False
8116,Other cleaners,4,2023-24,workers_compensation_injury_frequency_rate,77.49237754959833,False,True
8211,Building and plumbing labourers,4,2014-15,workers_compensation_injury_frequency_rate,13.401341934311125,False,False
8211,Building and plumbing labourers,4,2015-16,workers_compensation_injury_frequency_rate,14.297088767452324,False,False
8211,Building and plumbing labourers,4,2016-17,workers_compensation_injury_frequency_rate,15.028553468819865,False,False
8211,Building and plumbing labourers,4,2017-18,workers_compensation_injury_frequency_rate,12.875707954463973,False,False
8211,Building and plumbing labourers,4,2018-19,workers_compensation_injury_frequency_rate,12.094949187566975,False,False
8211,Building and plumbing labourers,4,2019-20,workers_compensation_injury_frequency_rate,12.661434796654122,False,False
8211,Building and plumbing labourers,4,2020-21,workers_compensation_injury_frequency_rate,12.964537955339186,False,False
8211,Building and plumbing labourers,4,2021-22,workers_compensation_injury_frequency_rate,18.01450902846215,False,False
8211,Building and plumbing labourers,4,2022-23,workers_compensation_injury_frequency_rate,15.39516572782278,False,False
8211,Building and plumbing labourers,4,2023-24,workers_compensation_injury_frequency_rate,19.003516129594924,False,True
8212,Concreters,4,2014-15,workers_compensation_injury_frequency_rate,14.966838969752882,False,False
8212,Concreters,4,2015-16,workers_compensation_injury_frequency_rate,12.915534797322005,False,False
8212,Concreters,4,2016-17,workers_compensation_injury_frequency_rate,10.440251865100864,False,False
8212,Concreters,4,2017-18,workers_compensation_injury_frequency_rate,9.009135758408874,False,False
8212,Concreters,4,2018-19,workers_compensation_injury_frequency_rate,11.651297604250852,False,False
8212,Concreters,4,2019-20,workers_compensation_injury_frequency_rate,14.445363535860695,False,False
8212,Concreters,4,2020-21,workers_compensation_injury_frequency_rate,14.196046330287642,False,False
8212,Concreters,4,2021-22,workers_compensation_injury_frequency_rate,18.44010024230743,False,False
8212,Concreters,4,2022-23,workers_compensation_injury_frequency_rate,12.53070353039277,False,False
8212,Concreters,4,2023-24,workers_compensation_injury_frequency_rate,14.377696646693144,False,True
8213,Fencers,4,2014-15,workers_compensation_injury_frequency_rate,24.301740738403375,False,False
8213,Fencers,4,2015-16,workers_compensation_injury_frequency_rate,31.028515234070795,False,False
8213,Fencers,4,2016-17,workers_compensation_injury_frequency_rate,25.246002405454796,False,False
8213,Fencers,4,2017-18,workers_compensation_injury_frequency_rate,16.19218851629479,False,False
8213,Fencers,4,2018-19,workers_compensation_injury_frequency_rate,19.887621513263944,False,False
8213,Fencers,4,2019-20,workers_compensation_injury_frequency_rate,25.30276262041695,False,False
8213,Fencers,4,2020-21,workers_compensation_injury_frequency_rate,18.114900076005398,False,False
8213,Fencers,4,2021-22,workers_compensation_injury_frequency_rate,23.469278844342995,False,False
8213,Fencers,4,2022-23,workers_compensation_injury_frequency_rate,26.117455114543223,False,False
8213,Fencers,4,2023-24,workers_compensation_injury_frequency_rate,24.211903674264878,False,True
8214,Insulation and home improvement installers,4,2014-15,workers_compensation_injury_frequency_rate,12.40963692620349,False,False
8214,Insulation and home improvement installers,4,2015-16,workers_compensation_injury_frequency_rate,13.27496812054908,False,False
8214,Insulation and home improvement installers,4,2016-17,workers_compensation_injury_frequency_rate,9.344217989582459,False,False
8214,Insulation and home improvement installers,4,2017-18,workers_compensation_injury_frequency_rate,8.600971078394178,False,False
8214,Insulation and home improvement installers,4,2018-19,workers_compensation_injury_frequency_rate,11.852361720790348,False,False
8214,Insulation and home improvement installers,4,2019-20,workers_compensation_injury_frequency_rate,10.976730299724503,False,False
8214,Insulation and home improvement installers,4,2020-21,workers_compensation_injury_frequency_rate,12.15197893646605,False,False
8214,Insulation and home improvement installers,4,2021-22,workers_compensation_injury_frequency_rate,17.482905084135183,False,False
8214,Insulation and home improvement installers,4,2022-23,workers_compensation_injury_frequency_rate,9.868121288436463,False,False
8214,Insulation and home improvement installers,4,2023-24,workers_compensation_injury_frequency_rate,11.394546597256841,False,True
8215,Paving and surfacing labourers,4,2014-15,workers_compensation_injury_frequency_rate,15.01801578341424,False,False
8215,Paving and surfacing labourers,4,2015-16,workers_compensation_injury_frequency_rate,7.361847721682209,False,False
8215,Paving and surfacing labourers,4,2016-17,workers_compensation_injury_frequency_rate,5.028162613891163,False,False
8215,Paving and surfacing labourers,4,2017-18,workers_compensation_injury_frequency_rate,6.510558531017424,False,False
8215,Paving and surfacing labourers,4,2018-19,workers_compensation_injury_frequency_rate,5.605607023611499,False,False
8215,Paving and surfacing labourers,4,2019-20,workers_compensation_injury_frequency_rate,5.666521546547822,False,False
8215,Paving and surfacing labourers,4,2020-21,workers_compensation_injury_frequency_rate,9.956373486494691,False,False
8215,Paving and surfacing labourers,4,2021-22,workers_compensation_injury_frequency_rate,9.571902449847807,False,False
8215,Paving and surfacing labourers,4,2022-23,workers_compensation_injury_frequency_rate,9.027297914496607,False,False
8215,Paving and surfacing labourers,4,2023-24,workers_compensation_injury_frequency_rate,9.576181462173464,False,True
8216,Railway track workers,4,2014-15,workers_compensation_injury_frequency_rate,15.680939202286517,False,False
8216,Railway track workers,4,2015-16,workers_compensation_injury_frequency_rate,16.21784527154168,False,False
8216,Railway track workers,4,2016-17,workers_compensation_injury_frequency_rate,16.40792662170295,False,False
8216,Railway track workers,4,2017-18,workers_compensation_injury_frequency_rate,14.943943171068044,False,False
8216,Railway track workers,4,2018-19,workers_compensation_injury_frequency_rate,19.871091090516384,False,False
8216,Railway track workers,4,2019-20,workers_compensation_injury_frequency_rate,9.058391550428338,False,False
8216,Railway track workers,4,2020-21,workers_compensation_injury_frequency_rate,16.38649981242018,False,False
8216,Railway track workers,4,2021-22,workers_compensation_injury_frequency_rate,24.250150158702407,False,False
8216,Railway track workers,4,2022-23,workers_compensation_injury_frequency_rate,24.563068979443166,False,False
8216,Railway track workers,4,2023-24,workers_compensation_injury_frequency_rate,17.94506063000977,False,True
8217,Structural steel construction workers,4,2014-15,workers_compensation_injury_frequency_rate,16.980611031411797,False,False
8217,Structural steel construction workers,4,2015-16,workers_compensation_injury_frequency_rate,17.346786834905704,False,False
8217,Structural steel construction workers,4,2016-17,workers_compensation_injury_frequency_rate,21.160928786361886,False,False
8217,Structural steel construction workers,4,2017-18,workers_compensation_injury_frequency_rate,16.326005352304957,False,False
8217,Structural steel construction workers,4,2018-19,workers_compensation_injury_frequency_rate,13.99979994752317,False,False
8217,Structural steel construction workers,4,2019-20,workers_compensation_injury_frequency_rate,18.41066514743386,False,False
8217,Structural steel construction workers,4,2020-21,workers_compensation_injury_frequency_rate,19.496094589913827,False,False
8217,Structural steel construction workers,4,2021-22,workers_compensation_injury_frequency_rate,31.77492811780632,False,False
8217,Structural steel construction workers,4,2022-23,workers_compensation_injury_frequency_rate,23.290565513941754,False,False
8217,Structural steel construction workers,4,2023-24,workers_compensation_injury_frequency_rate,26.44936028375325,False,True
8219,Other construction and mining labourers,4,2014-15,workers_compensation_injury_frequency_rate,65.365435438733,False,False
8219,Other construction and mining labourers,4,2015-16,workers_compensation_injury_frequency_rate,52.95490819107482,False,False
8219,Other construction and mining labourers,4,2016-17,workers_compensation_injury_frequency_rate,47.50122472487593,False,False
8219,Other construction and mining labourers,4,2017-18,workers_compensation_injury_frequency_rate,76.12456781130163,False,False
8219,Other construction and mining labourers,4,2018-19,workers_compensation_injury_frequency_rate,97.2409666463086,False,False
8219,Other construction and mining labourers,4,2019-20,workers_compensation_injury_frequency_rate,82.61886602598763,False,False
8219,Other construction and mining labourers,4,2020-21,workers_compensation_injury_frequency_rate,77.29847471577702,False,False
8219,Other construction and mining labourers,4,2021-22,workers_compensation_injury_frequency_rate,79.52805765781163,False,False
8219,Other construction and mining labourers,4,2022-23,workers_compensation_injury_frequency_rate,68.25420192568554,False,False
8219,Other construction and mining labourers,4,2023-24,workers_compensation_injury_frequency_rate,80.50146337631622,False,True
8311,Food and drink factory workers,4,2014-15,workers_compensation_injury_frequency_rate,13.50853327303302,False,False
8311,Food and drink factory workers,4,2015-16,workers_compensation_injury_frequency_rate,14.278567952109833,False,False
8311,Food and drink factory workers,4,2016-17,workers_compensation_injury_frequency_rate,12.187806508696992,False,False
8311,Food and drink factory workers,4,2017-18,workers_compensation_injury_frequency_rate,13.203712350593573,False,False
8311,Food and drink factory workers,4,2018-19,workers_compensation_injury_frequency_rate,14.412069476741769,False,False
8311,Food and drink factory workers,4,2019-20,workers_compensation_injury_frequency_rate,16.059197122237048,False,False
8311,Food and drink factory workers,4,2020-21,workers_compensation_injury_frequency_rate,16.08323781582306,False,False
8311,Food and drink factory workers,4,2021-22,workers_compensation_injury_frequency_rate,16.678282488989336,False,False
8311,Food and drink factory workers,4,2022-23,workers_compensation_injury_frequency_rate,16.218478863852447,False,False
8311,Food and drink factory workers,4,2023-24,workers_compensation_injury_frequency_rate,17.92889254982052,False,True
8312,"Meat boners and slicers, and slaughterers",4,2014-15,workers_compensation_injury_frequency_rate,28.457994877073535,False,False
8312,"Meat boners and slicers, and slaughterers",4,2015-16,workers_compensation_injury_frequency_rate,28.00990819881934,False,False
8312,"Meat boners and slicers, and slaughterers",4,2016-17,workers_compensation_injury_frequency_rate,21.879803590593585,False,False
8312,"Meat boners and slicers, and slaughterers",4,2017-18,workers_compensation_injury_frequency_rate,30.205124187871803,False,False
8312,"Meat boners and slicers, and slaughterers",4,2018-19,workers_compensation_injury_frequency_rate,21.434310056373576,False,False
8312,"Meat boners and slicers, and slaughterers",4,2019-20,workers_compensation_injury_frequency_rate,33.247051682233575,False,False
8312,"Meat boners and slicers, and slaughterers",4,2020-21,workers_compensation_injury_frequency_rate,27.2762318625165,False,False
8312,"Meat boners and slicers, and slaughterers",4,2021-22,workers_compensation_injury_frequency_rate,36.56314080317872,False,False
8312,"Meat boners and slicers, and slaughterers",4,2022-23,workers_compensation_injury_frequency_rate,45.9299178648909,False,False
8312,"Meat boners and slicers, and slaughterers",4,2023-24,workers_compensation_injury_frequency_rate,60.780879371124826,False,True
8313,"Meat, poultry and seafood process workers",4,2014-15,workers_compensation_injury_frequency_rate,32.792664861394655,False,False
8313,"Meat, poultry and seafood process workers",4,2015-16,workers_compensation_injury_frequency_rate,34.02446428889805,False,False
8313,"Meat, poultry and seafood process workers",4,2016-17,workers_compensation_injury_frequency_rate,23.039559417794948,False,False
8313,"Meat, poultry and seafood process workers",4,2017-18,workers_compensation_injury_frequency_rate,21.96410179305407,False,False
8313,"Meat, poultry and seafood process workers",4,2018-19,workers_compensation_injury_frequency_rate,28.27433396189278,False,False
8313,"Meat, poultry and seafood process workers",4,2019-20,workers_compensation_injury_frequency_rate,27.5994504627273,False,False
8313,"Meat, poultry and seafood process workers",4,2020-21,workers_compensation_injury_frequency_rate,33.24502378451653,False,False
8313,"Meat, poultry and seafood process workers",4,2021-22,workers_compensation_injury_frequency_rate,36.87814562991253,False,False
8313,"Meat, poultry and seafood process workers",4,2022-23,workers_compensation_injury_frequency_rate,43.80036939515603,False,False
8313,"Meat, poultry and seafood process workers",4,2023-24,workers_compensation_injury_frequency_rate,62.112584028021246,False,True
8321,Packers,4,2014-15,workers_compensation_injury_frequency_rate,8.426520213905972,False,False
8321,Packers,4,2015-16,workers_compensation_injury_frequency_rate,7.5533074078282985,False,False
8321,Packers,4,2016-17,workers_compensation_injury_frequency_rate,6.81901413417217,False,False
8321,Packers,4,2017-18,workers_compensation_injury_frequency_rate,7.2590143844128105,False,False
8321,Packers,4,2018-19,workers_compensation_injury_frequency_rate,6.96352405964847,False,False
8321,Packers,4,2019-20,workers_compensation_injury_frequency_rate,6.956857236764531,False,False
8321,Packers,4,2020-21,workers_compensation_injury_frequency_rate,8.792973951809516,False,False
8321,Packers,4,2021-22,workers_compensation_injury_frequency_rate,10.986683598696084,False,False
8321,Packers,4,2022-23,workers_compensation_injury_frequency_rate,10.395412583638741,False,False
8321,Packers,4,2023-24,workers_compensation_injury_frequency_rate,9.698488635137016,False,True
8322,Product assemblers,4,2014-15,workers_compensation_injury_frequency_rate,9.773026735781126,False,False
8322,Product assemblers,4,2015-16,workers_compensation_injury_frequency_rate,8.331372218644617,False,False
8322,Product assemblers,4,2016-17,workers_compensation_injury_frequency_rate,7.188234864934295,False,False
8322,Product assemblers,4,2017-18,workers_compensation_injury_frequency_rate,5.104589179944748,False,False
8322,Product assemblers,4,2018-19,workers_compensation_injury_frequency_rate,6.1084799351509975,False,False
8322,Product assemblers,4,2019-20,workers_compensation_injury_frequency_rate,6.925836875850496,False,False
8322,Product assemblers,4,2020-21,workers_compensation_injury_frequency_rate,6.467028877927304,False,False
8322,Product assemblers,4,2021-22,workers_compensation_injury_frequency_rate,8.275909230289528,False,False
8322,Product assemblers,4,2022-23,workers_compensation_injury_frequency_rate,9.21081041521454,False,False
8322,Product assemblers,4,2023-24,workers_compensation_injury_frequency_rate,9.41225237300698,False,True
8391,Metal engineering process workers,4,2014-15,workers_compensation_injury_frequency_rate,34.81035039625518,False,False
8391,Metal engineering process workers,4,2015-16,workers_compensation_injury_frequency_rate,32.82243373384198,False,False
8391,Metal engineering process workers,4,2016-17,workers_compensation_injury_frequency_rate,37.378865418427665,False,False
8391,Metal engineering process workers,4,2017-18,workers_compensation_injury_frequency_rate,29.26725405710072,False,False
8391,Metal engineering process workers,4,2018-19,workers_compensation_injury_frequency_rate,23.94348227872421,False,False
8391,Metal engineering process workers,4,2019-20,workers_compensation_injury_frequency_rate,22.587728119449512,False,False
8391,Metal engineering process workers,4,2020-21,workers_compensation_injury_frequency_rate,28.11290013603341,False,False
8391,Metal engineering process workers,4,2021-22,workers_compensation_injury_frequency_rate,27.54769576784461,False,False
8391,Metal engineering process workers,4,2022-23,workers_compensation_injury_frequency_rate,42.99237417475111,False,False
8391,Metal engineering process workers,4,2023-24,workers_compensation_injury_frequency_rate,33.037232682312904,False,True
8392,Plastics and rubber factory workers,4,2014-15,workers_compensation_injury_frequency_rate,17.77667082845951,False,False
8392,Plastics and rubber factory workers,4,2015-16,workers_compensation_injury_frequency_rate,28.376314178142557,False,False
8392,Plastics and rubber factory workers,4,2016-17,workers_compensation_injury_frequency_rate,52.54163361360014,False,False
8392,Plastics and rubber factory workers,4,2017-18,workers_compensation_injury_frequency_rate,37.881133545866824,False,False
8392,Plastics and rubber factory workers,4,2018-19,workers_compensation_injury_frequency_rate,27.183114206156684,False,False
8392,Plastics and rubber factory workers,4,2019-20,workers_compensation_injury_frequency_rate,41.14088371908038,False,False
8392,Plastics and rubber factory workers,4,2020-21,workers_compensation_injury_frequency_rate,53.30483993881686,False,False
8392,Plastics and rubber factory workers,4,2021-22,workers_compensation_injury_frequency_rate,41.314598213638845,False,False
8392,Plastics and rubber factory workers,4,2022-23,workers_compensation_injury_frequency_rate,47.13407093190385,False,False
8392,Plastics and rubber factory workers,4,2023-24,workers_compensation_injury_frequency_rate,59.743381412106565,False,True
8393,Product quality controllers,4,2014-15,workers_compensation_injury_frequency_rate,3.9498713602017816,False,False
8393,Product quality controllers,4,2015-16,workers_compensation_injury_frequency_rate,3.8759094381356847,False,False
8393,Product quality controllers,4,2016-17,workers_compensation_injury_frequency_rate,3.914589428512393,False,False
8393,Product quality controllers,4,2017-18,workers_compensation_injury_frequency_rate,3.569477610861786,False,False
8393,Product quality controllers,4,2018-19,workers_compensation_injury_frequency_rate,4.735881805660664,False,False
8393,Product quality controllers,4,2019-20,workers_compensation_injury_frequency_rate,4.12809192991189,False,False
8393,Product quality controllers,4,2020-21,workers_compensation_injury_frequency_rate,6.049630527644872,False,False
8393,Product quality controllers,4,2021-22,workers_compensation_injury_frequency_rate,5.1009951296238,False,False
8393,Product quality controllers,4,2022-23,workers_compensation_injury_frequency_rate,5.603206671654444,False,False
8393,Product quality controllers,4,2023-24,workers_compensation_injury_frequency_rate,5.015830495713773,False,True
8394,Timber and wood process workers,4,2014-15,workers_compensation_injury_frequency_rate,44.86734210475726,False,False
8394,Timber and wood process workers,4,2015-16,workers_compensation_injury_frequency_rate,68.63910060703182,False,False
8394,Timber and wood process workers,4,2016-17,workers_compensation_injury_frequency_rate,44.1243531898151,False,False
8394,Timber and wood process workers,4,2017-18,workers_compensation_injury_frequency_rate,68.89698770494412,False,False
8394,Timber and wood process workers,4,2018-19,workers_compensation_injury_frequency_rate,64.7704481730757,False,False
8394,Timber and wood process workers,4,2019-20,workers_compensation_injury_frequency_rate,51.64549733855139,False,False
8394,Timber and wood process workers,4,2020-21,workers_compensation_injury_frequency_rate,65.56474468463946,False,False
8394,Timber and wood process workers,4,2021-22,workers_compensation_injury_frequency_rate,54.21559166888369,False,False
8394,Timber and wood process workers,4,2022-23,workers_compensation_injury_frequency_rate,45.32156089062107,False,False
8394,Timber and wood process workers,4,2023-24,workers_compensation_injury_frequency_rate,39.34702044847302,False,True
8399,Other factory process workers,4,2014-15,workers_compensation_injury_frequency_rate,99.60465516188543,False,False
8399,Other factory process workers,4,2015-16,workers_compensation_injury_frequency_rate,83.09702198305386,False,False
8399,Other factory process workers,4,2016-17,workers_compensation_injury_frequency_rate,96.98056676918087,False,False
8399,Other factory process workers,4,2017-18,workers_compensation_injury_frequency_rate,76.47443860152576,False,False
8399,Other factory process workers,4,2018-19,workers_compensation_injury_frequency_rate,61.629271157210674,False,False
8399,Other factory process workers,4,2019-20,workers_compensation_injury_frequency_rate,74.80790484972215,False,False
8399,Other factory process workers,4,2020-21,workers_compensation_injury_frequency_rate,72.34349282727669,False,False
8399,Other factory process workers,4,2021-22,workers_compensation_injury_frequency_rate,75.87172415545535,False,False
8399,Other factory process workers,4,2022-23,workers_compensation_injury_frequency_rate,96.4517977166198,False,False
8399,Other factory process workers,4,2023-24,workers_compensation_injury_frequency_rate,108.78278681373659,False,True
8411,Aquaculture workers,4,2014-15,workers_compensation_injury_frequency_rate,17.982717673054708,False,False
8411,Aquaculture workers,4,2015-16,workers_compensation_injury_frequency_rate,14.577383503998286,False,False
8411,Aquaculture workers,4,2016-17,workers_compensation_injury_frequency_rate,15.826168040874945,False,False
8411,Aquaculture workers,4,2017-18,workers_compensation_injury_frequency_rate,12.829512729008338,False,False
8411,Aquaculture workers,4,2018-19,workers_compensation_injury_frequency_rate,42.64158095521863,False,False
8411,Aquaculture workers,4,2019-20,workers_compensation_injury_frequency_rate,14.712952168534173,False,False
8411,Aquaculture workers,4,2020-21,workers_compensation_injury_frequency_rate,28.473685354424312,False,False
8411,Aquaculture workers,4,2021-22,workers_compensation_injury_frequency_rate,,True,False
8411,Aquaculture workers,4,2022-23,workers_compensation_injury_frequency_rate,114.8566236582131,False,False
8411,Aquaculture workers,4,2023-24,workers_compensation_injury_frequency_rate,33.28103442012258,False,True
8412,Crop farm workers,4,2014-15,workers_compensation_injury_frequency_rate,21.577606288242777,False,False
8412,Crop farm workers,4,2015-16,workers_compensation_injury_frequency_rate,16.470949248937128,False,False
8412,Crop farm workers,4,2016-17,workers_compensation_injury_frequency_rate,13.934940072728274,False,False
8412,Crop farm workers,4,2017-18,workers_compensation_injury_frequency_rate,17.077255429960832,False,False
8412,Crop farm workers,4,2018-19,workers_compensation_injury_frequency_rate,26.557759722879748,False,False
8412,Crop farm workers,4,2019-20,workers_compensation_injury_frequency_rate,25.186176244470726,False,False
8412,Crop farm workers,4,2020-21,workers_compensation_injury_frequency_rate,24.076139278580197,False,False
8412,Crop farm workers,4,2021-22,workers_compensation_injury_frequency_rate,28.825315401693867,False,False
8412,Crop farm workers,4,2022-23,workers_compensation_injury_frequency_rate,24.828591366936863,False,False
8412,Crop farm workers,4,2023-24,workers_compensation_injury_frequency_rate,26.434843872903517,False,True
8413,Forestry and logging workers,4,2014-15,workers_compensation_injury_frequency_rate,50.034587445161456,False,False
8413,Forestry and logging workers,4,2015-16,workers_compensation_injury_frequency_rate,23.499815459778805,False,False
8413,Forestry and logging workers,4,2016-17,workers_compensation_injury_frequency_rate,27.959160816996157,False,False
8413,Forestry and logging workers,4,2017-18,workers_compensation_injury_frequency_rate,26.914292282041757,False,False
8413,Forestry and logging workers,4,2018-19,workers_compensation_injury_frequency_rate,72.62486137648855,False,False
8413,Forestry and logging workers,4,2019-20,workers_compensation_injury_frequency_rate,46.38171527780214,False,False
8413,Forestry and logging workers,4,2020-21,workers_compensation_injury_frequency_rate,48.68193194904312,False,False
8413,Forestry and logging workers,4,2021-22,workers_compensation_injury_frequency_rate,34.2402751479404,False,False
8413,Forestry and logging workers,4,2022-23,workers_compensation_injury_frequency_rate,66.30124518837663,False,False
8413,Forestry and logging workers,4,2023-24,workers_compensation_injury_frequency_rate,23.143956906291887,False,True
8414,Garden and nursery labourers,4,2014-15,workers_compensation_injury_frequency_rate,21.66886219921591,False,False
8414,Garden and nursery labourers,4,2015-16,workers_compensation_injury_frequency_rate,15.27768693535097,False,False
8414,Garden and nursery labourers,4,2016-17,workers_compensation_injury_frequency_rate,14.000071875111766,False,False
8414,Garden and nursery labourers,4,2017-18,workers_compensation_injury_frequency_rate,14.355641650284367,False,False
8414,Garden and nursery labourers,4,2018-19,workers_compensation_injury_frequency_rate,16.331378071696275,False,False
8414,Garden and nursery labourers,4,2019-20,workers_compensation_injury_frequency_rate,13.885879917993913,False,False
8414,Garden and nursery labourers,4,2020-21,workers_compensation_injury_frequency_rate,16.0154312423214,False,False
8414,Garden and nursery labourers,4,2021-22,workers_compensation_injury_frequency_rate,14.434855092512679,False,False
8414,Garden and nursery labourers,4,2022-23,workers_compensation_injury_frequency_rate,10.90269791652251,False,False
8414,Garden and nursery labourers,4,2023-24,workers_compensation_injury_frequency_rate,11.27826144325707,False,True
8415,Livestock farm workers,4,2014-15,workers_compensation_injury_frequency_rate,19.04798567788038,False,False
8415,Livestock farm workers,4,2015-16,workers_compensation_injury_frequency_rate,18.862676172529756,False,False
8415,Livestock farm workers,4,2016-17,workers_compensation_injury_frequency_rate,21.507400699902156,False,False
8415,Livestock farm workers,4,2017-18,workers_compensation_injury_frequency_rate,24.15649464425286,False,False
8415,Livestock farm workers,4,2018-19,workers_compensation_injury_frequency_rate,18.42506366023466,False,False
8415,Livestock farm workers,4,2019-20,workers_compensation_injury_frequency_rate,25.646598198327577,False,False
8415,Livestock farm workers,4,2020-21,workers_compensation_injury_frequency_rate,27.1438826930154,False,False
8415,Livestock farm workers,4,2021-22,workers_compensation_injury_frequency_rate,22.646373926276883,False,False
8415,Livestock farm workers,4,2022-23,workers_compensation_injury_frequency_rate,23.754608746770963,False,False
8415,Livestock farm workers,4,2023-24,workers_compensation_injury_frequency_rate,25.28309857530484,False,True
8416,Mixed crop and livestock farm workers,4,2014-15,workers_compensation_injury_frequency_rate,24.646881416280728,False,False
8416,Mixed crop and livestock farm workers,4,2015-16,workers_compensation_injury_frequency_rate,33.962562085979805,False,False
8416,Mixed crop and livestock farm workers,4,2016-17,workers_compensation_injury_frequency_rate,26.87808518708752,False,False
8416,Mixed crop and livestock farm workers,4,2017-18,workers_compensation_injury_frequency_rate,28.430474304872135,False,False
8416,Mixed crop and livestock farm workers,4,2018-19,workers_compensation_injury_frequency_rate,30.93730679831157,False,False
8416,Mixed crop and livestock farm workers,4,2019-20,workers_compensation_injury_frequency_rate,28.531211647107966,False,False
8416,Mixed crop and livestock farm workers,4,2020-21,workers_compensation_injury_frequency_rate,30.505392408276926,False,False
8416,Mixed crop and livestock farm workers,4,2021-22,workers_compensation_injury_frequency_rate,50.265005149306816,False,False
8416,Mixed crop and livestock farm workers,4,2022-23,workers_compensation_injury_frequency_rate,36.233048996832984,False,False
8416,Mixed crop and livestock farm workers,4,2023-24,workers_compensation_injury_frequency_rate,39.63053642763415,False,True
8419,"Other farm, forestry and garden workers",4,2014-15,workers_compensation_injury_frequency_rate,49.84157477489723,False,False
8419,"Other farm, forestry and garden workers",4,2015-16,workers_compensation_injury_frequency_rate,47.73178922574715,False,False
8419,"Other farm, forestry and garden workers",4,2016-17,workers_compensation_injury_frequency_rate,34.449023829756555,False,False
8419,"Other farm, forestry and garden workers",4,2017-18,workers_compensation_injury_frequency_rate,30.603878869686564,False,False
8419,"Other farm, forestry and garden workers",4,2018-19,workers_compensation_injury_frequency_rate,27.20687598943259,False,False
8419,"Other farm, forestry and garden workers",4,2019-20,workers_compensation_injury_frequency_rate,33.66410681816218,False,False
8419,"Other farm, forestry and garden workers",4,2020-21,workers_compensation_injury_frequency_rate,38.595563497923585,False,False
8419,"Other farm, forestry and garden workers",4,2021-22,workers_compensation_injury_frequency_rate,58.59821486492581,False,False
8419,"Other farm, forestry and garden workers",4,2022-23,workers_compensation_injury_frequency_rate,34.31733835922879,False,False
8419,"Other farm, forestry and garden workers",4,2023-24,workers_compensation_injury_frequency_rate,45.97386358572616,False,True
8511,Fast food cooks,4,2014-15,workers_compensation_injury_frequency_rate,7.929314385163239,False,False
8511,Fast food cooks,4,2015-16,workers_compensation_injury_frequency_rate,7.108744762468208,False,False
8511,Fast food cooks,4,2016-17,workers_compensation_injury_frequency_rate,6.734548910643825,False,False
8511,Fast food cooks,4,2017-18,workers_compensation_injury_frequency_rate,3.3305169702224258,False,False
8511,Fast food cooks,4,2018-19,workers_compensation_injury_frequency_rate,3.8598891922124086,False,False
8511,Fast food cooks,4,2019-20,workers_compensation_injury_frequency_rate,5.856962981206806,False,False
8511,Fast food cooks,4,2020-21,workers_compensation_injury_frequency_rate,5.0107614653773505,False,False
8511,Fast food cooks,4,2021-22,workers_compensation_injury_frequency_rate,3.9386085547255965,False,False
8511,Fast food cooks,4,2022-23,workers_compensation_injury_frequency_rate,2.917415730140871,False,False
8511,Fast food cooks,4,2023-24,workers_compensation_injury_frequency_rate,4.293693106290249,False,True
8512,Food trades assistants,4,2014-15,workers_compensation_injury_frequency_rate,71.38129685193877,False,False
8512,Food trades assistants,4,2015-16,workers_compensation_injury_frequency_rate,106.61983207807825,False,False
8512,Food trades assistants,4,2016-17,workers_compensation_injury_frequency_rate,110.44760014930587,False,False
8512,Food trades assistants,4,2017-18,workers_compensation_injury_frequency_rate,78.36886801766335,False,False
8512,Food trades assistants,4,2018-19,workers_compensation_injury_frequency_rate,96.54464230121071,False,False
8512,Food trades assistants,4,2019-20,workers_compensation_injury_frequency_rate,107.19777869551166,False,False
8512,Food trades assistants,4,2020-21,workers_compensation_injury_frequency_rate,84.0339105579562,False,False
8512,Food trades assistants,4,2021-22,workers_compensation_injury_frequency_rate,72.62048515736788,False,False
8512,Food trades assistants,4,2022-23,workers_compensation_injury_frequency_rate,49.62003877278749,False,False
8512,Food trades assistants,4,2023-24,workers_compensation_injury_frequency_rate,41.0043247932366,False,True
8513,Kitchenhands,4,2014-15,workers_compensation_injury_frequency_rate,13.338455976034027,False,False
8513,Kitchenhands,4,2015-16,workers_compensation_injury_frequency_rate,11.477918646922113,False,False
8513,Kitchenhands,4,2016-17,workers_compensation_injury_frequency_rate,10.45990158316527,False,False
8513,Kitchenhands,4,2017-18,workers_compensation_injury_frequency_rate,10.222916508343925,False,False
8513,Kitchenhands,4,2018-19,workers_compensation_injury_frequency_rate,10.027781694825396,False,False
8513,Kitchenhands,4,2019-20,workers_compensation_injury_frequency_rate,9.696661710182124,False,False
8513,Kitchenhands,4,2020-21,workers_compensation_injury_frequency_rate,11.95731684295731,False,False
8513,Kitchenhands,4,2021-22,workers_compensation_injury_frequency_rate,9.734625978040537,False,False
8513,Kitchenhands,4,2022-23,workers_compensation_injury_frequency_rate,10.258467897022737,False,False
8513,Kitchenhands,4,2023-24,workers_compensation_injury_frequency_rate,10.406198568378546,False,True
8911,Freight and furniture handlers,4,2014-15,workers_compensation_injury_frequency_rate,20.195446454897525,False,False
8911,Freight and furniture handlers,4,2015-16,workers_compensation_injury_frequency_rate,20.569217333707893,False,False
8911,Freight and furniture handlers,4,2016-17,workers_compensation_injury_frequency_rate,19.257181102671026,False,False
8911,Freight and furniture handlers,4,2017-18,workers_compensation_injury_frequency_rate,26.916238215613657,False,False
8911,Freight and furniture handlers,4,2018-19,workers_compensation_injury_frequency_rate,32.82712226707236,False,False
8911,Freight and furniture handlers,4,2019-20,workers_compensation_injury_frequency_rate,35.39611372702461,False,False
8911,Freight and furniture handlers,4,2020-21,workers_compensation_injury_frequency_rate,37.04341798796134,False,False
8911,Freight and furniture handlers,4,2021-22,workers_compensation_injury_frequency_rate,31.884132397799714,False,False
8911,Freight and furniture handlers,4,2022-23,workers_compensation_injury_frequency_rate,37.20095515588953,False,False
8911,Freight and furniture handlers,4,2023-24,workers_compensation_injury_frequency_rate,26.676064816720288,False,True
8912,Shelf fillers,4,2014-15,workers_compensation_injury_frequency_rate,9.80449343911165,False,False
8912,Shelf fillers,4,2015-16,workers_compensation_injury_frequency_rate,6.390271118047268,False,False
8912,Shelf fillers,4,2016-17,workers_compensation_injury_frequency_rate,4.540795734906097,False,False
8912,Shelf fillers,4,2017-18,workers_compensation_injury_frequency_rate,4.557257559366769,False,False
8912,Shelf fillers,4,2018-19,workers_compensation_injury_frequency_rate,5.409899014030029,False,False
8912,Shelf fillers,4,2019-20,workers_compensation_injury_frequency_rate,4.931310660453707,False,False
8912,Shelf fillers,4,2020-21,workers_compensation_injury_frequency_rate,5.557298524979116,False,False
8912,Shelf fillers,4,2021-22,workers_compensation_injury_frequency_rate,7.002469228464593,False,False
8912,Shelf fillers,4,2022-23,workers_compensation_injury_frequency_rate,6.6263991176418156,False,False
8912,Shelf fillers,4,2023-24,workers_compensation_injury_frequency_rate,5.98614012192326,False,True
8991,Caretakers,4,2014-15,workers_compensation_injury_frequency_rate,23.185759388015818,False,False
8991,Caretakers,4,2015-16,workers_compensation_injury_frequency_rate,25.56857856724429,False,False
8991,Caretakers,4,2016-17,workers_compensation_injury_frequency_rate,23.089743052370412,False,False
8991,Caretakers,4,2017-18,workers_compensation_injury_frequency_rate,50.36389360210157,False,False
8991,Caretakers,4,2018-19,workers_compensation_injury_frequency_rate,31.452915690961817,False,False
8991,Caretakers,4,2019-20,workers_compensation_injury_frequency_rate,36.52099557459365,False,False
8991,Caretakers,4,2020-21,workers_compensation_injury_frequency_rate,30.86216116079812,False,False
8991,Caretakers,4,2021-22,workers_compensation_injury_frequency_rate,53.52614005959852,False,False
8991,Caretakers,4,2022-23,workers_compensation_injury_frequency_rate,60.88857349893528,False,False
8991,Caretakers,4,2023-24,workers_compensation_injury_frequency_rate,95.97051914423685,False,True
8992,Deck and fishing hands,4,2014-15,workers_compensation_injury_frequency_rate,24.86209205620797,False,False
8992,Deck and fishing hands,4,2015-16,workers_compensation_injury_frequency_rate,20.8513140711697,False,False
8992,Deck and fishing hands,4,2016-17,workers_compensation_injury_frequency_rate,12.468966184147767,False,False
8992,Deck and fishing hands,4,2017-18,workers_compensation_injury_frequency_rate,16.30561589454711,False,False
8992,Deck and fishing hands,4,2018-19,workers_compensation_injury_frequency_rate,23.261789605348024,False,False
8992,Deck and fishing hands,4,2019-20,workers_compensation_injury_frequency_rate,16.223273206474545,False,False
8992,Deck and fishing hands,4,2020-21,workers_compensation_injury_frequency_rate,21.207102988491375,False,False
8992,Deck and fishing hands,4,2021-22,workers_compensation_injury_frequency_rate,59.241749434575325,False,False
8992,Deck and fishing hands,4,2022-23,workers_compensation_injury_frequency_rate,19.24570963597325,False,False
8992,Deck and fishing hands,4,2023-24,workers_compensation_injury_frequency_rate,19.316850139946478,False,True
8993,Handypersons,4,2014-15,workers_compensation_injury_frequency_rate,22.180211338747846,False,False
8993,Handypersons,4,2015-16,workers_compensation_injury_frequency_rate,21.814312265450994,False,False
8993,Handypersons,4,2016-17,workers_compensation_injury_frequency_rate,20.335669818567567,False,False
8993,Handypersons,4,2017-18,workers_compensation_injury_frequency_rate,15.005933721766459,False,False
8993,Handypersons,4,2018-19,workers_compensation_injury_frequency_rate,20.87129084120029,False,False
8993,Handypersons,4,2019-20,workers_compensation_injury_frequency_rate,16.3178573888436,False,False
8993,Handypersons,4,2020-21,workers_compensation_injury_frequency_rate,15.49309452868258,False,False
8993,Handypersons,4,2021-22,workers_compensation_injury_frequency_rate,19.09088888172077,False,False
8993,Handypersons,4,2022-23,workers_compensation_injury_frequency_rate,13.012581176689777,False,False
8993,Handypersons,4,2023-24,workers_compensation_injury_frequency_rate,16.159896425792912,False,True
8994,Motor vehicle parts and accessories fitters,4,2014-15,workers_compensation_injury_frequency_rate,20.095934108237568,False,False
8994,Motor vehicle parts and accessories fitters,4,2015-16,workers_compensation_injury_frequency_rate,21.713397392315585,False,False
8994,Motor vehicle parts and accessories fitters,4,2016-17,workers_compensation_injury_frequency_rate,20.24506255002539,False,False
8994,Motor vehicle parts and accessories fitters,4,2017-18,workers_compensation_injury_frequency_rate,21.701488693331182,False,False
8994,Motor vehicle parts and accessories fitters,4,2018-19,workers_compensation_injury_frequency_rate,21.55944370317268,False,False
8994,Motor vehicle parts and accessories fitters,4,2019-20,workers_compensation_injury_frequency_rate,16.389909820909924,False,False
8994,Motor vehicle parts and accessories fitters,4,2020-21,workers_compensation_injury_frequency_rate,15.183964086621977,False,False
8994,Motor vehicle parts and accessories fitters,4,2021-22,workers_compensation_injury_frequency_rate,19.690722803493543,False,False
8994,Motor vehicle parts and accessories fitters,4,2022-23,workers_compensation_injury_frequency_rate,24.84022799510562,False,False
8994,Motor vehicle parts and accessories fitters,4,2023-24,workers_compensation_injury_frequency_rate,16.350667891792682,False,True
8995,Printing assistants and table workers,4,2014-15,workers_compensation_injury_frequency_rate,12.294686816074874,False,False
8995,Printing assistants and table workers,4,2015-16,workers_compensation_injury_frequency_rate,17.932782615090602,False,False
8995,Printing assistants and table workers,4,2016-17,workers_compensation_injury_frequency_rate,11.05932877430615,False,False
8995,Printing assistants and table workers,4,2017-18,workers_compensation_injury_frequency_rate,15.458366982677632,False,False
8995,Printing assistants and table workers,4,2018-19,workers_compensation_injury_frequency_rate,9.899156188356734,False,False
8995,Printing assistants and table workers,4,2019-20,workers_compensation_injury_frequency_rate,11.700715243807545,False,False
8995,Printing assistants and table workers,4,2020-21,workers_compensation_injury_frequency_rate,15.020175918977673,False,False
8995,Printing assistants and table workers,4,2021-22,workers_compensation_injury_frequency_rate,9.178643948488265,False,False
8995,Printing assistants and table workers,4,2022-23,workers_compensation_injury_frequency_rate,7.797728740010084,False,False
8995,Printing assistants and table workers,4,2023-24,workers_compensation_injury_frequency_rate,6.204890786090568,False,True
8996,Recycling and rubbish collectors,4,2014-15,workers_compensation_injury_frequency_rate,31.597564311487528,False,False
8996,Recycling and rubbish collectors,4,2015-16,workers_compensation_injury_frequency_rate,32.55014858869791,False,False
8996,Recycling and rubbish collectors,4,2016-17,workers_compensation_injury_frequency_rate,29.096775365160983,False,False
8996,Recycling and rubbish collectors,4,2017-18,workers_compensation_injury_frequency_rate,16.741497910598035,False,False
8996,Recycling and rubbish collectors,4,2018-19,workers_compensation_injury_frequency_rate,40.809107261270974,False,False
8996,Recycling and rubbish collectors,4,2019-20,workers_compensation_injury_frequency_rate,54.108538454051455,False,False
8996,Recycling and rubbish collectors,4,2020-21,workers_compensation_injury_frequency_rate,35.52205502578369,False,False
8996,Recycling and rubbish collectors,4,2021-22,workers_compensation_injury_frequency_rate,48.01977140338848,False,False
8996,Recycling and rubbish collectors,4,2022-23,workers_compensation_injury_frequency_rate,31.199926031608552,False,False
8996,Recycling and rubbish collectors,4,2023-24,workers_compensation_injury_frequency_rate,25.133979912672242,False,True
8997,Vending machine attendants,4,2014-15,workers_compensation_injury_frequency_rate,44.93523874228955,False,False
8997,Vending machine attendants,4,2015-16,workers_compensation_injury_frequency_rate,41.03575854544447,False,False
8997,Vending machine attendants,4,2016-17,workers_compensation_injury_frequency_rate,52.97753776936163,False,False
8997,Vending machine attendants,4,2017-18,workers_compensation_injury_frequency_rate,37.05277754582765,False,False
8997,Vending machine attendants,4,2018-19,workers_compensation_injury_frequency_rate,63.477224006326296,False,False
8997,Vending machine attendants,4,2019-20,workers_compensation_injury_frequency_rate,103.48977914155982,False,False
8997,Vending machine attendants,4,2020-21,workers_compensation_injury_frequency_rate,56.74613684691913,False,False
8997,Vending machine attendants,4,2021-22,workers_compensation_injury_frequency_rate,72.14570433875696,False,False
8997,Vending machine attendants,4,2022-23,workers_compensation_injury_frequency_rate,58.81666987403187,False,False
8997,Vending machine attendants,4,2023-24,workers_compensation_injury_frequency_rate,94.35980671611681,False,True
8999,Other miscellaneous labourers,4,2014-15,workers_compensation_injury_frequency_rate,149.1486443198832,False,False
8999,Other miscellaneous labourers,4,2015-16,workers_compensation_injury_frequency_rate,173.2802570666802,False,False
8999,Other miscellaneous labourers,4,2016-17,workers_compensation_injury_frequency_rate,125.33223297777211,False,False
8999,Other miscellaneous labourers,4,2017-18,workers_compensation_injury_frequency_rate,146.7700610647928,False,False
8999,Other miscellaneous labourers,4,2018-19,workers_compensation_injury_frequency_rate,95.40541460643605,False,False
8999,Other miscellaneous labourers,4,2019-20,workers_compensation_injury_frequency_rate,110.14495712848192,False,False
8999,Other miscellaneous labourers,4,2020-21,workers_compensation_injury_frequency_rate,178.25204555482762,False,False
8999,Other miscellaneous labourers,4,2021-22,workers_compensation_injury_frequency_rate,229.25353561127997,False,False
8999,Other miscellaneous labourers,4,2022-23,workers_compensation_injury_frequency_rate,215.14576711863384,False,False
8999,Other miscellaneous labourers,4,2023-24,workers_compensation_injury_frequency_rate,186.5947669901709,False,True
